calc_postcode_district,calc_postcode_area,osm_type,osm_id,id,lat,lon,name,operator,photo_url1,photo_url2,photo_url3,photo_url4,photo_url5,founded,description,has_pub_garden,has_live_music,has_live_sport_tv,has_food_available,has_dog_friendly,has_pool_darts,has_accommodation,addr_housenumber,addr_street,phone,website,wikidata,opening_hours,conf_description,conf_phone,conf_founded,conf_operator,conf_has_pub_garden,conf_has_live_music,conf_has_live_sport_tv,conf_has_food_available,conf_has_dog_friendly,conf_has_pool_darts,conf_has_accommodation,fc_status,fc_error,fc_quality_flags,fc_quality_note,fcs_status,fcs_error,fcs_query,fcs_source_url,fcs_source_title,fcs_website_guess,fcs_website_conf,fcs_quality_flags,fcs_quality_note,photos_status,photos_error,photos_source,photos_count,photo_category1,photo_quality1,photo_category2,photo_quality2,photo_category3,photo_quality3,photo_category4,photo_quality4,photo_category5,photo_quality5
CB21,CB,node,17708621,node/17708621,52.1833653,0.2217954,Six Bells,Pubmaster,https://pub-17623b3cd0704db3b6c82660accfc657.r2.dev/pub_photos/node/17708621/1_wikidata_1.00.jpg,,,,,,"A traditional, family-friendly pub in Fulbourn village, serving seasonal food alongside a bar stocked with local ales and other tipples. Expect homely charm and friendly service, plus two bar areas so you can settle in while watching sport, with a separate casual dining space for a quieter meal. The rear garden offers sunny spots and a pergola draped in greenery in summer—ideal for relaxed get-togethers. There’s also a large function room with an exclusive bar for celebrations, events and even movies, with the restaurant available for exclusive hire.",TRUE,,TRUE,TRUE,,,,9,High Street,,https://www.sixbellsfulbourn.co.uk/,Q26457166,,0.8600,0.0000,0.0000,0.0000,0.9500,0.0000,0.7200,0.9500,0.0000,0.0000,0.0000,ok,,,,,,,,,,,,,ok,,wikidata_r2,1,wikidata,1.00,,,,,,,,
CB1,CB,node,20458787,node/20458787,52.1984389,0.1422292,Earl of Beaconsfield,,https://pub-17623b3cd0704db3b6c82660accfc657.r2.dev/pub_photos/node/20458787/1_exterior_0.90.jpg,https://pub-17623b3cd0704db3b6c82660accfc657.r2.dev/pub_photos/node/20458787/2_other_0.50.jpg,https://pub-17623b3cd0704db3b6c82660accfc657.r2.dev/pub_photos/node/20458787/3_other_0.50.jpg,https://pub-17623b3cd0704db3b6c82660accfc657.r2.dev/pub_photos/node/20458787/4_other_0.50.jpg,https://pub-17623b3cd0704db3b6c82660accfc657.r2.dev/pub_photos/node/20458787/5_other_0.50.jpg,,"Settle in at a premium, family-friendly pub on Cambridge’s Mill Road, with smart surroundings and a friendly team. Expect a well-rounded bar with draught favourites, a considered wine list and top-tier spirits—ideal for a quiet pint or a catch-up with friends. There’s a beer garden for warmer days, plus bookings and baby changing facilities. Sports fans can enjoy TNT Sports and Sky Sports, and the venue runs regular activities including weekly quizzes and live music, alongside seasonal events.",TRUE,,TRUE,,TRUE,,,133,Mill Road,+44 1223 483447,https://www.earlofbeaconsfieldcambridge.co.uk/,,Mo-We 16:00-23:00; Th 12:00-23:00; Fr-Su 12:00-24:00,0.7800,0.9800,0.0000,0.0000,0.9500,0.7000,0.9500,0.2000,0.9000,0.2500,0.0000,ok,,,,,,,,,,,,,ok,,website,5,exterior,0.90,other,0.50,other,0.50,other,0.50,other,0.50
CB1,CB,node,20458870,node/20458870,52.1991085,0.1472394,The Empress,,,,,,,,"Tucked on a Romsey Town backstreet, this corner local wraps three drinking spaces around a central bar in a welcoming U-shape. Real ale dominates, with annual beer festivals drawing CAMRA praise, while loyalty cards sweeten repeat visits on pints, wine and pizzas. Pool, darts and bar billiards keep regulars competing, board games spill onto tables, and a large patio garden with gazebo draws summer crowds. Thin-crust pizzas are a staple, festive decorations divide opinion yet define the place, and Romsey the pig adds eccentric charm. New licensees from late 2021 pledged to preserve the neighbourhood institution locals already cherish.",TRUE,,,TRUE,TRUE,TRUE,,72,Thoday Street,01223 247236,http://www.empressbadboy.com/,,"Su-Th 16:00-23:00, Fr,Sa 16:00-00:30",0.8600,0.8600,,,0.8600,,,0.8600,0.8600,0.8600,,,,,,ok,,The Empress pub Cambridge Thoday Street CAMRA,manual:cambridge-camra.org.uk,Manual enrichment (Tavily replacement),http://www.empressbadboy.com/,0.8600,,"manual:CAMRA Cambridge (pubs.cambridge-camra.org.uk/viewnode.php?id=1759), national CAMRA, inapub.co.uk (dog-friendly, food). No dedicated website in batch; empressbadboy.com listed on inapub. Operator not stated on CAMRA.",scrape_failed,"firecrawl:Exception:DNS resolution failed for hostname ""www.empressbadboy.com"". This means the domain name could not be translated to an IP address. Possible causes: (1) The domain",website_firecrawl,0,,,,,,,,,,
CB1,CB,node,20823843,node/20823843,52.2047799,0.1303831,The Free Press,Megan and Thomas Stepney,https://pub-17623b3cd0704db3b6c82660accfc657.r2.dev/pub_photos/node/20823843/1_wikidata_1.00.jpg,,,,,1834,"A traditional Cambridge backstreet pub with a warm, welcoming feel—think cosy snug by the fire in winter and relaxed courtyard dining when the weather’s good. Expect evolving seasonal menus built from locally sourced produce, plus an extensive range of award-winning beers and ales. The snug and original features give it real character, while the Press Room offers private dining for groups. Dog-friendly and proud Guinness Harp guide winner, it’s a great stop for lunch or dinner, with kitchen hours listed and reservations strongly advised. There’s also an annual street party with music, kids’ games and plenty of food and drink.",TRUE,,,TRUE,TRUE,,,7,Prospect Row,01223 368337,https://www.freepresscambridge.com/,Q55099458,Tu-Sa 12:00-23:00; Su 12:00-21:00,0.8600,0.9800,0.9500,0.7800,0.9000,0.2000,0.1000,0.9800,0.9500,0.1000,0.0500,ok,,,,,,,,,,,,,ok,,wikidata_r2,1,wikidata,1.00,,,,,,,,
CB1,CB,node,20823855,node/20823855,52.2051547,0.1294263,The Elm Tree,,,,,,,,"A relaxed backstreet retreat decorated with brewery memorabilia, quirky bric-a-brac and Belgian town crests on the ceiling. Up to seven handpumps pour Brewpoint specials, guest ales from small breweries and always a dark and a golden beer, complemented by a menu of around forty bottled Belgian beers and Weston's Rosie on handpump plus local real cider. Tables outside offer alfresco drinking, and regular live music—especially on Sundays—keeps the narrow front-to-back room humming. Long-running barman Matt Reed became landlord after a January 2026 reopening, continuing a pub twice recognised by Cambridge CAMRA for community spirit.",,TRUE,,,,,,16a,Orchard Street,+44 1223 502 632,http://theelmtreecambridge.co.uk/,,Mo-Sa 11:00-23:00,0.8800,0.8800,,,,0.8800,,,,,,scrape_failed,too_short:42_chars,scrape_failed,too_short:42_chars,ok,,The Elm Tree pub Cambridge Orchard Street CAMRA,manual:cambridge-camra.org.uk,Manual enrichment (Tavily replacement),,,,manual:CAMRA Cambridge (id=1728) and national CAMRA; Cambridge CAMRA pub news Jan 2026 on licensee change. Website theelmtreecambridge.co.uk in batch but scrape failed. Outdoor tables only—not a full garden.,no_images_found,fc_no_image_urls_extracted,website_firecrawl,0,,,,,,,,,,
CB1,CB,node,20826694,node/20826694,52.2023787,0.1391899,Cambridge Blue,,https://pub-17623b3cd0704db3b6c82660accfc657.r2.dev/pub_photos/node/20826694/1_exterior_0.65.jpg,https://pub-17623b3cd0704db3b6c82660accfc657.r2.dev/pub_photos/node/20826694/2_other_0.50.jpg,https://pub-17623b3cd0704db3b6c82660accfc657.r2.dev/pub_photos/node/20826694/3_other_0.50.jpg,https://pub-17623b3cd0704db3b6c82660accfc657.r2.dev/pub_photos/node/20826694/4_other_0.50.jpg,https://pub-17623b3cd0704db3b6c82660accfc657.r2.dev/pub_photos/node/20826694/5_other_0.50.jpg,,"A traditional Cambridge pub with a modern beer focus, famed as a real-ale freehouse. Expect up to 14 real ales, plus real cider and perry, rotating keg/craft options, and a big range of Belgian and European bottled beers. Spirits lovers are well catered for with extensive whisky, gin and other bottles behind the bar. Food is served daily by Wonky Kitchens, including Sunday roasts, with ordering via QR codes at the tables. With a central city address on Gwydir Street, it’s a go-to spot for drinkers who like variety and frequent changes.",,,,TRUE,,,,85-87,Gwydir Street,+441223471680,https://cambridge.pub/the-blue/,,Mo-Sa 12:00-23:00; Su 12:00-22:30,0.8600,0.9500,0.0000,0.5500,0.0000,0.0000,0.0000,0.9500,0.0000,0.0000,0.0000,ok,,,,,,,,,,,,,ok,,website,5,exterior,0.65,other,0.50,other,0.50,other,0.50,other,0.50
CB1,CB,node,20827166,node/20827166,52.1993383,0.1392595,White Swan,,,,,,,,"A late-night favourite in a bohemian pocket of Cambridge, known for its friendly mix of locals, visitors and students. Expect a strong sports focus with Sky & BT and plenty of live match coverage, including Gaelic games and lots of rugby. When it’s time to eat, the kitchen serves independent, locally sourced dishes, plus thin, crispy stonebaked pizzas available to eat in or take away (Barrel & Stone). Recently refurbished, it’s a lively spot for an after-dark pint and a game-day atmosphere.",,,TRUE,TRUE,,,,109,Mill Road,01223 355 836,https://whiteswanpubcambridge.co.uk/,,"Mo-Th 16:00-01:00, Fr 15:00-01:00, Sa 12:00-01:00, Su 12:00-24:00",0.8600,0.9800,0.0000,0.0000,0.0000,0.0000,0.9500,0.9800,0.0000,0.0000,0.0000,ok,,,,,,,,,,,,,no_images_found,fc_no_valid_images_after_download,website_firecrawl,0,,,,,,,,,,
CB2,CB,node,20921875,node/20921875,52.2089164,0.1181145,Baron of Beef,Greene King,https://pub-17623b3cd0704db3b6c82660accfc657.r2.dev/pub_photos/node/20921875/1_wikidata_1.00.jpg,,,,,1752,"Step into a traditional, Grade II listed Cambridge pub with old-world charm and a warm, welcoming feel. It’s a great spot for food and drinks, with a menu covering pub classics, small plates and a proper Sunday roast. There’s a beer garden for weather-permitting drinks, plus WiFi and takeaway. If you’re coming for sport, expect a proper match-day atmosphere with Sky Sports and TNT Sports, and fixtures for football, tennis and cricket. Dogs and families are catered for, and you can book ahead for a relaxed visit.",TRUE,,TRUE,TRUE,TRUE,,,19,Bridge Street,,https://www.greeneking.co.uk/pubs/cambridgeshire/baron-of-beef,Q7715679,,0.8600,0.0000,0.9200,0.7800,0.9500,0.0000,0.9500,0.9500,0.9000,0.0000,0.0000,ok,,,,,,,,,,,,,ok,,wikidata_r2,1,wikidata,1.00,,,,,,,,
CB2,CB,node,20921876,node/20921876,52.2088653,0.1182051,The Mitre,Nicholson's,https://pub-17623b3cd0704db3b6c82660accfc657.r2.dev/pub_photos/node/20921876/1_wikidata_1.00.jpg,,,,,,"Step into a traditional Cambridge pub with a distinctive character, just a short stroll from Trinity Street, Sidney Street and Round Church Street. Expect a classic British menu built around quality pub food and “famous British hospitality”, plus an eclectic range of real ales. There’s plenty of ways to dine too—book a table, order at the table, or choose collection—making it easy to drop in for a proper pint and a pie-style meal.",,,,TRUE,,,,17,Bridge Street,,https://www.nicholsonspubs.co.uk/restaurants/eastofengland/themitrecambridge#/,Q26419234,,0.7800,0.0000,0.0000,0.5500,0.0000,0.0000,0.0000,0.9000,0.0000,0.0000,0.0000,ok,,,,,,,,,,,,,ok,,wikidata_r2,1,wikidata,1.00,,,,,,,,
CB1,CB,node,20922152,node/20922152,52.2073062,0.1244397,Champion of the Thames,,https://pub-17623b3cd0704db3b6c82660accfc657.r2.dev/pub_photos/node/20922152/1_wikidata_1.00.jpg,,,,,,"A pocket-sized King Street institution with wood-panelled Victorian rooms, etched rowing windows and a buzz of student and local regulars. Named for a Thames sculling champion who insisted his mail be sent to King Street, it remains on the notorious King Street Run and hosts an annual cricket match against St Radegund. CAMRA Cambridgeshire Pub of the Year 2024, the Champ pours immaculate Greene King and guest ales alongside pork pies, scotch eggs and Sunday cheese and crackers in a nationally listed historic interior.",,,,,,,,68,King Street,,https://thechampionofthethames.com/,Q7722052,"Mo-Th 16:00-23:00; Fr,Sa 12:00-23:00; Su 16:00-22:00",0.8800,0.0000,0.3500,0.5500,0.0000,0.0000,0.0000,0.0000,0.0000,0.0000,0.0000,ok,,,,,,,,,,,,,ok,,wikidata_r2,1,wikidata,1.00,,,,,,,,
CB2,CB,node,20922155,node/20922155,52.1999887,0.1270451,Prince Regent,,https://pub-17623b3cd0704db3b6c82660accfc657.r2.dev/pub_photos/node/20922155/1_exterior_0.90.jpg,https://pub-17623b3cd0704db3b6c82660accfc657.r2.dev/pub_photos/node/20922155/2_other_0.50.jpg,,,,,"Set in the heart of Cambridge, this traditional pub-restaurant blends history with a lively, family-friendly welcome. Expect cask ales, classic pub favourites and a menu with small plates and hearty options, plus Sunday roasts. There’s a beer garden for weather-permitting drinks, and WiFi and takeaway are available. Sports fans can settle in for live football across major leagues and competitions, with TNT Sports and Sky Sports mentioned. Dogs are explicitly welcomed, making it a comfortable local for groups and casual meet-ups.",TRUE,,TRUE,TRUE,TRUE,,,91,Regent Street,,https://www.greeneking.co.uk/pubs/cambridgeshire/prince-regent,,,0.8600,0.0000,0.0000,0.5500,0.9500,0.0000,0.9500,0.9500,0.9500,0.0000,0.0000,ok,,,,,,,,,,,,,ok,,website,2,exterior,0.90,other,0.50,,,,,,
CB2,CB,node,20922157,node/20922157,52.203079,0.1237329,The Castle Bar,Greene King,https://pub-17623b3cd0704db3b6c82660accfc657.r2.dev/pub_photos/node/20922157/1_exterior_0.90.jpg,,,,,,"A city-centre stop with a laid-back bar downstairs and six guest rooms upstairs, ideal for a competitive stay in Cambridge. Set in a building of special interest, it’s a handy base for meeting friends, enjoying a drink and exploring on foot. Expect on-site entertainment with music in the bar on Thursdays, Fridays and Saturdays late into the night. Facilities include free WiFi, baggage storage and bike lock-up, plus family-friendly touches like highchairs. If you need support during your stay, the team asks you to flag it when booking.",,TRUE,,,,,TRUE,37,St Andrew's Street,,https://www.thecastlebarcambridge.com/,,,0.7800,0.0000,0.0000,0.0000,0.0000,0.8600,0.0000,0.7200,0.0000,0.0000,0.9000,ok,,,,,,,,,,,,,ok,,website,1,exterior,0.90,,,,,,,,
CB1,CB,node,20922173,node/20922173,52.2072308,0.1216997,d'Arry's,,https://pub-17623b3cd0704db3b6c82660accfc657.r2.dev/pub_photos/node/20922173/1_exterior_0.80.jpg,https://pub-17623b3cd0704db3b6c82660accfc657.r2.dev/pub_photos/node/20922173/2_other_0.50.jpg,https://pub-17623b3cd0704db3b6c82660accfc657.r2.dev/pub_photos/node/20922173/3_other_0.50.jpg,https://pub-17623b3cd0704db3b6c82660accfc657.r2.dev/pub_photos/node/20922173/4_other_0.50.jpg,https://pub-17623b3cd0704db3b6c82660accfc657.r2.dev/pub_photos/node/20922173/5_other_0.50.jpg,,"Set on King Street in the centre of Cambridge, this independent restaurant, bar and cheesemonger brings together seasonal dining, barrel-aged cocktails and a serious cheese programme. Expect locally sourced meat, sustainable seafood and fresh vegetables, plus a celebrated Sunday Carvery. Upstairs, The Liquor Loft is a stylish wine and cocktail hideaway that’s available for private hire. For foodies, there are cheese tasting experiences led by Academy of Cheese-trained experts. There’s also an apartment above the venue for a stay-in-Cambridge break, ideal for turning a great meal into a proper night out.",,,,TRUE,,,TRUE,2-4,King Street,01223 505015,https://www.darrys.co.uk/,,"Mo-Th 11:30-22:00; Fr-Sa 11:30-23:00; Su 11:30-18:00 ""Wine Bar & Restaurant"" || We-Th 17:00-22:00; Fr 17:00-00:00; Sa 12:00-00:00; Su 12:00-17:00 ""Liquor Loft""",0.9000,0.9500,0.0000,0.0000,0.0000,0.0000,0.0000,0.9500,0.0000,0.0000,0.8500,ok,,,,,,,,,,,,,ok,,website,5,exterior,0.80,other,0.50,other,0.50,other,0.50,other,0.50
CB4,CB,node,20940218,node/20940218,52.2141817,0.1254885,The Waterman,,https://pub-17623b3cd0704db3b6c82660accfc657.r2.dev/pub_photos/node/20940218/1_exterior_0.92.jpg,https://pub-17623b3cd0704db3b6c82660accfc657.r2.dev/pub_photos/node/20940218/2_other_0.50.jpg,https://pub-17623b3cd0704db3b6c82660accfc657.r2.dev/pub_photos/node/20940218/3_other_0.50.jpg,https://pub-17623b3cd0704db3b6c82660accfc657.r2.dev/pub_photos/node/20940218/4_other_0.50.jpg,https://pub-17623b3cd0704db3b6c82660accfc657.r2.dev/pub_photos/node/20940218/5_other_0.50.jpg,,"A modern Cambridge inn with a welcoming, all-day feel—just a short stroll from Midsummer Common and near the River Cam. Settle into cosy interiors or head out to the courtyard/garden terrace, with heat lamps for cooler evenings. The bar focuses on craft beer, an eclectic wine and spirits range, and spritzes, while the kitchen serves fresh, flavour-driven seasonal dishes, pub classics and indulgent burgers. There’s also a “Potting Shed” event space for parties and meetings, plus comfortable rooms above the pub for leisurely stays. Expect match-day energy too, with big screens and proper sound for major tournaments.",TRUE,,TRUE,TRUE,,,TRUE,32,Chesterton Road,+44 1223 323813,https://www.thewatermancambridge.com,,,0.9000,0.0000,0.0000,0.3500,0.8500,0.0000,0.9500,0.9500,0.0000,0.0000,0.9500,ok,,,,,,,,,,,,,ok,,website,5,exterior,0.92,other,0.50,other,0.50,other,0.50,other,0.50
CB3,CB,node,20940220,node/20940220,52.2105324,0.113247,The Punter,,https://pub-17623b3cd0704db3b6c82660accfc657.r2.dev/pub_photos/node/20940220/1_exterior_0.90.jpg,https://pub-17623b3cd0704db3b6c82660accfc657.r2.dev/pub_photos/node/20940220/2_other_0.50.jpg,https://pub-17623b3cd0704db3b6c82660accfc657.r2.dev/pub_photos/node/20940220/3_other_0.50.jpg,https://pub-17623b3cd0704db3b6c82660accfc657.r2.dev/pub_photos/node/20940220/4_other_0.50.jpg,https://pub-17623b3cd0704db3b6c82660accfc657.r2.dev/pub_photos/node/20940220/5_other_0.50.jpg,,"A cheerfully scrappy, lived-in pub in Cambridge’s Quayside area, set in an old coaching inn with quirky nooks and low ceilings (the Barn has a high vaulted space). Expect a homely, welcoming atmosphere with a courtyard packed with planting—ideal for a summer afternoon. The kitchen serves freshly made, unpretentious but hearty food, with set food service windows across the week. With its central-but-riverside location, it’s a handy stop for walkers heading towards the museums and nearby attractions.",TRUE,,,TRUE,,,,3,Pound Hill,01223 363322,https://www.thepuntercambridge.com/,,,0.8600,0.9800,0.2000,0.0000,0.9000,0.0000,0.0000,0.9800,0.0000,0.0000,0.0000,ok,,,,,,,,,,,,,ok,,website,5,exterior,0.90,other,0.50,other,0.50,other,0.50,other,0.50
CB4,CB,node,20940431,node/20940431,52.2157616,0.1142635,Carpenters Arms,,https://pub-17623b3cd0704db3b6c82660accfc657.r2.dev/pub_photos/node/20940431/1_other_0.50.jpg,https://pub-17623b3cd0704db3b6c82660accfc657.r2.dev/pub_photos/node/20940431/2_other_0.50.jpg,,,,,"A craft beer pub in the heart of Cambridge, built for sports fans and pizza lovers. Expect stone-baked pizza, craft beer and regular deals like Monday 2-4-1 pizzas, plus a weekly quiz night. There’s live sport showing (including World Cup coverage) and a lively, social atmosphere in the bar area. Dogs are welcome to join you there, and the venue also highlights free Wi‑Fi and a beer garden for when the weather’s good. Kitchen hours are listed, though the kitchen is temporarily closed for maintenance.",TRUE,,TRUE,TRUE,TRUE,,,182-186,Victoria Road,01223 367050,https://www.carpentersarmscambridge.com/,,Mo-Sa 12:00-23:00; Su 12:00-21:00,0.7800,0.9500,0.0000,0.5500,0.9000,0.7000,0.9500,0.9500,0.9000,0.0000,0.0000,ok,,,,,,,,,,,,,ok,,website_firecrawl,2,other,0.50,other,0.50,,,,,,
CB4,CB,node,21137287,node/21137287,52.2179459,0.1454823,Green Dragon,,https://pub-17623b3cd0704db3b6c82660accfc657.r2.dev/pub_photos/node/21137287/1_wikidata_1.00.jpg,,,,,,"A characterful, historic pub in the heart of Chesterton, set with stunning riverside views. Expect a picturesque beer garden that leads down towards the river, plus a solid selection of cask ales and wines. Food is a highlight too, with home-cooked fresh dishes and a Lebanese street food kitchen with set opening times. If you’re into the river action, it’s also noted as a great place to catch the rowing activity during the May Bumps and Town bumps in June. Quizzes run fortnightly, making it a friendly local for relaxed evenings by the water.",TRUE,,,TRUE,,,,5,Water Street,,https://greendragoncambridge.co.uk/,Q26419012,,0.8600,0.0000,0.0000,0.0000,0.9500,0.0000,0.0000,0.9800,0.0000,0.0000,0.0000,ok,,,,,,,,,,,,,ok,,wikidata_r2,1,wikidata,1.00,,,,,,,,
CB2,CB,node,21391223,node/21391223,52.1964242,0.1249433,Panton Arms,,https://pub-17623b3cd0704db3b6c82660accfc657.r2.dev/pub_photos/node/21391223/1_wikidata_1.00.jpg,,,,,,"Set in central Cambridge, this traditional British pub is known for a welcoming, chatty atmosphere and a standout bar. Expect quality cask ales, rotating guest beers, plus wines, premium gins and plenty of bottled options including gluten-free and alcohol-free. Dogs are welcome both inside and in the courtyard garden, with water and treats provided. There’s plenty going on too: a weekly Irish Folk Jam (Thursday evenings) and monthly live music, alongside two large-screen TVs showing terrestrial sports such as rugby and international football. Book ahead for drinks when it gets busy.",TRUE,TRUE,TRUE,,TRUE,,,43,Panton Street,01223 464351,https://thepantonarms.co.uk/,Q15990214,,0.9000,0.9500,0.0000,0.0000,0.9500,0.8500,0.8500,0.0000,0.9500,0.0000,0.0000,ok,,,,,,,,,,,,,ok,,wikidata_r2,1,wikidata,1.00,,,,,,,,
CB2,CB,node,21391227,node/21391227,52.1959875,0.1253729,The Alma,,https://pub-17623b3cd0704db3b6c82660accfc657.r2.dev/pub_photos/node/21391227/1_exterior_0.85.jpg,https://pub-17623b3cd0704db3b6c82660accfc657.r2.dev/pub_photos/node/21391227/2_other_0.50.jpg,https://pub-17623b3cd0704db3b6c82660accfc657.r2.dev/pub_photos/node/21391227/3_other_0.50.jpg,,,,"A friendly Cambridge rugby-and-real-ale pub with a warm, welcoming atmosphere. Settle in for Sky Sports, TNT Sport and Premier Sports on three big screens, then make a night of it with weekly quiz prizes and a free singer-songwriter open mic (Songsmith Sessions) on the third Sunday. Tuesdays bring Curry Night with a choice of seven curries when bought with a drink. The kitchen serves traditional homecooked pub food for lunches, snacks and evening meals, plus six well-kept real ales and a Cask Marque accreditation.",,TRUE,TRUE,TRUE,,,,26,Russell Court,01223 316722,https://thealmacambridge.co.uk/,,"Mo,Tu 16:00-24:00, We-Su 12:00-24:00",0.9000,0.9500,0.0000,0.0000,0.0000,0.9500,0.9500,0.9500,0.0000,0.0000,0.0000,ok,,,,,,,,,,,,,ok,,website,3,exterior,0.85,other,0.50,other,0.50,,,,
CB2,CB,node,21642213,node/21642213,52.1765857,0.1130565,Green Man,,https://pub-17623b3cd0704db3b6c82660accfc657.r2.dev/pub_photos/node/21642213/1_wikidata_1.00.jpg,,,,,,"Set on Trumpington High Street, this Grade II listed medieval timber frame hides behind later brickwork yet still feels like a proper country pub on the edge of Cambridge. Mitchells & Butlers runs a food-led house with an open-plan bar, high-roofed restaurant and a garden seating around two hundred. Adnams Broadside and Sharp's Doom Bar anchor the taps while extensive menus run from weekend breakfasts to Sunday roasts, making it as much a dining destination as a pint stop after a riverside walk.",TRUE,,,TRUE,,,,55,"High Street, Trumpington",,https://www.thegreenmantrumpington.com/,Q26419171,,0.8800,0.0000,0.0000,0.0000,0.8600,0.0000,0.0000,0.9000,0.0000,0.0000,0.0000,ok,,,,,,,,,,,,,ok,,wikidata_r2,1,wikidata,1.00,,,,,,,,
CB2,CB,node,21642521,node/21642521,52.1745617,0.112904,Hudson's Ale House,,https://pub-17623b3cd0704db3b6c82660accfc657.r2.dev/pub_photos/node/21642521/1_exterior_0.70.jpg,,,,,,"Set in the heart of Trumpington, this community pub pairs a classic Cambridge feel with a garden vibe. Expect a strong beer focus with hand pumps and a rotating community calendar, including live music and regular quiz nights. Food is a standout too: the pub’s Tzatziki kitchen brings authentic Greek cuisine to takeaway and pub dining. With easy car parking at the rear and a central High Street address, it’s a friendly local for drinks, events, and laid-back evenings.",TRUE,TRUE,,TRUE,,,,77,High Street,+44 1223 570042,https://hudsons.pub/,,,0.8600,0.9500,0.0000,0.0000,0.9000,0.9500,0.0000,0.9000,0.0000,0.5500,0.0000,ok,,,,,,,,,,,,,ok,,website,1,exterior,0.70,,,,,,,,
CB3,CB,node,23719482,node/23719482,52.1833304,0.0940465,Blue Ball Inn,Toby and Angela Joseph,https://pub-17623b3cd0704db3b6c82660accfc657.r2.dev/pub_photos/node/23719482/1_exterior_0.75.jpg,,,,,1767,"Grantchester's oldest pub, dating from 1767 and rebuilt after an nineteenth-century fire, retains a cosy two-bar layout on the National Inventory of Historic Pub Interiors. No televisions or fruit machines—conversation, East Anglian real ales from Adnams, Woodforde's and Elgood's, and old pub games such as ring the bull set the tone. A walled garden with covered heated area, piano and cricket memorabilia backs onto meadow views towards the river and colleges. Home-cooked lunches and evening meals, B&B rooms and a dog-friendly welcome make this free house the unofficial headquarters of Grantchester Cricket Club.",TRUE,,FALSE,TRUE,TRUE,,TRUE,57,Broadway,+44 1223 846004,https://www.blueballgrantchester.co.uk/,,We-Sa 12:00-22:00; Su 12:00-19:00,0.9300,0.0000,0.9300,0.9300,0.9300,0.0000,0.9300,0.9300,0.9300,0.0000,0.9300,ok,,very_thin_scrape,,ok,,Blue Ball Inn Grantchester Broadway CAMRA pub,manual:cambridge-camra.org.uk,Manual enrichment (Tavily replacement),,,,manual:CAMRA national and East Anglia branch; blueballgrantchester.co.uk about-us page; Grantchester Village website. CAMRA East Anglia notes owners sold pub May 2026—operator may change. Ring the bull is not pool/darts.,ok,,website_firecrawl,1,exterior,0.75,,,,,,,,
CB1,CB,node,24672502,node/24672502,52.1892439,0.1530615,The Dumpling Tree,,https://pub-17623b3cd0704db3b6c82660accfc657.r2.dev/pub_photos/node/24672502/1_other_0.50.jpg,,,,,,"A Cambridge Chinese spot focused on Yunnan flavours, with handmade rice noodles and dumplings folded in-house every day. Expect a menu built for sharing, plus a bar that’s designed to pair with dumplings—signature cocktails, wines and spirits. The vibe suits both relaxed dinners and later nights, with DJ nights, special events and themed occasions like Chinese New Year and happy hour. If you fancy getting hands-on, there’s also a dumpling-making experience and masterclasses.",,,,TRUE,,,,,Perne Road,,https://www.thedumplingtree.com/,,"Su-Th 11:30-21:30; Fr,Sa 11:30-22:30",0.8600,0.0000,0.0000,0.0000,0.0000,0.0000,0.0000,0.9800,0.0000,0.0000,0.0000,ok,,,,,,,,,,,,,ok,,website_firecrawl,1,other,0.50,,,,,,,,
CB1,CB,node,24673114,node/24673114,52.188595,0.1398253,Rathmore Club,,https://pub-17623b3cd0704db3b6c82660accfc657.r2.dev/pub_photos/node/24673114/1_exterior_0.85.jpg,https://pub-17623b3cd0704db3b6c82660accfc657.r2.dev/pub_photos/node/24673114/2_other_0.50.jpg,https://pub-17623b3cd0704db3b6c82660accfc657.r2.dev/pub_photos/node/24673114/3_other_0.50.jpg,https://pub-17623b3cd0704db3b6c82660accfc657.r2.dev/pub_photos/node/24673114/4_other_0.50.jpg,https://pub-17623b3cd0704db3b6c82660accfc657.r2.dev/pub_photos/node/24673114/5_other_0.50.jpg,,"Set on Cherry Hinton Road in Cambridge, this family-run club has a relaxed, homey feel that suits everything from casual pints to bigger get-togethers. The bar is known for a strong beer selection, with Guinness singled out by reviewers, plus plenty of value-for-money drinks. There’s a lively games side too, with pool and snooker tables, and outdoor seating for warmer days. It also offers dine-in/takeaway options and a laid-back approach that can work well for group events (including school reunions). Clean, tidy bedrooms and communal spaces make it a practical choice for stays, with friendly staff helping you feel at home.",TRUE,TRUE,,,,TRUE,TRUE,,Cherry Hinton Road,+44 1223 245105,https://rathmore-club.goto-where.com/,,,0.7800,0.9500,0.0000,0.0000,0.8500,0.7500,0.0000,0.7000,0.0000,0.9000,0.9000,ok,,,,,,,,,,,,,ok,,website_firecrawl,5,exterior,0.85,other,0.50,other,0.50,other,0.50,other,0.50
CB1,CB,node,25285250,node/25285250,52.1989253,0.1390513,Devonshire Arms,Individual Pubs Ltd,https://pub-17623b3cd0704db3b6c82660accfc657.r2.dev/pub_photos/node/25285250/1_exterior_0.90.jpg,,,,,2010,"Rescued from decline and reopened in 2010 as Milton Brewery's first Cambridge pub, this Mill Road local draws a mixed crowd for beer, food and conversation. Up to eight mostly Milton cask ales usually include two dark beers, with occasional micro guests, bottled beers, keg Moravka lager and an extensive selection of mostly local real ciders that earned Cambridge CAMRA Cider Pub of the Year in 2024 and 2025. The kitchen serves Jamaican-influenced dishes alongside burgers, pizzas and small plates. Individual Pubs operates the venue with Milton beers at its heart.",,,,TRUE,,,,1,Devonshire Road,+44 1223 318610,https://www.individualpubs.co.uk/devonshire/,,Mo-We 16:00-23:00; Th-Sa 12:00-23:00; Su 12:00-22:30,0.9100,0.9500,0.9100,0.0000,0.0000,0.0000,0.0000,0.9000,0.0000,0.0000,0.0000,ok,,,,ok,,Devonshire Arms Cambridge Individual Pubs CAMRA,manual:cambridge-camra.org.uk,Manual enrichment (Tavily replacement),,,,"manual:CAMRA national; individualpubs.co.uk/devonshire (menu, drinks, hours). Opening as Milton's first pub year from CAMRA description.",ok,,website,1,exterior,0.90,,,,,,,,
CB1,CB,node,25285271,node/25285271,52.1983154,0.1354166,Salisbury Arms,,https://pub-17623b3cd0704db3b6c82660accfc657.r2.dev/pub_photos/node/25285271/1_other_0.50.jpg,,,,,,"A craft pub in the heart of Cambridge, built for pizza nights and craft beer fans. Expect stone-baked pizza, a full food & drink menu, and plenty of value deals—from weekday lunches to pizza-and-pint offers. The venue also leans into community fun with quiz nights and regular events, plus World Cup live football coverage. Dogs are welcome in the bar area, and there’s a handy booking system for groups. With set food service times and late opening, it’s a go-to spot for casual meet-ups, family-friendly school-holiday promos, and midweek pints.",,,TRUE,TRUE,TRUE,,,76,Tenison Road,01223 576363,https://www.salisburyarmscambridge.co.uk/,,,0.7800,0.9500,0.0000,0.5500,0.0000,0.0000,0.9000,0.9500,0.9000,0.0000,0.0000,ok,,,,,,,,,,,,,ok,,website_firecrawl,1,other,0.50,,,,,,,,
CB1,CB,node,25285273,node/25285273,52.1993737,0.1351376,Live & Let Live,Independent,,,,,,,"A discreet corner local just off Mill Road, furnished with simple tables, barstools and wood panelling around a wood-burning fireplace. Breweriana and railway memorabilia lend a yesteryear atmosphere suited to contemplation, conversation and serious beer and cider consumption. Six handpumps pour Oakham Citra as the regular, a Nethergate beer, always a dark ale and an impressive still-cider range, while ten keg taps add further interest. A small rear snug completes the layout, and Winston the pub cat may appear at quieter times. Cambridge CAMRA named it Most Improved City Pub 2025.",,,,,,,,40,Mawson Road,01223 460261,https://www.facebook.com/cambsliveandletlive,,,0.8700,0.8700,,0.8700,,,,,,,,,,,,ok,,Live and Let Live pub Mawson Road Cambridge CAMRA,manual:cambridge-camra.org.uk,Manual enrichment (Tavily replacement),https://www.facebook.com/cambsliveandletlive,0.8700,,manual:CAMRA Cambridge (id=1628) and national CAMRA; indiecambridge.com lists Facebook. Pizza offered at occasional festival events only—not regular food service. Reopened under new management March 2022.,scrape_failed,firecrawl:WebsiteNotSupportedError:Website Not Supported: Failed to scrape. We apologize for the inconvenience but we do not support this site. If you are part of an enterprise and want to have a,website_firecrawl,0,,,,,,,,,,
CB1,CB,node,25288641,node/25288641,52.1875591,0.1467045,The Rock,Greene King,https://pub-17623b3cd0704db3b6c82660accfc657.r2.dev/pub_photos/node/25288641/1_exterior_0.90.jpg,https://pub-17623b3cd0704db3b6c82660accfc657.r2.dev/pub_photos/node/25288641/2_other_0.50.jpg,https://pub-17623b3cd0704db3b6c82660accfc657.r2.dev/pub_photos/node/25288641/3_other_0.50.jpg,,,,"Set in Cambridge, The Rock is a classic pub hangout for drinks, pub classics and small plates, with a warm welcome and plenty of ways to catch up. Expect expertly-kept beers, favourite spirits and shots, plus a menu that includes deals like two mains, small plates and Sunday roasts. Sports fans can settle in for live football and rugby with Sky Sports and TNT Sports, and there’s a beer garden for post-work pints and weekend sessions. Dog-friendly and family-friendly, it’s also kitted out with a cashless pool table, dartboard and WiFi—ideal for a relaxed meet-up.",TRUE,,TRUE,TRUE,TRUE,TRUE,,200,Cherry Hinton Road,,https://www.greeneking.co.uk/pubs/cambridgeshire/rock,,11:00-23:00,0.8600,0.0000,0.0000,0.5500,0.9500,0.0000,0.9500,0.9500,0.9500,0.9000,0.0000,ok,,,,,,,,,,,,,ok,,website,3,exterior,0.90,other,0.50,other,0.50,,,,
CB24,CB,node,25612057,node/25612057,52.2549151,0.1041496,King William IV,,https://pub-17623b3cd0704db3b6c82660accfc657.r2.dev/pub_photos/node/25612057/1_wikidata_1.00.jpg,,,,,,"A family-run freehouse in the village of Histon, built for relaxed drinks with friends or a quiet pint on your own. Expect a solid range of ales, lagers, wines and spirits, plus an ever-changing gin bar. Opening hours are evening-focused on weekdays, with later finishes on Thursdays and Fridays, and weekend hours from midday. On Wednesdays, they’ll serve until 8pm when a food truck is in town—so keep an eye out for pop-up bites alongside your drink.",,,,,,,,8,Church Street,01223233930,https://www.kingbillhiston.co.uk/,Q26420307,"Mo,Tu 16:30-18:30; Th 16:30-22:00; We 16:30-20:30; Fr 15:30-22:00; Sa 12:00-20:00; Su 12:00-18:00",0.7800,0.9800,0.0000,0.7200,0.0000,0.0000,0.0000,0.2500,0.0000,0.0000,0.0000,ok,,,,,,,,,,,,,ok,,wikidata_r2,1,wikidata,1.00,,,,,,,,
CB22,CB,node,25779979,node/25779979,52.1402923,0.1229162,The SideQuest,,https://pub-17623b3cd0704db3b6c82660accfc657.r2.dev/pub_photos/node/25779979/1_exterior_0.90.jpg,https://pub-17623b3cd0704db3b6c82660accfc657.r2.dev/pub_photos/node/25779979/2_other_0.50.jpg,https://pub-17623b3cd0704db3b6c82660accfc657.r2.dev/pub_photos/node/25779979/3_other_0.50.jpg,,,,"Set in the picturesque village of Little Shelford, this 16th-century coaching inn brings together a cosy, traditional pub feel and authentic Thai cooking. Expect a real log fire, low beamed ceilings, and a fully secured large beer garden with rattan-furnished patios. Food is served daily with homemade dishes cooked to order, plus take-away and local delivery (Wed–Sat evenings). The bar focuses on quality cask ales with rotating real ales, alongside a wide lager range, draught cider, and an extensive gin selection. A great stop for locals, diners, and travellers heading out from Cambridge.",TRUE,,,TRUE,,,,,,+44 1223 843901,https://www.thenavigator-thai.co.uk/,,,0.8600,0.0000,0.0000,0.0000,0.9500,0.0000,0.0000,0.9800,0.0000,0.0000,0.0000,ok,,,,,,,,,,,,,ok,,website,3,exterior,0.90,other,0.50,other,0.50,,,,
CB25,CB,node,26113438,node/26113438,52.25186,0.2952122,Red Lion,,https://pub-17623b3cd0704db3b6c82660accfc657.r2.dev/pub_photos/node/26113438/1_wikidata_1.00.jpg,,,,,,"A handsome village local in Swaffham Prior pours well-kept cask ales for walkers and cyclists exploring the Cambridgeshire fens. Expect a straightforward welcome, traditional bar furnishings and a beer garden suited to summer afternoons. The pub trades as a community anchor for the parish, with food and events that draw locals from across the CB25 villages between Newmarket and Cambridge.",,,,TRUE,,,,,,,https://www.redlion-sp.co.uk/,Q26419962,,0.8800,0.0000,0.0000,0.0000,0.0000,0.0000,0.0000,0.7800,0.0000,0.0000,0.0000,ok,,very_thin_scrape,,,,,,,,,,,ok,,wikidata_r2,1,wikidata,1.00,,,,,,,,
CB7,CB,node,26117016,node/26117016,52.3116378,0.3034194,Maid's Head,,https://pub-17623b3cd0704db3b6c82660accfc657.r2.dev/pub_photos/node/26117016/1_wikidata_1.00.jpg,,,,,,"A village pub on The Green in Wicken, Ely, with a relaxed, friendly atmosphere aimed at both locals and visitors. Expect a well-rounded drink list—great beer alongside fine wines and spirits—plus an enticing menu with a dedicated Sunday lunch offering. Recent guest comments highlight prompt, welcoming service and high-quality, varied food. With main and Sunday lunch menus available, it’s a comfortable spot for an easy meal and a proper pint in a classic village setting.",,,,TRUE,,,,,,01353 524166,https://www.maidshead.co.uk/,Q26419384,,0.8600,0.9500,0.0000,0.5500,0.0000,0.0000,0.0000,0.9500,0.0000,0.0000,0.0000,ok,,,,,,,,,,,,,ok,,wikidata_r2,1,wikidata,1.00,,,,,,,,
CB21,CB,node,26531001,node/26531001,52.1167337,0.2388543,Three Tuns,,https://pub-17623b3cd0704db3b6c82660accfc657.r2.dev/pub_photos/node/26531001/1_wikidata_1.00.jpg,,,,,,"Set in Great Abington, this 16th-century pub pairs classic character with a standout Thai restaurant. Food is freshly cooked to order by experienced chefs from Thailand, making it a great choice for a relaxed meal alongside your drinks. If you’re visiting Cambridge, there’s also stylish overnight accommodation with nine elegant en-suite bedrooms—ideal for a weekend trip or a longer stay in the area.",,,,TRUE,,,TRUE,,,+44 1223 891 467,https://www.thethreetuns-greatabington.co.uk/,Q26420600,,0.7800,0.9000,0.2000,0.0000,0.0000,0.0000,0.0000,0.9500,0.0000,0.0000,0.9500,ok,,,,,,,,,,,,,ok,,wikidata_r2,1,wikidata,1.00,,,,,,,,
CB23,CB,node,26660989,node/26660989,52.2397665,0.0219337,Black Horse,Independent,https://pub-17623b3cd0704db3b6c82660accfc657.r2.dev/pub_photos/node/26660989/1_wikidata_1.00.jpg,,,,,1760,"Originally a row of cottages from the 1760s, now Grade II listed, this village pub merges former small rooms into three distinct drinking areas plus a dining space at the far end with a modern rustic feel. After eighteen months closed it reopened in May 2018, pouring ales from Dry Drayton's Lord Conrad Brewery alongside Adnams and others. An attractive rear garden backs onto meadow and woodland. Home-baked cakes, light lunches, Saturday brunch and traditional evening meals complement the bar, and Cambridge CAMRA crowned it Dog-Friendly Pub of the Year 2024.",TRUE,,,TRUE,TRUE,,,35,Park Street,01954 488150,https://www.blackhorsedrydrayton.com/,Q26420662,,0.8800,0.8800,0.8800,0.8800,0.8800,,,0.8800,0.8800,,,scrape_failed,too_short:96_chars,scrape_failed,too_short:96_chars,ok,,Black Horse pub Dry Drayton Park Street CAMRA,manual:cambridge-camra.org.uk,Manual enrichment (Tavily replacement),,,,manual:CAMRA Cambridge (id=1683) and national CAMRA; blackhorsedrydrayton.com. Batch has_description=true—this CAMRA-led description is fuller. New owners October 2025 per CAMRA. Founded approximated from '1760s' cottages.,ok,,wikidata_r2,1,wikidata,1.00,,,,,,,,
CB25,CB,node,26976846,node/26976846,52.2715375,0.1889567,Brewery Tap,,,,,,,,"A friendly village local with a single L-shaped bar opposite the gates of the former Waterbeach barracks, once home to the Royal Engineers. The name recalls James Froment's brewery that closed in the early twentieth century, though Milton and Pastore breweries now operate nearby. After closing in December 2023 the pub was refurbished in pale green and blue and reopened on 15 June 2024 as The Taps under new licensees. Food events are held as advertised, and the family- and dog-friendly beer garden has been promoted since the relaunch.",TRUE,,,,TRUE,,,,,07721 322834,https://www.facebook.com/officialtaps,,,0.8300,0.8300,,,0.8300,,,,0.8300,,,,,,,ok,,Brewery Tap Waterbeach Cambridge CB25 CAMRA The Taps,manual:cambridge-camra.org.uk,Manual enrichment (Tavily replacement),https://www.facebook.com/officialtaps,0.8300,,"manual:Matched to Brewery Tap, 19 Denny End Road, Waterbeach CB25 9PB via batch postcode CB25. CAMRA still lists as Brewery Tap (the Taps). Cambridgeshire Live June 2024 on rebrand. Food only at advertised events—not regular kitchen.",scrape_failed,firecrawl:WebsiteNotSupportedError:Website Not Supported: Failed to scrape. We apologize for the inconvenience but we do not support this site. If you are part of an enterprise and want to have a,website_firecrawl,0,,,,,,,,,,
CB24,CB,node,29676417,node/29676417,52.2960988,-0.0378902,The Three Tuns,,https://pub-17623b3cd0704db3b6c82660accfc657.r2.dev/pub_photos/node/29676417/1_wikidata_1.00.jpg,,,,,,"Set on Fen Drayton’s High Street, this Tudor pub and restaurant pairs a cosy open-fire feel with a welcoming summer beer garden. Expect real ales, wines and lagers, plus a seasonal menu with classic pub favourites, a dedicated children’s menu and Sunday roasts. There’s also a smoke-free Hunters Lodge dining area. Every other Friday evening the beer garden hosts live music from 6–8pm, making it an easy pick for a relaxed meal with good tunes. Book ahead for group dining, working lunches or a proper three-course dinner.",TRUE,TRUE,,TRUE,,,,,High Street,01954 230242,https://threetunsfendrayton.co.uk/,Q17544354,,0.8600,0.9500,0.0000,0.0000,0.9000,0.9500,0.0000,0.9500,0.0000,0.0000,0.0000,ok,,,,,,,,,,,,,ok,,wikidata_r2,1,wikidata,1.00,,,,,,,,
CB21,CB,node,30152966,node/30152966,52.0979157,0.2772189,Dog & Duck,,https://pub-17623b3cd0704db3b6c82660accfc657.r2.dev/pub_photos/node/30152966/1_wikidata_1.00.jpg,,,,,,"Linton's High Street Dog & Duck pairs exposed beams and a warm village atmosphere with real ale from regional brewers. A favourite stop on the Granta valley pub trail, it mixes locals, visitors to the nearby racecourse and walkers heading into the chalk hills. Expect honest pub food, a garden for sunny days and the easy-going rhythm of a small South Cambridgeshire free house.",,,,TRUE,,,,63,High Street,,https://www.dogandduck-linton.co.uk/,Q26456060,,0.8800,0.0000,0.0000,0.0000,0.0000,0.0000,0.0000,0.7800,0.0000,0.0000,0.0000,ok,,,,,,,,,,,,,ok,,wikidata_r2,1,wikidata,1.00,,,,,,,,
CB21,CB,node,30152969,node/30152969,52.0962236,0.2745235,The Crown,,https://pub-17623b3cd0704db3b6c82660accfc657.r2.dev/pub_photos/node/30152969/1_exterior_0.90.jpg,https://pub-17623b3cd0704db3b6c82660accfc657.r2.dev/pub_photos/node/30152969/2_other_0.50.jpg,https://pub-17623b3cd0704db3b6c82660accfc657.r2.dev/pub_photos/node/30152969/3_other_0.50.jpg,,,,"Step into a cosy 17th-century coaching inn in the historic village of Linton, with a real fire, snug nooks and a relaxed bar atmosphere. Meals are served in both the bar and a bright conservatory restaurant, with a seasonal, locally sourced menu and daily specials. Expect plenty of community buzz too: bingo nights, charity events, foodie offers, plus live music and DJ nights with free entry to music events. It’s a welcoming stop for everyone in the heart of the village—ideal for a laid-back drink or a proper meal after exploring Cambridgeshire.",,TRUE,,TRUE,,,,,,01223 891759,https://crownatlinton.co.uk/,,,0.8600,0.9500,0.0000,0.5500,0.0000,0.9000,0.0000,0.9500,0.7000,0.0000,0.0000,ok,,,,,,,,,,,,,ok,,website,3,exterior,0.90,other,0.50,other,0.50,,,,
CB21,CB,node,30153028,node/30153028,52.0975045,0.2832695,Waggon & Horses,,https://pub-17623b3cd0704db3b6c82660accfc657.r2.dev/pub_photos/node/30153028/1_wikidata_1.00.jpg,,,,,1600,"A small-fronted, Grade II listed village inn on Linton High Street, timber-framed and plastered with a pantile roof dating from at least the seventeenth century. Step down into a simply furnished main room with exposed beams, a painted wood-fronted bar and a lower pool room beyond. Following a 2021 refurb the pub pours two Greene King-list real ales, with a car park, large covered patio and rear garden for warmer days. Wet-led and welcoming rather than gastro, it keeps a traditional local feel while occasional food vans and Sky or BT sport on two televisions add variety.",TRUE,TRUE,TRUE,FALSE,,TRUE,,110,High Street,01223 269046,https://www.facebook.com/thewaggonandhorseslinton,Q26420570,,0.8600,0.8600,0.8600,,0.8600,0.8600,0.8600,0.8600,,0.8600,,scrape_failed,firecrawl:Website Not Supported: Failed to scrape. We apologize for the inconvenience but we do not support this site. If you are ,scrape_failed,firecrawl:Website Not Supported: Failed to scrape. We apologize for the inconvenience but we do not support this site. If you are ,ok,,Waggon and Horses Linton High Street Cambridge CAMRA,manual:cambridge-camra.org.uk,Manual enrichment (Tavily replacement),https://www.facebook.com/thewaggonandhorseslinton,0.8600,,manual:CAMRA Cambridge (id=1803) for Linton CB21 4JT—matches batch CB21 and 110 High Street. useyourlocal.com notes Sky/BT TVs and live entertainment; no in-house food. Batch has_description=true. Founded approximated from 'at least 17th century'.,ok,,wikidata_r2,1,wikidata,1.00,,,,,,,,
CB22,CB,node,33129159,node/33129159,52.1246992,0.0994388,Queen's Head,,https://pub-17623b3cd0704db3b6c82660accfc657.r2.dev/pub_photos/node/33129159/1_wikidata_1.00.jpg,,,,,,"A small, traditional village free house on Fowlmere Road in Newton, Cambridge—known for real ale served straight from the barrel. Expect a cosy, characterful interior with a public bar and games room, plus a more intimate saloon bar. Food centres on homemade brown soup, home-roasted beef sandwiches, smoked salmon, ham and British cheeses, with ploughman’s on select evenings and Sunday lunch. Wednesdays bring rotating street-food vans to eat in or take away. There’s a non-smoking beer garden with easy access to the village green and playground, and a large cyclehoop rack for cyclists.",TRUE,,,TRUE,TRUE,,,,,01223 870436,https://www.queensheadnewton.co.uk/,Q26458558,,0.8600,0.9800,0.0000,0.0000,0.9500,0.0000,0.0000,0.9800,0.9000,0.0000,0.0000,ok,,,,,,,,,,,,,ok,,wikidata_r2,1,wikidata,1.00,,,,,,,,
CB23,CB,node,33129704,node/33129704,52.1823617,0.0567843,The Hoops,,https://pub-17623b3cd0704db3b6c82660accfc657.r2.dev/pub_photos/node/33129704/1_wikidata_1.00.jpg,,,,,,"Set in the village of Barton, just a short drive from Cambridge, this traditional pub is all about a warm, community feel. Expect a cosy interior, a serene garden space for relaxing outdoors, and a welcoming vibe for families and dog walkers. There’s a great range of cask ales and favourite drinks, plus artisan food trucks bringing extra flavour to the mix. The Hoops also runs a lively calendar of suitable entertainment and community events, making it a go-to spot for locals and visitors alike.",TRUE,,,TRUE,TRUE,,,,,,https://the-hoops.co.uk/,Q26596670,,0.8600,0.0000,0.0000,0.7200,0.9000,0.0000,0.0000,0.7800,0.8500,0.0000,0.0000,ok,,,,,,,,,,,,,ok,,wikidata_r2,1,wikidata,1.00,,,,,,,,
CB10,CB,node,41036541,node/41036541,52.0839352,0.1821939,Red Lion,,https://pub-17623b3cd0704db3b6c82660accfc657.r2.dev/pub_photos/node/41036541/1_wikidata_1.00.jpg,,,,,,"Set in the conservation village of Hinxton, this privately owned free house combines a historic Grade II listed building with a calm Cambridge walled garden. Expect a cosy bar with open fire, Chesterfield seating and four local real ales on the pumps, plus a restaurant serving classic British cooking alongside contemporary dishes and daily specials using fresh, seasonal local produce. There’s also an oak dry-peg extension for dining, and eight contemporary guest rooms in the grounds with their own private garden areas. Dogs are welcome in the bar, restaurant and garden (no dogs’ menu).",TRUE,,,TRUE,TRUE,,TRUE,32,High Street,+44 1799 530 601,https://redlionhinxton.co.uk/,Q26420952,,0.9000,0.0000,0.5500,0.4500,0.9500,0.0000,0.0000,0.9500,0.9000,0.0000,0.9500,ok,,,,,,,,,,,,,ok,,wikidata_r2,1,wikidata,1.00,,,,,,,,
CB23,CB,node,60850826,node/60850826,52.1541094,0.0124804,The Wheatsheaf,De Simone family,,,,,,1400,"On the A603 towards Wimpole Hall, a fifteenth-century coaching inn now hosts La Pergola, an authentic Italian restaurant run by the De Simone family since August 2007. Planning required the building to remain a pub, creating the unusual pairing of a restaurant with a bar attached rather than a pub that serves food. Giulio's kitchen centres on a wood-burning pizza oven; house-made bread, pasta and traditional southern Italian dishes draw diners from Cambridge and surrounding villages. Tony manages the bar while the family front-of-house team preserves the warmth of their long Cambridge hospitality heritage.",,,,TRUE,,,,,Cambridge Road,01223 260005,http://www.lapergolacambridge.co.uk/the-wheatsheaf/,,,0.8500,0.8500,0.8500,0.8500,,,,0.8500,,,,scrape_failed,too_short:42_chars,scrape_failed,too_short:42_chars,ok,,The Wheatsheaf Harlton La Pergola Cambridge CAMRA,manual:cambridge-camra.org.uk,Manual enrichment (Tavily replacement),,,,"manual:lapergolacambridge.co.uk and OpenTable; coaching inn 15th century from OpenTable. Bar/pub element exists but CAMRA WhatPub listing is minimal. Founded approximated from '15th century'. Address Cambridge Road, Harlton CB23 1HA.",scrape_failed,http_error:404,website,0,,,,,,,,,,
CB24,CB,node,148190061,node/148190061,52.3101619,0.0548797,The Porterhouse,,https://pub-17623b3cd0704db3b6c82660accfc657.r2.dev/pub_photos/node/148190061/1_exterior_0.85.jpg,https://pub-17623b3cd0704db3b6c82660accfc657.r2.dev/pub_photos/node/148190061/2_other_0.50.jpg,https://pub-17623b3cd0704db3b6c82660accfc657.r2.dev/pub_photos/node/148190061/3_other_0.50.jpg,,,,"Set on Station Road in Willingham, this pub pairs a proper drinks menu with a full restaurant offering, including breakfast, Sunday lunch, pizza & pint, and takeaway options. There’s also a dedicated tipi space for dining and a Bed & Breakfast stay for longer visits. Use the “Book a Table” option to plan ahead, and check the What’s On section for events. A friendly local stop with food-focused menus alongside classic pub drinks.",,,,TRUE,,,TRUE,1,Station Road,01954 488 080,https://theporterhousepub.com/,,"Mo-Sa 17:00-23:00, Su 12:00-15:00",0.7800,0.9800,0.0000,0.0000,0.0000,0.0000,0.0000,0.9000,0.0000,0.0000,0.9500,ok,,,,,,,,,,,,,ok,,website,3,exterior,0.85,other,0.50,other,0.50,,,,
CB6,CB,node,255594710,node/255594710,52.3486154,0.2189977,Red Lion,,https://pub-17623b3cd0704db3b6c82660accfc657.r2.dev/pub_photos/node/255594710/1_exterior_0.90.jpg,,,,,,"A friendly traditional pub set in the rural village of Stretham, between Ely and Cambridge. Expect a relaxed local atmosphere with a beer garden, free Wi‑Fi, and customer parking. The menu covers comfort classics like Sunday lunch, breakfast, sandwiches and bagels, plus a range of beers and soft drinks. Fridays bring a food van, with occasional live music and seasonal events/parties. There’s also private hire available, and the pub offers en-suite accommodation—ideal for a weekend stopover.",TRUE,TRUE,,TRUE,TRUE,,TRUE,47,High Street,01353 648132,https://www.theredlionstretham.co.uk/,,,0.8600,0.9800,0.0000,0.0000,0.9500,0.7800,0.0000,0.9500,0.9000,0.0000,0.9000,ok,,,,,,,,,,,,,ok,,website_firecrawl,1,exterior,0.90,,,,,,,,
CB1,CB,node,262797752,node/262797752,52.2074415,0.1222216,The Cambridge Brew House,,https://pub-17623b3cd0704db3b6c82660accfc657.r2.dev/pub_photos/node/262797752/1_other_0.50.jpg,https://pub-17623b3cd0704db3b6c82660accfc657.r2.dev/pub_photos/node/262797752/2_other_0.50.jpg,https://pub-17623b3cd0704db3b6c82660accfc657.r2.dev/pub_photos/node/262797752/3_other_0.50.jpg,https://pub-17623b3cd0704db3b6c82660accfc657.r2.dev/pub_photos/node/262797752/4_other_0.50.jpg,https://pub-17623b3cd0704db3b6c82660accfc657.r2.dev/pub_photos/node/262797752/5_other_0.50.jpg,,"A lively Cambridge brewpub on King Street where craft beer is brewed on site and served alongside “messy” elevated food, weekend brunch and beer cocktails. Expect big-screen live sports with a loud, packed atmosphere—especially during World Cup football—plus brewery tours for curious visitors. With two event spaces (one with a private bar and one overlooking the brewery floor), it’s a great spot for birthdays, corporate gatherings and team celebrations. Open late on Fridays, with food served from late morning into the evening.",,,TRUE,TRUE,,,,1,King Street,+44 1223 855185,https://www.thecambridgebrewhouse.com/,,"Mo-Th 11:00-23:30; Fr, Sa 11:00-00:00; Su 11:00-22:30",0.8600,0.0000,0.0000,0.0000,0.0000,0.0000,0.9500,0.9500,0.0000,0.0000,0.0000,ok,,name_or_location_mismatch,"The provided context pub name is “The Cambridge Brew House”, but the page content prominently names “King Street Brewhouse” and gives the address “1 King Street, Cambridge, CB1 1LH”, which may refer to a different venue.",,,,,,,,,,ok,,website,5,other,0.50,other,0.50,other,0.50,other,0.50,other,0.50
CB2,CB,node,302381593,node/302381593,52.2006666,0.1197199,Little Rose,,https://pub-17623b3cd0704db3b6c82660accfc657.r2.dev/pub_photos/node/302381593/1_wikidata_1.00.jpg,,,,,,"Set opposite the Fitzwilliam Museum, this historical Cambridge gastropub leans into old-school charm with exposed beams and interconnecting dining rooms. Expect a fresh, seasonal menu with seafood alongside classic pub favourites, plus regular reasons to book in—like a spring/summer menu launch and Friday Prosecco offers. Facilities include WiFi, and it’s family-friendly and explicitly dog-friendly. With events running throughout the year, it’s a cosy spot for a relaxed meal and a glass in a characterful setting.",,,,TRUE,TRUE,,,37,Trumpington Street,,https://www.littlerosecambridge.com/,Q26626687,"Mo-Sa 12:00-23:00, Su 12:00-22:00",0.7800,0.0000,0.0000,0.3500,0.0000,0.0000,0.0000,0.9000,0.9500,0.0000,0.0000,ok,,possibly_closed,"The page headline states “Temporarily Closed”, so the venue may not currently be operating.",,,,,,,,,,ok,,wikidata_r2,1,wikidata,1.00,,,,,,,,
CB25,CB,node,304736366,node/304736366,52.2799663,0.3247658,The Fox,,https://pub-17623b3cd0704db3b6c82660accfc657.r2.dev/pub_photos/node/304736366/1_wikidata_1.00.jpg,,,,,,"Burwell's Fox occupies a prominent spot in one of East Cambridgeshire's largest villages, serving cask beers and hearty pub cooking to fenland regulars and visitors to the nearby museum and nature reserves. The bar mixes sport on screen with a relaxed dining room, while seasonal menus and weekend roasts keep tables busy. A dependable stop after exploring the Cambridgeshire levels.",TRUE,,,,,,,2,North Street,+44 1638 741267,https://www.thefoxburwell.co.uk/,Q26419376,,0.8800,0.9500,0.0000,0.0000,0.9000,0.0000,0.0000,0.0000,0.0000,0.0000,0.0000,ok,,,,,,,,,,,,,ok,,wikidata_r2,1,wikidata,1.00,,,,,,,,
CB25,CB,node,304736391,node/304736391,52.284466,0.324657,The Anchor,,https://pub-17623b3cd0704db3b6c82660accfc657.r2.dev/pub_photos/node/304736391/1_other_0.50.jpg,https://pub-17623b3cd0704db3b6c82660accfc657.r2.dev/pub_photos/node/304736391/2_other_0.50.jpg,https://pub-17623b3cd0704db3b6c82660accfc657.r2.dev/pub_photos/node/304736391/3_other_0.50.jpg,https://pub-17623b3cd0704db3b6c82660accfc657.r2.dev/pub_photos/node/304736391/4_other_0.50.jpg,https://pub-17623b3cd0704db3b6c82660accfc657.r2.dev/pub_photos/node/304736391/5_other_0.50.jpg,,"Set in a beautiful 18th-century, Grade II listed country pub, it’s all rustic charm and cosy nooks, with a plentiful tap selection of beer and ale. The kitchen serves authentic Thai cuisine prepared by Thai chefs, with classic dishes plus weekly seasonal specials and fusion twists from chef Son. Expect options for different spice levels, from mild Massaman to hotter Jungle Curry, and a menu that changes regularly. Book ahead for a relaxed meal in a historic setting.",,,,TRUE,,,,63,North Street,,https://www.theanchorburwell.co.uk/,,,0.8600,0.0000,0.3500,0.0000,0.0000,0.0000,0.0000,0.9500,0.0000,0.0000,0.0000,ok,,,,,,,,,,,,,ok,,website,5,other,0.50,other,0.50,other,0.50,other,0.50,other,0.50
CB25,CB,node,304736523,node/304736523,52.2712636,0.3277123,The Five Bells,,https://pub-17623b3cd0704db3b6c82660accfc657.r2.dev/pub_photos/node/304736523/1_exterior_0.85.jpg,https://pub-17623b3cd0704db3b6c82660accfc657.r2.dev/pub_photos/node/304736523/2_other_0.50.jpg,https://pub-17623b3cd0704db3b6c82660accfc657.r2.dev/pub_photos/node/304736523/3_other_0.50.jpg,https://pub-17623b3cd0704db3b6c82660accfc657.r2.dev/pub_photos/node/304736523/4_other_0.50.jpg,https://pub-17623b3cd0704db3b6c82660accfc657.r2.dev/pub_photos/node/304736523/5_other_0.50.jpg,,"A traditional village pub in Burwell with a warm welcome, a quality drinks range and rotating real ales. Expect a proper kitchen with home-cooked food across the week, plus themed nights like Fish Fridays and Sunday roasts, alongside dine-in and takeaway pizza offers. There’s a cosy place to linger with two dining areas, a dog-friendly bar, and outside seating in a large enclosed rear garden with children’s play equipment. The barn and marquees are available for private hire, and you can even book the Winchester Golf Simulator for practice or a round with friends.",TRUE,,,TRUE,TRUE,,,44,High Street,01638 741404,https://www.fivebellsburwell.co.uk/,,,0.9000,0.9500,0.0000,0.0000,0.9500,0.0000,0.0000,0.9800,0.9000,0.0000,0.0000,ok,,,,,,,,,,,,,ok,,website,5,exterior,0.85,other,0.50,other,0.50,other,0.50,other,0.50
CB1,CB,node,429597760,node/429597760,52.2046367,0.1275966,The Clarendon Arms,,,,,,,,"Cosy and traditional, this city-centre two-bar pub sits close to Parker's Piece with a bare-boarded, half-timbered dining room to the right and a main bar on two levels with stone-flagged flooring. A small sun-trap courtyard lies out back. Greene King IPA is the regular cask beer with a changing ale from the same family, though cask is not always available after an early 2026 refurbishment added wooden slats to the walls. Home-cooked food spans pub classics through Italian and Mediterranean dishes. New licensees arrived in May 2024.",,,,TRUE,,,,35-36,Clarendon Street,01223 778272,https://www.theclarendonarms.com/,,"Mo-Th 12:00-23:00; Fr,Sa 12:00-23:30; Su 12:00-22:00",0.8400,0.8400,0.0000,0.0000,0.0000,0.0000,0.0000,0.8400,0.0000,0.0000,0.0000,ok,,possible_wrong_website,"The provided markdown content is for an adult video/clip website in Thai (explicit sexual content and gambling ads), with no pub-specific information matching The Clarendon Arms.",ok,,Clarendon Arms Cambridge Clarendon Street CAMRA,manual:cambridge-camra.org.uk,Manual enrichment (Tavily replacement),,,,"manual:CAMRA Cambridge (id=1781) and national CAMRA; theclarendonarms.com in batch. Legacy web page mentions accommodation and jazz but not confirmed on current CAMRA listing—left blank. Courtyard is small, not a full garden.",no_images_found,fc_no_valid_images_after_download,website_firecrawl,0,,,,,,,,,,
CB7,CB,node,473728763,node/473728763,52.3289283,0.3479971,Carpenters Arms,,https://pub-17623b3cd0704db3b6c82660accfc657.r2.dev/pub_photos/node/473728763/1_exterior_0.90.jpg,https://pub-17623b3cd0704db3b6c82660accfc657.r2.dev/pub_photos/node/473728763/2_other_0.50.jpg,,,,,"A proper local with a warm, characterful feel—exposed beams, wood tones and open fires in the bar, plus a brighter glass restaurant at the back. The kitchen is open every day, serving a modern British menu with seasonal dishes and local suppliers, from quick bites to celebratory three-course suppers. There’s also garden dining for relaxed outdoor meals. When you fancy staying, there are four cosy bedrooms, and the place is dog-friendly with a special menu for furry guests. Set up for gatherings, birthdays and family meals, with woodland and the village common nearby for walks.",TRUE,,,TRUE,TRUE,,TRUE,76,Brook Street,,https://www.carpentersarmswilbraham.co.uk/,,,0.8600,0.0000,0.3500,0.0000,0.7800,0.0000,0.0000,0.9500,0.9000,0.0000,0.9000,ok,,,,,,,,,,,,,ok,,website_firecrawl,2,exterior,0.90,other,0.50,,,,,,
CB7,CB,node,473728905,node/473728905,52.3342618,0.3368668,The Fountain,,https://pub-17623b3cd0704db3b6c82660accfc657.r2.dev/pub_photos/node/473728905/1_wikidata_1.00.jpg,,,,,,"A Grade II listed, 15th-century pub in Soham with a friendly, easy-going feel. Drop in for cask-marked real ale and a cocktail menu, then settle in for live sport on HD screens—showing major tournaments and every match. There’s a beer garden/outside area for warmer days, plus a dartboard, pool table and function space for groups. With a late licence and live entertainment/live music listed, it’s a lively spot for watching the game and enjoying great drink offers.",TRUE,TRUE,TRUE,,TRUE,TRUE,,1,Churchgate Street,,https://www.craftunionpubs.com/fountain-soham,Q26454435,,0.7800,0.0000,0.0000,0.3500,0.9000,0.9500,0.9500,0.0000,0.9000,0.9500,0.0000,ok,,,,,,,,,,,,,ok,,wikidata_r2,1,wikidata,1.00,,,,,,,,
CB7,CB,node,473729205,node/473729205,52.3344962,0.3379195,Comrades Club,,https://pub-17623b3cd0704db3b6c82660accfc657.r2.dev/pub_photos/node/473729205/1_exterior_0.88.jpg,https://pub-17623b3cd0704db3b6c82660accfc657.r2.dev/pub_photos/node/473729205/2_other_0.50.jpg,https://pub-17623b3cd0704db3b6c82660accfc657.r2.dev/pub_photos/node/473729205/3_other_0.50.jpg,https://pub-17623b3cd0704db3b6c82660accfc657.r2.dev/pub_photos/node/473729205/4_other_0.50.jpg,https://pub-17623b3cd0704db3b6c82660accfc657.r2.dev/pub_photos/node/473729205/5_other_0.50.jpg,,"Set on Market Street in Soham, this well-established club has two bars serving beers, wines and spirits—ideal for a relaxed drink with friends. When the weather’s good, there’s an outdoor beer garden for summer sessions. Inside you can get competitive with a snooker and pool table, adding a social, games-led feel to the evening. Keep an eye on the club’s events page for what’s on.",TRUE,,,,,TRUE,,3,Market Street,01353 720393,https://sohamcomradesclub.co.uk/,,,0.7800,0.9500,0.0000,0.0000,0.9500,0.0000,0.0000,0.0000,0.0000,0.9000,0.0000,ok,,,,,,,,,,,,,ok,,website,5,exterior,0.88,other,0.50,other,0.50,other,0.50,other,0.50
CB7,CB,node,473729209,node/473729209,52.331818,0.3385115,Red Lion,,https://pub-17623b3cd0704db3b6c82660accfc657.r2.dev/pub_photos/node/473729209/1_wikidata_1.00.jpg,,,,,,"A 17th-century inn in Soham with roaring fires for cosy winter evenings and a lovely walled garden for al fresco dining in summer. The kitchen focuses on rustic, modern cooking with local, seasonal ingredients, with lunch and dinner service plus Sunday dining. There’s also a dedicated event space for up to 75 guests, and you can drop in for cocktails—there’s a cocktail hour between 6pm and 7pm. Dogs and children are welcome across the restaurant and garden, making it a relaxed choice for groups and casual get-togethers.",TRUE,,,TRUE,TRUE,,,17,High Street,01353 771633,https://www.redlionsoham.com/,Q26596815,,0.8600,0.9500,0.0000,0.0000,0.9000,0.0000,0.0000,0.9500,0.9000,0.0000,0.0000,ok,,,,,,,,,,,,,ok,,wikidata_r2,1,wikidata,1.00,,,,,,,,
CB7,CB,node,473729213,node/473729213,52.3311149,0.3390493,The Ship,,,,,,,,"Set on Soham High Street, this friendly open-plan town-centre pub combines an inglenook fire with pool table, dartboard and jukebox. Three televisions show sports and racing channels, quiz nights run on Wednesdays and a pool team competes locally, while live music with bands or DJs features at least monthly on Fridays and Saturdays thanks to a late licence. A partially undercover patio and grassed area at the end of the car park suit summer drinking, and an annual August gin fest and beer festival add to the calendar. Real ale is available alongside a wide gin selection.",TRUE,TRUE,TRUE,,TRUE,TRUE,,2,High Street,01353 720319,https://www.facebook.com/theshipsoham,,,0.8100,0.8100,,,0.8100,0.8100,0.8100,,0.8100,0.8100,,,,,,ok,,The Ship pub Soham High Street CB7 CAMRA,manual:cambridge-camra.org.uk,Manual enrichment (Tavily replacement),https://www.facebook.com/theshipsoham,0.8100,,"manual:Matched to 2 High Street, Soham CB7 5HD (batch CB7). Explore East Cambs and useyourlocal.com (primary for features); Ely CAMRA lists Greene King operator but venue appears independently run after refurbishment—operator left blank. No regular food menu found.",scrape_failed,firecrawl:WebsiteNotSupportedError:Website Not Supported: Failed to scrape. We apologize for the inconvenience but we do not support this site. If you are part of an enterprise and want to have a,website_firecrawl,0,,,,,,,,,,
CB3,CB,node,1594688118,node/1594688118,52.2120376,0.1130864,Architect,,https://pub-17623b3cd0704db3b6c82660accfc657.r2.dev/pub_photos/node/1594688118/1_other_0.50.jpg,,,,,,"Opposite Shire Hall on Castle Street, an attractive mock-Tudor exterior hides a refurbished, modern single-level bar with a large accessible toilet and a partly covered rear courtyard. Cambridge's first dedicated fish-and-chip and pie-and-mash bar invites you to design your own combinations, from classic batter to creative toppings, alongside sharing snacks and grill dishes. Two Everards beers on handpump and three real ciders complement a wide range of craft beers and more than twenty gins. The contemporary feel suits a relaxed lunch or dinner in one of the city's most popular streets.",,,,TRUE,,,,43,Castle Street,01223 563779,https://www.thearchitectcambridge.co.uk/,,,0.8900,0.8900,,,,,,0.8900,,,,,,,,ok,,Architect pub Castle Street Cambridge CAMRA,manual:cambridge-camra.org.uk,Manual enrichment (Tavily replacement),https://www.thearchitectcambridge.co.uk/,0.8900,,manual:CAMRA Cambridge (id=1769) and national CAMRA; thearchitectcambridge.co.uk and OpenTable. Partly covered courtyard—not a full pub garden. Batch lists no website; active site found.,ok,,website,1,other,0.50,,,,,,,,
CB3,CB,node,1594688120,node/1594688120,52.2119866,0.1134995,The Castle Inn,Adnams,https://pub-17623b3cd0704db3b6c82660accfc657.r2.dev/pub_photos/node/1594688120/1_wikidata_1.00.jpg,,,,,,"Set in the heart of the city, this independent pub serves fine beers, wines and spirits alongside home-cooked favourites. Expect standout dishes like Black-Rock cooked steaks, with kitchen hours running through lunch and evening. There’s plenty of space for gatherings, from a cosy snug in the main bar to the entire upper floor, plus table service via a web app for ordering and pay-at-table. The venue also leans into community with a house charity and regular food promos such as £10 burger Wednesdays. With an extensive garden and easy nearby parking, it’s a welcoming stop for drinks and a proper meal.",TRUE,,,TRUE,,,,38,Castle Street,01223 353194,https://www.thecastleinn.pub/,Q26405672,Mo-Su 12:00-23:00,0.8600,0.9500,0.5500,0.7800,0.9000,0.0000,0.0000,0.9500,0.0000,0.0000,0.0000,ok,,,,,,,,,,,,,ok,,wikidata_r2,1,wikidata,1.00,,,,,,,,
CB1,CB,node,1832280892,node/1832280892,52.2072285,0.1252435,King Street Run,,https://pub-17623b3cd0704db3b6c82660accfc657.r2.dev/pub_photos/node/1832280892/1_wikidata_1.00.jpg,,,,,,"Self-confessedly quirky, this King Street institution commemorates the famous pint-to-pint challenge that once linked eight pubs along the road. Refitted decades ago as a fun pub, it still wears the scars—carpets and furniture fixed to the ceiling—while upstairs proves even more higgledy-piggledy than the bare-boarded U-shaped ground floor with unused fireplaces, table football and television screens. An alternative-leaning, friendly crowd gathers for happy hour on weekday evenings. Upstairs hosts two pool tables, bar billiards and extra seating, with Sky and TNT sports on multiple screens.",,,TRUE,,,TRUE,,86-88,King Street,01223 328900,http://thekingstreetrun.co.uk/,Q6412095,"Mo-Th 15:00-23:00, Fr,Sa 11:00-24:00, Su 12:00-23:00",0.8700,0.8700,,,,,0.8700,,,0.8700,,scrape_failed,"firecrawl:DNS resolution failed for hostname ""thekingstreetrun.co.uk"". This means the domain name could not be translated to an IP",scrape_failed,"firecrawl:DNS resolution failed for hostname ""thekingstreetrun.co.uk"". This means the domain name could not be translated to an IP",ok,,King Street Run pub Cambridge CAMRA,manual:cambridge-camra.org.uk,Manual enrichment (Tavily replacement),http://thekingstreetrun.co.uk/,0.8700,,manual:CAMRA Cambridge (id=1622); inapub.co.uk and Wikipedia on King Street Run history. Batch has_description=true. thekingstreetrun.co.uk listed on inapub. Bar snacks mentioned on inapub but not detailed—food flag left blank.,ok,,wikidata_r2,1,wikidata,1.00,,,,,,,,
CB2,CB,node,2021774032,node/2021774032,52.2006592,0.1266794,The Grain & Hop Store,Greene King,https://pub-17623b3cd0704db3b6c82660accfc657.r2.dev/pub_photos/node/2021774032/1_exterior_0.85.jpg,https://pub-17623b3cd0704db3b6c82660accfc657.r2.dev/pub_photos/node/2021774032/2_other_0.50.jpg,,,,,"A contemporary Cambridge pub built for groups, with craft beer and cocktails plus a proper menu of burgers, pies and fish & chips. Settle in for live football atmosphere with Sky Sports and TNT Sports, and catch the action with fixtures and big tournament seat bookings. There’s a weather-permitting beer garden, WiFi and cashless pool table, dartboard and shuffleboard for laid-back competition. Families and dogs are welcome, and there’s a weekly pub quiz every Thursday. For nights out, try the karaoke pods—book a table and step into the spotlight.",TRUE,,TRUE,TRUE,TRUE,TRUE,,,Regent Terrace,,https://www.greeneking.co.uk/pubs/cambridgeshire/grain-and-hop-store,,,0.8600,0.0000,0.0000,0.5500,0.9500,0.0000,0.9500,0.9500,0.9000,0.9000,0.0000,ok,,,,,,,,,,,,,ok,,website,2,exterior,0.85,other,0.50,,,,,,
CB2,CB,node,2538127975,node/2538127975,52.2042033,0.1191156,The Pint Shop,Pint Shop,,,,,,2013,"Opened in November 2013 in a handsome Georgian townhouse where E.M. Forster once lived, this was Cambridge's first new pub in over a decade and helped spark a city-centre revival. Three floors of drinking and dining rooms surround a rear terraced patio garden separated from a smokers' alley. Four changing cask ales and two real ciders share bar space with seventeen keg lines emphasising UK and European craft beer, while an extensive gin list and seasonal British menu—from scotch eggs to charcoal-grilled mains—complete the offering. Dogs are welcome in the bar and garden.",TRUE,,,TRUE,TRUE,,,10,Peas Hill,01223 981070,https://www.pintshop.co.uk/,,,0.9200,0.9200,0.9200,0.9200,0.9200,0.0000,0.0000,0.9200,0.9200,0.0000,0.0000,ok,,,,ok,,Pint Shop Cambridge Peas Hill CAMRA,manual:cambridge-camra.org.uk,Manual enrichment (Tavily replacement),,,,manual:CAMRA Cambridge (id=16361) and national CAMRA; pintshop.co.uk/locations/cambridge. Phone from official site (CAMRA lists 01223 352293—may be outdated). Building dates from 1830 per Pint Shop site; pub opened 2013.,no_images_found,fc_no_valid_images_after_download,website_firecrawl,0,,,,,,,,,,
CB1,CB,node,4820111626,node/4820111626,52.1949073,0.1376457,Station Tavern,Young's,https://pub-17623b3cd0704db3b6c82660accfc657.r2.dev/pub_photos/node/4820111626/1_other_0.50.jpg,https://pub-17623b3cd0704db3b6c82660accfc657.r2.dev/pub_photos/node/4820111626/2_other_0.50.jpg,https://pub-17623b3cd0704db3b6c82660accfc657.r2.dev/pub_photos/node/4820111626/3_other_0.50.jpg,https://pub-17623b3cd0704db3b6c82660accfc657.r2.dev/pub_photos/node/4820111626/4_other_0.50.jpg,https://pub-17623b3cd0704db3b6c82660accfc657.r2.dev/pub_photos/node/4820111626/5_other_0.50.jpg,,"A quirky, cosy stop-off right by Cambridge train station, with a welcoming bar, an outdoor terrace for sunny afternoons, and a function room for parties and corporate gatherings. Expect a fresh, traditional seasonal British menu with ever-changing mains, plus sides and bar snacks. The bar is fully loaded with craft beers, an extensive wine list and a go-to selection of iconic cocktails, including a seasonal spritz menu with alcohol-free options. If you’re here for sport, settle in for World Cup action on big screens and enjoy a proper matchday atmosphere.",TRUE,,TRUE,TRUE,,,,2,Station Square,,https://www.thestationtavern.co.uk/,,,0.9000,0.0000,0.0000,0.5500,0.9000,0.0000,0.9500,0.9500,0.0000,0.0000,0.0000,ok,,,,,,,,,,,,,ok,,website,5,other,0.50,other,0.50,other,0.50,other,0.50,other,0.50
CB1,CB,node,5676057080,node/5676057080,52.1946413,0.1377721,Old Ticket Office,,https://pub-17623b3cd0704db3b6c82660accfc657.r2.dev/pub_photos/node/5676057080/1_exterior_0.90.jpg,https://pub-17623b3cd0704db3b6c82660accfc657.r2.dev/pub_photos/node/5676057080/2_other_0.50.jpg,https://pub-17623b3cd0704db3b6c82660accfc657.r2.dev/pub_photos/node/5676057080/3_other_0.50.jpg,https://pub-17623b3cd0704db3b6c82660accfc657.r2.dev/pub_photos/node/5676057080/4_other_0.50.jpg,https://pub-17623b3cd0704db3b6c82660accfc657.r2.dev/pub_photos/node/5676057080/5_other_0.50.jpg,,"A beautifully restored pub right by Cambridge Railway Station, made for quick pints, long waits and easy meet-ups. Expect well-kept cask ales, rotating craft beers and a solid range of wines, ciders, spirits and soft drinks. There’s a bottle-shop for takeaways, plus a hatch window on Platform 4 serving Arabica coffee until 7pm and bacon or sausage baps from 7am–12pm. With big screens for major tournaments and a terrace for lingering, it’s a lively stop that still feels relaxed—whether you’re arriving, exploring or catching the next train.",TRUE,,TRUE,TRUE,,,,,Station Road,,https://www.oldticketoffice.com/,,"Mo 12:00-22:00; Tu-Th 12:00-23:00; Fr,Sa 12:00-24:00; Su 12:00-21:00",0.8600,0.0000,0.0000,0.5500,0.7800,0.0000,0.8200,0.9500,0.0000,0.0000,0.0000,ok,,,,,,,,,,,,,ok,,website,5,exterior,0.90,other,0.50,other,0.50,other,0.50,other,0.50
CB22,CB,node,8423728790,node/8423728790,52.144507,0.1472315,The Three Horseshoes,,https://pub-17623b3cd0704db3b6c82660accfc657.r2.dev/pub_photos/node/8423728790/1_exterior_0.90.jpg,https://pub-17623b3cd0704db3b6c82660accfc657.r2.dev/pub_photos/node/8423728790/2_other_0.50.jpg,,,,,"Set in the friendly village of Stapleford, this independent pub is known for award-winning hospitality and a proper cask beer focus, with frequent rotations across multiple hand pumps. Expect a seasonal menu alongside a well-chosen drinks list, working with local wine merchants. There’s an enclosed garden and plenty of parking, making it easy for families and visitors with dogs. Kitchen service runs most days with clear midday and evening windows, and you can book for groups—plus they offer group meze bookings.",TRUE,,,TRUE,TRUE,,,,,01223-503402,https://threehorseshoes-pub.com/,,"Mo,Tu 16:00-22:00; We-Sa 12:00-23:00; Su 12:00-22:00",0.7800,0.9500,0.0000,0.0000,0.9000,0.0000,0.0000,0.9500,0.8500,0.0000,0.0000,ok,,,,,,,,,,,,,ok,,website,2,exterior,0.90,other,0.50,,,,,,
CB5,CB,node,9042161425,node/9042161425,52.2084986,0.1392105,The Bird or Worm?,Ninja Theory,,,,,,2021,"Opened in July 2021 on Newmarket Road, this smart ground-floor bar occupies a building that also houses Ninja Theory, the BAFTA-winning games studio behind Hellblade. The name nods to a poignant moment in an early Ninja Theory game, and the venue replaced the former Five Bells site. Three BrewBoard keg taps pour local craft beer—no cask—but cocktails, wines and spirits accompany a menu from snacks and salads to burgers and eclectic global mains. Stylish decor, a boardroom table near the entrance and weekday-only hours give it a discreet, office-adjacent feel.",,,,TRUE,,,,122,Newmarket Road,01223 353635,https://thebirdorworm.com/,,Mo-We 11:00-19:00; Th 11:00-21:00; Fr 11:00-23:00,0.8600,0.8600,0.8600,0.8600,0.0000,0.0000,0.0000,0.8600,0.0000,0.0000,0.0000,ok,,very_thin_scrape,,ok,,Bird or Worm pub Cambridge Newmarket Road CAMRA BrewBoard,manual:cambridge-camra.org.uk,Manual enrichment (Tavily replacement),,,,manual:CAMRA national (id CAM/326); Cambridge Independent and Cambridgeshire Live on Ninja Theory link. thebirdorworm.com in batch (minimal content). Closed weekends per press reports. Keg-only bar—not traditional real-ale pub.,no_images_found,fc_no_valid_images_after_download,website_firecrawl,0,,,,,,,,,,
CB2,CB,node,13142721772,node/13142721772,52.2028241,0.1235286,The Regal - JD Wetherspoon,JD Wetherspoon,https://pub-17623b3cd0704db3b6c82660accfc657.r2.dev/pub_photos/node/13142721772/1_exterior_0.95.jpg,,,,,2000,"Housed in the art-deco shell of Cambridge's 1937 Regal cinema, this vast Wetherspoon occupies two floors of what was once billed as Britain's biggest pub when it opened in 2000. CAMRA lists it in the Good Beer Guide with four regular ales plus eight to ten rotating guests from brewers such as Adnams, Greene King and Sharp's. A licensed rear patio offers outdoor drinking, while the app-driven food menu keeps lunch and dinner affordable. Friday and Saturday nights bring a DJ from ten o'clock, and TV screens show sport throughout. Expect queues and busy service on weekend evenings in this city-centre landmark.",TRUE,TRUE,TRUE,TRUE,FALSE,FALSE,FALSE,,,01223 366459,https://www.jdwetherspoon.com/pubs/the-regal-cambridge/,,,0.9500,0.9800,0.9500,0.9000,0.9000,0.9500,0.7500,0.8500,0.9500,0.9500,0.9500,ok,,,,ok,,The Regal JD Wetherspoon Cambridge St Andrews Street CAMRA,manual:cambridge-camra.org.uk,Manual enrichment (Tavily replacement),,,,"manual:Sources: jdwetherspoon.com, CAMRA Cambridge (id=1658), camra.org.uk WhatPub. Building purpose-built as Regal cinema 1937. Rear patio garden per CAMRA.",ok,,website,1,exterior,0.95,,,,,,,,
CB1,CB,way,37800469,way/37800469,52.2012883,0.1407105,The Petersfield,Trust Inns,https://pub-17623b3cd0704db3b6c82660accfc657.r2.dev/pub_photos/way/37800469/1_other_0.50.jpg,,,,,2017,"Backstreet Sturton Street gained a serious drinking destination when this former White Hart and acclaimed Backstreet Bistro returned to pub life in February 2017. A large L-shaped bar mixes traditional wood and plush furnishings with five handpumps pouring the likes of Barsham, Nene Valley and Adnams, plus keg craft lines from Cambridge Brewing Company. Trust Inns took over from Young's in April 2026. Food runs from modern gastropub menus to Sunday service, with a terrace splitting smoking and non-smoking areas. A quieter snug behind the bar suits smaller groups. CAMRA members enjoy a ten percent discount at this Petersfield neighbourhood favourite.",TRUE,,,TRUE,,,FALSE,2,Sturton Street,01223 306306,https://www.thepetersfield.co.uk/,,,0.9200,0.9200,0.9200,0.9200,0.9200,0.0000,0.0000,0.9200,0.0000,0.0000,0.9200,ok,,possible_wrong_website;very_thin_scrape,"The provided markdown shows a 'BOLDTHINGS™' studio/login page with no pub-specific content (no venue name, address, or details). This appears to be unrelated to the Petersfield pub.",ok,,The Petersfield Sturton Street Cambridge CAMRA,manual:cambridge-camra.org.uk,Manual enrichment (Tavily replacement),,,,"manual:Sources: CAMRA Cambridge (id=50194), camra.org.uk WhatPub, thepetersfield.co.uk. Sold by Young's to Trust Inns April 2026. Previous names White Hart, Backstreet Bistro.",ok,,website,1,other,0.50,,,,,,,,
CB5,CB,way,45827856,way/45827856,52.2096423,0.1192179,The Maypole,Tolly Cobbold,https://pub-17623b3cd0704db3b6c82660accfc657.r2.dev/pub_photos/way/45827856/1_wikidata_1.00.jpg,,,,,1982,"A family-run independent pub in Cambridge city centre, tucked between Bridge Street and Jesus Green. Expect a traditional feel with a continental, Mediterranean twist—served up alongside a big, ever-changing selection of real ales and craft beers. Settle into the lounge bar, then head outside to a large covered, heated beer garden with hand-painted mural artwork. There’s also an upstairs bar for dining and private hire, plus a newly renovated back bar reached via a “secret door”. Food is centred on quality homemade Italian dishes, with pizzas and cocktails mentioned by visitors.",TRUE,,,TRUE,,,,20a,Portugal Place,+44 1223 352999,https://www.maypolefreehouse.co.uk/,Q113995971,"Su-Fr 12:00-14:30,17:30-23:00; Sa 12:00-23:00",0.8600,0.0000,0.9000,0.7800,0.9500,0.0000,0.0000,0.9000,0.0000,0.0000,0.0000,ok,,,,,,,,,,,,,ok,,wikidata_r2,1,wikidata,1.00,,,,,,,,
CB1,CB,way,49810020,way/49810020,52.1841374,0.1723581,Robin Hood,Greene King,https://pub-17623b3cd0704db3b6c82660accfc657.r2.dev/pub_photos/way/49810020/1_wikidata_1.00.jpg,,,,,,"A family-friendly Greene King pub in Cherry Hinton, Cambridge, with a warm, welcoming feel and a focus on grilled cuisine. Drop in for pub classics, seasonal spring drinks, and a proper breakfast menu, plus plenty of beer choice. There’s a beer garden for sunny days, and practical extras like WiFi, EV charging, car park and coach acceptance. If you’re bringing the dog, the venue is explicitly dog friendly. Expect regular match-day buzz too, with World Cup booking promotions and a “world’s game” theme.",TRUE,,,TRUE,TRUE,,,1,Fulbourn Road,,https://www.greeneking-pubs.co.uk/pubs/cambridgeshire/robin-hood/,Q26491050,,0.7800,0.0000,0.0000,0.7200,0.9000,0.0000,0.0000,0.9500,0.9500,0.0000,0.0000,ok,,,,,,,,,,,,,ok,,wikidata_r2,1,wikidata,1.00,,,,,,,,
CB1,CB,way,50928339,way/50928339,52.2038818,0.139364,The Alex,Greene King,https://pub-17623b3cd0704db3b6c82660accfc657.r2.dev/pub_photos/way/50928339/1_exterior_0.70.jpg,,,,,,"A lively Cambridge pub with a strong food focus—burgers and mains are available to eat in or take away, plus a rotating draught beer and cider selection. You can order and pay for food and drink to be delivered to your table or collect it. The venue also runs regular events, including Sunday sessions featuring live traditional music. Book ahead for a table, the garden room, or the garden, and keep an eye on seasonal updates and special offers.",TRUE,TRUE,,TRUE,,,,22-24,Gwydir Street,01223 324441,https://www.thealexcambridge.com/,,,0.7800,0.8600,0.0000,0.0000,0.7800,0.9000,0.0000,0.9500,0.0000,0.0000,0.0000,ok,,,,,,,,,,,,,ok,,website,1,exterior,0.70,,,,,,,,
CB1,CB,way,52115600,way/52115600,52.2054567,0.1400361,Dobblers Inn,Wells & Co (Brewpoint),,,,,,,"Genuine backstreet character defines this Wells & Co local near the Grafton Centre, where licensees celebrated twenty-one years in July 2023 and CAMRA crowned it City Community Pub of the Year 2019. Formerly Whitbread's City Arms, the pub retains décor from its CAMRA Investments era and pours Cask Marque-accredited Brewpoint ales. Sport is central: Sky and TNT screens, plus teams for football, cricket, darts, pool and cribbage. A courtyard beer garden with heated smoking area is widely praised. Tuesday quiz nights and occasional cider festivals draw a loyal crowd drawn from every walk of Cambridge life.",TRUE,FALSE,TRUE,TRUE,,TRUE,FALSE,184,Sturton Street,01223 576092,https://www.thedobblers.com/,,Mo-Th 14:00-23:00; Fr 13:30-23:00; Sa 12:00-23:00; Su 12:00-22:30,0.9400,0.9400,0.0000,0.9400,0.9400,0.9400,0.9400,0.9400,0.0000,0.9400,0.9400,ok,,,,ok,,Dobblers Inn Sturton Street Cambridge CAMRA,manual:cambridge-camra.org.uk,Manual enrichment (Tavily replacement),,,,"manual:Sources: CAMRA Cambridge (id=1724), camra.org.uk WhatPub, thedobblers.com, inapub.co.uk. Previously City Arms; on site since at least 1871.",no_images_found,fc_no_valid_images_after_download,website_firecrawl,0,,,,,,,,,,
CB1,CB,way,67665889,way/67665889,52.2036588,0.1421985,The Geldart,,https://pub-17623b3cd0704db3b6c82660accfc657.r2.dev/pub_photos/way/67665889/1_other_0.50.jpg,,,,,,"A warm, friendly back-street pub in central Cambridge, built around a cosy real-ale bar with an open fire. Expect a great range of cask ales, draught beers, fine wines, whiskies and rums, plus home-cooked pub specials and innovative “hot rock” meals. Lunchtime Sunday roasts are on the menu. There’s also a large restaurant and a beautiful courtyard garden for a relaxed drink in the open air. Regular live music keeps the evenings lively—check the events listing to plan your visit.",TRUE,TRUE,,TRUE,,,,1,Ainsworth Street,01223 314264,https://www.the-geldart.co.uk/,,Tu-Th 17:00-23:00; Fr 17:00-24:00+; Sa 12:00-24:00+; Su 12:00-23:00,0.9000,0.9500,0.0000,0.0000,0.9500,0.9000,0.0000,0.9500,0.0000,0.0000,0.0000,ok,,,,,,,,,,,,,ok,,website_firecrawl,1,other,0.50,,,,,,,,
CB23,CB,way,74341420,way/74341420,52.2181331,-0.0678888,Monkfield Arms,,https://pub-17623b3cd0704db3b6c82660accfc657.r2.dev/pub_photos/way/74341420/1_other_0.50.jpg,https://pub-17623b3cd0704db3b6c82660accfc657.r2.dev/pub_photos/way/74341420/2_other_0.50.jpg,https://pub-17623b3cd0704db3b6c82660accfc657.r2.dev/pub_photos/way/74341420/3_other_0.50.jpg,https://pub-17623b3cd0704db3b6c82660accfc657.r2.dev/pub_photos/way/74341420/4_other_0.50.jpg,https://pub-17623b3cd0704db3b6c82660accfc657.r2.dev/pub_photos/way/74341420/5_other_0.50.jpg,,"A lively village pub in Cambourne with plenty happening after dark, plus a proper focus on food and drink. Drop in for a quick pint or settle down for a meal from a varied menu, including Sunday roasts. Expect well-kept cask ales alongside world lagers, wines and spirits. There’s a beer garden for dining outdoors, and the venue is dog-friendly in the bar area. For matchday, it leans into World Cup vibes with big screens across bar and dining spaces, plus quizzes and special events like karaoke and tribute nights. Facilities include a pool table, dartboard and car park.",TRUE,,TRUE,TRUE,TRUE,TRUE,,1,Monkfield Lane,01954 718914,https://www.monkfieldarmspub.co.uk/,,,0.8600,0.9800,0.0000,0.5500,0.9800,0.7200,0.9000,0.9800,0.9800,0.9800,0.0000,ok,,,,,,,,,,,,,ok,,website,5,other,0.50,other,0.50,other,0.50,other,0.50,other,0.50
CB24,CB,way,95941903,way/95941903,52.2516062,0.1062871,The Boot,Heartwood Inns,https://pub-17623b3cd0704db3b6c82660accfc657.r2.dev/pub_photos/way/95941903/1_wikidata_1.00.jpg,,,,,,"Set in the heart of Histon village, opposite the village green and close to Cambridge, this characterful pub blends a cosy bar and snug with a bright dining space. Expect seasonal, fresh food alongside well-poured pints, a curated wine list and cocktails. There’s an extensive garden with terrace outdoor dining, plus an undercover heated tent for year-round comfort. Dogs are welcome in the bar and garden, and you’ll find family-friendly touches like a kids menu and even a dog menu. With a car park on site and regular “What’s on” events including steak nights, roasts, happy hour and live sessions, it’s a proper local hub.",TRUE,,,TRUE,TRUE,,,1,High Street,+44 1223 209010,https://boothiston.com/,Q26616194,Mo-Sa 12:00-23:00; Su 12:00-22:00,0.9000,0.0000,0.0000,0.5500,0.9500,0.0000,0.0000,0.9500,0.9500,0.0000,0.6000,ok,,,,,,,,,,,,,ok,,wikidata_r2,1,wikidata,1.00,,,,,,,,
CB24,CB,way,95941914,way/95941914,52.2527426,0.1043253,The Red Lion,,https://pub-17623b3cd0704db3b6c82660accfc657.r2.dev/pub_photos/way/95941914/1_exterior_0.90.jpg,https://pub-17623b3cd0704db3b6c82660accfc657.r2.dev/pub_photos/way/95941914/2_other_0.50.jpg,https://pub-17623b3cd0704db3b6c82660accfc657.r2.dev/pub_photos/way/95941914/3_other_0.50.jpg,https://pub-17623b3cd0704db3b6c82660accfc657.r2.dev/pub_photos/way/95941914/4_other_0.50.jpg,https://pub-17623b3cd0704db3b6c82660accfc657.r2.dev/pub_photos/way/95941914/5_other_0.50.jpg,1836,"A much-loved village beer house in Histon with a warm, settle-in feel—ideal for relaxed lunches, evenings with friends, or a quiet drink at the bar. Expect seasonal pub classics and a proper menu, plus lighter options and sharing dishes. When the big moments hit, there are big screens and a lively World Cup atmosphere. There’s also a cosy stay: four modern en-suite boutique rooms, along with a Bottle Room for private celebrations. Keep an eye on quizzes and community events, and enjoy summer spritzes in the pub and garden.",,,TRUE,TRUE,,,TRUE,27,High Street,,https://theredlionhiston.co.uk/,,,0.8600,0.0000,0.9200,0.5500,0.7200,0.0000,0.9000,0.9500,0.0000,0.6200,0.9000,ok,,,,,,,,,,,,,ok,,website,5,exterior,0.90,other,0.50,other,0.50,other,0.50,other,0.50
CB24,CB,way,96886062,way/96886062,52.251816,0.1057326,The Barley Mow,Mishah and Chelsea (independent),,,,,,,"Histon's village local reopened under new owners Mishah and Chelsea in April 2025 after turnover followed Dore McCann's retirement and a Greene King Hive spell. The dog-leg single bar now pairs an outside bar and pizza oven with Thai curries, Sunday roasts and Italian-inspired dishes using 72-hour dough. An impressively large rear garden and front seating host live bands and DJ nights through summer. Pool has returned alongside craft cocktails and rentable pétanque on the lawn. Greene King IPA remains a regular cask line amid a refreshed draught selection in this revived CB24 favourite.",TRUE,TRUE,,TRUE,TRUE,TRUE,FALSE,7,High Street,01223 651003,https://www.barleymowhiston.co.uk/,,Mo-Su 12:00-22:00+,0.8800,0.9500,0.0000,0.8800,0.8800,0.8800,0.0000,0.8800,0.8800,0.8800,0.8800,ok,,very_thin_scrape,,ok,,Barley Mow Histon High Street Cambridge CAMRA,manual:cambridge-camra.org.uk,Manual enrichment (Tavily replacement),,,,"manual:Sources: CAMRA Cambridge (id=1614), camra.org.uk WhatPub, hihub.info April 2025 reopening. Was Greene King Hive Dec 2023–2025. Website in progress per owners.",no_images_found,fc_no_valid_images_after_download,website_firecrawl,0,,,,,,,,,,
CB23,CB,way,101893151,way/101893151,52.255071,0.0206319,The Fox,,https://pub-17623b3cd0704db3b6c82660accfc657.r2.dev/pub_photos/way/101893151/1_other_0.50.jpg,https://pub-17623b3cd0704db3b6c82660accfc657.r2.dev/pub_photos/way/101893151/2_other_0.50.jpg,https://pub-17623b3cd0704db3b6c82660accfc657.r2.dev/pub_photos/way/101893151/3_other_0.50.jpg,https://pub-17623b3cd0704db3b6c82660accfc657.r2.dev/pub_photos/way/101893151/4_other_0.50.jpg,https://pub-17623b3cd0704db3b6c82660accfc657.r2.dev/pub_photos/way/101893151/5_other_0.50.jpg,,"A modern, family-friendly pub in Bar Hill, tucked between Lolworth and Dry Drayton. Settle into the lively local atmosphere at Gladeside, with a menu built around proper pub classics, hearty roasts and bar snacks, plus small plates for kids. The bar is stocked with lagers, spirits, wines and cocktails—ideal for everything from a casual pint to game-day celebrations. Expect regular entertainment nights (including live music from 8pm) and plenty of sport coverage, with World Cup and match-day buzz, plus quiz nights and special promotions.",,TRUE,TRUE,TRUE,,,,,,07821119324,https://www.foxbarhill.com/,,,0.8600,0.9500,0.0000,0.0000,0.0000,0.9000,0.7800,0.9500,0.0000,0.5500,0.0000,ok,,,,,,,,,,,,,ok,,website,5,other,0.50,other,0.50,other,0.50,other,0.50,other,0.50
CB4,CB,way,104927159,way/104927159,52.2227498,0.1364193,Milton Arms,Hungry Horse,https://pub-17623b3cd0704db3b6c82660accfc657.r2.dev/pub_photos/way/104927159/1_other_0.50.jpg,https://pub-17623b3cd0704db3b6c82660accfc657.r2.dev/pub_photos/way/104927159/2_other_0.50.jpg,,,,,"Set on the outskirts of Cambridge, this family-friendly Hungry Horse pub-restaurant is built for easy dining and big-match nights. Expect a Hungry Horse menu with classic pub favourites like stacked burgers, plus breakfast and daily deals. When sport’s on, settle in for Sky Sports and TNT Sports with big screens and fixtures across major leagues and internationals. There’s also a cashless pool table and dartboard for laid-back competition, WiFi, EV charging and a car park. In summer, the beer garden adds extra space for kids and grown-ups alike.",,,TRUE,TRUE,,TRUE,,,Milton Road,,https://www.hungryhorse.co.uk/pubs/cambridgeshire/milton-arms/,,,0.8600,0.0000,0.0000,0.7800,0.7200,0.0000,0.9500,0.9500,0.0000,0.9000,0.0000,ok,,,,,,,,,,,,,ok,,website,2,other,0.50,other,0.50,,,,,,
CB3,CB,way,108883430,way/108883430,52.1803892,0.0955864,Red Lion,Metropolitan Pub Company (Greene King),https://pub-17623b3cd0704db3b6c82660accfc657.r2.dev/pub_photos/way/108883430/1_other_0.50.jpg,,,,,1777,"Lavishly thatched and designed by Basil Oliver in 1936, this Grantchester gastropub stands on foundations dating to 1777 when it traded as the Axe & Saw. Metropolitan Pub Company, Greene King's premium wing, runs a polished interior of wainscotting, panelling and mixed flooring around a sturdy wooden bar, with a large restaurant, private dining room and multi-level garden of patio, decking and lawn. Seasonal British menus use local suppliers where possible, with prix fixe lunch offers midweek. Dogs are welcome, and live sport screens for major fixtures. Regional guest ales complement Greene King IPA on the pumps.",TRUE,,TRUE,TRUE,TRUE,FALSE,FALSE,33,High Street,01223 840121,https://www.metropolitanpubcompany.com/our-pubs/the-red-lion/,,,0.9400,0.9400,0.9400,0.9400,0.9400,0.0000,0.9400,0.9400,0.9400,0.9400,0.9400,ok,,generic_chain_page,"The provided markdown is a generic Metropolitan Pub Company landing page with category links (e.g., dog-friendly, Sunday roast, hotels) and does not include venue-specific details for The Red Lion.",ok,,Red Lion Grantchester High Street Cambridge CAMRA Metropolitan,manual:cambridge-camra.org.uk,Manual enrichment (Tavily replacement),,,,"manual:Sources: CAMRA Cambridge (id=1654), camra.org.uk WhatPub, redliongrantchester.co.uk. Present building 1936. Queue already has metropolitanpubcompany.com URL.",ok,,website,1,other,0.50,,,,,,,,
CB4,CB,way,110256311,way/110256311,52.2136541,0.123844,The Tivoli,City Pub Group,https://pub-17623b3cd0704db3b6c82660accfc657.r2.dev/pub_photos/way/110256311/1_wikidata_1.00.jpg,,,,,,"A four-floor riverside playground in Cambridge, built for groups who want food, drinks and games under one roof. Expect crazy golf, shuffleboard and augmented-reality darts, plus bars on every level. When the mood turns social, there are private hire spaces for birthdays, team socials and big takeovers. Food options include pizza and burgers, with cocktails, wines and great beers to match. Sports fans can catch big-screen action during football tournaments and fixtures, with DJs, quizzes and regular events keeping the energy high. Rooftop spritz sessions and family-friendly game pass Sundays make it easy to plan a visit.",,TRUE,TRUE,TRUE,TRUE,TRUE,,16,Chesterton Road,,https://www.thetivoli.co.uk/,Q39197395,,0.9000,0.0000,0.0000,0.0000,0.5500,0.7000,0.9500,0.9500,0.8000,0.8500,0.0000,ok,,,,,,,,,,,,,ok,,wikidata_r2,1,wikidata,1.00,,,,,,,,
CB4,CB,way,110256313,way/110256313,52.2144217,0.1277523,Old Spring,,https://pub-17623b3cd0704db3b6c82660accfc657.r2.dev/pub_photos/way/110256313/1_other_0.50.jpg,https://pub-17623b3cd0704db3b6c82660accfc657.r2.dev/pub_photos/way/110256313/2_other_0.50.jpg,,,,,"A lively Cambridge pub on Ferry Path, open daily from midday until late. Expect a proper food-led calendar: Greek Night every Thursday and Friday from 6pm, plus a Sunday roast service running 12–6 with beef, chicken and pork. There are weekly signature dishes and blackboard specials, and roast dinners are limited so booking is advised. The 241 Cocktail Club runs every Thursday 4–8pm with 2-for-1 cocktails. There’s also space for buffet and party bookings, and parking is available with on-site car registration.",,,,TRUE,,,,1,Ferry Path,01223 357228,https://theoldspring.co.uk/,,Mo-Su 12:00-23:30,0.8600,0.9800,0.0000,0.0000,0.0000,0.0000,0.0000,0.9500,0.0000,0.0000,0.0000,ok,,,,,,,,,,,,,ok,,website,2,other,0.50,other,0.50,,,,,,
CB4,CB,way,110256317,way/110256317,52.2136996,0.1235262,The Boathouse,,https://pub-17623b3cd0704db3b6c82660accfc657.r2.dev/pub_photos/way/110256317/1_exterior_0.95.jpg,https://pub-17623b3cd0704db3b6c82660accfc657.r2.dev/pub_photos/way/110256317/2_other_0.50.jpg,https://pub-17623b3cd0704db3b6c82660accfc657.r2.dev/pub_photos/way/110256317/3_other_0.50.jpg,,,,"Set on the River Cam, this warm Cambridge pub is a short walk from the university and a quick hop into the city centre. Expect a buzzing, welcoming atmosphere with a proper pub menu (including Sunday roasts and seasonal specials) plus a wide drinks range of pints, cocktails and soft drinks. There’s a beer garden for relaxed sessions, WiFi and a car park, and it’s set up for families and functions. Sports fans can settle in for live football with Sky Sports and TNT Sports, and there are regular match-day booking options and World Cup/Super Bowl promotions.",TRUE,,TRUE,TRUE,TRUE,,,14,Chesterton Road,,https://www.greeneking.co.uk/pubs/cambridgeshire/boathouse,,,0.8600,0.0000,0.0000,0.5500,0.9500,0.0000,0.9500,0.9500,0.9000,0.0000,0.0000,ok,,,,,,,,,,,,,ok,,website,3,exterior,0.95,other,0.50,other,0.50,,,,
CB5,CB,way,118943808,way/118943808,52.2095223,0.1434344,Corner House,,https://pub-17623b3cd0704db3b6c82660accfc657.r2.dev/pub_photos/way/118943808/1_exterior_0.90.jpg,https://pub-17623b3cd0704db3b6c82660accfc657.r2.dev/pub_photos/way/118943808/2_other_0.50.jpg,https://pub-17623b3cd0704db3b6c82660accfc657.r2.dev/pub_photos/way/118943808/3_other_0.50.jpg,https://pub-17623b3cd0704db3b6c82660accfc657.r2.dev/pub_photos/way/118943808/4_other_0.50.jpg,https://pub-17623b3cd0704db3b6c82660accfc657.r2.dev/pub_photos/way/118943808/5_other_0.50.jpg,,"A lively Newmarket Road corner pub in Cambridge with Art Deco charm, timber snugs and real ales on tap. Expect a Nepalese-led kitchen alongside pub classics, with hand-pleated momo, slow-braised curries and tandoori grills—plus takeaway and delivery. Matchdays are a big deal: HD screens indoors and an outdoor projector for major fixtures. When the weather’s good, the heated garden and private cabins (with table service) make after-work drinks and easy outdoor dining feel extra special. Great for families and groups, with cosy dining areas and free Wi‑Fi.",TRUE,,TRUE,TRUE,,,,231,Newmarket Road,01223603907,https://www.thecornerhousepub.co/,,"Mo-Th 12:00-22:00; Fr,Sa 12:00-23:00; Su 12:00-22:00",0.8600,0.9800,0.5500,0.7200,0.9500,0.0000,0.9000,0.9800,0.6200,0.0000,0.5500,ok,,,,,,,,,,,,,ok,,website,5,exterior,0.90,other,0.50,other,0.50,other,0.50,other,0.50
CB24,CB,way,125534838,way/125534838,52.2437953,0.1618802,Lion & Lamb,DSH Hospitality,https://pub-17623b3cd0704db3b6c82660accfc657.r2.dev/pub_photos/way/125534838/1_wikidata_1.00.jpg,,,,,17th century,"More than three centuries of village history underpin this 17th-century Milton inn, reopened in October 2024 under DSH Hospitality after Stonegate sought new tenants. DSH blends British pub classics with Indian, Nepalese, Japanese and wider Pan-Asian dishes in a long opened-out bar with snug fireplace and heated covered patio. A large garden includes children's play equipment, with dogs and families explicitly welcomed. Up to two well-kept cask ales from national brands sit alongside familiar keg lines, with Monday-to-Friday meal-and-drink deals. Free Wi-Fi and a cosy fireplace make it as much a workspace stop as a weekend lunch destination.",TRUE,,,TRUE,TRUE,,FALSE,19,High Street,01223 644921,http://www.lionandlambmilton.co.uk/,Q26420262,"Tu-Th 12:00-21:00; Fr,Sa 12:00-18:00+; Su 12:00-18:00+",0.8700,0.8700,0.8700,0.8700,0.8700,,,0.8700,0.8700,,0.8700,scrape_failed,too_short:42_chars,scrape_failed,too_short:42_chars,ok,,Lion and Lamb Milton High Street Cambridge CAMRA DSH Hospitality,manual:cambridge-camra.org.uk,Manual enrichment (Tavily replacement),,,,"manual:Sources: CAMRA Cambridge WhatPub, lionandlambmilton.com, Cambridge Independent Sept 2024. Reopened May 2025 with new licensee per CAMRA. Queue URL lionandlambmilton.co.uk may redirect; lionandlambmiltoncambridge.co.uk active.",ok,,wikidata_r2,1,wikidata,1.00,,,,,,,,
CB24,CB,way,125543652,way/125543652,52.2439244,0.1647833,The Brewers Inn,,https://pub-17623b3cd0704db3b6c82660accfc657.r2.dev/pub_photos/way/125543652/1_wikidata_1.00.jpg,,,,,,"A food-led country gastropub in Cambridge with a modern British menu and an Indian hospitality twist. Expect seasonal menus, Sunday roasts, and a strong choice of mains, sides and desserts, plus a kids menu. Book a table for everything from thali nights (Friday evenings) to special occasion menus like Valentine’s and Christmas. There are boutique rooms too—ideal for a stay near Cambridge Science Park and a short drive into town. Finish with cocktails and hot drinks, and settle in for a cosy, welcoming dining experience.",,,,TRUE,,,TRUE,5,Fen Road,+44 1223 861349,https://www.thebrewersinncambridge.co.uk/,Q26616238,,0.8600,0.0000,0.0000,0.6200,0.0000,0.0000,0.0000,0.9800,0.0000,0.0000,0.9000,ok,,,,,,,,,,,,,ok,,wikidata_r2,1,wikidata,1.00,,,,,,,,
CB24,CB,way,125553129,way/125553129,52.2432599,0.1615111,The White Horse,,https://pub-17623b3cd0704db3b6c82660accfc657.r2.dev/pub_photos/way/125553129/1_wikidata_1.00.jpg,,,,,,"Milton's White Horse is a roomy village pub on the High Street with a broad beer garden, family-friendly dining and Sky sport for match days. Keg and cask lines include local Milton Brewery beers, and the kitchen turns out grills, burgers and Sunday roasts in a bright, modernised interior. Handy for the science park crowd as well as Milton residents looking for an unpretentious local.",,,,,,,,20-22,High Street,,https://thewhitehorsemilton.co.uk/,Q26616240,"Mo-Th 11:00-11:00, Fr,Sa 11:00-24:00, Su 12:00-22:30",0.8800,0.0000,0.0000,0.0000,0.0000,0.0000,0.0000,0.0000,0.0000,0.0000,0.0000,ok,,very_thin_scrape,,,,,,,,,,,ok,,wikidata_r2,1,wikidata,1.00,,,,,,,,
CB21,CB,way,125662864,way/125662864,52.2037798,0.2565659,The Hole in the Wall,,https://pub-17623b3cd0704db3b6c82660accfc657.r2.dev/pub_photos/way/125662864/1_wikidata_1.00.jpg,,,,,,"Set in Little Wilbraham, this 15th-century Grade II listed pub brings a rustic, country-gastro feel with a snug bar, roaring fires and oak furniture. Expect hand-selected ales, beers and fine wines alongside reinvigorating gastro-quality food, including a traditional Sunday roast (choice of three meats) served 12–4.30pm. With a warm, relaxed atmosphere and table service, it’s a great stop for a proper meal after a day out around Cambridge’s countryside. Pets are welcomed in the snug, bar and outside dining area.",,,,TRUE,TRUE,,,,,01223 848 616,https://www.holeinthewalldining.co.uk/,Q26616202,,0.8600,0.9800,0.7200,0.0000,0.0000,0.0000,0.0000,0.9500,0.9500,0.0000,0.0000,ok,,,,,,,,,,,,,ok,,wikidata_r2,1,wikidata,1.00,,,,,,,,
CB4,CB,way,126246128,way/126246128,52.2221116,0.1188625,The Carlton Arms,Trudy Nixon,,,,,,,"A traditional community pub just north of Cambridge, run by Trudy Nixon. Expect a relaxed, friendly atmosphere with a strong real-ale reputation, plus draught lagers, cask ales, ciders, wines, spirits and hot drinks. Food is cooked to order using locally sourced, homemade ingredients, with a Sunday carvery served 12–4pm. There’s a big car park and a beer garden with a bouncy castle and children’s play area. Weekly highlights include karaoke every Sunday night and themed food nights (Caribbean Wednesdays, Spanish Fridays). The public bar has a pool table and two dart boards, with teams for both.",TRUE,TRUE,,TRUE,,TRUE,,,Carlton Way,01223 367422,https://thecarltonarmscambridge.co.uk/,,,0.9200,0.9800,0.0000,0.9000,0.9500,0.8500,0.0000,0.9800,0.0000,0.9800,0.0000,ok,,,,,,,,,,,,,no_images_found,fc_no_valid_images_after_download,website_firecrawl,0,,,,,,,,,,
CB24,CB,way,126267419,way/126267419,52.2447502,0.163374,Waggon & Horses,,https://pub-17623b3cd0704db3b6c82660accfc657.r2.dev/pub_photos/way/126267419/1_exterior_0.70.jpg,https://pub-17623b3cd0704db3b6c82660accfc657.r2.dev/pub_photos/way/126267419/2_other_0.50.jpg,https://pub-17623b3cd0704db3b6c82660accfc657.r2.dev/pub_photos/way/126267419/3_other_0.50.jpg,https://pub-17623b3cd0704db3b6c82660accfc657.r2.dev/pub_photos/way/126267419/4_other_0.50.jpg,https://pub-17623b3cd0704db3b6c82660accfc657.r2.dev/pub_photos/way/126267419/5_other_0.50.jpg,,"A historic, family-run pub in Milton, reimagined with traditional warmth and contemporary dining. Expect craft ales, cocktails and locally sourced seasonal dishes, plus a family-focused setup with a purpose-built enclosed toddler soft play (0–3s only) and a café area for breakfast and lunch. When the weather’s good, there’s al fresco dining in a spacious, secure garden with an adventure area for little ones. For a longer stay, there are luxury garden pods with private patios, en-suite bathrooms and WiFi—ideal for couples or solo retreats. Entertainment is currently paused, but new things are coming soon.",TRUE,,,TRUE,,,TRUE,39,High Street,,https://waggonmilton.co.uk/,,Mo-We 09:30-23:00; Th 09:00-24:00; Sa-Su 09:00-01:00,0.8600,0.0000,0.0000,0.5500,0.9000,0.5500,0.0000,0.9500,0.0000,0.0000,0.9000,ok,,,,,,,,,,,,,ok,,website_firecrawl,5,exterior,0.70,other,0.50,other,0.50,other,0.50,other,0.50
CB4,CB,way,127367856,way/127367856,52.2310501,0.1288658,The Ship,,https://pub-17623b3cd0704db3b6c82660accfc657.r2.dev/pub_photos/way/127367856/1_other_0.50.jpg,https://pub-17623b3cd0704db3b6c82660accfc657.r2.dev/pub_photos/way/127367856/2_other_0.50.jpg,,,,,"A newly redeveloped Cambridge pub with a community feel, run by Andy and Mo. Expect a traditional pub menu alongside pizza and curry options, plus a dedicated drinks offering. The standout is the big-screen setup for major matches—listed fixtures for the Euros/World Cup are shown—making it ideal for watching sport with friends. There’s also a games-focused space with pool and darts, giving you plenty to do between rounds. Great for casual meet-ups, match nights, and laid-back evenings with food and drinks.",,,TRUE,TRUE,,TRUE,,,Northfield Avenue,,https://www.theshipcambridge.co.uk/,,Mo-Th 12:00-23:00; Fr 12:00-23:30; Sa 10:00-23:30; Su 12:00-22:30,0.8600,0.0000,0.0000,0.5500,0.0000,0.0000,0.9500,0.9000,0.0000,0.9000,0.0000,ok,,,,,,,,,,,,,ok,,website,2,other,0.50,other,0.50,,,,,,
CB21,CB,way,127563477,way/127563477,52.1957964,0.2663254,Wilbrahams’ Hall Social Club,Wilbrahams' Social Club (community),,,,,,2016,"Nestled inside the Wilbrahams' Memorial Hall complex overlooking the recreation ground, this members' bar serves Great and Little Wilbraham rather than passing trade. The 2016 hall building anchors eighteen community groups and hosts farmers' markets, bridge clubs and village events, with the Social Club opening for coffee mornings, teas and drinks during local functions. Annual membership costs five pounds with forms at the bar. This is a village club rather than a fully fledged public house: CAMRA does not list it among Cambridge pubs, and cask ale is not a focus. Contact the Memorial Hall booking secretary for hall hire enquiries.",FALSE,FALSE,FALSE,,,,FALSE,,High Street,01223 880723,https://www.wilbrahams.co.uk/wilbrahams-hall-social-club/,,,0.7200,0.7200,0.7200,0.7200,0.7200,0.7200,0.7200,0.0000,0.0000,0.0000,0.7200,ok,,possibly_closed,"The provided markdown is a generic '404 - Page not found' page with no venue-specific content, so the pub details could not be extracted.",ok,,Wilbrahams Hall Social Club Great Wilbraham Cambridge bar,manual:cambridge-camra.org.uk,Manual enrichment (Tavily replacement),https://www.wilbrahamhall.co.uk/,0.7200,,"manual:Sources: wilbrahamhall.co.uk, wilbrahams.co.uk village site. Village social club inside Memorial Hall; not CAMRA-listed pub. Phone is Memorial Hall booking secretary. Queue URL wilbrahams.co.uk/wilbrahams-hall-social-club/ returns 404.",scrape_failed,http_error:404,website,0,,,,,,,,,,
CB3,CB,way,127812957,way/127812957,52.2134269,0.1121754,Sir Isaac Newton,,,,,,,,"Set on Castle Street, this large, airy pub is a comfortable spot for homemade comfort food, from pies to burgers, alongside a wide range of drinks. Upstairs, a beautiful mezzanine level features a distinctive mural of apple trees, adding character to the space. If you’re here for sport, there are many screens for the big games. Regular quiz nights bring a lively, community feel, and it’s very dog friendly—so you can bring your four-legged companion along for a relaxed drink and bite.",,,TRUE,TRUE,TRUE,,,84,Castle Street,+441223305555,https://www.sirisaacnewton-cambridge.co.uk/,,"PH,Mo-Su 11:30-18:00+",0.8600,0.9800,0.0000,0.0000,0.0000,0.0000,0.9000,0.9500,0.9200,0.0000,0.0000,ok,,,,,,,,,,,,,no_images_found,fc_no_valid_images_after_download,website_firecrawl,0,,,,,,,,,,
CB4,CB,way,127965084,way/127965084,52.2279675,0.1455712,The Golden Hind,,https://pub-17623b3cd0704db3b6c82660accfc657.r2.dev/pub_photos/way/127965084/1_exterior_0.90.jpg,,,,,,"A Cambridge Greene King pub with a heritage feel and a big focus on food and drink. Expect ice-cold beers, spirits and pub classics, plus small plates and proper Sunday roasts. There’s a lively beer garden with covered seating, picnic tables, umbrellas and string lights—ideal for post-work catch-ups or weekend sessions. Sports fans can settle in for live football with Sky Sports and TNT Sports, and there’s a dedicated sports booking/fixtures page. Inside you’ll find a games area with a pool table and dartboard, plus WiFi and EV charging. Dogs and families are welcome.",TRUE,,TRUE,TRUE,TRUE,TRUE,,,Milton Road,+44 1223 420816,https://www.greeneking.co.uk/pubs/cambridgeshire/golden-hind,,,0.8600,0.0000,0.0000,0.7200,0.9500,0.0000,0.9500,0.9500,0.9500,0.9000,0.0000,ok,,,,,,,,,,,,,ok,,website,1,exterior,0.90,,,,,,,,
CB23,CB,way,129105260,way/129105260,52.1785608,0.0624125,The White Horse,,https://pub-17623b3cd0704db3b6c82660accfc657.r2.dev/pub_photos/way/129105260/1_exterior_0.80.jpg,https://pub-17623b3cd0704db3b6c82660accfc657.r2.dev/pub_photos/way/129105260/2_other_0.50.jpg,https://pub-17623b3cd0704db3b6c82660accfc657.r2.dev/pub_photos/way/129105260/3_other_0.50.jpg,https://pub-17623b3cd0704db3b6c82660accfc657.r2.dev/pub_photos/way/129105260/4_other_0.50.jpg,https://pub-17623b3cd0704db3b6c82660accfc657.r2.dev/pub_photos/way/129105260/5_other_0.50.jpg,,"In the small village of Barton on the A603, this traditional inn is a handy stop near Cambridge and Wimpole Hall. Expect a cosy feel with a classic inglenook fireplace, plus a Thai twist: the kitchen serves an array of Thai cuisine, with the team led by Noi and her experience from the Cambridge area. It’s also a comfortable overnight option with double en-suite rooms, free Wi‑Fi and continental breakfast. A warm, convenient base for visitors heading in and out of Cambridge.",,,,TRUE,,,TRUE,,,01223 262327,https://www.thewhitehorseinnbarton.co.uk/,,,0.7800,0.9500,0.0000,0.0000,0.0000,0.0000,0.0000,0.9000,0.0000,0.0000,0.9500,ok,,,,,,,,,,,,,ok,,website,5,exterior,0.80,other,0.50,other,0.50,other,0.50,other,0.50
CB4,CB,way,131306510,way/131306510,52.2174604,0.1394539,The Haymakers,Milton Brewery,https://pub-17623b3cd0704db3b6c82660accfc657.r2.dev/pub_photos/way/131306510/1_other_0.50.jpg,,,,,,"A classic High Street pub in Chesterton, Cambridge, serving drinks with a proper kitchen schedule throughout the week. You’ll find weekday hours from lunchtime through late evening, with extended kitchen times on Saturdays and Sundays. It’s set up for walk-ins, with bookings only taken for groups of eight or more to keep space comfortable. Drop in for a relaxed pub stop on the corner of the High Street, and check the kitchen window if you’re planning food.",,,,TRUE,,,,54,High Street,+44 1223 318077,https://www.individualpubs.co.uk/haymakers/,,,0.7800,0.9500,0.0000,0.0000,0.0000,0.0000,0.0000,0.9000,0.0000,0.0000,0.0000,ok,,,,,,,,,,,,,ok,,website,1,other,0.50,,,,,,,,
CB1,CB,way,132851029,way/132851029,52.1960794,0.1554075,The Brook,,,,,,,,"A family-friendly Indian gastro pub with a traditional dining kitchen and a menu built around Bharat flavours, from butter chicken to naan. The bar focuses on cask ales, craft beers, ciders, cocktails and premium spirits, with low-alcohol and soft drinks plus quality coffee and tea. Set up for match-day energy, it shows TNT Sports on five large screen TVs. There’s a cosy fire for colder days and a garden for summer visits, plus free customer parking in a large car park.",TRUE,,TRUE,TRUE,,,,25,Brookfields,+44 1223 410023,https://thebrookpub.co.uk/,,Su-Tu 12:00-22:00; We-Sa 12:00-23:00,0.8600,0.9800,0.0000,0.0000,0.8200,0.0000,0.9500,0.9000,0.0000,0.0000,0.0000,ok,,,,,,,,,,,,,no_images_found,fc_no_image_urls_extracted,website_firecrawl,0,,,,,,,,,,
CB1,CB,way,134111534,way/134111534,52.1969813,0.149732,Royal Standard,,https://pub-17623b3cd0704db3b6c82660accfc657.r2.dev/pub_photos/way/134111534/1_exterior_0.90.jpg,https://pub-17623b3cd0704db3b6c82660accfc657.r2.dev/pub_photos/way/134111534/2_other_0.50.jpg,https://pub-17623b3cd0704db3b6c82660accfc657.r2.dev/pub_photos/way/134111534/3_other_0.50.jpg,https://pub-17623b3cd0704db3b6c82660accfc657.r2.dev/pub_photos/way/134111534/4_other_0.50.jpg,https://pub-17623b3cd0704db3b6c82660accfc657.r2.dev/pub_photos/way/134111534/5_other_0.50.jpg,,"A beer-lover’s stop on Mill Road, built around an impressive Belgian draught range, real ale and real cider, plus wines, gins and spirits. The pub is also home to Tzatziki Greek Kitchen, serving souvlakis and other Greek street-food favourites via QR codes for in-house dining and takeaway/delivery. Expect a lively programme of brewery takeovers and collaborations, with CAMRA award recognition for its cider and community credentials. Open daily from midday, with free on-street parking nearby—ideal for a relaxed pint and a proper bite.",,,,TRUE,,,,292,Mill Road,01223 569065,https://cambridge.pub/royal-standard/,,Mo-Fr 16:00-23:00; Sa 12:00-23:00; Su 12:00-22:30,0.8600,0.9500,0.0000,0.5500,0.0000,0.0000,0.0000,0.9000,0.0000,0.0000,0.0000,ok,,,,,,,,,,,,,ok,,website,5,exterior,0.90,other,0.50,other,0.50,other,0.50,other,0.50
CB1,CB,way,134125339,way/134125339,52.2003729,0.1397405,Kingston Arms,Independent (Jethro Scotcher-Littlechild & Mark Donachy),,,,,,1876,"Tucked off Mill Road, this cosy side-street free house returned in March 2023 when beer enthusiasts Jethro Scotcher-Littlechild and Mark Donachy rescued it from a brief Mediterranean restaurant spell. CAMRA named it Cambridgeshire Pub of the Year 2025 and the city's first Asset of Community Value. Up to seven cask ales including a dark beer, plus four still ciders, fill pumpclips climbing the ceiling above breweriana and historic festival posters. A heated walled garden stays busy year-round. Trad jazz and occasional gigs complement Tuesday cribbage, monthly quizzes and bi-monthly minibus pub crawls. Snacks, pork pies and pop-up kitchen takeovers supply food.",TRUE,TRUE,,TRUE,,FALSE,FALSE,33,Kingston Street,01223 323962,http://www.kingstonarms.co.uk/,,Mo-Su 11:30-23:00,0.9300,0.9300,0.9300,0.9300,0.9300,0.9300,,0.9300,,0.9300,0.9300,scrape_failed,"firecrawl:DNS resolution failed for hostname ""www.kingstonarms.co.uk"". This means the domain name could not be translated to an IP",scrape_failed,"firecrawl:DNS resolution failed for hostname ""www.kingstonarms.co.uk"". This means the domain name could not be translated to an IP",ok,,Kingston Arms Kingston Street Cambridge CAMRA,manual:cambridge-camra.org.uk,Manual enrichment (Tavily replacement),https://thekingstonarms.co.uk/,0.9300,,"manual:Sources: CAMRA Cambridge (id=1625), camra.org.uk WhatPub, thekingstonarms.co.uk. Queue lists kingstonarms.co.uk (DNS failed); live site is thekingstonarms.co.uk. Brewery/off licence 1871; full on-licence 1876.",scrape_failed,"firecrawl:Exception:DNS resolution failed for hostname ""www.kingstonarms.co.uk"". This means the domain name could not be translated to an IP address. Possible causes: (1) The domai",website_firecrawl,0,,,,,,,,,,
CB1,CB,way,134385094,way/134385094,52.2048657,0.1366267,The Blue Moon,,https://pub-17623b3cd0704db3b6c82660accfc657.r2.dev/pub_photos/way/134385094/1_exterior_0.60.jpg,https://pub-17623b3cd0704db3b6c82660accfc657.r2.dev/pub_photos/way/134385094/2_other_0.50.jpg,https://pub-17623b3cd0704db3b6c82660accfc657.r2.dev/pub_photos/way/134385094/3_other_0.50.jpg,https://pub-17623b3cd0704db3b6c82660accfc657.r2.dev/pub_photos/way/134385094/4_other_0.50.jpg,https://pub-17623b3cd0704db3b6c82660accfc657.r2.dev/pub_photos/way/134385094/5_other_0.50.jpg,,"A lively Cambridge pub built around music, craft beer and pizza. Expect a big craft-beer focus with 20 keg lines and 4 casks, plus a standout gin list (100+ options) and plenty of spirits. Pizza is served daily via Oscar’s Lockdown Pizza, with handmade sourdough bases and a strong vegan selection. The front bar runs monthly tap takeovers (first Thursday) with 10 beers from a single brewer, often paired with street-food vans. Regular nights include quiz (Wednesdays), RPG (Mondays), open-mic scratch (last Thursday), improvised comedy (last Sunday) and a goth club night on the first Friday.",,TRUE,,TRUE,,,,2,Norfolk Street,,https://cambridge.pub/blue-moon/,,"Mo-We 16:00-24:00, Su 16:00-23:00, Fr 16:00-02:00, Th 16:00-01:00, Sa 14:00-02:00",0.8600,0.0000,0.0000,0.5500,0.0000,0.7800,0.0000,0.9500,0.0000,0.0000,0.0000,ok,,,,,,,,,,,,,ok,,website,5,exterior,0.60,other,0.50,other,0.50,other,0.50,other,0.50
CB2,CB,way,134805845,way/134805845,52.197142,0.1294898,The Emperor,Independent,,,,,,,"On the busy corridor between Cambridge station and the historic centre, this single-room pub pairs Latin American tapas with cask and keg beers since a 2015 change of hands. Bare boards, smart unfussy decor and a colourful tiled bar front set the tone, while Latin American artwork lines the walls and an upstairs function room handles larger groups. A decent rear patio garden supports alfresco drinking, and alternate Saturday nights bring Latin dance music. Planning permission granted in 2024 will retain only the Hills Road frontage before offices rise behind, though CAMRA expects trading to continue for now.",TRUE,TRUE,,TRUE,,FALSE,FALSE,21,Hills Road,+44 1223 464633,http://www.theemperorcambridge.com/,,,0.9000,0.9000,,0.9000,0.9000,0.9000,,0.9000,,0.9000,0.9000,scrape_failed,too_short:42_chars,scrape_failed,too_short:42_chars,ok,,The Emperor Hills Road Cambridge CAMRA Latin tapas,manual:cambridge-camra.org.uk,Manual enrichment (Tavily replacement),,,,"manual:Sources: CAMRA Cambridge (id=1729), camra.org.uk WhatPub, Cambridge CAMRA pub news Oct 2024, BBC News planning story. Partial demolition/office rebuild approved; pub expected open meantime.",no_images_found,fc_no_image_urls_extracted,website_firecrawl,0,,,,,,,,,,
CB4,CB,way,136196114,way/136196114,52.2149913,0.1106845,The Grapes,Greene King (leased),,,,,,,"Arbury's capacious community local survives from a 1930s build where white-painted wooden beams and stained-glass windows remain the sole original flourishes. Greene King leases the freehold and pours IPA plus two changing guests from the brewery list. Multiple nooks within the open-plan layout hold pool and darts, a jukebox and Saturday-night live music, while Sky screens show sport. Friday breakfasts run from ten until noon, Sunday roasts draw families, and alternate Tuesday steak nights pull regulars. CAMRA named it City Community Pub 2023. Ample parking, wheelchair access and a beer garden reinforce its role as a welcoming neighbourhood hub on Histon Road.",TRUE,TRUE,TRUE,TRUE,TRUE,TRUE,FALSE,19,Histon Road,01223 511974,,,,0.9300,0.9300,,0.9300,0.9300,0.9300,0.9300,0.9300,0.9300,0.9300,0.9300,,,,,ok,,The Grapes Histon Road Cambridge CAMRA Greene King,manual:cambridge-camra.org.uk,Manual enrichment (Tavily replacement),,,,"manual:Sources: CAMRA Cambridge (id=1742), camra.org.uk WhatPub, inapub.co.uk, useyourlocal.com. No official website found. CAMRA City Community Pub 2023.",,,,,,,,,,,,,,
CB2,CB,way,136330945,way/136330945,52.2019315,0.1157523,The Anchor,,https://pub-17623b3cd0704db3b6c82660accfc657.r2.dev/pub_photos/way/136330945/1_exterior_0.85.jpg,https://pub-17623b3cd0704db3b6c82660accfc657.r2.dev/pub_photos/way/136330945/2_other_0.50.jpg,https://pub-17623b3cd0704db3b6c82660accfc657.r2.dev/pub_photos/way/136330945/3_other_0.50.jpg,https://pub-17623b3cd0704db3b6c82660accfc657.r2.dev/pub_photos/way/136330945/4_other_0.50.jpg,https://pub-17623b3cd0704db3b6c82660accfc657.r2.dev/pub_photos/way/136330945/5_other_0.50.jpg,,"A riverside Cambridge favourite set beside the River Cam, with standout views across the water to the Mathematical Bridge and Queens’ College. Settle in for classic ales and seasonal, fresh food, or head to the terrace deck to watch the punts go by. The menu includes a Prix Fixe option (two courses £18, three courses £22, Mon–Thu 12–8pm) plus regular offers like Wing Wednesday and Hello Friday Prosecco bottles. Sports fans can catch matches with Sky Sports and TNT Sports, and there’s a busy events calendar—plus a nod to Pink Floyd on the walls.",TRUE,,TRUE,TRUE,TRUE,,,,Silver Street,+44 1223 353554,https://www.anchorcambridge.com/,,,0.8600,0.0000,0.0000,0.0000,0.7800,0.0000,0.9000,0.9200,0.9500,0.0000,0.0000,ok,,,,,,,,,,,,,ok,,website,5,exterior,0.85,other,0.50,other,0.50,other,0.50,other,0.50
CB2,CB,way,136330946,way/136330946,52.2014876,0.116269,The Mill,Tolly Cobbold,https://pub-17623b3cd0704db3b6c82660accfc657.r2.dev/pub_photos/way/136330946/1_wikidata_1.00.jpg,,,,,,"Set in a charming 19th-century building on the River Cam, this riverside Cambridge favourite pairs a warm, welcoming feel with a strong real-ale reputation. Expect a seasonal British menu from the head chef, plus bar snacks and a summer Spritz menu. In warmer months you can unwind by the Millpond or in the world’s largest beer garden, while winter brings cosy chats and mulled wine. Big match-day energy is a highlight too, with large screens, great sound and proper atmosphere for the World Cup. Dogs are welcome, and there’s plenty going on with events, parties and private bookings.",TRUE,,TRUE,TRUE,TRUE,,,14,Mill Lane,+44 1223 311829,https://www.themillpubcambridge.com/,Q26419121,"Mo-Fr 12:00-15:00,17:00-21:00; Sa-Su 12:00-21:00",0.9000,0.0000,0.0000,0.5500,0.8500,0.0000,0.9500,0.9500,0.9000,0.0000,0.0000,ok,,,,,,,,,,,,,ok,,wikidata_r2,1,wikidata,1.00,,,,,,,,
CB5,CB,way,137326140,way/137326140,52.2097315,0.143954,The Seven Stars,,https://pub-17623b3cd0704db3b6c82660accfc657.r2.dev/pub_photos/way/137326140/1_other_0.50.jpg,https://pub-17623b3cd0704db3b6c82660accfc657.r2.dev/pub_photos/way/137326140/2_other_0.50.jpg,https://pub-17623b3cd0704db3b6c82660accfc657.r2.dev/pub_photos/way/137326140/3_other_0.50.jpg,https://pub-17623b3cd0704db3b6c82660accfc657.r2.dev/pub_photos/way/137326140/4_other_0.50.jpg,https://pub-17623b3cd0704db3b6c82660accfc657.r2.dev/pub_photos/way/137326140/5_other_0.50.jpg,,"A historic Cambridge pub on Newmarket Road, set in a Grade II listed building with a fresh, modern feel after a 2019 renovation. It’s also an Indian restaurant, serving a wide range of drinks alongside a seasonally changing menu of traditional Indian dishes. Expect plenty of vegetarian and vegan options, plus tandoor-cooked kebabs, vegetables and breads, with flavours built around classic spices. With a spacious, welcoming atmosphere and the option to book a table, it’s a great spot for a relaxed dinner just a short cycle from the city centre.",,,,TRUE,,,,249,Newmarket Road,+44 1223 360993,https://www.thesevenstars.pub/,,,0.8600,0.0000,0.0000,0.0000,0.0000,0.0000,0.0000,0.9500,0.0000,0.0000,0.0000,ok,,,,,,,,,,,,,ok,,website,5,other,0.50,other,0.50,other,0.50,other,0.50,other,0.50
CB5,CB,way,137328263,way/137328263,52.2109791,0.1462944,The Wrestlers,Wells & Co,,,,,,,"One of the last survivors on a Newmarket Road strip that has lost many locals, this Wells & Co house balances serious Thai cooking with a welcome for drinkers only. The well-lit single bar serves authentic pad thai and regional dishes daily from noon until three and five until nine, drawing office lunch crowds and evening diners who keep the handpumps working alongside Bombardier, Broadside and up to four Brewpoint guest ales. Charles Wells reinvented the interior in the 1990s oriental style and removed the pool table to prioritise tables, a strategy that has kept the Wrestlers consistently busy while neighbours closed.",FALSE,FALSE,FALSE,TRUE,,FALSE,FALSE,337,Newmarket Road,+44 1223 566 554,http://www.charleswellspubs.co.uk/home/pub-guide/pub/wrestlers,,"Mo-Su 12:00-15:00,17:00-23:00",0.9200,0.9200,,0.9200,0.9200,0.9200,0.9200,0.9200,,0.9200,0.9200,scrape_failed,too_short:42_chars,scrape_failed,too_short:42_chars,ok,,The Wrestlers Newmarket Road Cambridge CAMRA Thai Charles Wells,manual:cambridge-camra.org.uk,Manual enrichment (Tavily replacement),,,,"manual:Sources: CAMRA Cambridge (id=1805), camra.org.uk WhatPub, charleswellspubs.co.uk pub guide. Closed Mondays. Pool table removed in 1990s refurb per retiredmartin.com.",no_images_found,fc_no_image_urls_extracted,website_firecrawl,0,,,,,,,,,,
CB2,CB,way,137992313,way/137992313,52.2099259,0.116197,The Pickerel,Greene King,https://pub-17623b3cd0704db3b6c82660accfc657.r2.dev/pub_photos/way/137992313/1_wikidata_1.00.jpg,,,,,,"Step into a Cambridge classic with a storied past dating back to 1608, including a former gin palace and old malting-house links. Inside, you’ll find historic brickwork, beams and a fireplace, plus large windows and a comfortable courtyard beer garden for weather-permitting drinks. Expect freshly cooked traditional pub food all week—think hand-battered fish and chips, pie and mash and burgers—with vegan, vegetarian and non-gluten options. The bar is built for catch-ups, with plenty of Greene King favourites and its own beers. Dogs are welcome, and there’s disabled access and facilities. Book ahead for busy moments and special match-day offers.",TRUE,,,TRUE,TRUE,,,30,Magdalene Street,,https://www.greeneking.co.uk/pubs/cambridgeshire/pickerel-inn,Q26394918,,0.8600,0.0000,0.6200,0.7800,0.9500,0.0000,0.5500,0.9500,0.9500,0.0000,0.0000,ok,,,,,,,,,,,,,ok,,wikidata_r2,1,wikidata,1.00,,,,,,,,
CB3,CB,way,143469264,way/143469264,52.1997039,0.1138481,The Granta,,https://pub-17623b3cd0704db3b6c82660accfc657.r2.dev/pub_photos/way/143469264/1_exterior_0.85.jpg,https://pub-17623b3cd0704db3b6c82660accfc657.r2.dev/pub_photos/way/143469264/2_other_0.50.jpg,,,,,"A historic, waterside pub in Cambridge with a traditional-meets-modern interior and a peaceful beer garden overlooking Mill Pond. Settle in for freshly cooked pub classics all week, plus Sunday roasts and options for vegan, vegetarian and non-gluten choices. There’s plenty to drink, from Greene King favourites to a wide beer range, and you can book for functions, meetings and celebrations. Dog-friendly and family-friendly, with WiFi and takeaway/delivery available. Expect a lively social calendar too—pub quiz nights every Monday and World Cup viewing promotions, with “what’s on” events throughout the year.",TRUE,,,TRUE,TRUE,,,14,Newnham Terrace,,https://www.greeneking.co.uk/pubs/cambridgeshire/granta,,,0.8600,0.0000,0.0000,0.5500,0.9500,0.2000,0.2500,0.9500,0.9500,0.0000,0.0000,ok,,,,,,,,,,,,,ok,,website,2,exterior,0.85,other,0.50,,,,,,
CB22,CB,way,147532393,way/147532393,52.1307147,0.2099435,George Inn,,https://pub-17623b3cd0704db3b6c82660accfc657.r2.dev/pub_photos/way/147532393/1_wikidata_1.00.jpg,,,,,1764,"Set in the heart of Babraham near Cambridge, this 18th-century coaching inn blends traditional charm with a relaxed, family-run welcome. Expect exposed beams, an open fire and a spacious, well-stocked bar with traditional ales, fine wines and spirits. The kitchen focuses on home-cooked meals with daily specials using fresh, seasonal produce, plus an extensive take-away menu. There’s also a large beer garden and patio, ideal for a slower drink outdoors. The venue is available for weddings, parties and wakes, with a peaceful countryside feel while still being convenient for Cambridge and nearby attractions.",TRUE,,,TRUE,,,,,,,https://www.thegeorgeinnbabraham.co.uk/,Q26616047,,0.8600,0.0000,0.9000,0.5500,0.9500,0.0000,0.0000,0.9500,0.0000,0.0000,0.0000,ok,,,,,,,,,,,,,ok,,wikidata_r2,1,wikidata,1.00,,,,,,,,
CB1,CB,way,148827006,way/148827006,52.204652,0.1328395,The Tram Depot,,,,,,,,"A characterful, historic city-centre bar in Cambridge, set in an iconic building that once served as stables and offices for the horse-drawn tramways. Expect a warm, friendly atmosphere with subtle nods to its past, plus a craft-focused bar offering cask ales, craft beers, ciders, cocktails, wines and spirits. In summer, the sunny terrace is ideal for a relaxed pint. The venue is also a go-to for lively nights out, from music and themed evenings to a monthly folk night and weekly speakeasy jazz jam. Dogs are welcome in the bar.",TRUE,TRUE,,,TRUE,,,2-5,Dover Street,01223 658227,https://thetramcambridge.co.uk/,,,0.8600,0.9500,0.0000,0.0000,0.9000,0.7800,0.0000,0.2000,0.9500,0.0000,0.0000,ok,,,,,,,,,,,,,no_images_found,fc_no_image_urls_extracted,website_firecrawl,0,,,,,,,,,,
CB2,CB,way,149032866,way/149032866,52.2040769,0.1179926,The Eagle,Greene King,https://pub-17623b3cd0704db3b6c82660accfc657.r2.dev/pub_photos/way/149032866/1_wikidata_1.00.jpg,,,,,,"Step into a 17th-century, Grade II listed pub in central Cambridge, opposite St Bene’t’s. Expect a warm, historic atmosphere with plenty of reasons to linger: freshly cooked traditional pub food (with vegan, vegetarian and non-gluten options), a wide drinks range and Greene King beers, plus WiFi and delivery. There’s a beer garden for weather-permitting drinks, and the venue is family-friendly and wheelchair accessible. Dogs are welcome too, so everyone can join in. Pop in for coffee, a quick pint after work, or book ahead for occasions like Sunday roast and Christmas.",TRUE,,,TRUE,TRUE,,,8,Bene't Street,,https://www.greeneking.co.uk/pubs/cambridgeshire/eagle,Q7731334,Mo-Su 11:00-,0.8600,0.0000,0.0000,0.5500,0.9500,0.0000,0.0000,0.9500,0.9500,0.0000,0.0000,ok,,,,,,,,,,,,,ok,,wikidata_r2,1,wikidata,1.00,,,,,,,,
CB2,CB,way,149032883,way/149032883,52.204143,0.1184859,The Bath House,Greene King,https://pub-17623b3cd0704db3b6c82660accfc657.r2.dev/pub_photos/way/149032883/1_wikidata_1.00.jpg,,,,,,"In the heart of central Cambridge, this cosy, lively pub is a go-to for drinks, small plates and proper pub classics. Expect a menu worth exploring, plus student discounts and regular “what’s on” moments like quiz nights. Sports fans can settle in for live football across major leagues and competitions, with TNT Sports on hand. It’s also dog-friendly and family-friendly, with WiFi and accessible facilities. Book ahead for events, Sunday roasts, or to secure a seat for big matches and tournament specials.",,,TRUE,TRUE,TRUE,,,3,Bene't Street,,https://www.greeneking.co.uk/pubs/cambridgeshire/bath-house,Q26616702,,0.8600,0.0000,0.0000,0.5500,0.0000,0.0000,0.9500,0.9500,0.9000,0.0000,0.0000,ok,,,,,,,,,,,,,ok,,wikidata_r2,1,wikidata,1.00,,,,,,,,
CB2,CB,way,150907263,way/150907263,52.1744329,0.1105612,The Lord Byron Inn,Heartwood Collection (reopening as The Meadow Lark),,,,,,17th century,"Closed since February 2026 for a major refurbishment, this large 17th-century Trumpington inn on Church Lane is set to reopen late that year as The Meadow Lark under Heartwood Collection, with nineteen bedrooms making it the group's first Cambridgeshire pub with rooms. Before closure, an L-shaped bar with low beams, wood panelling and varied floor levels opened onto a large garden, conservatory function room and purpose-built accommodation wing. Byron's Pool and Trumpington Meadows nature reserve sit nearby. Heartwood promises seasonally changing menus and enhanced outdoor dining inspired by skylarks and the surrounding landscape. Previously traded as the Unicorn.",TRUE,,,TRUE,,,TRUE,22,Church Lane,01223 845102,https://www.lordbyroninn.co.uk/,,,0.9100,0.9100,0.9100,0.9100,0.9100,0.0000,0.0000,0.9100,0.0000,0.0000,0.9100,ok,,possible_wrong_website,"The provided markdown content is about “VISI4D” as an accommodation option in Cambridge, with login/registration links, and does not contain pub-specific information for “The Lord Byron Inn” (e.g., bar/food/events/amenities).",ok,,Lord Byron Inn Trumpington Church Lane Cambridge CAMRA Heartwood,manual:cambridge-camra.org.uk,Manual enrichment (Tavily replacement),,,,"manual:Sources: CAMRA WhatPub, lordbyroninn.co.uk, Cambridge Independent Feb 2026, Pub & Bar trade press. Temporarily closed 15/02/2026; expected reopen late 2026 as Meadow Lark with 19 rooms.",no_images_found,fc_no_image_urls_extracted,website_firecrawl,0,,,,,,,,,,
CB23,CB,way,152686984,way/152686984,52.2547944,-0.0742617,The Poacher,David and Colleen (closed; community purchase attempt),,,,,,2016,"Chocolate-box thatched charm marked this Elsworth free house where David and Colleen personally welcomed guests for nearly ten years from their 2016 reopening until final service on 28 February 2026. A single polished room with exposed beams blended homely living-room touches and dining tables, while a redesigned Woodland Garden drew summer drinkers. Home-cooked food, Punch cask ale scheme beers and the proprietors' vocal Siberian huskies Roscko and Alaska built fierce loyalty in a village desperate to keep its pub. The parish council has since lodged a community purchase intention with a district council moratorium on sale, hoping to preserve the Poacher for Elsworth.",TRUE,FALSE,FALSE,TRUE,TRUE,FALSE,FALSE,1,Brockley Road,01954 267722,http://poacherelsworth.co.uk/,,,0.9000,0.9000,0.9000,0.9000,0.9000,0.9000,0.9000,0.9000,0.9000,0.9000,0.9000,scrape_failed,too_short:42_chars,scrape_failed,too_short:42_chars,ok,,The Poacher Elsworth Brockley Road Cambridge CAMRA,manual:cambridge-camra.org.uk,Manual enrichment (Tavily replacement),,,,"manual:Sources: CAMRA WhatPub (closed 28/02/2026), poacherelsworth.co.uk, Elsworth Parish Council village meeting notice. Closed long-term; community ACV/moratorium in progress.",no_images_found,fc_no_image_urls_extracted,website_firecrawl,0,,,,,,,,,,
CB3,CB,way,154730026,way/154730026,52.1800352,0.0951156,The Green Man,"Barry Vera, Joe Scarborough & Christopher Webb (Star Pubs)",https://pub-17623b3cd0704db3b6c82660accfc657.r2.dev/pub_photos/way/154730026/1_wikidata_1.00.jpg,,,,,1847,"Reopened in early 2023 after three years shut and a half-million-pound refurbishment, this 17th-century Grantchester building first licensed as a pub in 1847. Low oak beams frame an L-shaped bar, dining room, log-burner snug and Mediterranean heated terrace with grill and bar reaching down a long narrow garden to footpaths onto Grantchester Meadows—backdrop for the Grantchester TV drama. Chef patron Barry Vera and Star Pubs partners serve contemporary British food from noon, with dogs welcome in bar and garden. Entertainment evenings feature sports personalities and musicians; the terrace seats two hundred. Card payments only.",TRUE,TRUE,,TRUE,TRUE,FALSE,FALSE,59,High Street,01223 953661,https://www.grantchestergreenman.com/,Q26595957,,0.9300,0.9300,0.9300,0.9300,0.9300,0.9300,,0.9300,0.9300,0.9300,0.9300,scrape_failed,firecrawl:Internal Server Error: Failed to scrape. All scraping engines failed to retrieve content from this URL. Engines tried: [,scrape_failed,firecrawl:Internal Server Error: Failed to scrape. All scraping engines failed to retrieve content from this URL. Engines tried: [,ok,,Green Man Grantchester High Street Cambridge CAMRA garden,manual:cambridge-camra.org.uk,Manual enrichment (Tavily replacement),https://www.grantchestergreenman.com/,0.9300,,"manual:Sources: CAMRA Cambridge (id=1744), camra.org.uk WhatPub, grantchestergreenman.com, Cambridge News Jan 2023 reopening. Queue URL failed Firecrawl scrape; grantchestergreenman.com loads. Dogs in bar/garden only, not restaurant.",ok,,wikidata_r2,1,wikidata,1.00,,,,,,,,
CB3,CB,way,159256001,way/159256001,52.2415917,0.0814685,George Inn,,,,,,,,"A friendly neighbourhood spot on Girton’s High Street that shifts from a morning café to a proper pub later on. Start with coffee and pastries, then settle in for traditional pub grub and evening dining, including Tuesday–Saturday dinner service and Sunday summer roast. The vibe is relaxed and welcoming—ideal for students and professionals to work quietly in the daytime, and for locals to chat and mingle as the day winds down. Open late most evenings, with longer weekend hours.",,,,TRUE,,,,71,High Street,01223 276197,https://thegeorgegirton.weebly.com/,,,0.7800,0.9500,0.0000,0.0000,0.0000,0.0000,0.0000,0.9000,0.0000,0.0000,0.0000,ok,,,,,,,,,,,,,no_images_found,fc_no_valid_images_after_download,website_firecrawl,0,,,,,,,,,,
CB3,CB,way,159256015,way/159256015,52.2425801,0.0813955,Old Crown,,https://pub-17623b3cd0704db3b6c82660accfc657.r2.dev/pub_photos/way/159256015/1_exterior_0.90.jpg,https://pub-17623b3cd0704db3b6c82660accfc657.r2.dev/pub_photos/way/159256015/2_other_0.50.jpg,https://pub-17623b3cd0704db3b6c82660accfc657.r2.dev/pub_photos/way/159256015/3_other_0.50.jpg,https://pub-17623b3cd0704db3b6c82660accfc657.r2.dev/pub_photos/way/159256015/4_other_0.50.jpg,https://pub-17623b3cd0704db3b6c82660accfc657.r2.dev/pub_photos/way/159256015/5_other_0.50.jpg,,"Set in a historic thatched pub near Cambridge, it’s a cosy spot for Nepalese dining alongside classic pub favourites. There’s a relaxed bar lounge for catching up, plus big-screen live sport for match-day energy. The large free car park and on-site EV chargers make it an easy stop for road trips, family meals and group bookings. When the weather’s good, the garden and terrace are ideal for lingering with craft beer and a pint. Book ahead for major fixtures, or order takeaway for authentic Nepalese dishes and pub classics at home.",TRUE,,TRUE,TRUE,,,,89,High Street,+441223 277217,https://oldcrowngirton.com/,,"Tu-Th,Su 12:00-22:30; Fr,Sa 12:00-23:00",0.8600,0.9500,0.0000,0.0000,0.9000,0.0000,0.9500,0.9500,0.5500,0.0000,0.0000,ok,,,,,,,,,,,,,ok,,website,5,exterior,0.90,other,0.50,other,0.50,other,0.50,other,0.50
CB4,CB,way,166369101,way/166369101,52.2144529,0.1246006,Portland Arms,Independent,https://pub-17623b3cd0704db3b6c82660accfc657.r2.dev/pub_photos/way/166369101/1_other_0.50.jpg,https://pub-17623b3cd0704db3b6c82660accfc657.r2.dev/pub_photos/way/166369101/2_other_0.50.jpg,,,,,"Basil Oliver's 1930s design overlooks Mitchams Corner's gyratory, sheltering one of Cambridge's most important independent live-music venues inside a lovingly panelled main bar with real fire. A smaller room with pool table opens to a courtyard garden, and the National Inventory recognises the historic interior. Oscar's Pizzas supplies burgers and pub favourites in-house while up to six cask lines mix Greene King guests with Milton and local brews, plus real cider outside winter and extensive bottled craft. Soundproofed back-room gigs accommodate two hundred with in-house PA, making the Portland essential to the city's music scene since decades of band nights.",TRUE,TRUE,,TRUE,,TRUE,FALSE,129,Chesterton Road,01223 357268,http://www.theportlandarms.co.uk/,,"Mo-We 16:30-23:00; Su, Th 12:00-23:00; Fr-Sa 12:00-00:00",0.9400,0.9400,,0.9400,0.9400,0.9400,,0.9400,,0.9400,0.9400,scrape_failed,too_short:42_chars,scrape_failed,too_short:42_chars,ok,,Portland Arms Chesterton Road Cambridge CAMRA live music,manual:cambridge-camra.org.uk,Manual enrichment (Tavily replacement),,,,"manual:Sources: CAMRA Cambridge (id=1763), camra.org.uk WhatPub, theportlandarms.co.uk. CAMRA Young Members Pub of the Year 2024. Food by Oscar's Pizzas in-house.",ok,,website,2,other,0.50,other,0.50,,,,,,
CB25,CB,way,169444849,way/169444849,52.2232386,0.2581186,The Bell,,https://pub-17623b3cd0704db3b6c82660accfc657.r2.dev/pub_photos/way/169444849/1_wikidata_1.00.jpg,,,,,,"Bottisham's Bell is a classic chalk-country inn with low beams, open fires and a reputation for well-kept Greene King and guest ales. Lunchtime and evening menus lean on British pub staples, while the garden catches the afternoon sun after walks on the B1102. A settled village local midway between Cambridge and Newmarket that rewards a detour from the A14.",,,,,,,,16,High Street,,https://thebellbottisham.com/,Q26604078,Tu 17:00-22:30; We 11:00-22:30; Th 11:00-23:00; Fr 09:30-23:30; Sa 09:30-24:00; Su 09:30-23:00,0.8800,0.0000,0.0000,0.0000,0.0000,0.0000,0.0000,0.0000,0.0000,0.0000,0.0000,ok,,very_thin_scrape,,,,,,,,,,,ok,,wikidata_r2,1,wikidata,1.00,,,,,,,,
CB5,CB,way,171887754,way/171887754,52.2082372,0.1327197,Burleigh Arms,,https://pub-17623b3cd0704db3b6c82660accfc657.r2.dev/pub_photos/way/171887754/1_other_0.50.jpg,,,,,,"A historic Cambridge brewery tap with a legacy dating back to the 1820s, now serving modern British plates with seasonal, flavour-led cooking. Food is available on set afternoon and evening windows through the week, with longer hours from Wednesday to Saturday and a shorter Sunday session. Expect a warm, pub atmosphere rooted in local history, plus a kitchen led by Head Chef Sam Sturman. Drop in on Newmarket Road for a proper pint and a well-crafted menu, with booking options available for those planning ahead.",,,,TRUE,,,,9-11,Newmarket Road,01223 375682,https://www.burleigharmscambridge.co.uk/,,We-Fr 12:00-22:30; Tu 17:00-22:00; Mo off; Sa 12:00-23:00; Su 12:00-20:00,0.7800,0.9500,0.7200,0.0000,0.0000,0.0000,0.0000,0.9500,0.0000,0.0000,0.0000,ok,,,,,,,,,,,,,ok,,website,1,other,0.50,,,,,,,,
CB1,CB,way,172320765,way/172320765,52.2076333,0.1266612,St Radegund,,https://pub-17623b3cd0704db3b6c82660accfc657.r2.dev/pub_photos/way/172320765/1_wikidata_1.00.jpg,,,,,1880,"Tucked at the top of King Street, Cambridge's smallest pub reopened in early 2026 as a cosy, community-driven cask house after years of uncertainty. House beers Sackcloth and Habit Ale build on Milton ales, joined by London Pride and rotating SIBA guests on a handful of handpumps. Memorabilia from the legendary King Street Run and the pub's cricket and rowing clubs lines the walls in a space where every seat feels like the regulars' table.",,,,,,,,129,King Street,,https://www.stradegund.co.uk/,Q7595412,,0.8800,0.0000,0.0000,0.0000,0.0000,0.0000,0.0000,0.0000,0.0000,0.0000,0.0000,ok,,very_thin_scrape,,,,,,,,,,,ok,,wikidata_r2,1,wikidata,1.00,,,,,,,,
CB5,CB,way,172407012,way/172407012,52.2114689,0.1185342,Byron's Bear,,https://pub-17623b3cd0704db3b6c82660accfc657.r2.dev/pub_photos/way/172407012/1_other_0.50.jpg,https://pub-17623b3cd0704db3b6c82660accfc657.r2.dev/pub_photos/way/172407012/2_other_0.50.jpg,https://pub-17623b3cd0704db3b6c82660accfc657.r2.dev/pub_photos/way/172407012/3_other_0.50.jpg,https://pub-17623b3cd0704db3b6c82660accfc657.r2.dev/pub_photos/way/172407012/4_other_0.50.jpg,,,"Set on the River Cam by Jesus Green, this riverside Cambridge pub is all about relaxing with a pint and tucking into proper food. Expect comforting Sunday roasts with seasonal, local produce, plus local ales and a great Guinness. Drop in from morning coffee at the Bear Hatch through to evening drinks, with plenty of space to feast and celebrate. There’s a weekly Sunday quiz, plus special events like World Cup live screenings and themed quiz nights—ideal for groups who want atmosphere and views.",,,TRUE,TRUE,TRUE,,,3,Thompson's Lane,+44 1223 776969,https://byronsbear.co.uk/,,,0.8600,0.0000,0.0000,0.0000,0.0000,0.0000,0.9000,0.9200,0.9500,0.0000,0.0000,ok,,,,,,,,,,,,,ok,,website,4,other,0.50,other,0.50,other,0.50,other,0.50,,
CB3,CB,way,174752202,way/174752202,52.196529,0.1086877,The Red Bull,,https://pub-17623b3cd0704db3b6c82660accfc657.r2.dev/pub_photos/way/174752202/1_other_0.50.jpg,https://pub-17623b3cd0704db3b6c82660accfc657.r2.dev/pub_photos/way/174752202/2_other_0.50.jpg,,,,,"A friendly local pub in the heart of Cambridge, with a welcoming bar and a terrace garden for when the weather’s right. Expect a new menu covering light bites through to dinner, plus a solid range of ales and craft beers alongside gins and spirits. It’s a good spot to meet friends for pizza and a drink, with comfortable accommodation available if you want to stay over. Dogs are welcome in the bar and on the terrace, making it easy to bring the whole pack.",TRUE,,,TRUE,TRUE,,TRUE,11,Barton Road,,https://www.redbullcambridge.co.uk/,,,0.8600,0.0000,0.0000,0.0000,0.9000,0.0000,0.0000,0.9500,0.9500,0.0000,0.8500,ok,,,,,,,,,,,,,ok,,website,2,other,0.50,other,0.50,,,,,,
CB1,CB,way,177680599,way/177680599,52.185842,0.1720046,Red Lion,Greene King (Hive Pubs),https://pub-17623b3cd0704db3b6c82660accfc657.r2.dev/pub_photos/way/177680599/1_wikidata_1.00.jpg,,,,,,"A sixteenth-century village inn on Mill End Road forms the heart of Cherry Hinton social life, recently reopened after refurbishment under Greene King's Hive franchise. Inside, a single room splits into distinct drinking areas around a central fireplace, with an extension hosting occasional live music. A large covered garden draws families and dog walkers, while Sky and TNT screens show Premier League and international fixtures. The Greene King menu runs from weekday lunch deals to Sunday roasts, burgers and pizzas, with pool, darts, quiz nights and karaoke rounding out a classic community local.",TRUE,TRUE,TRUE,TRUE,TRUE,TRUE,FALSE,20,Mill End Road,01223 650717,http://www.theredlioncherryhinton.co.uk/index,Q26419120,,0.9500,0.9500,,0.9500,0.9500,0.9500,0.9500,0.9500,0.9500,0.9500,0.9500,scrape_failed,too_short:42_chars,scrape_failed,too_short:42_chars,ok,,Red Lion Mill End Road Cherry Hinton Cambridge pub CAMRA,manual:cambridge-camra.org.uk,Manual enrichment (Tavily replacement),,,,"manual:Sources: CAMRA Cambridge (pubs.cambridge-camra.org.uk id=1828), camra.org.uk WhatPub, theredlioncherryhinton.co.uk. Original building dates from 16th century; reopened June 2023 as Hive pub. New licensees April 2025. Queue already has website and short description.",ok,,wikidata_r2,1,wikidata,1.00,,,,,,,,
CB4,CB,way,179837563,way/179837563,52.2124557,0.1277858,Fort St George,Greene King,https://pub-17623b3cd0704db3b6c82660accfc657.r2.dev/pub_photos/way/179837563/1_wikidata_1.00.jpg,,,,,,"Set by the River Cam, this traditional, heritage-style pub brings old-world charm to riverside Cambridge. Expect a warm welcome, comfy seating and an Inglenook fireplace for cosy days, plus a beer garden for weather-permitting drinks. The menu focuses on freshly cooked pub classics, including hearty Sunday roasts and favourites like beer-battered fish and triple-cooked chips, with vegan/vegetarian and non-gluten options. It’s a great spot for casual pints, family visits and after-work catch-ups, with function rooms available for celebrations. Dogs are welcome too.",TRUE,,,TRUE,TRUE,,,,,,https://www.greeneking-pubs.co.uk/pubs/cambridgeshire/fort-st-george/,Q5472087,Mo-Fr 11:00-23:00; Su 12:00-22:30; Sa 11:00-23:00,0.8600,0.0000,0.3500,0.5500,0.9500,0.0000,0.5500,0.9500,0.9000,0.0000,0.0000,ok,,,,,,,,,,,,,ok,,wikidata_r2,1,wikidata,1.00,,,,,,,,
CB24,CB,way,188821806,way/188821806,52.2426074,0.1109166,Railway Vue,,https://pub-17623b3cd0704db3b6c82660accfc657.r2.dev/pub_photos/way/188821806/1_exterior_0.90.jpg,https://pub-17623b3cd0704db3b6c82660accfc657.r2.dev/pub_photos/way/188821806/2_other_0.50.jpg,https://pub-17623b3cd0704db3b6c82660accfc657.r2.dev/pub_photos/way/188821806/3_other_0.50.jpg,,,,"Settle into a cosy, community-focused pub atmosphere where darts and pool are part of the fun. Drop in for a relaxed drink with special offers, or catch sports viewing on the day. There’s also a calendar of community events and options for private hire, making it a handy spot for everything from casual catch-ups to group plans. With table bookings available online, it’s easy to plan a visit for afternoons through late evenings.",,,,,,TRUE,,163,Station Road,,https://railwayvue.co.uk/,,,0.7800,0.0000,0.0000,0.0000,0.0000,0.0000,0.7200,0.0000,0.0000,0.9500,0.0000,ok,,,,,,,,,,,,,ok,,website_firecrawl,3,exterior,0.90,other,0.50,other,0.50,,,,
CB24,CB,way,190337333,way/190337333,52.2881345,0.1286152,Waggon and Horses,Independent (The Waggon Pub LLP),,,,,,,"Tucked away on a quiet Cottenham back street, this small free house reopened in November 2024 after years closed through the pandemic, following a bright refurbishment under new independent owners. A café-style atmosphere serves cakes and savoury snacks alongside eight keg taps and two rotating real ales from local brewers such as Papworth and Milton. A private rear courtyard offers outdoor seating. Regular events include darts on Monday and Wednesday evenings, board games on Mondays, poker on Wednesdays and a women's darts night on Sundays. CAMRA named it Most Improved Rural Pub 2025.",TRUE,,TRUE,TRUE,,TRUE,FALSE,69,Margett Street,01954 610860,,,,0.8800,0.8800,,0.8800,0.8800,,0.8800,0.8800,,0.8800,0.8800,,,,,ok,,Waggon and Horses Margett Street Cottenham Cambridge pub CAMRA,manual:cambridge-camra.org.uk,Manual enrichment (Tavily replacement),,,,"manual:Sources: CAMRA Cambridge (id=1680), camra.org.uk WhatPub, inapub.co.uk (TNT Sports listed). No official website found. Registered as The Waggon Pub LLP June 2025. Rear courtyard rather than full beer garden.",,,,,,,,,,,,,,
CB24,CB,way,191142638,way/191142638,52.2514123,0.1089762,Rose & Crown,Milton Brewery,https://pub-17623b3cd0704db3b6c82660accfc657.r2.dev/pub_photos/way/191142638/1_exterior_0.90.jpg,,,,,,"A relaxed local pub in Histon with afternoon-to-evening opening hours throughout the week. The venue currently has no traditional kitchen, but you can keep an eye on social media for updates and upcoming food trucks. Ideal for a casual pint with friends, with longer hours at weekends for late drinks.",,,,FALSE,,,,2,Glebe Way,+44 1223 318448,https://www.individualpubs.co.uk/roseandcrown/,,"Mo-Th 15:00-23:00; Fr,Sa 12:00-23:00; Su 12:00-22:00",0.7800,0.0000,0.0000,0.2500,0.0000,0.0000,0.0000,0.9000,0.0000,0.0000,0.0000,ok,,,,,,,,,,,,,ok,,website,1,exterior,0.90,,,,,,,,
CB24,CB,way,200604966,way/200604966,52.3164398,0.0165512,The Admiral,Barry and Jane Arliss (independent family-run),,,,,,,"Standing at the centre of Over village, this Victorian local was formerly the Admiral Vernon before Barry and Jane Arliss and family bought it free of tie and reopened it in July 2024 after a full interior, patio and garden refurbishment. Drinking areas wrap in an L-shape around a wood-panelled bar, with steps up to one room and a larger space leading to a rear patio and beer garden. CAMRA lists freshly produced food with daily specials and Sunday roasts, Adnams Ghost Ship plus Brewpoint seasonal beers and guest ales sold as tasting flights. Three indoor screens show sport, with quiz nights and a Friday meat raffle.",TRUE,,TRUE,TRUE,TRUE,,FALSE,31,High Street,+44 1954 610837,https://admiral-vernonover.square.site/,,Mo-Th 16:00-23:30; Fr-Sa 12:00-23:30; Su 12:00-22:30,0.8500,0.8500,,0.8500,0.8500,,0.8500,0.8500,0.8500,,0.8500,,,,,ok,,Admiral High Street Over Cambridge CB24 pub CAMRA,manual:cambridge-camra.org.uk,Manual enrichment (Tavily replacement),https://admiral-vernonover.square.site/,0.8500,,"manual:Sources: CAMRA Cambridge (id=1648), camra.org.uk WhatPub, overvillage.co.uk reopening article, capturingcambridge.org history. Dogs welcome outside only. Square site is ordering page; no dedicated pub website. Phone also listed as 01954 232357 on some aggregators.",no_images_found,fc_no_valid_images_after_download,website_firecrawl,0,,,,,,,,,,
CB5,CB,way,211724201,way/211724201,52.2213751,0.1699269,Kings Head,,https://pub-17623b3cd0704db3b6c82660accfc657.r2.dev/pub_photos/way/211724201/1_wikidata_1.00.jpg,,,,,,"A friendly neighbourhood pub in Fen Ditton serving wine, beer, spirits and soft drinks. Settle in by the log fire or soak up the Cambridge atmosphere in the sun-drenched beer garden with shady and sunny spots. The venue is gearing up for its opening night on 20 June 2025, and there’s also a private event space in the garden called “The King’s Shed”. Dogs are welcome, with water bowls and treats provided—ideal for a relaxed local catch-up.",TRUE,,,FALSE,TRUE,,,50,High Street,,https://thekingsheadfenditton.wordpress.com/,Q26473110,"Tu-Th 15:00-23:00, Fr 15:00-24:00, Sa 12:00-24:00, Su 12:00-20:00; Mo off",0.8600,0.0000,0.0000,0.0000,0.9800,0.0000,0.0000,0.9000,0.9500,0.0000,0.0000,ok,,,,,,,,,,,,,ok,,wikidata_r2,1,wikidata,1.00,,,,,,,,
CB22,CB,way,218983713,way/218983713,52.1432958,0.1483285,The Rose,,https://pub-17623b3cd0704db3b6c82660accfc657.r2.dev/pub_photos/way/218983713/1_other_0.50.jpg,https://pub-17623b3cd0704db3b6c82660accfc657.r2.dev/pub_photos/way/218983713/2_other_0.50.jpg,https://pub-17623b3cd0704db3b6c82660accfc657.r2.dev/pub_photos/way/218983713/3_other_0.50.jpg,https://pub-17623b3cd0704db3b6c82660accfc657.r2.dev/pub_photos/way/218983713/4_other_0.50.jpg,,,"A traditional village pub in Stapleford with low ceilings, exposed beams and a cosy bar plus a spacious dining area. Expect a craft ale tap wall, a quieter snug and a family-friendly feel. Food is a highlight: authentic Thai cuisine cooked to order by Thai chefs, plus stone-baked pizzas, fish & chip Fridays and takeaway/click & collect. There’s also a Thursday quiz night for a lively crowd. The snug doubles as a sports spot with a pool table, pro-style darts board and a projector screen for live sport. In warmer weather, there’s an extensive garden and patio.",TRUE,,TRUE,TRUE,TRUE,TRUE,,81,London Road,,https://www.therose-stapleford.co.uk/,,"Mo-Sa 12:00-15:00,17:30-18:00+",0.9000,0.0000,0.0000,0.0000,0.9000,0.0000,0.8500,0.9500,0.8500,0.9500,0.0000,ok,,,,,,,,,,,,,ok,,website,4,other,0.50,other,0.50,other,0.50,other,0.50,,
CB25,CB,way,219789582,way/219789582,52.2655212,0.1907594,The Sun,Independent,,,,,,,"Overlooking Waterbeach village green, this traditional local lives by a philosophy of good beer and good music. A cosy lounge to the right is dominated by a huge fireplace surrounded by rustic bric-a-brac, while the simply appointed public bar with its woodblock floor stays lively. Seating spreads to the front, a side smoking area and a sun-trap rear garden. An annual beer and music festival runs over the early May bank holiday, with live music at the weekend event and gigs in an upstairs function room. Changing guest ales often include local brews and dark beers. Long-serving licensee Helen stood down in September 2025; the pub reopened after redecoration in October.",TRUE,TRUE,,,TRUE,,FALSE,,,01223 861254,,,,0.9000,0.9000,,0.9000,0.9000,0.9000,,,0.9000,,0.9000,,,,,ok,,Sun Inn Waterbeach Chapel Street Cambridge CB25 pub CAMRA,manual:cambridge-camra.org.uk,Manual enrichment (Tavily replacement),,,,"manual:Sources: CAMRA Cambridge (id=1669, listed as Sun Inn), camra.org.uk WhatPub, useyourlocal.com, pubsgalore.co.uk. OSM name 'The Sun' matches Sun Inn. No official website; Facebook group exists. Address 7 Chapel Street CB25 9HR.",,,,,,,,,,,,,,
CB25,CB,way,219789595,way/219789595,52.2662278,0.1914351,White Horse,Lapen Inns,,,,,,,"Opposite Waterbeach village green, this split-level coaching inn was saved from redevelopment and relaunched in February 2025 by Lapen Inns, the Nepalese hospitality group behind the Old Crown in Girton and Corner House in Cambridge. Two connected bars combine a lower level with pool table and a higher restaurant area, with a large rear garden and log fires in winter. The menu pairs British pub classics and mixed grills with authentic Nepalese dishes such as bhutuwa chicken and Pokhareli fish curry. Wednesday quiz nights, live sports, and dog-friendly spaces including covered terraces make it a renewed community hub on Greenside.",TRUE,,TRUE,TRUE,TRUE,TRUE,FALSE,12,Green Side,+44 1223 505053,https://www.facebook.com/WhiteHorsePubWaterbeach/,,,0.9200,0.9200,,0.9200,0.9200,,0.9200,0.9200,0.9200,0.9200,0.9200,scrape_failed,firecrawl:Website Not Supported: Failed to scrape. We apologize for the inconvenience but we do not support this site. If you are ,scrape_failed,firecrawl:Website Not Supported: Failed to scrape. We apologize for the inconvenience but we do not support this site. If you are ,ok,,White Horse Waterbeach Green Side Cambridge pub CAMRA Lapen Inns,manual:cambridge-camra.org.uk,Manual enrichment (Tavily replacement),,,,"manual:Sources: whitehorsepub.co, lapeninns.com, CAMRA East Anglia (id=86466), Cambridge News Feb 2025 reopening article. Queue lists old Facebook URL; current official site is whitehorsepub.co. CAMRA phone 01223 505053 may be outdated.",scrape_failed,firecrawl:WebsiteNotSupportedError:Website Not Supported: Failed to scrape. We apologize for the inconvenience but we do not support this site. If you are part of an enterprise and want to have a,website_firecrawl,0,,,,,,,,,,
CB23,CB,way,219913530,way/219913530,52.2562642,-0.0688011,George & Dragon,,https://pub-17623b3cd0704db3b6c82660accfc657.r2.dev/pub_photos/way/219913530/1_exterior_0.60.jpg,,,,,,"A friendly, relaxed gastropub near Cambridge, Huntingdon and St Ives, with a strong focus on fresh fish and seafood plus quality meats. Expect dry-aged steaks, English lamb and British pork and chicken, alongside favourites like lobster, mussels, crabs and seasonal specials. Food is served Wed–Sat with set lunch and evening times, plus Sunday lunch, and there’s also a monthly Tuesday opening for lunch & dinner. Menus include set fish options, Sunday roasts, Friday fish & chips and take-away buffets to go—ideal for an easy night in.",,,,TRUE,,,,41,Boxworth Road,01954 267236,https://www.georgeanddragon-elsworth.co.uk/,,,0.8600,0.9500,0.0000,0.0000,0.0000,0.0000,0.0000,0.9800,0.0000,0.0000,0.0000,ok,,,,,,,,,,,,,ok,,website,1,exterior,0.60,,,,,,,,
CB25,CB,way,220571908,way/220571908,52.2395157,0.2781818,Black Horse Inn,,https://pub-17623b3cd0704db3b6c82660accfc657.r2.dev/pub_photos/way/220571908/1_exterior_0.90.jpg,https://pub-17623b3cd0704db3b6c82660accfc657.r2.dev/pub_photos/way/220571908/2_other_0.50.jpg,https://pub-17623b3cd0704db3b6c82660accfc657.r2.dev/pub_photos/way/220571908/3_other_0.50.jpg,https://pub-17623b3cd0704db3b6c82660accfc657.r2.dev/pub_photos/way/220571908/4_other_0.50.jpg,https://pub-17623b3cd0704db3b6c82660accfc657.r2.dev/pub_photos/way/220571908/5_other_0.50.jpg,,"Set in the heart of Swaffham Bulbeck, this traditional village pub pairs quality drinks with seasonal British food in a relaxed, friendly setting. It’s a good stop for a meal or a pint, with the added bonus of comfortable overnight accommodation. Well-behaved dogs are welcomed, making it easy to bring the whole pack for a cosy visit—whether you’re dropping in for dinner or staying the night.",,,,TRUE,TRUE,,TRUE,35,High Street,,https://www.theblackhorseswaffhambulbeck.co.uk/,,,0.8600,0.0000,0.0000,0.0000,0.0000,0.0000,0.0000,0.9000,0.9500,0.0000,0.9000,ok,,,,,,,,,,,,,ok,,website,5,exterior,0.90,other,0.50,other,0.50,other,0.50,other,0.50
CB7,CB,way,220709642,way/220709642,52.3078049,0.2521628,Five Miles Inn,,https://pub-17623b3cd0704db3b6c82660accfc657.r2.dev/pub_photos/way/220709642/1_exterior_0.80.jpg,,,,,1980,"Riverside pub and restaurant in Upware, just outside Ely, with views over the River Cam and easy access to Wicken Fen Nature Reserve and Upware Marina. Settle into the light, airy conservatory or the 65-seat restaurant overlooking the water, or keep it casual in the main bar. Expect traditional pub fayre, home-cooked meals, daily-changing specials, and options including gluten-free, vegan and vegetarian. There’s plenty of space indoors plus large gardens with outdoor seating, and ample on-site parking. Dogs are welcome in the garden on leads. Kitchen runs most days until 8pm (earlier on Sundays).",TRUE,,,TRUE,,,FALSE,,Old School Lane,01353 721654,https://www.fivemilesinn.com/,,,0.8600,0.9500,0.9000,0.4500,0.9500,0.0000,0.0000,0.9500,0.5500,0.0000,0.9000,ok,,,,,,,,,,,,,ok,,website_firecrawl,1,exterior,0.80,,,,,,,,
CB10,CB,way,224082817,way/224082817,52.0550645,0.3130915,Rose and Crown,,https://pub-17623b3cd0704db3b6c82660accfc657.r2.dev/pub_photos/way/224082817/1_wikidata_1.00.jpg,,,,,,"Set in the heart of Ashdon village, this free house pub/restaurant brings classic British hospitality with a distinctive, characterful feel. Expect a strong food focus with a menu covering pub classics, grill dishes and starters, plus standout desserts and plenty of local-produce options. Wines, beers and craft ales are a big part of the offer, with non-alcoholic drinks available too. There’s an easygoing dining-and-drinking vibe, and the terrace is a highlight when the sun’s out—ideal for lunch, dinner and weekend roasts. Table bookings are available.",TRUE,,,TRUE,,,,,Crown Hill,01799 610949,https://roseandcrownashdon.co.uk/,Q26608265,"Sa 12:00-23:00, Su 12:00-19:00; Mo off, We,Th 12:00-22:30, Fr,Sa 12:00-23:00; Tu off",0.8600,0.9500,0.0000,0.0000,0.7200,0.0000,0.0000,0.9800,0.0000,0.0000,0.0000,ok,,,,,,,,,,,,,ok,,wikidata_r2,1,wikidata,1.00,,,,,,,,
CB1,CB,way,225399270,way/225399270,52.1921951,0.134303,Earl of Derby,Greene King,https://pub-17623b3cd0704db3b6c82660accfc657.r2.dev/pub_photos/way/225399270/1_other_0.50.jpg,https://pub-17623b3cd0704db3b6c82660accfc657.r2.dev/pub_photos/way/225399270/2_other_0.50.jpg,https://pub-17623b3cd0704db3b6c82660accfc657.r2.dev/pub_photos/way/225399270/3_other_0.50.jpg,https://pub-17623b3cd0704db3b6c82660accfc657.r2.dev/pub_photos/way/225399270/4_other_0.50.jpg,,,"A friendly Cambridge pub with bed-and-breakfast comfort, offering a choice of full or continental breakfast and en-suite rooms designed for a relaxed stay. With twelve large en-suite rooms (plus shower rooms), free Wi‑Fi and tea/coffee facilities, it’s a convenient base near the rail station and within an easy walk of the city centre. Guests also mention home-cooked pub food for breakfast and dinner, plus welcoming staff and entertaining evening events. Ideal if you want a local-feel pub atmosphere with overnight accommodation and a straightforward, comfortable routine.",,,,,,,TRUE,129,Hills Road,,www.theearlofderby.com,,"Mo-Th 07:30-24:00, Fr-Sa 07:30-02:00, Su 08:30-24:00",0.7800,0.0000,0.0000,0.0000,0.0000,0.0000,0.0000,0.7200,0.0000,0.0000,0.9500,ok,,,,,,,,,,,,,ok,,website_firecrawl,4,other,0.50,other,0.50,other,0.50,other,0.50,,
CB21,CB,way,234005325,way/234005325,52.1312088,0.3204674,The Bell Inn,Independent (community-owned),,,,,,,"A popular community two-bar pub on West Wickham Road, purchased in spring 2018 by a local resident after years as a Greene King house and now run independently. The public bar offers a jukebox, pub games and television, while the wood-panelled lounge suits diners and drinkers alike with tasty homemade food at affordable prices, Sunday roasts and occasional food vans on Mondays. Changing ales always include a mild or dark beer, with locally produced ciders often available. A large rear beer garden features cosy sheds for wet weather, and a quiz runs on the last Tuesday of each month. New licensees took over in September 2025.",TRUE,,TRUE,TRUE,,TRUE,FALSE,,,+44 1223 892999,https://thebellinnbalsham.com/,,12:00-23:00,0.9300,0.0000,0.0000,0.9300,0.9300,0.0000,0.9300,0.9300,0.0000,0.9300,0.9300,ok,,possible_wrong_website;very_thin_scrape,"The provided markdown contains only a notice about services for the domain being managed by Cambridge Computer Support, with no pub-specific content (no venue name, address, or facilities).",ok,,Bell Inn Balsham West Wickham Road Cambridge pub CAMRA,manual:cambridge-camra.org.uk,Manual enrichment (Tavily replacement),,,,"manual:Sources: CAMRA Cambridge (id=1642), camra.org.uk WhatPub, thebellinnbalsham.com menu PDF, useyourlocal.com. CAMRA Dark Beer Pub of the Year 2022. Address 2 West Wickham Road CB21 4DZ.",no_images_found,fc_no_valid_images_after_download,website_firecrawl,0,,,,,,,,,,
CB21,CB,way,234094833,way/234094833,52.1313668,0.3166834,The Black Bull,,https://pub-17623b3cd0704db3b6c82660accfc657.r2.dev/pub_photos/way/234094833/1_wikidata_1.00.jpg,,,,,,"Set in the historic village of Balsham, this privately owned free house blends Grade II-listed charm with a modern, welcoming feel. Enjoy rustic gastropub dining in a restored barn dining space, or keep it relaxed in the “in the round” bar with open fires and leather sofas. Outside, there’s a tree-lined sandstone patio under parasols and a cosy south-facing beer garden. The kitchen serves breakfast, lunch and dinner with dishes cooked to order using fresh local produce, plus a well-stocked bar with real ales, rotating guest beers and a wide wine list. Five guest rooms are available for a proper weekend break.",TRUE,,,TRUE,TRUE,,TRUE,,,+44 1223 893844,https://blackbull-balsham.co.uk/,Q26616339,"Mo-Fr 07:30-23:00, Sa-Su 08:00-23:00",0.9000,0.0000,0.3500,0.4500,0.9500,0.0000,0.0000,0.9500,0.9000,0.0000,0.9500,ok,,,,,,,,,,,,,ok,,wikidata_r2,1,wikidata,1.00,,,,,,,,
CB21,CB,way,310364470,way/310364470,52.1783564,0.2239367,White Hart Country Inn,Greene King,,,,,,,"Set on Balsham Road in the picturesque village of Fulbourn, this family-run venue reopened in November 2025 following a major refurbishment as a premium steak and fish restaurant under operator Neil Robertson, who also runs the Hat and Rabbit in the same village under Greene King Pub Partners. The spacious interior is mainly laid out for dining, with a small snug area closest to the bar. Menus focus on farm-to-fork steaks, fresh fish from UK fishmongers and traditional Sunday roasts, with ample customer parking. Sister pub to the Tram Depot in Cambridge. CAMRA notes real ale is not yet available and letting rooms are not currently in use.",,,,TRUE,TRUE,FALSE,FALSE,1,Balsham Road,+44 1223 880264,https://www.whitehartfulbourn.co.uk/,,"Mo-Sa 12:00-15:00, 17:30-23:00; Su 12:00-17:00",0.8800,0.0000,0.0000,0.0000,0.0000,0.0000,0.0000,0.8800,0.8800,0.8800,0.8800,ok,,possibly_closed,The provided markdown is a Cloudflare Error 522 page indicating the site could not load (origin server timed out). No venue-specific content is available to extract details.,ok,,White Hart Country Inn Fulbourn Balsham Road Cambridge pub CAMRA,manual:cambridge-camra.org.uk,Manual enrichment (Tavily replacement),,,,"manual:Sources: thewhitehartfulbourn.co.uk, CAMRA Cambridge (id=1780), Greene King pubs news on £375k refurbishment. Previously marketed as country inn with B&B; CAMRA Nov 2025 states rooms not in use and no cask ale yet. Dog friendly per website.",no_images_found,fc_no_image_urls_extracted,website_firecrawl,0,,,,,,,,,,
CB23,CB,way,338544409,way/338544409,52.185464,0.0200054,Three Horseshoes,Independent,https://pub-17623b3cd0704db3b6c82660accfc657.r2.dev/pub_photos/way/338544409/1_exterior_0.25.jpg,,,,,,"Hanging baskets front this red-tiled village pub at the heart of Comberton, where a long low-ceilinged main bar retains exposed beams hinting at its former multi-room layout. A separate garden and family room opens onto a large rear garden with flower borders and children's play equipment, making it a draw for local families. Three changing cask ales feature regional and national breweries, often including Oakham, alongside two darts teams and a crib team. Food includes Saturday morning breakfasts, regular meals and Fish and Chip Fridays from 5–8pm, replacing the former Cambridge Fish Bar van. New licensees arrived in August 2023.",TRUE,,TRUE,TRUE,,TRUE,FALSE,22,South Street,01223 624184,https://www.threehorseshoescomberton.co.uk/,,,0.9000,0.9000,0.0000,0.9000,0.9000,0.0000,0.9000,0.9000,0.0000,0.9000,0.9000,ok,,,,ok,,Three Horseshoes Comberton South Street Cambridge pub CAMRA,manual:cambridge-camra.org.uk,Manual enrichment (Tavily replacement),,,,"manual:Sources: CAMRA Cambridge (id=1672), camra.org.uk WhatPub, useyourlocal.com (pool, darts, big screen), comberton.org village blog on Fish and Chip Fridays. Official website threehorseshoescomberton.co.uk is minimal. Private licensee accommodation on site, not guest rooms.",ok,,website_firecrawl,1,exterior,0.25,,,,,,,,
CB1,CB,way,341321937,way/341321937,52.180245,0.1530568,The Queen Edith,Milton Brewery,https://pub-17623b3cd0704db3b6c82660accfc657.r2.dev/pub_photos/way/341321937/1_exterior_0.90.jpg,,,,,2015,"Cambridge's first purpose-built pub in roughly thirty years when it opened in 2015, this Milton Brewery sibling on Wulfstan Way wears mock-Georgian design inside and out. The larger bar to the left of the entrance has large windows on two sides and a wood-burning stove, while wall clocks are set to seven minutes past five—the moment Boris Johnson announced the first Covid lockdown. The second bar has wooden booths down one side. Regular and changing Milton beers plus guest ales are served, with a partly covered front outdoor area. Kitchen food runs Wednesday to Sunday; Monday quiz nights. Cambridgeshire CAMRA Pub of the Year 2022.",TRUE,,,TRUE,,,FALSE,,Wulfstan Way,+44 1223 318536,https://www.individualpubs.co.uk/queenedith/,,Mo-We 16:00-23:00; Th-Sa 12:00-23:00; Su 12:00-22:00,0.9400,0.9500,0.9400,0.0000,0.9400,0.0000,0.0000,0.9000,0.0000,0.0000,0.9400,ok,,,,ok,,Queen Edith Wulfstan Way Cambridge Individual Pubs CAMRA,manual:cambridge-camra.org.uk,Manual enrichment (Tavily replacement),,,,"manual:Sources: CAMRA Cambridge (id=27985), camra.org.uk WhatPub, individualpubs.co.uk/queenedith, Cambridge Independent CAMRA POTY 2022 article. Run by Jutt Bloxam per press coverage.",ok,,website,1,exterior,0.90,,,,,,,,
CB24,CB,way,349728016,way/349728016,52.2605125,0.064186,White Horse,Independent,https://pub-17623b3cd0704db3b6c82660accfc657.r2.dev/pub_photos/way/349728016/1_exterior_0.90.jpg,,,,,,"A pleasant two-bar village local on Longstanton Road where the left-hand room functions as a restaurant serving popular British cuisine and the right-hand drinking bar retains bare-board floors, plain bench seating, an open fire and framed photos of old Oakington. Patio doors lead to an attractive large garden with front tables too. Regular events include darts on winter Mondays, poker on Tuesdays, pétanque on summer Wednesdays and quiz night on Thursdays. Greene King IPA is a regular beer with changing guests. A two-bedroom cottage is available for holiday lets. Registered Asset of Community Value and a popular village meeting place.",TRUE,TRUE,,TRUE,TRUE,TRUE,TRUE,,Longstanton Road,01223 232417,https://www.whitehorse-oakington.co.uk/,,,0.9100,0.9100,0.0000,0.9100,0.9100,0.9100,0.0000,0.8600,0.9100,0.9100,0.9100,ok,,,,ok,,White Horse Oakington Longstanton Road Cambridge pub CAMRA,manual:cambridge-camra.org.uk,Manual enrichment (Tavily replacement),,,,"manual:Sources: CAMRA Cambridge (id=1684), camra.org.uk WhatPub, whitehorse-oakington.co.uk/about-us. Address 28 Longstanton Road CB24 3AB. Live music listed on pub website facilities. Holiday cottage accommodation, not hotel rooms.",ok,,website,1,exterior,0.90,,,,,,,,
CB21,CB,way,354873330,way/354873330,52.1852362,0.2092158,Hat & Rabbit,,,,,,,,"A family-friendly village pub in Fulbourn, just a short hop from Cambridge, with a welcoming bar serving cask and craft beers and ciders. Expect traditional, home-cooked pub dining made fresh to order, including starters, mains, vegetarian/vegan and gluten-free options, plus a much-loved Sunday roast. There’s also a coffee shop inside the pub with cakes and pastries, and breakfast on Friday and Saturday. Outside, a newly refurbished beer garden includes a garden kitchen and bar (The Hutch) for pizzas, burgers, hotdogs and chips. Quiz night runs monthly, and a large conservatory dining room is available for private events.",TRUE,,,TRUE,TRUE,,,4,Hinton Road,01223676860,https://hatandrabbitfulbourn.co.uk,,,0.9000,0.9500,0.0000,0.0000,0.9500,0.0000,0.0000,0.9500,0.9000,0.0000,0.0000,ok,,,,,,,,,,,,,no_images_found,fc_no_image_urls_extracted,website_firecrawl,0,,,,,,,,,,
CB24,CB,way,369262851,way/369262851,52.292125,0.0891137,Black Horse,,https://pub-17623b3cd0704db3b6c82660accfc657.r2.dev/pub_photos/way/369262851/1_exterior_0.85.jpg,https://pub-17623b3cd0704db3b6c82660accfc657.r2.dev/pub_photos/way/369262851/2_other_0.50.jpg,https://pub-17623b3cd0704db3b6c82660accfc657.r2.dev/pub_photos/way/369262851/3_other_0.50.jpg,https://pub-17623b3cd0704db3b6c82660accfc657.r2.dev/pub_photos/way/369262851/4_other_0.50.jpg,https://pub-17623b3cd0704db3b6c82660accfc657.r2.dev/pub_photos/way/369262851/5_other_0.50.jpg,,"A relaxed East Anglia cider pub with a friendly, community feel. Expect real ales, independent beers and local ciders, plus a rotating cask line-up and plenty of alcohol-free options. Food is available most days with homemade cakes and chips on Wednesdays and Sundays, and a full menu on other evenings (with a food van on the last Sunday of the month). Dogs are welcome throughout on leads, and families are encouraged in a calm, adult-focused atmosphere. There’s a quiz every Thursday, plus regular open mic/jam sessions and other seasonal events. Board games, drawing materials and WiFi help keep younger visitors entertained.",,TRUE,,TRUE,TRUE,,,,,01954 583835,https://theblackhorserampton.co.uk/,,,0.8600,0.9800,0.0000,0.0000,0.0000,0.7800,0.0000,0.9500,0.9700,0.0000,0.0000,ok,,,,,,,,,,,,,ok,,website_firecrawl,5,exterior,0.85,other,0.50,other,0.50,other,0.50,other,0.50
CB1,CB,way,372486548,way/372486548,52.2003599,0.1344637,Six Bells,,https://pub-17623b3cd0704db3b6c82660accfc657.r2.dev/pub_photos/way/372486548/1_exterior_0.90.jpg,https://pub-17623b3cd0704db3b6c82660accfc657.r2.dev/pub_photos/way/372486548/2_other_0.50.jpg,https://pub-17623b3cd0704db3b6c82660accfc657.r2.dev/pub_photos/way/372486548/3_other_0.50.jpg,,,,"Set in Covent Garden, Cambridge, this traditional local pub sits just off Mill Road and feels deceptively spacious. Expect two bars plus a conservatory with comfy sofas, a pool room, patio garden, dartboard and a jukebox for laid-back evenings. The drink list leans classic: five real ales, rotating guest ales, lagers (including Carlsberg and San Miguel), Aspells cider, and Guinness, alongside wines, spirits and minerals. With free wireless broadband available and a steady calendar of events, it’s a friendly stop for a chill pint and good company.",TRUE,,,,,TRUE,,11,Covent Garden,01223 355559,https://sixbellspub.co.uk/,,"Su-Th 16:00-23:30, Fr,Sa 16:00-00:30",0.7800,0.9500,0.2000,0.0000,0.9000,0.0000,0.0000,0.0000,0.0000,0.9500,0.0000,ok,,,,,,,,,,,,,ok,,website,3,exterior,0.90,other,0.50,other,0.50,,,,
CB10,CB,way,391785506,way/391785506,52.0508557,0.2532874,The Crown,,https://pub-17623b3cd0704db3b6c82660accfc657.r2.dev/pub_photos/way/391785506/1_exterior_0.90.jpg,https://pub-17623b3cd0704db3b6c82660accfc657.r2.dev/pub_photos/way/391785506/2_other_0.50.jpg,,,,,"A charming beamed country pub in a quiet village setting, about 2 miles from Saffron Walden and a short walk from Home Farm Fishery. Expect a proper pub drinks list with real ales on cask, plus lagers, Guinness, cider, wines and traditional spirits. Food is freshly prepared to order, with homecooked favourites like steak & mushroom pie, lasagne, burgers and fish & chips, alongside vegetarian options, sandwiches and baguettes. Sunday dining brings classic roasts. There are also en-suite rooms for stays, with breakfast options—ideal for a countryside day out and an easy return.",,,,TRUE,,,TRUE,,Little Walden Road,01799 522475,https://www.thecrownlittlewalden.co.uk/,,,0.8600,0.9800,0.0000,0.0000,0.0000,0.0000,0.0000,0.9800,0.0000,0.0000,0.9500,ok,,,,,,,,,,,,,ok,,website,2,exterior,0.90,other,0.50,,,,,,
CB22,CB,way,463104474,way/463104474,52.0943959,0.1589049,John Barleycorn Pub,Red Comb Pubs,,,,,,1660,"Built in 1660 as a coaching house, this thatched-roof inn on Moorfield Road in Duxford retains many original features within a single food-led bar where tables serve diners yet a distinct area welcomes drinkers only. Up to four real ales and Weston's Old Rosie cider are available, with a car park and garden to the rear and front drinking tables. En-suite accommodation in a block at the rear is scheduled to restart in March 2026 alongside a new children's play area. The pub closed in July 2025 and reopened under new Red Comb Pubs management on 4 December 2025, two miles from Imperial War Museum Duxford.",TRUE,,,TRUE,,,TRUE,,Moorfield Road,+44 1223832699,http://johnbarleycorn.co.uk/,,,0.9000,0.9000,0.9000,0.9000,0.9000,,,0.9000,,,0.9000,scrape_failed,too_short:42_chars,scrape_failed,too_short:42_chars,ok,,John Barleycorn Moorfield Road Duxford Cambridge pub CAMRA,manual:cambridge-camra.org.uk,Manual enrichment (Tavily replacement),,,,"manual:Sources: CAMRA Cambridge (id=6518), camra.org.uk WhatPub, visitcambridge.org (alternate phone 01223 691411 and email hello@johnbarleycornpub.co.uk). Accommodation restarting March 2026 per CAMRA. Queue website johnbarleycorn.co.uk returned too-short scrape.",no_images_found,fc_no_image_urls_extracted,website_firecrawl,0,,,,,,,,,,
CB24,CB,way,477382783,way/477382783,52.3017643,-0.0045852,White Horse Inn,"Independent (closed, seeking tenants)",https://pub-17623b3cd0704db3b6c82660accfc657.r2.dev/pub_photos/way/477382783/1_wikidata_1.00.jpg,,,,,1668,"Occupying a fine old building in Swavesey's former market area, this historic seventeenth-century inn was long regarded as one of Cambridgeshire's finest community pubs. The classic public bar features polished floor tiles, beamed ceiling, wood panelling and an elevated fireplace, with later additions including a lounge dining area, pool and function rooms, and a large garden with play equipment. Locally sourced home-cooked food ranged from sandwiches and pizzas to hearty mains and Sunday lunch. CAMRA Community Rural Pub of the Year 2020. The pub closed on 25 March 2026 when the Bonson family ceased trading; a local campaign seeks to save and reopen it.",TRUE,TRUE,TRUE,TRUE,TRUE,TRUE,FALSE,1,Market Street,01954 231665,https://www.thewhitehorseswavesey.com/,Q26616264,Mo-Th 12:00-23:00; Fr-Sa 12:00-24:00; Su 12:00-22:00,0.7800,0.7800,0.7800,0.7800,0.7800,0.7800,0.7800,0.7800,0.7800,0.7800,0.7800,scrape_failed,"firecrawl:DNS resolution failed for hostname ""www.thewhitehorseswavesey.com"". This means the domain name could not be translated t",scrape_failed,"firecrawl:DNS resolution failed for hostname ""www.thewhitehorseswavesey.com"". This means the domain name could not be translated t",ok,,White Horse Inn Swavesey Market Street Cambridge pub CAMRA,manual:cambridge-camra.org.uk,Manual enrichment (Tavily replacement),https://www.savethewhitehorseinn.co.uk/,0.7800,,"manual:Sources: CAMRA Cambridge (id=1685), camra.org.uk WhatPub (closed long-term 25/03/2026), savethewhitehorseinn.co.uk campaign, useyourlocal.com (temporarily closed). Queue website thewhitehorseswavesey.com DNS failed. Features describe pre-closure operation. Campaign site is not official pub website.",ok,,wikidata_r2,1,wikidata,1.00,,,,,,,,
CB23,CB,way,490373509,way/490373509,52.2583927,-0.0306027,Golden Ball Inn,"Wells & Co (closed, reopening planned)",https://pub-17623b3cd0704db3b6c82660accfc657.r2.dev/pub_photos/way/490373509/1_wikidata_1.00.jpg,,,,,,"A sixteenth-century thatched country inn on Boxworth High Street, transformed by a major renovation that replaced a flat bar roof with a pitched vault draped in Latin-script tapestries, added a conservatory leading to patio and an impressive garden, and attached a ten-room detached hotel annex. Heavily food-led with a strong reputation, the venue also maintained a large bar area serving Brewpoint regulars. Wells and Co operated the pub until it closed at the end of June 2025. CAMRA reported in March 2026 that work is underway with the aim of reopening in May 2026 under new management, though it remains closed at time of research.",TRUE,,,TRUE,,,TRUE,,High Street,01954 267397,,Q26420156,,0.8500,0.8200,,0.8200,0.8200,,,0.8200,,,0.8200,,,,,ok,,Golden Ball Inn Boxworth High Street Cambridge CB23 pub CAMRA,manual:cambridge-camra.org.uk,Manual enrichment (Tavily replacement),,,,"manual:Sources: CAMRA Cambridge (id=1739, long-term closed), camra.org.uk WhatPub, wellsandco.com tenancy listing, CAMRA pub news April 2026 (reopening May planned). Address 35 High Street CB23 4LY. Queue has_description=true; features reflect pre-closure operation.",ok,,wikidata_r2,1,wikidata,1.00,,,,,,,,
CB23,CB,way,548260570,way/548260570,52.1516245,0.028208,Hare & Hounds,,https://pub-17623b3cd0704db3b6c82660accfc657.r2.dev/pub_photos/way/548260570/1_wikidata_1.00.jpg,,,,,,"A community-owned free house in Harlton with a classic pub feel and a busy, welcoming weekly rhythm. Open daily from midday to late, it’s known for its cider credentials (Cambridge Cider Pub of the Year in 2022 and 2023). Food is a big part of the plan: the kitchen is reopening after renovations, with a limited menu at first, plus a Sunday BBQ and sides. Expect Friday fish and chips evenings and a Sunday 8pm pub quiz—booking is advised if you want to eat inside at peak times.",,,,TRUE,,,,,,+447511940441,https://hareandhoundsharlton.co.uk/,Q26616052,,0.7800,0.9800,0.0000,0.6200,0.0000,0.0000,0.0000,0.9500,0.0000,0.0000,0.0000,ok,,,,,,,,,,,,,ok,,wikidata_r2,1,wikidata,1.00,,,,,,,,
CB24,CB,way,550962204,way/550962204,52.2822862,0.0447811,The Black Bull,Family run,,,,,,,"A family-run local in Longstanton known for Chinese comfort food, with pizzas, burgers and wraps served in the restaurant, as bar snacks or for takeaway. Drop in for a drink and a bite, then settle into the bar area with a pool table. The pub also puts on regular live-music nights, including a rock party with free entry. When the weather’s good, enjoy your pint in the beer garden. With space for birthday parties, anniversaries and other celebrations, it’s a friendly spot for both daytime and evening get-togethers.",TRUE,TRUE,,TRUE,,TRUE,,56,High Street,+44 1954 789589,https://blackbulllongstanton.co.uk/,,,0.9000,0.0000,0.0000,0.7500,0.9500,0.9000,0.0000,0.9500,0.0000,0.9000,0.0000,ok,,,,,,,,,,,,,no_images_found,fc_no_image_urls_extracted,website_firecrawl,0,,,,,,,,,,
CB22,CB,way,561109559,way/561109559,52.1152558,0.0589109,White Horse,Independent,,,,,,,"A straightforward village local on Foxton High Street with a U-shaped layout where one slightly raised arm serves as a games area with a pool table. A pétanque court sits in the garden behind this friendly warm pub, which changed hands in January 2020 and serves three changing cask ales. Food is available regularly including Friday fish and chips and Sunday lunch, with terrestrial TV and football coverage. Reviews praise a clean atmosphere, welcoming staff and reasonably priced roasts. Foxton railway station is roughly six hundred metres away, making it accessible for walkers exploring the Cam valley villages south of Cambridge.",TRUE,,TRUE,TRUE,,TRUE,FALSE,,,01223 871948,,,,0.8600,0.8600,,0.8600,0.8600,,0.8600,0.8600,,0.8600,0.8600,,,,,ok,,White Horse Foxton High Street Cambridge CB22 pub CAMRA,manual:cambridge-camra.org.uk,Manual enrichment (Tavily replacement),,,,"manual:Sources: CAMRA Cambridge (id=1835), camra.org.uk WhatPub, useyourlocal.com reviews and facilities. Address 45 High Street Foxton CB22 6RP. No official website found; distinguish from White Horse Oakington and Waterbeach.",,,,,,,,,,,,,,
CB24,CB,way,569137851,way/569137851,52.3128962,0.0568443,The Bank Micropub,Independent (Chris),,,,,,2012,"Opened in late 2012 within a former village bank on Willingham High Street, this single-room micropub centres on a short bar rescued from a closed Cambridge pub, with walls decorated in photos of local interest. Beers pour direct from cask, KeyKeg or keg, alongside a well-stocked fridge of cans and bottles and a range of still, kegged and bottled ciders. There is no kitchen, but changing food vans park nearby on Saturday evenings from 5–8pm. Closed Sunday and Monday, the Bank offers a warm welcome where casual visitors are quickly drawn into local conversation—a social hub that arguably serves the village better than banking ever did.",FALSE,,,FALSE,,,FALSE,9,High Street,01954 200045,http://www.thebankmicropub.co.uk/,,,0.9200,0.9200,0.9200,0.9200,0.9200,,,0.9200,,,0.9200,scrape_failed,too_short:42_chars,scrape_failed,too_short:42_chars,ok,,Bank Micropub High Street Willingham Cambridge CB24 CAMRA,manual:cambridge-camra.org.uk,Manual enrichment (Tavily replacement),,,,"manual:Sources: CAMRA Cambridge (id=7409), camra.org.uk WhatPub, thebankmicropub.co.uk/find.php. Address 9 High Street Willingham CB24 5ES. Website scrape failed (too short). Opening hours differ slightly between CAMRA and pub site; CAMRA hours used.",no_images_found,fc_no_image_urls_extracted,website_firecrawl,0,,,,,,,,,,
CB22,CB,way,616021928,way/616021928,52.1503938,0.1355474,The Plough,Hawthorn Leisure,,,,,,,"A recently renovated L-shaped village local on Great Shelford's High Street pairs sage-green panelling and cream walls with assorted furniture and framed village photographs. Hawthorn Leisure's free house pours Greene King IPA plus two rotating guest ales from the SIBA list, while a large family-friendly garden and pool table draw weekend crowds. Big-screen sport covers major fixtures, live music appears at least monthly, and pizzas and burgers supplement the bar offer. Dog-friendly and close to Shelford station, it sits a few miles south of Cambridge city centre.",TRUE,TRUE,TRUE,TRUE,TRUE,TRUE,,2,High Street,01223 847986,,,"Mo-Th 15:00-11:30, Fr,Sa 12:00-11:30, Su 12:00-20:00",0.8800,0.8800,,0.8800,0.8800,0.8800,0.8800,0.8800,0.8800,0.8800,,,,,,ok,,Plough Great Shelford CB22 pub CAMRA Hawthorn,manual:cambridge-camra.org.uk,Manual enrichment (Tavily replacement),,,,"manual:CAMRA Cambridge (id=1817), camra.org.uk WhatPub. One of 275 pubs bought from Greene King by Hawthorn Leisure June 2014. Facebook-only online presence; no official website in queue.",,,,,,,,,,,,,,
CB22,CB,way,617703785,way/617703785,52.1205295,0.168918,White Lion,Independent,https://pub-17623b3cd0704db3b6c82660accfc657.r2.dev/pub_photos/way/617703785/1_wikidata_1.00.jpg,,,,,,"Reopened in November 2022 after refurbishment, this Grade II listed former coaching inn opens from a grey-beamed main bar with three handpumps and BrewBoard keg lines. Pieminister pies and mash are served from the bar, with food vans Wednesday through Sunday, while a separate billiards room hosts meetings and functions. Behind the pub, a car park, pétanque court, covered beer garden and smoking area complete a compact village high-street destination independent of any national chain.",TRUE,,,TRUE,,TRUE,,96,High Street,,http://www.whitelionsawston.co.uk,Q26420913,,0.9000,,,0.9000,0.9000,,,0.9000,,0.9000,,scrape_failed,too_short:42_chars,scrape_failed,too_short:42_chars,ok,,White Lion Sawston CB22 pub CAMRA coaching inn,manual:cambridge-camra.org.uk,Manual enrichment (Tavily replacement),,,,manual:CAMRA national WhatPub (CAM/215). Queue already has Wikidata description; this CAMRA-based copy is fuller. Website whitelionsawston.co.uk failed Firecrawl scrape.,ok,,wikidata_r2,1,wikidata,1.00,,,,,,,,
CB22,CB,way,617704032,way/617704032,52.1246073,0.1685342,The Greyhound,Venture Pub Company,https://pub-17623b3cd0704db3b6c82660accfc657.r2.dev/pub_photos/way/617704032/1_wikidata_1.00.jpg,,,,,2018,"The largest of Sawston's Grade II listed High Street pubs wears its timber and exposed wood handsomely in a busy dining-led room that still keeps real ale on Adnams Broadside, Greene King IPA and Sharp's Doom Bar. Lunchtime, evening and Sunday menus drive trade, with Venture Pub Company ownership following a 2018 refurb after earlier tenant changes. A beer garden, parking and disabled access support family visits, and a new manager arrived in December 2024. Ale may not be the headline, but the beers are consistently well kept.",TRUE,,,TRUE,,,,,,01223 971384,https://thegreyhoundsawston.co.uk/,Q26420909,,0.9100,0.9100,0.9100,0.9100,0.9100,,,0.9100,,,,scrape_failed,firecrawl:Internal Server Error: Failed to scrape. All scraping engines failed to retrieve content from this URL. Engines tried: [,scrape_failed,firecrawl:Internal Server Error: Failed to scrape. All scraping engines failed to retrieve content from this URL. Engines tried: [,ok,,Greyhound Sawston CB22 pub restaurant CAMRA,manual:cambridge-camra.org.uk,Manual enrichment (Tavily replacement),,,,"manual:CAMRA Cambridge (id=1821), camra.org.uk WhatPub. Reopened 3 Feb 2018 after refurb. Queue has short Wikidata description; fuller CAMRA copy provided. Site thegreyhoundsawston.co.uk failed Firecrawl.",ok,,wikidata_r2,1,wikidata,1.00,,,,,,,,
CB22,CB,way,619000773,way/619000773,52.1134614,0.148525,Tickell Arms,,https://pub-17623b3cd0704db3b6c82660accfc657.r2.dev/pub_photos/way/619000773/1_wikidata_1.00.jpg,,,,,,"Set in the heart of Whittlesford, this country pub and restaurant is a short hop from Duxford and the M11. Expect seasonal modern British cooking, Sunday roasts, and a relaxed dining vibe with real fires in winter. Outside, there’s a conservatory/terrace overlooking a pond and rose garden, plus two gardens including a beer garden for light bites and a wide range of drinks. The pub bar serves up to four local real ales and an extensive wine list by the glass. Dogs are welcome in the pub area, where you can also eat if tables are available.",TRUE,,,TRUE,TRUE,,,,North Road,01223 833025,https://thetickellarms.co.uk/,Q26420899,,0.8600,0.9800,0.0000,0.0000,0.9500,0.0000,0.0000,0.9500,0.9000,0.0000,0.0000,ok,,,,,,,,,,,,,ok,,wikidata_r2,1,wikidata,1.00,,,,,,,,
CB24,CB,way,661740178,way/661740178,52.3145221,0.063116,Duke of Wellington,Independent,,,,,,2025,"Exposed beams, three open fires and scrubbed candlelit tables lend rustic warmth to this low-ceilinged Willingham village local, sold by Greene King and reopened free of tie in April 2025 after refurbishment. Bare-boarded floors and a rear car park opening onto a garden create an unpretentious drinking space pouring up to four cask ales from local breweries. Food is not currently offered, but dog-friendly garden seating, quiz nights and occasional live music keep the community returning after a brief autumn 2025 closure.",TRUE,TRUE,,FALSE,TRUE,,,55,Church Street,,,,"Tu-Sa 12:00-23:00, Su-Mo 12:00-10:30",0.8700,,0.8700,0.8700,0.8700,0.8700,,0.8700,0.8700,,,,,,,ok,,Duke of Wellington Willingham CB24 pub CAMRA,manual:cambridge-camra.org.uk,Manual enrichment (Tavily replacement),,,,"manual:CAMRA Cambridge (id=1725), camra.org.uk WhatPub. Reopened free of tie April 2025; temporary closure mid-Sep to early Dec 2025. Facebook only; no official website.",,,,,,,,,,,,,,
CB25,CB,way,744784553,way/744784553,52.2715835,0.2954958,Dyke's End,,https://pub-17623b3cd0704db3b6c82660accfc657.r2.dev/pub_photos/way/744784553/1_exterior_0.92.jpg,,,,,,"Set in the peaceful village of Reach at the edge of the Devil’s Dyke, this free house is a cosy countryside stop for walkers and locals alike. Expect a well-stocked bar with cask ales, lagers, wines, British gin and soft drinks. Inside there’s a refurbished cosy bar, a larger dining area with a log burner, plus an upstairs dining room. Step outside to a front garden overlooking the Village Green (home to the Reach Fair) and a rear garden tucked among fruit trees—ideal for relaxed drinks in the open air. Family and dog friendly.",TRUE,,,,TRUE,,,,,+44 1638 743816,https://www.dykesendreach.co.uk/,,We-Fr 17:00-22:00; Sa 12:00-22:00; Su 12:00-21:00,0.8600,0.0000,0.0000,0.0000,0.9500,0.0000,0.0000,0.0000,0.9000,0.0000,0.0000,ok,,,,,,,,,,,,,ok,,website,1,exterior,0.92,,,,,,,,
CB10,CB,way,771599939,way/771599939,52.062801,0.2001035,Crown & Thistle,Independent,https://pub-17623b3cd0704db3b6c82660accfc657.r2.dev/pub_photos/way/771599939/1_wikidata_1.00.jpg,,,,,1528,"Built in 1528 as the Chequers and extended in 1603 into a coaching inn, this freehouse guards one of Essex's earliest inglenook fireplaces and a legend that James I stopped here en route to his coronation. Today an independent operation pairs a relaxed bar with a restaurant serving authentic Thai cuisine and stone-baked pizzas, backed by real ales, wines and gins. Patio seating and a heated smoking area sit outside, dogs are welcome, and locals and the village cricket team remain loyal regulars.",TRUE,,,TRUE,TRUE,,,,High Street,01799 530278,http://www.thecrownandthistle.pub,Q26592411,,0.9200,0.9200,0.9200,0.9200,0.9200,,,0.9200,0.9200,,,scrape_failed,too_short:42_chars,scrape_failed,too_short:42_chars,ok,,Crown and Thistle Great Chesterford CB10 pub CAMRA,manual:cambridge-camra.org.uk,Manual enrichment (Tavily replacement),,,,"manual:CAMRA North West Essex WhatPub (ENW/11303), thecrownandthistle.pub. Queue has short Wikidata description. Website thecrownandthistle.pub failed Firecrawl thin scrape.",ok,,wikidata_r2,1,wikidata,1.00,,,,,,,,
CB22,CB,way,866280018,way/866280018,52.0905678,0.1556207,The Plough,,https://pub-17623b3cd0704db3b6c82660accfc657.r2.dev/pub_photos/way/866280018/1_wikidata_1.00.jpg,,,,,1851,"A traditional village pub with a long history, serving real ales, ciders, lagers, wines and spirits. Expect good homemade pub food six days a week, plus roast dinners on Sundays, with takeaway available Monday–Friday evenings. The team welcomes you with a friendly, community feel, and there’s plenty to keep you entertained: darts, crib, cards, pool and dominos. With sports branding shown for TNT Sports and Sky Sports, it’s a great spot to drop in for a drink and settle in for the game.",,,TRUE,TRUE,,TRUE,,59 - 61,St Peters Street,+44 1223 833170,https://www.theduxfordplough.co.uk/,Q26615885,,0.8600,0.9500,0.9000,0.5500,0.0000,0.0000,0.5500,0.9500,0.0000,0.9000,0.0000,ok,,,,,,,,,,,,,ok,,wikidata_r2,1,wikidata,1.00,,,,,,,,
CB21,CB,way,945508474,way/945508474,52.0995911,0.3484063,The Old Red Lion,,https://pub-17623b3cd0704db3b6c82660accfc657.r2.dev/pub_photos/way/945508474/1_other_0.50.jpg,https://pub-17623b3cd0704db3b6c82660accfc657.r2.dev/pub_photos/way/945508474/2_other_0.50.jpg,https://pub-17623b3cd0704db3b6c82660accfc657.r2.dev/pub_photos/way/945508474/3_other_0.50.jpg,https://pub-17623b3cd0704db3b6c82660accfc657.r2.dev/pub_photos/way/945508474/4_other_0.50.jpg,https://pub-17623b3cd0704db3b6c82660accfc657.r2.dev/pub_photos/way/945508474/5_other_0.50.jpg,,"Set in the countryside village of Horseheath near Cambridge, this traditional pub and restaurant is a calm, welcoming stop for locals and visitors. Expect seasonal menus with locally sourced ingredients, plus a popular Sunday roast and festive Christmas dining. After dinner, stay in one of 12 spacious ensuite rooms for a proper break. The vibe is cosy and friendly, with guests praising the food, service and comfortable rooms—ideal for a leisurely meal or a quiet overnight stay with your dog.",,,,TRUE,TRUE,,TRUE,,Linton Road,,https://www.theoldredlion.co.uk/,,,0.7800,0.0000,0.0000,0.0000,0.0000,0.0000,0.0000,0.9200,0.8600,0.0000,0.9500,ok,,,,,,,,,,,,,ok,,website,5,other,0.50,other,0.50,other,0.50,other,0.50,other,0.50
CB25,CB,way,1115730232,way/1115730232,52.2227975,0.2257806,White Swan,,https://pub-17623b3cd0704db3b6c82660accfc657.r2.dev/pub_photos/way/1115730232/1_wikidata_1.00.jpg,,,,,,"A family-run village pub in Stow-Cum Quy, Cambridge, set in a timber-framed building dating back to the 17th century. Expect a welcoming local-and-visitor atmosphere with real ales and pub food at the heart of the menu. Booking is advisable, and opening hours vary through the week, with Mondays and Tuesdays closed and midweek/ weekend sessions running into the evening.",,,,TRUE,,,,9,Main Street,01223813818,https://thewhiteswanquy.com/,Q26473976,,0.8600,0.9800,0.5500,0.7200,0.0000,0.0000,0.0000,0.9000,0.0000,0.0000,0.0000,ok,,,,,,,,,,,,,ok,,wikidata_r2,1,wikidata,1.00,,,,,,,,
CB24,CB,way,1115734363,way/1115734363,52.2882445,0.1243365,The Hop Bind,,https://pub-17623b3cd0704db3b6c82660accfc657.r2.dev/pub_photos/way/1115734363/1_other_0.50.jpg,,,,,,"Set in the heart of Cottenham, this old coaching inn brings a classic, comfortable pub feel with a cosy log burner and a warm welcome. Expect a wide range of beers, lagers, ciders and nearly 30 gins, plus pub snacks. Sports fans can settle in with the latest sporting events on multiple screens, with BT and Sky Sports and extra matches on terrestrial TV when there’s demand. There’s also pool and darts, and a heated beer garden for relaxed drinks in the open air.",TRUE,,TRUE,TRUE,,TRUE,,212,High Street,,https://www.thehopbind.co.uk/,,"Mo-Th 15:00-23:00, Fr 15:00-24:00, Sa 12:00-24:00, Su 12:00-22:00",0.8600,0.0000,0.0000,0.0000,0.9200,0.0000,0.9500,0.7800,0.0000,0.9000,0.0000,ok,,,,,,,,,,,,,ok,,website,1,other,0.50,,,,,,,,
CB22,CB,way,1115735623,way/1115735623,52.1487962,0.1337316,Square and Compasses,,https://pub-17623b3cd0704db3b6c82660accfc657.r2.dev/pub_photos/way/1115735623/1_other_0.50.jpg,,,,,,"A traditional pub in Great Shelford built around straightforward, easy-to-choose food. Expect burgers and allergen-friendly Sunday lunch, plus a well-kept beer selection. Drop in for a relaxed drink, dine with friends, or settle in by the fireplace—there’s also the option to eat al fresco. The menu is designed to be clear and accommodating for dietary needs, making it a comfortable spot for casual meals and longer visits alike.",,,,TRUE,,,,46,High Street,+44 1223 343164,https://www.squarecompasses.co.uk/,,"Tu 18:00-22:00; We,Th 12:00-14:30,18:00-22:00; Fr 12:00-15:00,18:00-23:00; Sa 12:00-23:00; Su 12:00-19:00",0.7800,0.0000,0.0000,0.0000,0.0000,0.0000,0.0000,0.9500,0.0000,0.0000,0.0000,ok,,,,,,,,,,,,,ok,,website,1,other,0.50,,,,,,,,
CB2,CB,way,1204234283,way/1204234283,52.2028556,0.1235352,The Regal,JD Wetherspoon,https://pub-17623b3cd0704db3b6c82660accfc657.r2.dev/pub_photos/way/1204234283/1_exterior_0.90.jpg,,,,,2000,"Art-deco bones from Cambridge's 1937 Regal cinema frame one of the city's largest Wetherspoon halls, spread across two floors with a licensed rear patio when it opened in 2000. Four regular cask ales and eight to ten guests rotate through busy handpump banks, complemented by Weston's and Gwynt y Ddraig ciders and streamlined value food from morning to late night. Sport screens, board games and a Friday-Saturday DJ from ten o'clock animate the barn-like space, though weekend queues can test patience in this central landmark.",TRUE,TRUE,TRUE,TRUE,FALSE,,FALSE,38-39,St Andrew's Street,01223 366459,https://www.jdwetherspoon.com/pubs/the-regal-cambridge/,,,0.9400,0.9800,0.9400,0.9400,0.8600,0.9400,0.9400,0.7800,0.9400,0.0000,0.9400,ok,,,,ok,,Regal JD Wetherspoon Cambridge St Andrews Street CAMRA,manual:cambridge-camra.org.uk,Manual enrichment (Tavily replacement),,,,"manual:CAMRA Cambridge (id=1658), jdwetherspoon.com. Duplicate Regal row in OSM (also node/13142721772 JD Wetherspoon entry in batch2). Building opened as Regal cinema 1937.",ok,,website,1,exterior,0.90,,,,,,,,
CB22,CB,way,1426256714,way/1426256714,52.1260312,0.0290461,Royal Oak,,https://pub-17623b3cd0704db3b6c82660accfc657.r2.dev/pub_photos/way/1426256714/1_exterior_0.90.jpg,https://pub-17623b3cd0704db3b6c82660accfc657.r2.dev/pub_photos/way/1426256714/2_other_0.50.jpg,https://pub-17623b3cd0704db3b6c82660accfc657.r2.dev/pub_photos/way/1426256714/3_other_0.50.jpg,https://pub-17623b3cd0704db3b6c82660accfc657.r2.dev/pub_photos/way/1426256714/4_other_0.50.jpg,https://pub-17623b3cd0704db3b6c82660accfc657.r2.dev/pub_photos/way/1426256714/5_other_0.50.jpg,,"Step into a 14th-century village pub on Barrington’s long village green, set in the countryside with a warm, local feel. The bar serves sharing snacks, while the restaurant turns out classic and modern pub dishes with sustainable seafood, plus standout Sunday roasts. On select dates there are themed evenings like a Greek Night. Dogs are welcome in the pub area and you can also dine outside on the green or beneath the oak and walnut trees. There’s also an outdoor bar and pizzeria called The Old Tuck Shop (seasonal), overlooking the green.",TRUE,,,TRUE,TRUE,,,31,West Green,01223 870 791,https://theroyaloakbarrington.co.uk/,,,0.8600,0.9500,0.0000,0.0000,0.9000,0.0000,0.0000,0.9800,0.9500,0.0000,0.0000,ok,,,,,,,,,,,,,ok,,website,5,exterior,0.90,other,0.50,other,0.50,other,0.50,other,0.50
CB22,CB,way,1500669706,way/1500669706,52.1243601,0.1697651,Kings Head,,https://pub-17623b3cd0704db3b6c82660accfc657.r2.dev/pub_photos/way/1500669706/1_wikidata_1.00.jpg,,,,,,"Set in the heart of Sawston, this traditional British pub pairs a premium-value bar with a large sunny beer garden and a cosy bar and snug warmed by a wood-burning stove in winter. Expect quality ales, guest cask, premium lagers, Guinness, cider, plus cocktails on tap and a solid gin and wine selection. There’s also a strong guest-stay offering: refurbished en-suite rooms near Cambridge, including a family option, doubles, and a self-contained cottage with free parking and Wi‑Fi. TNT Sports is shown in the bar, and the venue runs community charity events and a pub quiz.",TRUE,,TRUE,,,,TRUE,19,High Street,01223 833541,https://thekingsheadsawston.co.uk,Q26615922,,0.8600,0.9500,0.0000,0.0000,0.9500,0.0000,0.9000,0.0000,0.0000,0.0000,0.9500,ok,,,,,,,,,,,,,ok,,wikidata_r2,1,wikidata,1.00,,,,,,,,
