pub_name,address
United Service Club,"33 London Road, Bromley, BR1 1DG"
Richmal Crompton - J D Wetherspoon,"23 Westmoreland Place, Bromley, BR1 1DS"
Churchill Theatre,"Churchill Theatre High Street, Bromley, BR1 1HA"
The Artful Duke,"198 High Street, Bromley, BR1 1HE"
The Partridge,"The Partridge 194 High Street, Bromley, BR1 1HE"
The Royal Bell,"175 High Street, Bromley, BR1 1NN"
The Greyhound,"205 High Street, Bromley, BR1 1NY"
Star And Garter,"Star And Garter 227 High Street, Bromley, BR1 1NZ"
Metropolis,"256 High Street, Bromley, BR1 1PG"
Swan And Mitre,"Swan And Mitre 262 High Street, Bromley, BR1 1PG"
Barrel & Horn,"Barrel & Horn 204 High Street, Bromley, BR1 1PW"
O'Neills,"O'neill's 27 East Street, Bromley, BR1 1QE"
Railway Tavern,"The Railway Hotel 45 East Street, Bromley, BR1 1QQ"
Cocktail Akademia,"29A Widmore Road, Bromley, BR1 1RW"
Bickley Park Cricket Club,"Bickley Park Cricket Club Bickley Park Road, Bickley, Bromley, BR1 2AS"
The Lord Holmesdale,"Lord Homesdale 184 Homesdale Road, Bromley, BR1 2QZ"
The Oak,"The Oak 206 Widmore Road, Bromley, BR1 2RH"
Bromley Sports Club / Bromley Cricket Club,"Bromley Cricket Club Plaistow Lane, Bromley, BR1 3AS"
Crown And Anchor,"The Crown And Anchor 19 Park Road, Bromley, BR1 3HJ"
Freelands Tavern,"Freelands Tavern 31 Freelands Road, Bromley, BR1 3HZ"
Bromley Bowling Club,"77A Plaistow Lane, Bromley, BR1 3JF"
The Anglesey Arms,"The Anglesey Arms 90 Palace Road, Bromley, BR1 3JX"
White Horse,"The White Horse 64 Palace Road, Bromley, BR1 3JX"
Red Lion,"Red Lion 10 North Road, Bromley, BR1 3LG"
Sundridge Park Lawn Tennis & Squash Rackets Club,"Sundridge Park Lawn Tennis & Squash Rackets Club Lawn Close, Bromley, BR1 3NA"
The Crown In Sundridge,"46 Plaistow Lane, Bromley, BR1 3PA"
The Craft Beer Cabin,"18 London Road, Bromley, BR1 3QR"
Prince Frederick,"The Prince Frederick 31 Nichol Lane, Bromley, BR1 4DE"
Sundridge Park Working Men's Club,"134 Burnt Ash Lane, Bromley, BR1 5AF"
The Downham Tavern,"Downham Tavern, Downham Way, Bromley, BR1 5HS"
Shortlands Golf Club,"Shortlands Golf Club Meadow Road, Bromley, BR2 0DX"
Shortlands Tavern,"Shortlands Tavern Station Road, Shortlands, Bromley, BR2 0EY"
The Greyhound,"The Greyhound 4 Commonside, Keston, BR2 6BP"
Fox Brasserie & Pub,"The Fox 2 Heathfield Road, Keston, BR2 6BQ"
The Crown Inn,"The Crown Inn Leaves Green Road, Keston, BR2 6DQ"
Kings Arms,"The Kings Arms Leaves Green Road, Keston, BR2 6DU"
Park House Rugby Football Club,"Park House Rugby Football Club Barnet Wood Road, Hayes, Bromley, BR2 7AA"
Petts Wood Football Club,"Petts Wood Football Club Barnet Wood Road, Hayes, Bromley, BR2 7AA"
Metropolitan Police Sports And Social Club,"The Warren Croydon Road, Bromley, BR2 7AL"
Royal British Legion Club,"14 Station Hill, Hayes, Bromley, BR2 7DJ"
The New Inn,"New Inn Station Approach, Hayes, Bromley, BR2 7EA"
The Real Ale Way,"55 Station Approach, Hayes, Bromley, BR2 7EB"
Old Wilsonians Sports Club - Bar,"Old Wilsonians Sports Club Hayes Hill, Hayes, Bromley, BR2 7HN"
The George,"The George 29 Hayes Street, Hayes, Bromley, BR2 7LE"
The Chequers,"The Chequers 177 Southborough Lane, Bromley, BR2 8AP"
Two Doves Limited,"Two Doves 37 Oakley Road, Bromley, BR2 8HD"
Holmesdale Football Club,"7 Oakley Road, Bromley, BR2 8HQ"
The Grove Sports Club,"Bromley Common Cricket Club Oakley Road, Bromley, BR2 8HQ"
Bromley Golf Centre,"Bromley Golf Centre Magpie Hall Lane, Bromley, BR2 8JF"
Bird In The Hand,"Bird In Hand 62 Gravel Road, Bromley, BR2 8PF"
Bromley Lawn Tennis And Squash Club,"Bromley Lawn Tennis And Squash Club Sandford Road, Bromley, BR2 9AN"
Bromley Football Club - Broomfields,"Bromley Football Club Hayes Lane, Hayes, Bromley, BR2 9EF"
Bromley Town Bowling Club,"Bromley Town Bowling And Squash Club Hayes Lane, Hayes, Bromley, BR2 9EF"
Bromley Town Cricket Club,"Old Bromlians Cricket Club Hayes Lane, Hayes, Bromley, BR2 9EF"
Nuffield Health Fitness & Wellbeing Centre,"Nuffield Health Fitness & Wellbeing Centre Hayes Lane, Hayes, Bromley, BR2 9EF"
Bricklayers Arms,"141 - 143 Masons Hill, Bromley, BR2 9HW"
Cork N Cask Bromley,"139 Masons Hill, Bromley, BR2 9HW"
Crown Of Bromley,"Crown Of Bromley 14 Masons Hill, Bromley, BR2 9JG"
Bromley Common Social And Athletic Club,"33 Great Elms Road, Bromley, BR2 9NF"
Chatterton Arms,"Chatterton Arms 41 Chatterton Road, Bromley, BR2 9QW"
Toby Carvery - The Crown,"The Crown 155 Bromley Common, Bromley, BR2 9RJ"
Ye George Inn,"Ye George Inn 111 High Street, Beckenham, BR3 1AG"
White Horse,"The White Horse 205 - 213 High Street, Beckenham, BR3 1AH"
Bridge Bar,"2 - 4 High Street, Beckenham, BR3 1AZ"
O'Neills,"O'neills 9 High Street, Beckenham, BR3 1AZ"
Patrick's,"5 High Street, Beckenham, BR3 1AZ"
Bricklayers Arms,"Bricklayers Arms 237 High Street, Beckenham, BR3 1BN"
Erin's,"150 - 156 High Street, Beckenham, BR3 1EA"
HSBC Sports And Social Club,"Sports Ground Lennard Road, Beckenham, BR3 1QW"
10 Below,"Ground Floor 1 - 4 Station Buildings Southend Road, Beckenham, BR3 1SD"
Park Langley Tennis Club,"Park Langley Tennis Club 44A Wickham Way, Beckenham, BR3 3AF"
Elm And Eden,"404 Upper Elmers End Road, Beckenham, BR3 3HG"
David Lloyd Leisure,"David Lloyd Leisure Stanhope Grove, Beckenham, BR3 3HL"
Beckenham Town Football Club,"Beckenham Town Football Club Eden Park Avenue, Beckenham, BR3 3JL"
Coach and Horses - Kitchen,"Coach And Horses Burnhill Road, Beckenham, BR3 3LA"
Beckenham Rugby Football Club,"Beckenham Rugby Football Club Balmoral Avenue, Beckenham, BR3 3RD"
Club Langley,"Langley Park Sports And Social Club Hawksbrook Lane, Beckenham, BR3 3SR"
Old Dunstonian Sports Club,"Old Dunstonians Sports Club St Dunstan's Lane, Beckenham, BR3 3SS"
The Elm Tree,"The Elm Tree 116 Croydon Road, Beckenham, BR3 4DF"
Goals Soccer Centre,"Goals Soccer Centre Elmers End Road, Beckenham, BR3 4EJ"
Beckenham Social Club,"89 - 91 Churchfields Road, Beckenham, BR3 4QQ"
Beckenham Sports Club,"Beckenham Cricket Club 19 Foxgrove Road, Beckenham, BR3 5AS"
The Chancery,"The Chancery 90 Bromley Road, Beckenham, BR3 5NP"
Br3wery,"1 Kelsey Park Road, Beckenham, BR3 6LH"
Jolly Woodman,"Jolly Woodman 9 Chancery Lane, Beckenham, BR3 6NR"
Wickham Park Sports Club (Bar Only),"228 Pickhurst Rise, West Wickham, BR4 0AU"
Ex Blues Club,"120 Pickhurst Rise, West Wickham, BR4 0AW"
The Railway,"Railway Hotel Red Lodge Road, West Wickham, BR4 0EW"
Miller & Carter,"Miller And Carter Pickhurst Lane, West Wickham, BR4 0HH"
Royal British Legion Club,"40 Ravenswood Crescent, West Wickham, BR4 0JJ"
The Wheatsheaf,"The Wheatsheaf 135 High Street, West Wickham, BR4 0LU"
The Swan,"The Swan 2 High Street, West Wickham, BR4 0NJ"
The Real Ale Way,"75 Station Road, West Wickham, BR4 0PX"
Wickham Theatre Centre,"Wickham Theatre Centre 62 Corkscrew Hill, West Wickham, BR4 9BA"
Beccehamians Rugby Football Club,"Old Beccehamian Rugby Football Club Sparrows Den Sports Ground Corkscrew Hill, West Wickham, BR4 9BB"
West Wickham Cricket & Football Club,"West Wickham Cricket And Football Club Corkscrew Hill, West Wickham, BR4 9BB"
Croydon Rugby Club,"Croydon Rugby Football Club 135 Addington Road, West Wickham, BR4 9BF"
The Palm,"35 Croydon Road, West Wickham, BR4 9HZ"
Petts Wood Snooker Club,"Petts Wood Snooker & American Pool Lounge West Approach, Petts Wood, Orpington, BR5 1DB"
The Sovereign Of The Seas,"The Sovereign Of The Seas 109 - 111 Queensway, Petts Wood, Orpington, BR5 1DG"
Royal British Legion Club - Bar,"Petts Wood Royal British Legion Club Ltd Queensway, Petts Wood, Orpington, BR5 1DH"
One Inn The Wood - Micro Pub,"209 Petts Wood Road, Petts Wood, Orpington, BR5 1LA"
Daylight Inn,"Daylight Inn Station Square, Petts Wood, Orpington, BR5 1LZ"
Vault And Vine,"18 Station Square, Petts Wood, Orpington, BR5 1NA"
Petts Wood Bowling Club,"Willett Recreation Ground Crossway, Petts Wood, Orpington, BR5 1PE"
The Bull Inn,"The Bull Inn Main Road, St Pauls Cray, Orpington, BR5 3HS"
The Beech Tree,"The Beech Tree 75 Wellington Road, Orpington, BR5 4AG"
Brockenhurst Recreational & Social Club,"Brockenhurst Sheepcote Lane, Orpington, BR5 4ET"
Naturist Foundation - Tea Pot Cafe,"Brockenhurst Sheepcote Lane, Orpington, BR5 4ET"
The Cricketers,"The Cricketers 93 Chislehurst Road, Orpington, BR6 0DQ"
Royal British Legion Club,"British Legion Hall 7 Church Hill, Orpington, BR6 0HE"
White Hart,"White Hart 106 High Street, Orpington, BR6 0JY"
Orpington Liberal Club,"7 Station Road, Orpington, BR6 0RZ"
The Maxwell,"The Maxwell Station Road, Orpington, BR6 0RZ"
Royal Oak,"Royal Oak 72 High Street, Green Street Green, Orpington, BR6 6BJ"
Queens Head,"The Queens Head 73 High Street, Green Street Green, Orpington, BR6 6BQ"
Rose And Crown,"Rose And Crown Farnborough Way, Orpington, BR6 6BT"
The Chelsfield,"The Chelsfield 1 Windsor Drive, Orpington, BR6 6EY"
Farnborough Sports Club,"Farnborough Sports Club Farrow Fields High Street, Farnborough, Orpington, BR6 7BA"
The Woodman,"The Woodman 50 High Street, Farnborough, Orpington, BR6 7BA"
Change Of Horses,"Change Of Horses 87 High Street, Farnborough, Orpington, BR6 7BB"
High Elms Golf Club,"High Elms Golf Course Club House High Elms Road, Downe, Orpington, BR6 7JL"
West Kent Golf Club - Bar,"West Kent Golf Club Milking Lane, Downe, Orpington, BR6 7LD"
The Bo Peep,"The Bo-peep Hewitts Road, Orpington, BR6 7QL"
The Five Bells,"Five Bells Church Road, Chelsfield, Orpington, BR6 7RE"
Queens Head,"Queens Head 25 High Street, Downe, Orpington, BR6 7US"
George And Dragon,"George And Dragon 26 High Street, Downe, Orpington, BR6 7UT"
Ye Olde Whyte Lyon,"Ye Olde Whyte Lion Farnborough Common, Orpington, BR6 8NE"
The British Queen,"British Queen 427 Crofton Road, Orpington, BR6 8NL"
Black Horse,"The Black Horse 318 Crofton Road, Orpington, BR6 8NW"
Chelsfield Lakes Golf Centre,"Chelsfield Lakes Golf Centre Court Road, Orpington, BR6 9BX"
Orpington Conservative Club - Bar,"4 Sevenoaks Road, Orpington, BR6 9JJ"
The Buff,"The Buff Pinewood Drive, Orpington, BR6 9NL"
Bromley Tennis Centre,"Bromley Tennis Centre Avebury Road, Orpington, BR6 9SA"
Westcombe Park Rugby Football Club - Bar,"Orpington Sports Club Goddington Lane, Orpington, BR6 9SX"
Queens Head,"Queens Head 2 High Street, Chislehurst, BR7 5AN"
The Gordon Arms,"Gordon Arms 47 Park Road, Chislehurst, BR7 5AY"
Chislehurst Golf Club - Nourish Catering,"Camden Place Camden Park Road, Chislehurst, BR7 5HJ"
Imperial Arms,"Imperial Arms Old Hill, Chislehurst, BR7 5LZ"
Ramblers Rest,"Ramblers Rest Mill Place, Chislehurst, BR7 5ND"
The Bickley,"The Bickley Chislehurst Road, Chislehurst, BR7 5NP"
Tigers Head,"Tigers Head Watts Lane, Chislehurst, BR7 5PJ"
Crown Inn,"Crown Hotel School Road, Chislehurst, BR7 5PQ"
The Beaverwood Sports And Social Club,"Beaverwood Lodge Sports And Leisure Club Beaverwood Road, Chislehurst, BR7 6HF"
Bulls Head Hotel,"Bulls Head Hotel Royal Parade, Chislehurst, BR7 6NR"
The Cockpit,"4 Royal Parade, Chislehurst, BR7 6NR"
Sydney Arms,"The Sydney Arms Old Perry Street, Chislehurst, BR7 6PL"
Nuffield Health (formally Virgin Active Health Club),"Virgin Active Health Club Sidcup By Pass Road, Chislehurst, BR7 6RP"
Glebe Football Club,"Glebe Football Club Foxbury Avenue, Chislehurst, BR7 6SD"
The Red Lion,"Swanley Village Road, Swanley, Kent, BR8 7NF"
The Lamb Inn,"Swanley Village Road, Swanley, KENT, BR8 7NN"
Lullingstone Castle,"Lullingstone Castle, 2 High Street, Swanley, Kent, BR8 8BE"
The Cotton Mill,"Station Road, Swanley, KENT, BR8 8ET"
The Chequers,"Cray Road, Crockenhill, Kent, BR8 8LP"
Warbank Social Club,"Warbank Crescent, Croydon, CR0 0AY"
Man On The Moon,"The Man On The Moon, 112 Headley Drive, Croydon, CR0 0QF"
CR1,"25 - 29 South End, Croydon, CR0 1BE"
The Surrey Cricketers,"23 West Street, Croydon, CR0 1DJ"
The Tree House,"78 South End, Croydon, CR0 1DP"
Carlsberg Bar,"Tokia Square Unit 9, 14 - 26 High Street, Croydon, CR0 1GT"
Slug & Lettuce,"10 Park Lane, Croydon, CR0 1JA"
The George,"The George Public House, George Street, Croydon, CR0 1LA"
The Green Dragon,"The Green Dragon Public House, 60 High Street, Croydon, CR0 1NA"
Crown And Pepper,"242 High Street, Croydon, CR0 1NF"
The Spread Eagle,"The Spreadeagle Public House, 39-41 Katharine Street, Croydon, CR0 1NX"
Riff Raffs,"28 George Street, Croydon, CR0 1PB"
The Ship Public House,"Public House, 47 High Street, Croydon, CR0 1QD"
Dog & Wilderness,"The Dog, 24 - 25 Surrey Street, Croydon, CR0 1RG"
Art & Craft CR0,"46 Surrey Street, Croydon, CR0 1RJ"
The Royal Standard,"The Royal Standard Public House, 1 Sheldon Street, Croydon, CR0 1SS"
The Bulls Head,"Laud Street, Croydon, CR0 1SX"
Bishops Wine Bar,"1129 Whitgift Centre, Croydon, CR0 1UZ"
The Two Brewers P.H.,"The Two Brewers, 221 Gloucester Road, Croydon, CR0 2DW"
The Bedford Tavern,"16 Sydenham Road, Croydon, CR0 2EF"
Pawsons Arms,"The Pawsons Arms, 69 Pawsons Road, Croydon, CR0 2QA"
The Old Fox And Hounds,"1 London Road, Croydon, CR0 2RE"
The Golden Lion,"144 Stanley Road, Croydon, CR0 3QB"
The Hare And Hounds,"325 Purley Way, Croydon, CR0 4NU"
The Dog House,"14 The Broadway, Beddington, CR0 4QR"
The Plough,"The Plough Inn, The Broadway, Beddington, CR0 4QR"
Harvest Home Pub,"Harvest Home, 27 Beddington Lane, Beddington, CR0 4TG"
Mynd Spirit,"Addiscombe Cricket Club, The Sandilands Club, Sandilands, Croydon, CR0 5DB"
The Surprise,"The Surprise Inn, 107 Upper Shirley Road, Croydon, CR0 5HF"
Coombe Lodge,"104 Coombe Road, Croydon, CR0 5RB"
The Orchard,"The Orchard Public House, 112 Cherry Orchard Road, Croydon, CR0 6BA"
The Oval Tavern,"131 Oval Road, Croydon, CR0 6BR"
Porter & Sorter,"The Porter And Sorter Public House, Billinton Hill, Croydon, CR0 6BT"
Alma Tavern,"The Alma Tavern, 129 Lower Addiscombe Road, Croydon, CR0 6PU"
The Cricketers,"107 Addiscombe Road, Croydon, CR0 6SG"
The Builders Arms,"Builders Arms, 65 Leslie Park Road, Croydon, CR0 6TP"
Claret & Ale,"5 Bingham Corner, Lower Addiscombe Road, Croydon, CR0 7AA"
The Crown Inn,"28 Wickham Road, Croydon, CR0 8BA"
The Apple Tree,"The Apple Tree Public House, 1 - 3 Broom Road, Croydon, CR0 8NG"
The Kingsmen,"The Kingsmen Public House, Featherbed Lane, Croydon, CR0 9AS"
The Randall Tavern,"Randalls, Wayside, Field Way, Croydon, CR0 9DX"
The Purley Arms,"345 Brighton Road, South Croydon, CR2 6ER"
Smash Burger Box (At Whelans),"13-15 Selsdon Road, South Croydon, CR2 6PW"
Whelans,"13-15 Selsdon Road, South Croydon, CR2 6PW"
Crown And Sceptre,"Crown And Sceptre Public House, 32 Junction Road, South Croydon, CR2 6RB"
The Croham Arms,"Croham Arms, Croham Road, South Croydon, CR2 7PB"
Golden Beer Ark Micropub,"186 Addington Road, South Croydon, CR2 8LB"
The Sir Julian Huxley,"152 - 154 Addington Road, South Croydon, CR2 8LB"
The Village Club,"151 Addington Road, South Croydon, CR2 8LH"
Whyteleafe Sports Centre,"15 Church Road, Whyteleafe, CR3 0AR"
Whyteleafe Tavern,"208 Godstone Road, Whyteleafe, Surrey, CR3 0EE"
Caterham Arms Bar,"83a Coulsdon Road, Caterham, Surrey, CR3 5NF"
The Fox,"The Fox Public House, Fox Lane, Caterham, CR3 5QS"
The King and Queen,"34 High Street, Caterham, Surrey, CR3 5UA"
Blacksmiths Arms Ph,"39 High Street, Caterham, Surrey, CR3 5UE"
Townend Social Club,"15 Town End, Caterham, Surrey, CR3 5UJ"
The Boundary on the Green,"The Fleeting Brook                                                                                   Guards Avenue, Caterham, Surrey, CR3 5XL"
The Harrow Inn,"235 Stansted Road, Caterham, Surrey, CR3 6AJ"
William Garland,"4 The Square, Caterham, Surrey, CR3 6QA"
Caterham Club,"10a Croydon Road, Caterham, Surrey, CR3 6QB"
The Crown and Pepper,"32 Godstone Road, Caterham, Surrey, CR3 6RA"
Woldingham Social Club Bar,"Woldingham Village Institute                                                                         Upper Court Road, Woldingham, Surrey, CR3 7BE"
Woldingham Golf Club,"The Woldingham Golf Club                                                                             Halliloo Valley Road, Woldingham, Surrey, CR3 7HA"
Miller & Carter,"The Mill House Windmill Road, Mitcham, Merton, CR4 1HT"
Purkins Wine Bar,"174 Streatham Road, Mitcham, Merton, CR4 2AF"
The Gardeners Arms,"Gardeners Arms 107 London Road, Mitcham, Merton, CR4 2JA"
White Lion Of Mortimer,"Pub White Lion Of Mortimer 223 London Road, Mitcham, Merton, CR4 2JD"
The Windmill,"Pub The Windmill Public House 40 Commonside West, Mitcham, Merton, CR4 4HA"
The Crown of Mitcham,"The Crown Of Mitcham Carshalton Road, Mitcham, Merton, CR4 4HJ"
The Tudor Rose,"The Tudor Rose Public House, 270 Coulsdon Road, Coulsdon, CR5 1EB"
Netherne Community Amateur Sports Club,"Woodplace Lane, Hooley, Surrey, CR5 1NB"
Coulsdon Victoria Social Club,"The Victoria Club, 11 Victoria Road, Coulsdon, CR5 2NN"
The Pembroke,"12-16 Chipstead Valley Road, Coulsdon, CR5 2RA"
Smugglers Inn,"318 - 320 Chipstead Valley Road, Coulsdon, CR5 3BE"
Midday Sun Hungry Horse,"Outwood Lane, Chipstead, Surrey, CR5 3NA"
Ramblers Rest Public House,"Outwood Lane, Coulsdon, Surrey, CR5 3NP"
Chipstead Hardcourt Tennis Club,"High Road, Chipstead, Surrey, CR5 3QN"
The Chipstead Players,"The Courtyard Theatre, Longshaw Stables, Hazelwood Lane, Chipstead, CR5 3QU"
The White Hart,"The White Hart Public House, Hazelwood Lane, Chipstead, Surrey, CR5 3QW"
Hooley Social Club,"Hooley Community Centre, Maple Way, Hooley, Surrey, CR5 3RP"
Chipstead Rugby Football Club,"High Road, Chipstead, Surrey, CR5 3SB"
Chipstead Football Club,"High Road, Chipstead, Surrey, CR5 3SF"
"Chipstead, Coulsdon And Walcountians Cricket Club","High Road, Chipstead, Surrey, CR5 3SF"
Chipstead Bowling Club,"Elmore Road, Chipstead, Surrey, CR5 3SG"
The Well House Inn,"Chipstead Lane, Chipstead, Surrey, CR5 3SQ"
The Horseshoe,"5 Farleigh Road, Warlingham, Surrey, CR6 9EG"
White Lion,"3 Farleigh Road, Warlingham, Surrey, CR6 9EG"
Harrow Inn,"Harrow Inn                                                                                           309 Farleigh Road, Warlingham, Surrey, CR6 9EL"
Farleigh Rovers Football Club,"Clubhouse Parsonage Field                                                                           Green Lane, Warlingham, Surrey, CR6 9EY"
Ales on the Green,"20 The Green, Warlingham, Surrey, CR6 9NA"
The Bull Inn,"Chelshem Common, Chelsham, Surrey, CR6 9PB"
Warlingham Sports Club,"Warlingham Sports Club                                                                               Church Lane, Warlingham, CR6 9PR"
Botley Hill Farmhouse,"Botley Hill Farm                                                                                     Limpsfield Road, Warlingham, Surrey, CR6 9QH"
Warlingham Rugby Football Club Bar,"Warlingham Rugby Football Ground                                                                     Limpsfield Road, Warlingham, CR6 9RB"
John Fisher Sports Club,"Clubhouse Sports Ground                                                                             Limpsfield Road, Warlingham, Surrey, CR6 9RD"
Greenacres Sports & Social Club,"282 Limpsfield Road, Warlingham, CR6 9RE"
Railway Telegraph,"19 Brigstock Road, Thornton Heath, CR7 7JJ"
The Prince George,"2-4 High Street, Thornton Heath, CR7 8LE"
Whispers Bar,"5 High Street, Purley, CR8 2AF"
The Jolly Farmer,"Jolly Farmers, 7 Purley Road, Purley, CR8 2HA"
The Foxley Hatch,"8 - 9 Russell Parade, Russell Hill Road, Purley, CR8 2LE"
The Pear Tree Purley,"908 Brighton Road, Purley, CR8 2LN"
Wattenden Arms,"Old Lodge Lane, Kenley, CR8 5EU"
Rafa Portcullis Club,"R A F A Portcullis Club Kenley Aerodrom                                                             Victor Beamish Avenue, Caterham, Surrey, CR8 5FX"
Stage Door,"37 Hythe Street, Dartford, Kent, DA1 1BE"
The Hufflers Arms,"110 Lower Hythe Street, Dartford, Kent, DA1 1BN"
The Wat Tyler,"80 High Street, Dartford, Kent, DA1 1DE"
Glentworth Club,"154 Lowfield Street, Dartford, Kent, DA1 1JB"
The Fox And Hounds,"201 - 203 Lowfield Street, Dartford, Kent, DA1 1JJ"
The Malt Shovel,"3 Darenth Road, Dartford, Kent, DA1 1LP"
The Ivy Leaf,"72 Darenth Road, Dartford, Kent, DA1 1LS"
The Cressy Arms,"1 Hawley Road, Dartford, Kent, DA1 1NP"
The Orange Tree,"6 Hawley Road, Dartford, Kent, DA1 1NR"
Dartford Cricket Club,"The Pavillion, Hesketh Park, Pilgrims Way, Dartford, DA1 1QZ"
Champions Bar,"Dartford Football Club, Stadium, Princes Park, Grassbanks, DA1 1RT"
PP Catering,"Princes Park Stadium, Grassbanks, Dartford, Kent, DA1 1RT"
Amar Hall,"21 East Hill, Dartford, Kent, DA1 1RX"
Royal Naval Association,"Royal Victoria Mill Hall, East Hill, Dartford, Kent, DA1 1RX"
The Tiger,"28 St Albans Road, Dartford, Kent, DA1 1TF"
The Foresters Public House,"15 Great Queen Street, Dartford, Kent, DA1 1TJ"
Dartford & District Irish Association,"43 Overy Street, Dartford, Kent, DA1 1UP"
The Rose,"36 Overy Street, Dartford, Kent, DA1 1UP"
Dartford Working Men's Club & Institute,"40 Essex Road, Dartford, Kent, DA1 2AU"
Dartford Working Mens Club,"40 Essex Road, Dartford, Kent, DA1 2AU"
New Dartford Sports Bar,"13 Spital Street, Dartford, Kent, DA1 2DQ"
Flying Boat,"36 - 42 Spital Street, Dartford, Kent, DA1 2DT"
The Royal Oak,"57 Spital Street, Dartford, Kent, DA1 2DX"
Growler Stop,"7 - 8 Westgate House, Spital Street, Dartford, Kent, DA1 2EH"
Oddfellows Arms,"72 West Hill, Dartford, Kent, DA1 2EU"
Dartford Masonic Club Bar,"Masonic Hall, 71 West Hill, Dartford, Kent, DA1 2HJ"
The Rose And Crown,"43 West Hill, Dartford, Kent, DA1 2HJ"
Fleetdown Bar And Catering Ltd,"Fleetdown United Football Club, Heath Lane, Dartford, Kent, DA1 2QH"
The Ship Public House,"92 Dartford Road, Dartford, Kent, DA1 3ER"
Bird In Hand,"242 Dartford Road, Dartford, Kent, DA1 3EY"
The Dart,"30 Chastilian Road, Dartford, Kent, DA1 3JJ"
Bear & Ragged Staff,"2 London Road, Crayford, Kent, DA1 4BH"
VCD Athletic Club,"Old Road, Crayford, Kent, DA1 4DN"
The One Bell,"170 Old Road, Crayford, Dartford, Kent, DA1 4DY"
The Dukes Head,"53 Crayford High Street, Crayford, Kent, DA1 4EJ"
Crayford Social Club,"Crayford Way, Crayford, Dartford, Kent, DA1 4JA"
The Penny Farthing,"3 Waterside, Crayford, Dartford, Kent, DA1 4JJ"
Danson Sports FC,"Perry Street, Crayford, Dartford, Kent, DA1 4RB"
Crayford Arrows Sports Club,"96 Perry Street, Crayford, Dartford, Kent, DA1 4RJ"
Dartford Invicta Bowls Club,"Invicta Sports Ground, Burnham Road, Dartford, Kent, DA1 5AL"
WI Temple Hill Lunch Club,"Temple Hill Community Centre, Temple Hill Square, Dartford, Kent, DA1 5HX"
Dartford Clay Shooting Club,"Joyce Green Farm, Joyce Green Lane, Dartford, Kent, DA1 5PN"
The Sun,"16 Swanscombe Street, Swanscombe, Kent, DA10 0BG"
Swanscombe Senior Lunch Club,"110 Swanscombe Street, Swanscombe, Kent, DA10 0JZ"
Rising Sun,"16 Craylands Lane, Swanscombe, Kent, DA10 0LP"
Swanscombe Leisure Centre,"Craylands Lane, Swanscombe, Kent, DA10 0LP"
Spots & Stripes Sports Club,"69 - 70 New Road, Gravesend, Kent, DA11 0AE"
The Wheatsheaf,"62 New Road, Gravesend, Kent, DA11 0AE"
EP Banqueting,"Old Town Hall, High Street, Gravesend, Kent, DA11 0AZ"
Kent Cocktail Bar,"20 High Street, Gravesend, Kent, DA11 0BA"
The Mole Hole Micropub,"17 High Street, Gravesend, Kent, DA11 0BA"
The Three Daws,"7 Town Pier, Gravesend, Kent, DA11 0BJ"
Rum Puncheon,"87 West Street, Gravesend, Kent, DA11 0BL"
The Campbell Arms,"1 Campbell Road, Gravesend, Kent, DA11 0JZ"
Pelham Arms,"189 Old Road West, Gravesend, Kent, DA11 0LT"
The Gravesend Masonic Hall,"25 Wrotham Road, Gravesend, Kent, DA11 0PA"
The Three Pillars,"25 Wrotham Road, Gravesend, Kent, DA11 0PA"
The Cricketers,"47 Arthur Street, Gravesend, Kent, DA11 0PR"
Gravesend Bowls Club,"Bat And Ball Sports Ground, Wrotham Road, Gravesend, Kent, DA11 0QP"
Gravesend Cricket Club,"Bat And Ball Ground, Wrotham Road, Gravesend, Kent, DA11 0QP"
Punjabi Junction @ Railway Bell,"The Railway Bell, Anglesea Place, Gravesend, Kent, DA11 0RR"
The Somerset Arms,"10 Darnley Road, Gravesend, Kent, DA11 0RU"
Woodlands Park Bowling Club,"Woodlands Park, Dashwood Road, Northfleet, Gravesend, DA11 7LZ"
Mid Kent Golf Club,"Singlewell Road, Gravesend, Kent, DA11 7RB"
Northfleet Bowling Club,"Wombwell Park, Mitchell Avenue, Northfleet, Gravesend, DA11 8AU"
Earl Grey,"177 Vale Road, Northfleet, Kent, DA11 8BP"
The Six Bells,"Old Perry Street, Northfleet, Gravesend, Kent, DA11 8BT"
Gravesend Theatre Guild,"The Guild Theatre, Vale Road, Northfleet, Gravesend, DA11 8DA"
Painters Ash Public House,"25 Dene Holm Road, Northfleet, Kent, DA11 8LF"
Perry Street Conservative Club,"2 Perry Street, Northfleet, Kent, DA11 8QU"
The Crown,"29 Perry Street, Northfleet, Kent, DA11 8RA"
The Rose,"1 Perry Street, Northfleet, Kent, DA11 8RA"
Iron Pier Brewery & Tap Room,"Unit 6-7, May Avenue, Northfleet, Gravesend, DA11 8RU"
Red Lion,"2 Crete Hall Road, Northfleet, Kent, DA11 9AA"
Gravesend Pool Lounge,"Unit 2, Ellandaye House, The Shore, Northfleet, DA11 9AL"
The Rose Inn,"1 Rose Street, Northfleet, Gravesend, Kent, DA11 9EQ"
Ye Olde Coach And Horses Inn,"25 The Hill, Northfleet, Gravesend, Kent, DA11 9EU"
Elephants Head,"106 London Road, Northfleet, Kent, DA11 9LZ"
Northfleet & District Traders Association,"39 Dover Road, Northfleet, Gravesend, Kent, DA11 9PH"
Ye Olde Leather Bottle,"1 Dover Road, Northfleet, Kent, DA11 9PH"
The Compass Alehouse,"7 Manor Road, Gravesend, Kent, DA12 1AA"
Robert Pocock,"181 Windmill Street, Gravesend, Kent, DA12 1AH"
The Invicta Bar,"31 Windmill Street, Gravesend, Kent, DA12 1AS"
The Forresters Arms,"150 Parrock Street, Gravesend, Kent, DA12 1ER"
Gravesend Conservative Club,"193 Parrock Street, Gravesend, Kent, DA12 1EW"
The Jolly Drayman Pub & Hotel,"1 Love Lane, Wellington Street, Gravesend, Kent, DA12 1JA"
Waterloo Tavern,"55 Wellington Street, Gravesend, Kent, DA12 1JQ"
The Windmill Tavern,"45 Shrubbery Road, Gravesend, Kent, DA12 1JW"
Old Prince Of Orange,"1 Old Road East, Gravesend, Kent, DA12 1NJ"
The Echo,"24 Old Road East, Gravesend, Kent, DA12 1NR"
Old Gravesendians Sports Association,"Fleetway Sports Ground, Bronte View, Gravesend, Kent, DA12 1PX"
Gravesend Rowing Club,"Gordon Promenade, Gordon Place, Gravesend, Kent, DA12 2BS"
"The Goose AKA KTown; Fluster Cluck; Locked & Loaded; 88th St, Value Mighty; Sin City Burger","23-25 King Street, Gravesend, Kent, DA12 2DU"
Kings Sports Bar,"8 - 9 King Street, Gravesend, Kent, DA12 2EB"
The George,"38 Queen Street, Gravesend, Kent, DA12 2EE"
Blakes,"23 Queen Street, Gravesend, Kent, DA12 2EQ"
Milton Ale Shades,"25 East Milton Road, Gravesend, Kent, DA12 2JL"
Milton Social Club,"34 Raphael Road, Gravesend, Kent, DA12 2PW"
Ship & Lobster,"Mark Lane, Gravesend, Kent, DA12 2QB"
TJ's,"15 Milton Road, Gravesend, Kent, DA12 2RF"
The Grapes,"153 Milton Road, Gravesend, Kent, DA12 2RG"
Gravesend Sailing Club,"Gordon Promenade East, Gravesend, Kent, DA12 2RN"
"Punjabi Bagicha Restaurant, Catering & Events","1 Canal Road, Gravesend, Kent, DA12 2RS"
Gravesend Rugby Football Club,"Donald Biggs Drive, Gravesend, Kent, DA12 2TL"
Cobham Cricket Club,"95 The Street, Cobham, Kent, DA12 3BL"
The Ship Inn,"14 The Street, Cobham, Kent, DA12 3BN"
Cobham Bowls Club,"Recreation Ground, The Street, Cobham, Gravesend, DA12 3BZ"
The Darnley Arms,"40 The Street, Cobham, Kent, DA12 3BZ"
The Leather Bottle,"54 The Street, Cobham, Kent, DA12 3BZ"
The Rose And Crown,"32 The Street, Shorne, Gravesend, Kent, DA12 3EA"
The See Ho,"Pear Tree Lane, Shorne, Gravesend, Kent, DA12 3JX"
View Point Community Centre,"Thong Lane, Gravesend, Kent, DA12 4LF"
Gravesend Boat,"Leander Drive, Gravesend, Kent, DA12 4NQ"
The George,"Hever Court Road, Gravesend, Kent, DA12 5UQ"
The George Inn,"Wrotham Road, Meopham, Gravesend, Kent, DA13 0AH"
Meopham Country Club,"Rear Of Village Hall, Wrotham Road, Meopham, Gravesend, DA13 0AT"
Harvel Cricket Club,"Desmond Wood Ground, David Street, Meopham, Gravesend, DA13 0DE"
New Ifield Cricket Club,"Crispin Cricket Ground, Priestwood Road, Meopham, Gravesend, DA13 0DJ"
Railway Tavern,"Wrotham Road, Meopham, Gravesend, Kent, DA13 0HP"
Meopham Valley Vineyard,"Meopham Green, Meopham, Gravesend, Kent, DA13 0PY"
Meopham Cricket Club,"Cricket Pavilion, Meopham Green, Meopham, Gravesend, DA13 0PZ"
The Cricketers Inn,"Wrotham Road, Meopham, Kent, DA13 0QA"
Minel Meze & Grill,"1 Wellington House, Wrotham Road, Meopham, Gravesend, DA13 0QB"
The Villager,"The Bay, Vigo, Gravesend, Kent, DA13 0TD"
The Cock Inn,"Henley Street, Luddesdown, Kent, DA13 0XB"
The Lion,"Luddesdown Road, Luddesdown, Kent, DA13 0XE"
Railway Inn,"The Railway Inn, Sole Street, Cobham, Gravesend, DA13 0XY"
Southfleet Village Club,"Warren Road, Southfleet, Kent, DA13 9NN"
The Ship Inn,"The Ship, Red Street, Southfleet, Kent, DA13 9NS"
Manor Farm Barn,"New Barn Road, Southfleet, Kent, DA13 9PU"
The Alma,"The Alma Public House, 10 Alma Road, Sidcup, Kent, DA14 4EA"
Foots Cray Social Club,"23-27 Cray Road, Sidcup, Kent, DA14 5BY"
David Lloyd Leisure,"Baugh Road, Sidcup, Kent, DA14 5ED"
White Cross Inn,"White Cross Inn Public House, 146 North Cray Road, Sidcup, Kent, DA14 5EL"
The Seven Stars Public House,"Foots Cray High Street, Sidcup, Kent, DA14 5HJ"
Flower Of Kent Social Club,"118 Maidstone Road, Sidcup, Kent, DA14 5HS"
Sidcup Recreation Club,"Church Avenue, Sidcup, Kent, DA14 6BU"
The Tailor's Chalk,"47-49 Sidcup High Street, Sidcup, Kent, DA14 6ED"
The Fold,"19 Sidcup High Street, Sidcup, Kent, DA14 6EN"
The Hoppers Hut,"1 Invicta Parade, Sidcup High Street, Sidcup, Kent, DA14 6ER"
Sidcup & District Conservative Club,"Oxford Road, Sidcup, Kent, DA14 6LW"
Ninety Seven Wine & Cocktail Bar,"97 Main Road, Sidcup, Kent, DA14 6ND"
Hill Top Tap,"7 - 8 Elm Parade, Main Road, Sidcup, Kent, DA14 6NF"
Sidcup And Footscray United Services Club,"108 Main Road, Sidcup, Kent, DA14 6NG"
Horse & Groom Harvester,"136 Main Road, Sidcup, Kent, DA14 6NZ"
Sidcup Working Men's Social Club And Institute,"169 Main Road, Sidcup, Kent, DA14 6PD"
Sidcup Sports Club Catering,"Sydney Road, Sidcup, Kent, DA14 6RA"
The Iron Horse Also T/A Sheeba Frances Ltd,"The Iron Horse, 122 Station Road, Sidcup, Kent, DA15 7AB"
Boyles' Bar Sidcup,"79 Station Road, Sidcup, Kent, DA15 7DN"
Bexley & Sidcup Conservative Club,"19 Station Road, Sidcup, Kent, DA15 7EB"
The Halfway House,"188C Halfway Street, Sidcup, Kent, DA15 8DJ"
Black Boy Public House,"Black Boy Southspring, Avery Hill, Greenwich, DA15 8EA"
Ye Olde Black Horse,"43 Halfway Street, Sidcup, Kent, DA15 8LH"
George Staples,"273 Blackfen Road, Sidcup, Kent, DA15 8PR"
Jolly Fenman (Sidcup),"The Jolly Fenman Public House, 64 - 68 Blackfen Road, Sidcup, Kent, DA15 8SW"
Montrose Park Club,"158 Hurst Road, Sidcup, Kent, DA15 9AJ"
The Hangar Sidcup,"37 The Oval, Sidcup, Kent, DA15 9ER"
Copper House Blackfen,"31 Wellington Parade, Blackfen Road, Sidcup, Kent, DA15 9NB"
Tap Sidcup,"3 Wellington Parade, Blackfen Road, Sidcup, Kent, DA15 9NB"
The Broken Drum,"308 Westwood Lane, Sidcup, Kent, DA15 9PT"
Nags Head,"37 Welling High Street, Welling, Kent, DA16 1TR"
The Door Hinge,"11 Welling High Street, Welling, Kent, DA16 1TR"
Bexley Deaf Club,"Falconwood Community Centre, 31 - 39 Falconwood Parade, Welling, Kent, DA16 2PG"
The Bolthole,"12 Falconwood Parade, Welling, Kent, DA16 2PL"
Falconwood Private Members' Club,"Falconwood Avenue, Welling, Kent, DA16 2SG"
The Green Man Public House & Sunset Restaurant,"168 Wickham Street, Welling, Kent, DA16 3NL"
New Cross Turnpike,"55 Bellegrove Road, Welling, Kent, DA16 3PB"
The Hangar Welling,"35 Bellegrove Road, Welling, Kent, DA16 3PB"
Welling Snooker And Pool Club,"52 - 54 Bellegrove Road, Welling, Kent, DA16 3PY"
Bellegrove Social Club,"90 Bellegrove Road, Welling, Kent, DA16 3QD"
Plough And Harrow,"Plough And Harrow Public House, 143 Bellegrove Road, Welling, Kent, DA16 3QS"
Lemon And Thyme @ Westwood Masonic Centre,"168 Bellegrove Road, Welling, Kent, DA16 3RD"
Belvedere North Conservative Club,"2 Paroma Road, Belvedere, Kent, DA17 5AA"
Belvedere Working Men's Club,"66 Gilbert Road, Belvedere, Kent, DA17 5DA"
Prince Of Wales Public House,"13A Woolwich Road, Belvedere, Kent, DA17 5EE"
The Eardley Arms,"44 Woolwich Road, Belvedere, Kent, DA17 5EN"
The Royal Standard,"Royal Standard Public House, 39 Nuxley Road, Belvedere, Kent, DA17 5JN"
Belvedere Social Club,"27-35 Nuxley Road, Belvedere, Kent, DA17 5JQ"
The Fox,"79 Nuxley Road, Belvedere, Kent, DA17 5JU"
The Village Inn,"104 Nuxley Road, Belvedere, Kent, DA17 5LD"
The Victoria,"2 Victoria Street, Belvedere, Kent, DA17 5LN"
Priory Conservative Club,"169 Picardy Road, Belvedere, Kent, DA17 5QL"
Halfway Public House,"165 Lower Road, Belvedere, Kent, DA17 6DQ"
The Morgan,"1 Clydesdale Way, Belvedere, Kent, DA17 6FD"
Brent School Old Boys Social Club,"Brent Old Boys Social Club, London Road, Stone, Kent, DA2 6AS"
Stone Lodge Indoor Bowls & Social Club,"Stone Lodge Bowling Centre, Stone Lodge Complex, Cotton Lane, Stone, DA2 6BP"
The Wharf,"Galleon Boulevard, Crossways Business Park, Dartford, Kent, DA2 6QE"
Bexley Park Sports And Social Club,"Bexley Park, Calvert Drive, Dartford, Kent, DA2 7AG"
Horse And Groom,"15 Leyton Cross Road, Wilmington, Kent, DA2 7AP"
Leyton Cross Social Club,"14 Tredegar Road, Wilmington, Kent, DA2 7AZ"
Birchwood Park Golf Club (Catering),"Birchwood Road, Wilmington, Kent, DA2 7HJ"
The Ship,"Puddledock Lane, Wilmington, Kent, DA2 7QF"
The Chequers,"Darenth Road, Darenth, Kent, DA2 7QT"
The Black Horse,"High Street, Bean, Kent, DA2 8AS"
The Green Man Public House,"The Green Man, Main Road, Longfield, Kent, DA3 7AS"
Railway Tavern,"2 Station Road, Longfield, Kent, DA3 7QD"
Long Valley Sport And Social Club,"Fawkham Road, Longfield, Kent, DA3 7QP"
Hartley Country Club,"Culvey Close, Hartley, KENT, DA3 8BS"
Hartley Social Club,"Hartley & District Social Club Ltd, Ash Road, Hartley, Longfield, DA3 8EH"
New Ash Green Pavilion,"New Ash Green Sports Pavilion, Punch Croft, New Ash Green, KENT, DA3 8HS"
The Badger,"The Badger, The Row, New Ash Green, Longfield, DA3 8JB"
Corinthian Sports Club,"Corinthian Sports Club Ltd, Valley Road, Fawkham, KENT, DA3 8LY"
Eureka Sun Club,"Eureka, Manor Lane, Fawkham, Longfield, DA3 8ND"
The Rising Sun Inn,"The Rising Sun, Valley Road, Fawkham, Kent, DA3 8NL"
The Castle Hotel,"High Street, Eynsford, KENT, DA4 0AB"
Eynsford Riverside Club,"Riverside, Eynsford, Dartford, Kent, DA4 0AE"
The Plough Inn,"24 Riverside, Eynsford, KENT, DA4 0AE"
Pied Bull,"High Street, Farningham, Dartford, Kent, DA4 0DG"
The Lion,"High Street, Farningham, Dartford, Kent, DA4 0DP"
Malt Shovel,"Malt Shovel, Station Road, Eynsford, Dartford, DA4 0ER"
The Jolly Millers,"Jolly Millers, East Hill, South Darenth, KENT, DA4 9AN"
The Bridges Pub,"The Bridges, Horton Road, South Darenth, Kent, DA4 9AX"
The Fighting Cocks,"Fighting Cocks, The Street, Horton Kirby, Kent, DA4 9BY"
The Bull,"Lombard Street, Horton Kirby, KENT, DA4 9DF"
The Ship,"218 Main Road, Sutton At Hone, Kent, DA4 9HP"
Tanyard Lane Bar & Kitchen,"61-63 Bexley High Street, Bexley, Kent, DA5 1AA"
The Kings Head,"Kings Head Public House, 65 Bexley High Street, Bexley, Kent, DA5 1AA"
Old Bexley Ex Servicemans Club,"Bexley High Street, Bexley, Kent, DA5 1AB"
The Railway Tavern,"38 Bexley High Street, Bexley, Kent, DA5 1AH"
The George,"74 Bexley High Street, Bexley, Kent, DA5 1AJ"
Bexley Lawn Tennis & Squash Club,"Parkhurst Road, Bexley, Kent, DA5 1AX"
The Three Blackbirds Public House,"118 Blendon Road, Bexley, Kent, DA5 1BX"
Anchor Pub,"The Blue Anchor Public House, Bridgen Road, Bexley, Kent, DA5 1JE"
The Millers Arms,"The Millers Arms Public House, 81 Bexley High Street, Bexley, Kent, DA5 1JX"
The Rusty Bucket Pub,"3 Mill Row, Bexley High Street, Bexley, Kent, DA5 1LA"
Dartfordians Community Sports Club,"Bourne Road, Bexley, Kent, DA5 1LW"
Black Horse Public House,"63 Albert Road, Bexley, Kent, DA5 1NT"
Miller And Carter,"Hall Place, Bourne Road, Bexley, Kent, DA5 1PQ"
Maypole Social Club,"Maypole Club And Institute, Heath End Road, Bexley, Kent, DA5 2AH"
Baldwyns Freeholders Association & Club,"Freeholders Association, Baldwyns Park, Bexley, Kent, DA5 2BA"
Silver Fox Micro Pub,"9 Montpelier Avenue, Bexley, Kent, DA5 3AP"
The Albany Hotel,"Steynton Avenue, Bexley, Kent, DA5 3HN"
Burnt Ash (Bexley) Hockey Club,"Manor Way, Bexley, Kent, DA5 3QG"
Cambridge Harriers,"Glenhurst Avenue, Bexley, Kent, DA5 3QW"
Goals Bexleyheath At Bexleyheath School,"Graham Road, Bexleyheath, Kent, DA6 7DA"
The Kings Arms,"Kings Arms Public House, 156 Broadway, Bexleyheath, Kent, DA6 7DW"
Two 1 Five,"215 Broadway, Bexleyheath, Kent, DA6 7EJ"
Rose Public House,"179 Broadway, Bexleyheath, Kent, DA6 7ES"
Status Bexleyheath,"167 Broadway, Bexleyheath, Kent, DA6 7ES"
IVI Club,"151 Broadway, Bexleyheath, Kent, DA6 7EZ"
Bexleyheath Working Men's Club,"Royal Oak Road, Bexleyheath, Kent, DA6 7HG"
The Prince Albert,"Prince Albert Public House, 2 Broadway, Bexleyheath, Kent, DA6 7LE"
Pure,"Albion Road, Bexleyheath, Kent, DA6 7LS"
The Wrong' Un,"234-236 Broadway, Bexleyheath, Kent, DA6 8AS"
Golden Lion,"260 Broadway, Bexleyheath, Kent, DA6 8BE"
Arcadia Lounge Bar,"247 Broadway, Bexleyheath, Kent, DA6 8DB"
Toby Carvery At Crook Log Public House,"Crook Log, Bexleyheath, Kent, DA6 8EQ"
Danson Stables,"Danson Park, Danson Road, Bexleyheath, Kent, DA6 8HL"
Bexleyheath Golf Club,"Mount Road, Bexleyheath, Kent, DA6 8JS"
The Royal Oak,"68 Mount Road, Bexleyheath, Kent, DA6 8JS"
Martin Dene Lawn Tennis Club,"Martin Dene, Bexleyheath, Kent, DA6 8NA"
Robin Hood & Little John,"78 Lion Road, Bexleyheath, Kent, DA6 8PF"
The Volunteer Pub,"The Volunteer Public House, 46 Church Road, Bexleyheath, Kent, DA7 4DQ"
William Camden Public House,"Avenue Road, Bexleyheath, Kent, DA7 4EQ"
The Furze Wren,"1 Mayplace Road West, Bexleyheath, Kent, DA7 4JB"
Jolly Millers,"The Jolly Miller Public House, 111 Mayplace Road West, Bexleyheath, Kent, DA7 4JR"
The Kentish Belle,"8 Pickford Lane, Bexleyheath, Kent, DA7 4QW"
The Yacht,"The Yacht Public House, Long Lane, Bexleyheath, Kent, DA7 5AE"
Travellers Home Public House,"Long Lane, Bexleyheath, Kent, DA7 5AR"
The Earl Haig,"The Pantiles, Bexleyheath, Kent, DA7 5HH"
The Bird And Barrell,"100 Barnehurst Road, Bexleyheath, Kent, DA7 6HG"
The Red Barn,"Barnehurst Road, Bexleyheath, Kent, DA7 6HG"
Phoenix Sports Club,"Mayplace Road East, Bexleyheath, Kent, DA7 6JT"
Barnehurst Golf Club,"Barnehurst Golf Course, Mayplace Road East, Bexleyheath, Kent, DA7 6JU"
The Ship,"110 West Street, Erith, Kent, DA8 1AN"
North Heath Social Club,"8 Mill Road, Erith, Kent, DA8 1HN"
The Duchess Of Kent,"143 Brook Street, Erith, Kent, DA8 1JE"
The Brewers Arms,"22 Brook Street, Erith, Kent, DA8 1JQ"
Running Horses,"Running Horses Public House, Erith High Street, Erith, Kent, DA8 1QY"
"The Exchange, Erith","Erith Library, Walnut Tree Road, Erith, Kent, DA8 1RS"
Erith Yacht Club,"Manor Road, Erith, Kent, DA8 2AD"
Corner Pin Food,"The Corner Pin Public House, Slade Green Road, Erith, Kent, DA8 2HX"
Corner Pin PH,"The Corner Pin Public House, Slade Green Road, Erith, Kent, DA8 2HX"
Slade Green Railway Club,"Forest Road, Erith, Kent, DA8 2NX"
Erith Leisure Centre,"Avenue Road, Erith, Kent, DA8 3AT"
Erith Veterans Club,"Park Crescent, Erith, Kent, DA8 3DE"
The Duke Of Northumberland,"322 Bexley Road, Erith, Kent, DA8 3HB"
The Royal Oak Public House,"270 Bexley Road, Erith, Kent, DA8 3HB"
The Bull,"293 London Road, Stone, Kent, DA9 9DA"
Beefs And Babes,"217 London Road, Stone, Kent, DA9 9DQ"
Greenhithe & Swanscombe RBL Social Club Ltd,"Greenhithe Royal British Legion Social Club, London Road, Greenhithe, Kent, DA9 9EJ"
The Sir John Franklin,"Sir John Franklin, High Street, Greenhithe, Kent, DA9 9NN"
Mad George Tavern,"George Tavern, 373 Commercial Road, London, E1 0LA"
The Peacock,"The Peacock Public House, 145 Aylward Street, London, E1 0QW"
London Hospital Tavern,"London Hospital Tavern, 176 Whitechapel Road, London, E1 1BJ"
Blind Beggar,"The Blind Beggar, 337-341 Whitechapel Road, London, E1 1BU"
Nags Head,"Nags Head Public House, 17-19 Whitechapel Road, London, E1 1DU"
Castle,"The Castle Public House, 44 Commercial Road, London, E1 1LN"
Dog & Truck,"Dog And Truck Public House, 72 Back Church Lane, London, E1 1LX"
Good Samaritan,"Good Samaritan, 87 Turner Street, London, E1 2AE"
Hungerford Arms,"Hungerford Arms Public House, 240 Commercial Road, London, E1 2NB"
Drapers Arms Bar & E1 Venue Bar,"Drapers Arms Bar & E1 Venue Bar, 432 Bancroft Road, London, E1 4DH"
Bancroft Arms,"Bancroft Arms, 410 Mile End Road, London, E1 4RQ"
White Hart,"White Hart Public House, 1 Mile End Road, London, E1 4TP"
Half Moon,"Half Moon, 213-233 Mile End Road, London, E1 4YU"
The Pride Of Spitalfields,"The Pride Of Spitalfields Public House, 3 Heneage Street, London, E1 5LJ"
The Gun,"The Gun, 54 Brushfield Street, London, E1 6AG"
Be At One,"Basement And Ground Floor Retail Unit Edward House, 16-18 Brushfield Street, London, E1 6AN"
Shoreditch House,"SHOREDITCH HOUSE EBOR STREET, Hackney, London, E1 6AW"
The Grocer,"The Grocer, 4 Crispin Place, London, E1 6DW"
Merchant & Weaver,"8a Lamb Street, London, E1 6EA"
London Cocktail Club Sclater Street,"London Cocktail Club Slater Street Comm Unit 12 Avant Garde Building, 29 Sclater Street, London, E1 6HT"
Matchbox,"134-135 SHOREDITCH HIGH STREET, Hackney, London, E1 6JE"
Phoenix Bar,"138-139 SHOREDITCH HIGH STREET, Hackney, London, E1 6JE"
The Corner Shop,"123 SHOREDITCH HIGH STREET, Hackney, London, E1 6JE"
The Shoreditch Arms/Bar Kick,"126-127 SHOREDITCH HIGH STREET, Hackney, London, E1 6JE"
Smoking Goat,"64 SHOREDITCH HIGH STREET, Hackney, London, E1 6JJ"
The Rainbow Sports Bar,"72 SHOREDITCH HIGH STREET, Hackney, London, E1 6JJ"
Oranj,"Oranj, 14 Bacon Street, London, E1 6LF"
The Culpeper,"The Culpeper, 40 Commercial Street, London, E1 6LP"
68 & Shanghai,"68 & Shanghai, 76 Commercial Street, London, E1 6LY"
The Ten Bells,"Ten Bells Public House, 84 Commercial Street, London, E1 6LY"
The Golden Heart,"Golden Heart Public House, 110 Commercial Street, London, E1 6LZ"
Commercial Tavern,"Commercial Tavern Public House, 142-144 Commercial Street, London, E1 6NU"
Ninety One Living Room,"Ninety One Living Room, 91 Brick Lane, London, E1 6QL"
Juju's Bar & Stage,"Juju's, 15 Hanbury Street, London, E1 6QR"
93 Feet East,"93 Feet East, 150 Brick Lane, London, E1 6RU"
Exit Bar,"Exit Bar, 174 Brick Lane, London, E1 6RU"
Apples and Pears,"Apples and Pears, 26 Osborn Street, London, E1 6TD"
The Buxton,"The Buxton, 42 Osborn Street, London, E1 6TD"
Hit King,"9 Stoney Lane, London, E1 7BH"
The Bell PH,"The Bell PH, 50 Middlesex Street, London, E1 7EX"
"Star By Liverpool Street, Firestarter","Star In Liverpool, 94-98 Middlesex Street, London, E1 7EZ"
Kings Stores Public House,"14 Widegate Street, London, E1 7HP"
Simmons Bar,"21 Widegate Street, London, E1 7HP"
Boulebar,"Boulebar, 7 Frying Pan Alley, London, E1 7HS"
Chapter House Student Living Bar,"Chapter House Student Living Bar, 9 Frying Pan Alley, London, E1 7HS"
City of London Cigars,"Retail Unit 1, 124 Middlesex Street, London, E1 7HY"
Astronomer,"125-129 Middlesex Street, London, E1 7JF"
Enoteca Super Tuscan,"Enoteca Super Tuscan, 8a Artillery Passage, London, E1 7LJ"
Grapeshots,"Grapeshots, 2-3 Artillery Passage, London, E1 7LJ"
The Breakfast Club,"12-16 Artillery Lane, London, E1 7LS"
Williams Ale And Cider House,"22-24 Artillery Lane, London, E1 7LS"
Duke of Wellington,"Duke Of Wellington, 12-14 Toynbee Street, London, E1 7NE"
White Hart,"White Hart Public House, 89 Whitechapel High Street, London, E1 7QX"
K-Town & Chik Box; Locked And Loaded; Duke of Somerset,"Duke Of Somerset Public House, 15 Little Somerset Street, London, E1 8AH"
Goodmans Field,"Goodman Field Public House Gro, 87-91 Mansell Street, London, E1 8AP"
Princess of Prussia,"Princess Of Prussia Public House, 15 Prescot Street, London, E1 8AZ"
AGL Airsoft,"Basement, 61 Gowers Walk, London, E1 8BS"
Club Oops,"Club Oops, 30 Alie Street, London, E1 8DA"
The White Swan,"White Swan Public House, 21-23 Alie Street, London, E1 8DA"
Leman Bar,"Leman Bar, 19a Leman Street, London, E1 8EN"
The Black Horse,"Black Horse Public House, 40 Leman Street, London, E1 8EU"
Doll House,"White's Gentlemans Club, 32-38 Leman Street, London, E1 8EW"
Brown Bear,"Brown Bear Public House, 139 Leman Street, London, E1 8EY"
Sir Sydney Smith,"Sir Sydney Smith, 22 Dock Street, London, E1 8JP"
Artful Dodger,"The Artful Dodger Public House, 47 Royal Mint Street, London, E1 8LG"
Leman Street Tavern,"Leman Street Tavern  Unit 3 North West Block, Goodman's Fields, London, E1 8PT"
Boom Battle Bar Aldgate East,"19 Chaucer Gardens, London, E1 8QG"
Prince of Wales,"777 High Road Leyton, Leyton, London, E10 5AB"
The Coach & Horses,"The Coach And Horses Public House 391 High Road Leyton, Leyton, London, E10 5NA"
Kapture,"Basement And Ground Floor 267 High Road Leyton, Leyton, London, E10 5QL"
Leyton Engineer,"The Great Hall 265B High Road Leyton, Leyton, London, E10 5QN"
Break Lounge,"788 High Road Leyton, Leyton, London, E10 6AE"
William The Fourth,"The King William Iv Public House 816 High Road Leyton, Leyton, London, E10 6AE"
Gravity Well Taproom Limited,"Arch 155 Midland Road, Leyton, London, E10 6JT"
Chop Shop Tavern,"Arch 141 Tilbury Road, Leyton, London, E10 6RE"
Leyton Calling,"Arch 145 Tilbury Road, Leyton, London, E10 6RE"
Swirl E10,"Arch 148 Tilbury Road, Leyton, London, E10 6RE"
The Auctioneer,"596 Lea Bridge Road, Leyton, London, E10 7DN"
The European,"The Drum Public House 557 - 559 Lea Bridge Road, Leyton, London, E10 7EQ"
Blondies Taproom,"258 Church Road, Leyton, London, E10 7JQ"
Hare and Hounds,"The Hare And Hounds Public House 278 Lea Bridge Road, Leyton, London, E10 7LD"
Yapalak FC,"185A Lea Bridge Road, Leyton, London, E10 7PN"
The Walnut Tree,"The Walnut Tree 857 - 861 High Road Leytonstone, Leytonstone, London, E11 1HH"
Toby Carvery (Eagle),"73 Hollybush Hill, Wanstead, E11 1PE"
The Cuckfield Public House,"31 High Street, Wanstead, E11 2AA"
Nightingale on the Green,"51 Nightingale Lane, Wanstead, E11 2EY"
The Duke,"79 Nightingale Lane, Wanstead, E11 2EY"
Eton Manor Rugby Club,"Nutter Lane, Wanstead, E11 2JA"
Linkside Lawn Tennis Club,"Overton Drive, Wanstead, E11 2LW"
Wanstead Cricket Club,"Overton Drive, Wanstead, E11 2LW"
Wanstead Golf Club,"Overton Drive, Wanstead, E11 2LW"
Wanstead House Community Assoc,"21 The Green, Wanstead, E11 2NT"
The Bull,"129 High Street, Wanstead, E11 2RL"
The George & Dragon,"The George, 159 High Street, Wanstead, E11 2RL"
The Red Lion,"The Red Lion Public House 640 High Road Leytonstone, Leytonstone, London, E11 3AA"
The North Star & Thai Kitchen,"The North Star Public House 24 Browning Road, Leytonstone, London, E11 3AR"
O'Neills,"Oneills Public House 762 High Road Leytonstone, Leytonstone, London, E11 3AW"
Leytonstone Ex Servicemens Club,"2 Harvey Road, Leytonstone, London, E11 3DB"
The Bell,"The Bell Public House 468 High Road Leytonstone, Leytonstone, London, E11 3HN"
The Rookwood Village,"314 - 316 Cann Hall Road, Leytonstone, London, E11 3NW"
Leytonstone Tavern/Tavern Events,"119 Harrow Road, Leytonstone, London, E11 3PX"
Heathcote & Star,"344 Grove Green Road, Leytonstone, London, E11 4EA"
The Northcote,"Northcote Public House 110 Grove Green Road, Leytonstone, London, E11 4EL"
The Birkbeck Tavern,"The Birkbeck Tavern 45 Langthorne Road, Leytonstone, London, E11 4HL"
The Plough & Harrow,"The Plough And Harrow Public House 419 High Road Leytonstone, Leytonstone, London, E11 4JU"
Calamity Tank,"Unit 1 The Hitchcock Business Centre Station Approach High Road Leytonstone, Leytonstone, London, E11 4RE"
William The Conqueror,"630 Romford Road, Manor Park, London, E12 5AQ"
Blakesley Arms,"53 Station Road, Manor Park, London, E12 5BP"
Golden Fleece,"166 Capel Road, Manor Park, London, E12 5DB"
Aldersbrook Bowls Club Limited,"34 Aldersbrook Road, Wanstead, E12 5DY"
The Black Lion,"Black Lion Public House, 59-61 High Street, Plaistow, London, E13 0AD"
The Victoria,"28 High Street, Plaistow, London, E13 0AJ"
The Lamb Public House,"The Lamb, 85 Pelly Road, Plaistow, London, E13 0NL"
Plaistow Park Community Centre,"63 Queens Road West, Plaistow, London, E13 0PE"
Abbey Arms,"Abbey Arms Public House, 384 Barking Road, Plaistow, London, E13 8HL"
South West Ham Labour Club,"11A St Andrews Road, Plaistow, London, E13 8QD"
The Lord Stanley,"15 St Marys Road, Plaistow, London, E13 9AE"
Upton Park Snooker Centre,"358 - 362 Green Street, Upton Park, London, E13 9AP"
Queens Public House,"410 Green Street, Upton Park, London, E13 9JJ"
The Manor Arms,"The Manor Arms, 150 East India Dock Road, London, E14 0BP"
The Greenwich Pensioner,"The Greenwich Pensioner, 28 Bazely Street, London, E14 0ES"
Hope & Anchor,"Hope And Anchor Public House, 14 Newby Place, London, E14 0EY"
The Ship,"The Ship, 290 Westferry Road, London, E14 3AG"
The Lord Nelson,"Lord Nelson Public House, 1-1a Manchester Road, London, E14 3BD"
Watermans Arms,"The Watermans Arms, 1 Glenaffric Avenue, London, E14 3BW"
Poplar Blackwall & District Rowing Bar,"Poplar Blackwall And District Rowing Club, Ferry Street, London, E14 3DT"
The Ferry House,"Ferry House Public House, 26 Ferry Street, London, E14 3DT"
The George,"The George Public House, 114-114a Glengall Grove, London, E14 3ND"
St Johns Community Association Social Club,"Glengall Grove, London, E14 3NE"
The Ledger Building,"Ledger Building, 4 Hertsmere Road, London, E14 4AL"
London Cocktail Club,"London Cocktail Club, 9 Cabot Square, London, E14 4EB"
The Sipping Room,"The Sipping Room, 16 Hertsmere Road, London, E14 4EF"
Humble Grape,"Humble Grape, 18-20 Mackenzie Walk, London, E14 4PH"
The Henry Addington,"Henry Addington, 22-28 Mackenzie Walk, London, E14 4PH"
Clays,"Clays  Unit B1, 1 Cabot Square, London, E14 4QJ"
Oasis Bar and Terrace,"Oasis Bar and Terrace, 1 Canada Square, London, E14 5AB"
Off Piste,"Canada Park Square, London, E14 5AB"
Nicolas,"Nicholas  Unit RP480, 1 Canada Square, London, E14 5AX"
Crate Wood Wharf,"15 Water Street, London, E14 5GX"
Cargo Canary Wharf,"25 North Colonnade, London, E14 5HZ"
Festival Inn,"Festival Inn Public House, 71 Grundy Street, London, E14 6AD"
Callaghans,"Callaghans, 55 Chrisp Street, London, E14 6LP"
Star of the East,"Star Of The East Daddy's Dim Sum Phikul, 805a Commercial Road, London, E14 7HG"
The Clement Attle,"The Craft Beer Co Limehouse, 576-78 Commercial Road, London, E14 7JD"
White Swan,"White Swan, 556 Commercial Road, London, E14 7JD"
Queens Head,"Queens Head Public House, 8 Flamborough Street, London, E14 7LS"
The Crown,"The Crown Public House, 667 Commercial Road, London, E14 7LW"
The Old Ship,"The Old Ship Public House, 17 Barnes Street, London, E14 7NW"
Prince Regent,"Prince Regent Public House, 81 Salmon Lane, London, E14 7PR"
The Grapes PH,"The Grapes PH, 76 Narrow Street, London, E14 8BP"
Bread Street Kitchen - Limehouse,"Bread Street Kitchen - Limehouse, 44 Narrow Street, London, E14 8DJ"
Tooke Arms,"Tooke Arms Public House, 165 Westferry Road, London, E14 8NH"
The Gun,"Gun Tavern Public House, 27 Cold Harbour, London, E14 9NS"
The Boathouse London,"The Boathouse   Water area South side, Wood Wharf, London, E14 9QG"
Cheers Bar & Lounge,"5 - 9 Leytonstone Road, Stratford, London, E15 1JA"
The Eagle Public House,"157 Chobham Road, Stratford, London, E15 1LX"
The Sportsman,"78 - 102 Broadway, Stratford, London, E15 1NG"
O12 Bar And Grill,"The Q Building, 108 - 110 The Grove, Stratford, London, E15 1NS"
The Golden Grove,"Golden Grove Public House, 146 - 148 The Grove, Stratford, London, E15 1NS"
The Cart And Horses - Kitchen,"The Cart And Horses, 1 Maryland Point, Stratford, London, E15 1PF"
The Cart And Horses - Pub,"The Cart And Horses, 1 Maryland Point, Stratford, London, E15 1PF"
Leyton House Working Mens Club And Institute,"Leyton House Working Mens Club, 200 Chandos Road, Stratford, London, E15 1TB"
Leyton Star,"116 High Road Leyton, Stratford, London, E15 2BX"
Jim & Tonic - Restaurant & Pub,"133 High Street, Stratford, London, E15 2RB"
Chalet - Outdoor Bar,"ABBA Arena, 1 Pudding Mill Lane, Stratford, London, E15 2RU"
Dance Pods Bars,"ABBA Arena, 1 Pudding Mill Lane, Stratford, London, E15 2RU"
Main Concourse Bars,"ABBA Arena, 1 Pudding Mill Lane, Stratford, London, E15 2RU"
Tunnel Bars,"ABBA Arena, 1 Pudding Mill Lane, Stratford, London, E15 2RU"
East London Rugby Club,"71 Holland Road, Stratford, London, E15 3BP"
The Buccaneer / Blackbeard Pizza,"2 Plaistow Grove, Stratford, London, E15 3ER"
King Edward VII,"The King Edward VII, 47 Broadway, Stratford, London, E15 4BQ"
Ye Olde Black Bull,"13 Broadway, Stratford, London, E15 4BQ"
The Bay Tree Lounge,"The Bay Tree, 59 Vicarage Lane, Stratford, London, E15 4HG"
Queens Head,"5 - 7 West Ham Lane, Stratford, London, E15 4PH"
The Greyhound,"136 West Ham Lane, Stratford, London, E15 4PT"
Buzz Bingo,"341 - 353 High Street, Stratford, London, E15 4QZ"
Fox At Excel Bar & Restaurant,"Fox At Excel, Warehouse K, 2 Western Gateway, Canning Town, E16 1DR"
Streeties P H,"Streeties, 15 Shirley Street, Canning Town, London, E16 1HU"
The Fox At Connaught,"Lynx Way, Canning Town, London, E16 1JR"
Beckton Arms,"Beckton Arms Public House, 1 Beckton Road, Canning Town, London, E16 1PY"
The Cause London - Nightclub,"Silver Building, 60 Dock Road, Silvertown, London, E16 1YZ"
The Royal British Legion,"14 Constance Street, North Woolwich, London, E16 2DQ"
Henley Arms,"The Henley Arms, 268 Albert Road, North Woolwich, London, E16 2JB"
Royal Standard,"116 Albert Road, North Woolwich, London, E16 2NQ"
The Windjammer,"25 Admiralty Avenue, Silvertown, London, E16 2PN"
The Alexandra Public House,"Princess Alexandra Public House, 219 Barking Road, Canning Town, London, E16 4HH"
EADN London,"24 Stephenson Street, Canning Town, London, E16 4SA"
The Goose,"264 Hoe Street, Walthamstow, London, E17 3AX"
Pixie's,"2 Georgian Village 100 Wood Street, Walthamstow, London, E17 3HX"
The Duke E17,"The Dukes Head 112 Wood Street, Walthamstow, London, E17 3HX"
The Flower Pot,"The Flower Pot Public House 126 - 128 Wood Street, Walthamstow, London, E17 3HX"
Wood Street Bear,"135 Wood Street, Walthamstow, London, E17 3LX"
Walthamstow Cricket&LawnTennis Club,"Clubhouse Walthamstow Cricket Club 48A Greenway Avenue, Walthamstow, London, E17 3QN"
The Bar/Cafe,"Peter May Sports Centre 135 Wadham Road, Walthamstow, London, E17 4HR"
The Bell,"The Bell Inn 617 Forest Road, Walthamstow, London, E17 4NE"
Rose & Crown Public House,"The Rose And Crown Public House 53 Hoe Street, Walthamstow, London, E17 4SA"
Walthamstow Trade Hall & Institute,"17 Hoe Street, Walthamstow, London, E17 4SB"
Hoe Street Club & Institute,"Hoe Street Club And Institute 9A Hoe Street, Walthamstow, London, E17 4SD"
Dog & Duck Public House/Sourdough Saloon,"The Dog And Duck Public House 222 Chingford Road, Walthamstow, London, E17 5AL"
The Lord Palmerston,"The Lord Palmerston Public House 252 - 254 Forest Road, Walthamstow, London, E17 5JN"
Signature Brew Ltd,"Unit 15 Uplands Business Park Blackhorse Lane, Walthamstow, London, E17 5QJ"
Tavern on the Hill,"318 Higham Hill Road, Walthamstow, London, E17 5RG"
Big Penny Social,"Unit 1 Forest Trading Estate Priestley Way, Walthamstow, London, E17 6AL"
FOUNDRY Walthamstow,"5 Forest Road, Walthamstow, London, E17 6ZJ"
The Chequers,"The Chequers Public House 145 High Street, Walthamstow, London, E17 7BX"
The Untraditional Pub,"27 Crate Building 35 St James Street, Walthamstow, London, E17 7FY"
The Coppermill,"The Coppermill Public House 205 Coppermill Lane, Walthamstow, London, E17 7HF"
The Drift Bar,"45 Selborne Walk, Walthamstow, London, E17 7JR"
Olfaclub,"46 St James Street, Walthamstow, London, E17 7PE"
Georgios Sports Bar,"30 St James Street, Walthamstow, London, E17 7PF"
The 800 Club,"Club 800 800 - 806 Lea Bridge Road, Walthamstow, London, E17 9DN"
Mother's Ruin,"Unit 18 Ravenswood Industrial Estate Shernhall Street, Walthamstow, London, E17 9HQ"
The Raglan,"The Lord Raglan Public House 199 Shernhall Street, Walthamstow, London, E17 9HX"
The Castle,"The Castle Public House 15 Grosvenor Rise East, Walthamstow, London, E17 9LB"
The Nags Head,"The Nags Head Public House 9 Orford Road, Walthamstow, London, E17 9LP"
Queens Arms,"The Queens Arms Public House 42 Orford Road, Walthamstow, London, E17 9NJ"
The Village Public House,"The Village Public House 31 Orford Road, Walthamstow, London, E17 9NL"
Orford House Social Club & Institute Ltd,"Orford House Social Club 73 Orford Road, Walthamstow, London, E17 9QL"
Walthamstow Conservative Club,"Conservative Carlton Club 76 Church Lane, Walthamstow, London, E17 9RW"
South Woodford Bowling Club,"Gordon Road, South Woodford, E18 1DR"
The Railway Bell Public House,"87 George Lane, South Woodford, E18 1JJ"
Lokkum of Woodford,"Woodford New Road, London, E18 2QD"
The George Public House,"70-74 High Road, South Woodford, E18 2QL"
Slug & Lettuce,"Slug & Lettuce  Unit 1 Tower Bridge House, St Katharines Way, London, E1W 1AA"
Dickens Inn,"Dickens Inn  St Katharines Docks, St Katharines Way, London, E1W 1LB"
Moretown Belle,"Moretown Belle, 5 Thomas More Square, London, E1W 1YW"
Champagne Route,"Champagne Route, 30 Gauging Square, London, E1W 2AE"
Studio Spaces Ltd,"Studio Spaces Ltd  Unit 2, 110 Pennington Street, London, E1W 2BB"
Captain Kidd,"Captain Kidd Public House, 108 Wapping High Street, London, E1W 2NE"
Town of Ramsgate,"Town of Ramsgate, 62 Wapping High Street, London, E1W 2PN"
Turners Old Star,"Turners Old Star Public House, 14 Watts Street, London, E1W 2QG"
The Dockers Inn,"Dockers Inn, 97 Wapping Lane, London, E1W 2RW"
Prospect of Whitby,"Prospect Of Whitby Public House, 57 Wapping Wall, London, E1W 3SH"
Top Cuvee Shoreditch,"Shop Cuvee, 250 Bethnal Green Road, London, E2 0AA"
Marquis Of Cornwallis,"Marquis Of Cornwallis Public House, 304 Bethnal Green Road, London, E2 0AG"
Coupette,"Coupette, 423 Bethnal Green Road, London, E2 0AN"
The Old George,"Old George Public House, 379 Bethnal Green Road, London, E2 0AN"
The Sun Tavern,"Sun Public House, 441 Bethnal Green Road, London, E2 0AN"
Bethnal Green Tavern,"Bethnal Green Tavern, 456 Bethnal Green Road, London, E2 0EA"
The Salmon & Ball,"Salmon And Ball, 502 Bethnal Green Road, London, E2 0EA"
The Shakespeare,"The Shakespeare Public House, 460 Bethnal Green Road, London, E2 0EA"
Backyard Bar,"Backyard Bar, 231-237 Cambridge Heath Road, London, E2 0EL"
The Camel Public House,"The Camel Public House, 277 Globe Road, London, E2 0JD"
The Florist Arms,"Florists Arms Public House, 255 Globe Road, London, E2 0JD"
Angel & Crown,"Angel And Crown Public House, 170 Roman Road, London, E2 0RY"
Carpenters Arms,"Carpenters Arms Public House, 73 Cheshire Street, London, E2 6EG"
GOPPA @ The Carpenters Arms,"Carpenters Arms Public House, 73 Cheshire Street, London, E2 6EG"
Pete Kastanis,"73 Cheshire Street, London, E2 6EG"
Kings Arms,"Kings Arms, 11a Buckfast Street, London, E2 6EY"
The Star of Bethnal Green,"The Star Of Bethnal Green, 359 Bethnal Green Road, London, E2 6LG"
Bethnal Green Working Mens Club,"Bethnal Green Working Mens Club, 42-46 Pollard Row, London, E2 6NB"
Alfie's Bar Locale,"Alfie's Bar Locale, 125-127 Bethnal Green Road, London, E2 7DG"
Well and Bucket,"Well And Bucket Public House, 143 Bethnal Green Road, London, E2 7DG"
Chiave Shoreditch,"Chiave Shoreditch, 36 Redchurch Street, London, E2 7DP"
The Owl & The Pussycat,"The Owl And The Pussycat Public House, 34 Redchurch Street, London, E2 7DP"
Mikkeller Bar London,"Mikkeller Bar London, 2-4 Hackney Road, London, E2 7NS"
Browns,"THE BROWNS 1 HACKNEY ROAD, Hackney, London, E2 7NX"
The Birdcage,"The Birdcage Public House, 80 Columbia Road, London, E2 7QB"
Dorset Estate Social Club,"Dorset Social Club Above Dorset Library, Ravenscroft Street, London, E2 7QX"
Royal Oak,"Royal Oak Public House, 73 Columbia Road, London, E2 7RG"
Nelsons Head PH,"The Nelsons Head Public House, 32 Horatio Street, London, E2 7SB"
The Marksman,"The Marksman, 254 Hackney Road, London, E2 7SJ"
Basing House,"25-27 KINGSLAND ROAD, Hackney, London, E2 8AA"
Spread Eagle,"3 KINGSLAND ROAD, Hackney, London, E2 8AA"
Dream Bags Jaguar Shoes,"32-36 KINGSLAND ROAD, Hackney, London, E2 8DA"
Rolling Stock,"48 KINGSLAND ROAD, Hackney, London, E2 8DA"
Without Papers Bar,"6 KINGSLAND ROAD, Hackney, London, E2 8DA"
Sager & Wilde,"THE BRITISH LION 193 HACKNEY ROAD, Hackney, London, E2 8JL"
Sebright Arms,"Sebright Arms Public House, 31-35 Coate Street, London, E2 9AG"
Perseverance,"Perseverance Public House, 110-112 Pritchards Road, London, E2 9AP"
The Hare,"Hare Tavern Public House, 505 Cambridge Heath Road, London, E2 9BU"
The Victory,"The Victory Public House, 27 Vyner Street, London, E2 9DQ"
The Queen Adelaide,"The Queen Adelaide, 483 Hackney Road, London, E2 9ED"
Love Shack,"Love Shack  Railway Arches, 297-299 Cambridge Heath Road, London, E2 9HA"
Mother Kelly's Bottle Shop & Tap Room,"Mother Kelly's Bottle Shop & Tap Room  Railway Arch 251, Paradise Row, London, E2 9LE"
The Dundee Arms,"Dundee Arms Public House, 339 Cambridge Heath Road, London, E2 9LH"
Approach Tavern,"Approach Tavern Public House, 47a Approach Road, London, E2 9LY"
Metropolis,"Metropolis, 234 Cambridge Heath Road, London, E2 9NN"
Satan's Whiskers,"Satan's Whiskers, 343-345 Cambridge Heath Road, London, E2 9RA"
Tap East,"7 International Square, Westfield Stratford City, Montfichet Road, Stratford, E20 1EE"
Prosecco Caffe,"8A The Arcade, Westfield Stratford City, Montfichet Road, Stratford, E20 1EH"
Genting Casino - Terrace Bar,"312 The Loft, Westfield Stratford City, Montfichet Road, Stratford, E20 1ET"
Mother Kellys E20,"27 - 30 Victory Parade, Stratford, London, E20 1FS"
Tina We Salute You,"2 Olympic Park Avenue, Stratford, London, E20 1FT"
The Cow,"4 Chestnut Plaza, Westfield Stratford City, Montfichet Road, Stratford, E20 1GL"
Outpost,"1 Westfield Avenue, Stratford, London, E20 1HZ"
The Little Driver,"The Little Driver Public House, 125 Bow Road, London, E3 2AN"
The Coborn,"The Coborn, 6-8 Coborn Road, London, E3 2DA"
Lanterna,"Lanterna, 6 Wyke Road, London, E3 2XD"
Dead Pedro's,"Bow Bells Public House, 116 Bow Road, London, E3 3AA"
The Bow Bells,"Bow Bells Public House, 116 Bow Road, London, E3 3AA"
Galvaniser's PH,"Galvaniser's PH, 2 Devas Street, London, E3 3FD"
The Beehive,"The Beehive Public House, 104 Empson Street, London, E3 3LT"
The Cherry,"The Cherry, 359 Mile End Road, London, E3 4QS"
Wentworth Arms,"Wentworth Arms, 127 Eric Street, London, E3 4SR"
Morgan Arms,"Morgan Arms, 43 Morgan Street, London, E3 5AA"
The Lord Tredegar,"The Lord Tredegar, 50 Lichfield Road, London, E3 5AL"
The Green Goose,"The Green Goose, 112 Anglo Road, London, E3 5HD"
Albert,"Albert Public House, 74 St Stephens Road, London, E3 5JL"
Eleanor Arms,"Eleanor Arms, 460 Old Ford Road, London, E3 5JP"
Young Prince,"Young Prince, 448 Roman Road, London, E3 5LU"
The Lord Morpeth PH,"Lord Morpeth Public House, 402 Old Ford Road, London, E3 5NR"
The Crown,"The Crown, 223 Grove Road, London, E3 5SN"
The Victoria,"The Victoria, 110 Grove Road, London, E3 5TH"
Rusty Bike Public House,"Rusty Bike Public House 134 - 138 Station Road, Chingford, London, E4 6AN"
The Queen Elizabeth,"The Queen Elizabeth Public House 95 Forest Side, Chingford, London, E4 6BA"
The Dove,"Friday Hill, Chingford, London, E4 6EL"
The Larkshall,"The Larkshall Public House 205 Larkshall Road, Chingford, London, E4 6NT"
The Greene Man,"The Green Man Public House 191 Old Church Road, Chingford, London, E4 6RB"
Royal Epping Forest Golf Club,"Royal Epping Forest Golf Club Forest Approach, Chingford, London, E4 7AZ"
The Kings Head,"The Kings Head Public House 2B Kings Head Hill, Chingford, London, E4 7EA"
United Services (Chingford) Club Ltd,"United Services Club 18 Kings Road, Chingford, London, E4 7EY"
The Royal Oak,"The Royal Oak Public House 219 Kings Head Hill, Chingford, London, E4 7PP"
King George Sailing Club,"Water Land King George Reservoir, Lea Valley Road, ENFIELD, E4 7PX"
The Connaught Club,"The Connaught Club 1 Rangers Road, Chingford, London, E4 7QH"
West Essex Golf Club Ltd,"West Essex Golf Club Bury Road, London, Waltham Abbey, Essex, E4 7QL"
The Plough,"The Plough PH, Sewardstone Road, Waltham Abbey, Essex, E4 7RJ"
Chingford Rugby Club Bar,"Cafe Chingford Golf Driving Range 293 Waltham Way, Chingford, London, E4 8AQ"
The Mount,"The Obelisk 30 - 32 Old Church Road, Chingford, London, E4 8DD"
Old Hall Tavern,"The Old Hall Tavern Public House 200 Hall Lane, Chingford, London, E4 8EY"
Scorpion Lounge,"7 Hall Lane, Chingford, London, E4 8HH"
Wishing Well,"11 Hall Lane, Chingford, London, E4 8HH"
Royal British Legion Club,"The Royal British Legion 65 - 67 Hall Lane, Chingford, London, E4 8HW"
The Kings Ford,"The Kings Ford Public House 250 - 252 Chingford Mount Road, Chingford, London, E4 8JL"
Silverthorn Bowls Club,"Silverthorn Bowling Club Ropers Avenue, Chingford, London, E4 9EJ"
The Function Room,"Bank Buildings 3A The Avenue, Chingford, London, E4 9LE"
Vino Tap,"2A Winchester Road, Chingford, London, E4 9LN"
The Stag & Lantern,"11 - 12 The Broadway, Chingford, London, E4 9LQ"
The County Arms,"The County Arms 420 Hale End Road, Chingford, London, E4 9PB"
The Elderfield,"57 ELDERFIELD ROAD, Hackney, London, E5 0LF"
Nodoby Asked Me,"BASEMENT AND GROUND FLOOR FRONT 88 CHATSWORTH ROAD, Hackney, London, E5 0LS"
Bizim Mekan Social Club,"130 CLARENCE ROAD, Hackney, London, E5 8DY"
Moyletts,"Moylett 181 Clarence Road London, Hackney, London, E5 8EE"
The Clapton Hart,"CLAPTON HART 231 LOWER CLAPTON ROAD, Hackney, London, E5 8EG"
Windsor Castle,"THE WINDSOR CASTLE 135 LOWER CLAPTON ROAD, Hackney, London, E5 8EQ"
The London Tavern,"THE TAVERN 92 RENDLESHAM ROAD, Hackney, London, E5 8PA"
The Anchor & Hope,"THE ANCHOR AND HOPE 15 HIGH HILL FERRY, Hackney, London, E5 9HG"
The Crooked Billet,"THE CROOKED BILLET 84 UPPER CLAPTON ROAD, Hackney, London, E5 9JP"
Princess Of Wales,"PRINCESS OF WALES PUBLIC HOUSE 146 LEA BRIDGE ROAD, Hackney, London, E5 9RB"
The Boleyn,"Boleyn Tavern, 1 Barking Road, East Ham, London, E6 1PW"
The Meeting Point,"200 - 202 High Street North, East Ham, London, E6 2JA"
Millers Well,"The Millers Well, 419 - 423 Barking Road, East Ham, London, E6 2JX"
Berneliu Uzeiga - Shepherds Inn,"Beckton Tavern, 16 Mary Rose Mall, Beckton, London, E6 5LX"
The Winsor House P H & Travel Inn Brewster Fayre,"Winsor Public House, 1 Woolwich Manor Way, Beckton, London, E6 5NT"
East Ham South Conservative Club,"1 Vicarage Lane, East Ham, London, E6 6AD"
The Red Lion,"80 High Street South, East Ham, London, E6 6ET"
Joyau,"Arch 353 Winchelsea Road, Forest Gate, London, E7 0AQ"
The Holly Tree Public House,"The Holly Tree Public House 141 Dames Road, Forest Gate, London, E7 0DZ"
The Ciderhouse,"Railway Arch 435, Cranmer Road, Forest Gate, London, E7 0JN"
The Rising Sun,"Rising Sun, 528 Romford Road, Forest Gate, London, E7 8AF"
Forest Tavern,"The Forest Tavern, 173 - 175 Forest Lane, Forest Gate, London, E7 9BB"
Fox & Hounds Public House,"The Fox And Hounds, 178 Forest Lane, Forest Gate, London, E7 9BB"
Pretty Decent Beer Co,"Arch 340 Sheridan Road, Forest Gate, London, E7 9EF"
Silver Avenue,"19 Upton Lane, Forest Gate, London, E7 9PA"
Hackney Church Brewery Co,"17 BOHEMIA PLACE, Hackney, London, E8 1DU"
The Cock Tavern,"THE COCK TAVERN 315 MARE STREET, Hackney, London, E8 1EJ"
Old Ship Hackney,"THE OLD SHIP 2 SYLVESTER PATH, Hackney, London, E8 1EN"
The Baxters Court,"BAXTER COURT 282 MARE STREET, Hackney, London, E8 1HE"
The DC Lion,"282 MARE STREET, Hackney, London, E8 1HE"
The Wishing Well,"THE CROWN 418 MARE STREET, Hackney, London, E8 1HP"
The Pembury Tavern,"90 AMHURST ROAD, Hackney, London, E8 1JH"
The Three Compasses,"99 DALSTON LANE, Hackney, London, E8 1NH"
Binch,"51 GREENWOOD ROAD, Hackney, London, E8 1NT"
All Good Beer (& plenty of wine.),"17 AMHURST TERRACE, Hackney, London, E8 2BT"
Ridley Road Market Bar,"49 RIDLEY ROAD, Hackney, London, E8 2NP"
Dalston Superstore,"117 KINGSLAND HIGH STREET, Hackney, London, E8 2PB"
The Victoria,"THE VICTORIA 451 QUEENSBRIDGE ROAD, Hackney, London, E8 3AS"
Farrs School of Dancing,"17-19 DALSTON LANE, Hackney, London, E8 3DF"
The Duke Of Richmond,"316 QUEENSBRIDGE ROAD, Hackney, London, E8 3NH"
Helgi's,"177 MARE STREET, Hackney, London, E8 3RH"
The Dolphin,"THE DOLPHIN 165 MARE STREET, Hackney, London, E8 3RH"
Sapori Dolci LTD,"UNCLE SAMS BAR 438 KINGSLAND ROAD, Hackney, London, E8 4AA"
The Haggerston,"THE HAGGERSTON 438 KINGSLAND ROAD, Hackney, London, E8 4AA"
Bar Lotus,"480 KINGSLAND ROAD, Hackney, London, E8 4AE"
Junction House,"578 KINGSLAND ROAD, Hackney, London, E8 4AH"
Off Broadway,"63-65 BROADWAY MARKET, Hackney, London, E8 4PH"
The Cat & Mutton,"THE CAT AND MUTTON 76 BROADWAY MARKET, Hackney, London, E8 4QJ"
The Dove Freehouse and Kitchen,"THE DOVE 24-28 BROADWAY MARKET, Hackney, London, E8 4QJ"
Diddy's Bar,"69 MARE STREET, Hackney, London, E8 4RG"
Viktor Wynd Limited T/A The Last Tuesday Society,"11 MARE STREET, Hackney, London, E8 4RP"
The Prince Edward,"THE PRINCE EDWARD 97 WICK ROAD, Hackney, London, E9 5AB"
The Eagle,"THE EAGLE 103 WICK ROAD, Hackney, London, E9 5AE"
Howling Hops,"Howling Hops  Unit 9 Queens Yard, 43 White Post Lane, London, E9 5EN"
HWK Coffee and Bar,"HWK3 Ltd Unit 2&5B, 29 White Post Lane, London, E9 5EN"
Lord Napier,"Lord Napier, 25 White Post Lane, London, E9 5EN"
Beer Merchants Tap,"99 WALLIS ROAD, Hackney, London, E9 5LN"
Grow Hackney,"RIGHT HAND SIDE UNIT 4 98 WALLIS ROAD, Hackney, London, E9 5LN"
Number 90 Ltd,"90 WALLIS ROAD, Hackney, London, E9 5LN"
Pearl,"11-13 PRINCE EDWARD ROAD, Hackney, London, E9 5LX"
The Adam & Eve,"THE ADAM AND EVE 155 HOMERTON HIGH STREET, Hackney, London, E9 6AS"
The Spread Eagle (RDHC Ltd),"224 HOMERTON HIGH STREET, Hackney, London, E9 6AS"
Chesham Arms,"THE CHESHAM ARMS 15 MEHETABEL ROAD, Hackney, London, E9 6DU"
The Gun,"235 Well Street Hackney, Hackney, London, E9 6FE"
The Globe,"THE GLOBE 20 MORNING LANE, Hackney, London, E9 6NA"
In Vino Veritas,"271 WELL STREET, Hackney, London, E9 6RG"
The Kenton,"THE KENTON ARMS 38 KENTON ROAD, Hackney, London, E9 7AB"
Peoples Park Tavern,"360 VICTORIA PARK ROAD, Hackney, London, E9 7BT"
Mossbourne Victoria Park Academy,"VICTORIA PARK ROAD, Hackney, London, E9 7HD"
The Hawke,"233-235 VICTORIA PARK ROAD, Hackney, London, E9 7HD"
Royal Inn on The Park,"THE ROYAL INN ON THE PARK 111 LAURISTON ROAD, Hackney, London, E9 7HJ"
The Hemingway Pub,"THE HEMMINGWAY 84 VICTORIA PARK ROAD, Hackney, London, E9 7JL"
The Lauriston Pub,"162 VICTORIA PARK ROAD, Hackney, London, E9 7JN"
Empress,"1 EMPRESS COURT 130A LAURISTON ROAD, Hackney, London, E9 7LH"
The Fable,"60 Holborn Viaduct, London, EC1A 2FD"
The Lord Raglan,"61 St Martin's-Le-Grand, London, EC1A 4ER"
Viaduct Tavern Public House,"126 Newgate Street, London, EC1A 7AA"
The Lamb And Trotter,"6 Little Britain, London, EC1A 7BX"
Hand & Shears Public House,"Hand And Shears Public House, 1 Middle Street, London, EC1A 7JA"
The Rising Sun Public House,"38 Cloth Fair, London, EC1A 7JQ"
56 WS Wine Bar & Shop,"56 West Smithfield, London, EC1A 9DS"
Club Gascon,"57 West Smithfield, London, EC1A 9DS"
Balfour St Bart's,"66 West Smithfield, London, EC1A 9DY"
The Butcher's Hook And Cleaver,"The Butcher's Hook And Cleaver Public House, 61 West Smithfield, London, EC1A 9DY"
Old Red Cow,"The Old Red Cow Public House, 71-72 Long Lane, London, EC1A 9EJ"
Bishops Finger,"The Bishops Finger Public House, 9-10 West Smithfield, London, EC1A 9JR"
Karaoke Box,"Jarvis House, 12 Smithfield Street, London, EC1A 9LA"
Urban Golf Smithfields,"Golf Club Jarvis House, 12 Smithfield Street, London, EC1A 9LA"
Piano Smithfield,"14 Long Lane, London, EC1A 9PN"
Sir John Oldcastle,"Farringdon Point, 29-35 Farringdon Road, London, EC1M 3JF"
Vinoteca,"Vinoteca, Ground Floor, 7-9 St John Street, London, EC1M 4AA"
The White Bear,"The White Bear, 57 St John Street, London, EC1M 4AN, EC1M 4AN"
Space Talk,"Space Talk, Basement And Ground Floor, 18-20 St John Street, London, EC1M 4AY"
Clerkenwell & Social,"Clerkenwell & Social, Ground And Lower Ground Floors, 2-5 St John's Square, London, EC1M 4DE"
The Chocolate Cocktail Club,"The Chocolate Cocktail Club, 72 St John Street, London, EC1M 4DT, EC1M 4DT"
Crown & Pepper Farringdon,"Crown & Pepper Farringdon, Unit 5 Cowcross Place, Cowcross Street, London, EC1M 5UG"
The Boundary,"The Boundary, Unit 4 Cowcross Place, Cowcross Street, London, EC1M 5UG"
The Holy Tavern,"The Holy Tavern, Basement And Ground Floor, 55 Britton Street, London, EC1M 5UQ"
The Fox and Anchor,"The Fox and Anchor, 115 Charterhouse Street, London, EC1M 6AA, EC1M 6AA"
The Hope,"The Hope, 94 Cowcross Street, London, EC1M 6BH, EC1M 6BH"
Fabric,"Fabric, Basement And Ground Floor, 77A Charterhouse Street, London, EC1M 6BN"
The Fence,"The Fence, Public House, 67-69A Cowcross Street, London, EC1M 6BP"
Three Compasses / Bouchon Racine,"Three Compasses / Bouchon Racine, 66 Cowcross Street, London, EC1M 6BP, EC1M 6BP"
The Castle,"The Castle, 34-35 Cowcross Street, London, EC1M 6DB, EC1M 6DB"
Simmons Farringdon,"Simmons Farringdon, 105 Charterhouse Street, London, EC1M 6HW, EC1M 6HW"
Smithfield Tap,"Smithfield Tap, Basement - First Floors, 38 Charterhouse Street, London, EC1M 6JH"
Be At One Farringdon,"Be At One Farringdon, Basement And Ground Floor Lindsey House, 40-42 Charterhouse Street, London, EC1M 6JN"
The Shakespeare,"The Shakespeare Public House, 2 Goswell Road, London, EC1M 7AA"
Bounce,"121 Holborn, London, EC1N 2TD"
Ye Olde Mitre,"1 Ely Court, London, EC1N 6SJ"
Sir Christopher Hatton,"4 Leather Lane, London, EC1N 7RA"
Craft Beer Company,"82 Leather Lane, London, EC1N 7TR"
The Hat & Tun,"3 Hatton Wall, London, EC1N 8HX"
The Argyle,"1 Greville Street, London, EC1N 8PQ"
The One Tun,"125 Saffron Hill, London, EC1N 8QS"
Scottish Malt Whisky Society,"19 Greville Street, London, EC1N 8SQ"
The Bleeding Heart Tavern,"19 Greville Street, London, EC1N 8SQ"
The Horseshoe Public House,"The Horseshoe Public House, 24 Clerkenwell Close, London, EC1R 0AG, EC1R 0AG"
The Marion Anderson PH,"The Marion Anderson PH, Ground Floor, 28-32 Bowling Green Lane, London, EC1R 0BJ"
The Green,"The Green, 29 Clerkenwell Green, London, EC1R 0DU, EC1R 0DU"
Three Kings Public House,"Three Kings Public House, 7 Clerkenwell Close, London, EC1R 0DY, EC1R 0DY"
The Crown Tavern,"The Crown Tavern, 43 Clerkenwell Green, London, EC1R 0EG, EC1R 0EG"
Sekforde Arms,"Sekforde Arms, Sekforde Arms, 34 Sekforde Street, London, EC1R 0HA"
Bourne & Hollingsworth Buildings,"Bourne & Hollingsworth Buildings, Basement To First, 42 Northampton Road, London, EC1R 0HU"
The George & Monkey,"The George & Monkey, 68 Amwell Street, London, EC1R 1UU, EC1R 1UU"
The Harlequin Public House,"The Harlequin Public House, 27 Arlington Way, London, EC1R 1UY, EC1R 1UY"
The Shakespeare's Head Public House,"The Shakespeare's Head Public House, 1 Arlington Way, London, EC1R 1XA, EC1R 1XA"
Eagle Public House,"Eagle Public House, 159 Farringdon Road, London, EC1R 3AL, EC1R 3AL"
City Pride Public House,"City Pride Public House, 28 Farringdon Lane, London, EC1R 3AU, EC1R 3AU"
The Betsey Trotwood,"The Betsey Trotwood, 56 Farringdon Road, London, EC1R 3BL, EC1R 3BL"
Ninth Ward London,"Ninth Ward London, Ground Floor Front, 99-101 Farringdon Road, London, EC1R 3BT"
Piano Works,"Piano Works, The Piano Works, 113-117 Farringdon Road, London, EC1R 3BT"
The Clerkenwell Tavern,"The Clerkenwell Tavern, 2 Exmouth Market, London, EC1R 4PX, EC1R 4PX"
Around,"Around, Basement and Ground Floor, 27 Exmouth Market, London, EC1R 4QL"
Cafe Kick,"Cafe Kick, Shop, 43 Exmouth Market, London, EC1R 4QL"
Mikkeller Brew Pub,"Mikkeller Brew Pub, 37 Exmouth Market, London, EC1R 4QL, EC1R 4QL"
The Exmouth Arms,"The Exmouth Arms, 23 Exmouth Market, London, EC1R 4QL, EC1R 4QL"
Wilmington Arms,"Wilmington Arms, 69 Rosebery Avenue, London, EC1R 4RL, EC1R 4RL"
Old China Hand,"Old China Hand, Ground Floor, 8 Tysoe Street, London, EC1R 4RQ"
The Griffin,"125 Clerkenwell Road, London, EC1R 5DB"
The Clerk and Well,"156 Clerkenwell Road, London, EC1R 5DU"
Gunmakers Arms,"13 Eyre Street Hill, EC1R 5ET"
Sutton Arms,"Sutton Arms, 16 Great Sutton Street, London, EC1V 0DN, EC1V 0DN"
The 1920 Bar,"The 1920 Bar, Ground Floor, 19-20 Great Sutton Street, London, EC1V 0DR"
The Slaughtered Lamb,"The Slaughtered Lamb, Ground Floor, 34-35 Great Sutton Street, London, EC1V 0DX"
Electrowerkz,"Electrowerkz, 7 Torrens Street, London, EC1V 1NQ, EC1V 1NQ"
Royal Star Public House,"Royal Star Public House, 220 City Road, London, EC1V 2PN, EC1V 2PN"
Britannia Public House,"Britannia Public House, 94 Ironmonger Row, London, EC1V 3QR, EC1V 3QR"
The Artisan,"The Artisan, Basement And Ground Floor St Johns House, 53-54 St John's Square, London, EC1V 4JL"
The Dovetail,"The Dovetail, Basement And Ground Floor, 9-10 Jerusalem Passage, London, EC1V 4JP"
Old Red Lion Public House,"Old Red Lion Public House, 418 St John Street, London, EC1V 4NJ, EC1V 4NJ"
Dame Alice Owen Public House,"Dame Alice Owen Public House, Ground Floor, 292-294 St John Street, London, EC1V 4PA"
The Corner Bar / Charlie's Cantina,"The Corner Bar / Charlie's Cantina, 125 Central Street, London, EC1V 8AP, EC1V 8AP"
The Mad Hatter,"The Mad Hatter, 44 Old Street, London, EC1V 9AQ, EC1V 9AQ"
Masque Haunt Public House,"Masque Haunt Public House, The Masque Haunt Bentima House, 168-172 Old Street, London, EC1V 9BP"
The Roundabout Old Street,"The Roundabout Old Street, Public House Classic House, 174-180 Old Street, London, EC1V 9BP"
EDO IZAKAYA,"EDO IZAKAYA, 154 Old Street, London, EC1V 9BW, EC1V 9BW"
NQ64,"NQ64, Basement Albert House, 256-260 Old Street, London, EC1V 9DD"
The Horns,"The Horns, 262-264 Old Street, London, EC1V 9DD, EC1V 9DD"
The Old Fountain Public House,"The Old Fountain Public House, 3 Baldwin Street, London, EC1V 9NU, EC1V 9NU"
For Your Eyes Only,"For Your Eyes Only, 23 City Road, London, EC1Y 1AG, EC1Y 1AG"
Singer,"Singer, 1-5 City Road, London, EC1Y 1AG, EC1Y 1AG"
The Angel Public House,"The Angel Public House, 73 City Road, London, EC1Y 1BD, EC1Y 1BD"
The Honourable Artillery Company,"The Honourable Artillery Company, Armoury House, City Road, London, EC1Y 2BQ"
Two Brewers Public House,"Two Brewers Public House, 121 Whitecross Street, London, EC1Y 8JH, EC1Y 8JH"
Artillery Arms Public House,"Artillery Arms Public House, 102 Bunhill Row, London, EC1Y 8ND, EC1Y 8ND"
The Whitecross Tap,"The Whitecross Tap, 142-146 Whitecross Street, London, EC1Y 8QJ, EC1Y 8QJ"
Finch's PH,"Finch's PH, Ground Floor Planet House, 12A Finsbury Square, London, EC2A 1AN"
All Bar One,"All Bar One, 127 Finsbury Pavement, London, EC2A 1NS, EC2A 1NS"
Platform Shoreditch,"Platform Shoreditch, 2B Worship Street, London, EC2A 2AH, EC2A 2AH"
The 1 Bar,"18 APPOLD STREET, Hackney, London, EC2A 2AS"
Back To Mine,"10 Exchange Square, London, EC2A 2BR"
The Flying Horse,"THE FLYING HORSE 52 WILSON STREET, Hackney, London, EC2A 2ER"
Ninetyeight Bar and Lounge,"98 CURTAIN ROAD, Hackney, London, EC2A 3AF"
The LightHouse,"66-68 RIVINGTON STREET, Hackney, London, EC2A 3AY"
Lounge Bohemia,"BASEMENT 1 GREAT EASTERN STREET, Hackney, London, EC2A 3EJ"
The Old Blue Last,"38 GREAT EASTERN STREET, Hackney, London, EC2A 3ES"
Queen of Hoxton,"QUEEN OF HOXTON 1-5 CURTAIN ROAD, Hackney, London, EC2A 3JX"
The Horse And Groom,"THE HORSE AND GROOM 28 CURTAIN ROAD, Hackney, London, EC2A 3NZ"
The Bricklayers Arms,"THE BRICKLAYERS ARMS 63 CHARLOTTE ROAD, Hackney, London, EC2A 3PE"
BLUE MARLIN IBIZA LONDON LTD,"MONDRIAN HOTEL PRIVATE CLUB AND ROOFTOP LEVEL-3 (PART OF) LEVEL -2 ( PART OF) GROUND FLOOR & ROOF TERRACE 45 CURTAIN ROAD  45 CURTAIN ROAD, Hackney, London, EC2A 3PT"
Q Shoreditch,"Q Shoreditch, 55-61 Tabernacle Street, London, EC2A 4AA, EC2A 4AA"
XOYO,"XOYO, Basement And Ground Floor, 32A-37 Cowper Street, London, EC2A 4AP"
The Windmill Public House,"The Windmill Public House, 27 Tabernacle Street, London, EC2A 4DE, EC2A 4DE"
Old Kings Head,"THE KINGS HEAD 28 HOLYWELL ROW, Hackney, London, EC2A 4JB"
The Cocktail Club,"BASEMENT 63 WORSHIP STREET, Hackney, London, EC2A 4JH"
The Joiner On Worship,"2 PAUL STREET, Hackney, London, EC2A 4JH"
23 Paul Street,"23 Paul Street, 23-25 Paul Street, London, EC2A 4JU, EC2A 4JU"
The Fox Public House,"28 PAUL STREET, Hackney, London, EC2A 4LB"
The Princess Of Shoreditch,"THE PRINCESS ROYAL PUBLIC HOUS 76-78 PAUL STREET, Hackney, London, EC2A 4NE"
Home Bar,"5A RAVEY STREET, Hackney, London, EC2A 4QW"
The Griffin,"93 LEONARD STREET, Hackney, London, EC2A 4RD"
Waltz,"28 SCRUTTON STREET, Hackney, London, EC2A 4RP"
The Lord Aberconway,"Lord Aberconway Public House, 73 Old Broad Street, London, EC2M 1QT"
Summer In The City,"41 Broadgate Circle, London, EC2M 2QS"
The Botanist,"35 Broadgate Circle, London, EC2M 2QS"
Enoteca Da Luca,"Retail Unit 7, Western Courtyard, Devonshire Square, London, EC2M 4AE"
Dirty Martini,"158 Bishopsgate, London, EC2M 4LX"
Dirty Dicks Public House,"202 Bishopsgate, London, EC2M 4NR"
London Cocktail Club,"Basement Retail Unit, 206-210 Bishopsgate, London, EC2M 4NR"
Woodins Shades,"Woodins Shades Public House, 212 Bishopsgate, London, EC2M 4PT"
Humble Grape,"Retail Unit, 8 Devonshire Row, London, EC2M 4RH"
The Bull,"The Bull Public House, 4-5 Devonshire Row, London, EC2M 4RH"
The Magpie,"The Magpie Public House, 12 New Street, London, EC2M 4TP"
Devonshire Terrace,"9 Devonshire Square, London, EC2M 4YF"
Lucky Voice,"Offices, 10 Devonshire Square, London, EC2M 4YP"
The Globe,"The Globe Public House, 83 Moorgate, London, EC2M 6SA"
The Red Lion,"The Red Lion Public House, 1 Eldon Street, London, EC2M 7LS"
The Railway Tavern,"The Railway Tavern Public House, 15 Liverpool Street, London, EC2M 7NX"
Boxhall City,"The Arcade, Liverpool Street, London, EC2M 7PN"
Hamilton Hall,"Retail Unit 32 Upper Concourse, Liverpool Street Station, Liverpool Street, London, EC2M 7PY"
"Lady Abercorn, Andaz Hotel","Andaz Hotel, 40 Liverpool Street, London, EC2M 7QN"
Broadwood Sports Pub And Kitchen,"Tower 42, International Financial Centre, 25 Old Broad Street, London, EC2N 1HQ"
Be At One,"45 Old Broad Street, London, EC2N 1HT"
The Arbitrager,"27A Throgmorton Street, London, EC2N 2AN"
The Phoenix,"Retail Unit, 26 Throgmorton Street, London, EC2N 2AN"
Balls Brothers Austin Friars,"10-11 Austin Friars, London, EC2N 2HG"
Pitch,"62 Bishopsgate, London, EC2N 4AW"
Pitch Golf Studio,"Hasilwood House, 60-64 Bishopsgate, London, EC2N 4AW"
The Drift,"110 Bishopsgate, London, EC2N 4AY"
Tokenhouse,"Retail Unit, 4 Moorgate, London, EC2R 6DA"
The Telegraph,"The Telegraph Public House, 11 Telegraph Street, London, EC2R 7AR"
Goodman,"Retail Unit, 11 Old Jewry, London, EC2R 8DU"
"Puttshack, Ground Floor Reception","1 The Concourse, 1 Poultry, London, EC2R 8EJ"
The Old Doctor Butler's Head,"The Old Doctor Butlers Head Public House, 2 Mason's Avenue, London, EC2V 5BT"
Dirty Martini,"Retail Unit Three Keys House, 130 Wood Street, London, EC2V 6DL"
"Bar, Market Place St Pauls","150 Cheapside, London, EC2V 6ET"
The Anthologist,"58 Gresham Street, London, EC2V 7BB"
Wood Street Bar And Restaurant,"53 Fore Street, London, EC2Y 5EJ"
Fox Fine Wines,"118 London Wall, London, EC2Y 5JA"
The Heron Club,"7 Silk Street, London, EC2Y 8AL"
Barbican Bars,"Barbican Arts And Conference Centre, Silk Street, London, EC2Y 8DS"
Spirit Of Man,"London Metal Exchange, 56 Leadenhall Street, London, EC3A 2BJ"
The Old Tea Warehouse,"The Old Tea Warehouse Public House, 4-8 Creechurch Lane, London, EC3A 5AY"
The Trinity Bell,"Cree House, 20 Creechurch Lane, London, EC3A 5AY"
The Craft Beer Company,"29-31 Mitre Street, London, EC3A 5BU"
Dave's Wine Bar,"2 St James's Passage, London, EC3A 5DH"
The Alchemist,"6 Bevis Marks, London, EC3A 7BA"
All Bar One,"Retail Unit, 107 Houndsditch, London, EC3A 7BD"
The Alice,"Five Acre Square, 133-137 Houndsditch, London, EC3A 7BX"
The Lion,"31 Houndsditch, London, EC3A 7DB"
Slug And Lettuce,"29 St Mary Axe, London, EC3A 8AA"
London Cocktail Club,"2 Eastcheap, London, EC3M 1AE"
"Simmons, Unit 5","35 Eastcheap, London, EC3M 1DT"
Eastcheap Records,"Peek House, 20 Eastcheap, London, EC3M 1EB"
"Davys, 1 Plantation Place","Unit 8 Plantation Place, 20 Mincing Lane, London, EC3M 3BD"
East India Arms,"East India Arms Public House, 67 Fenchurch Street, London, EC3M 4BR"
The Fenchurch,"72 Fenchurch Street, London, EC3M 4BR"
The Moniker,"25 Fenchurch Avenue, London, EC3M 5AD"
MNM,"Basement Retail Unit, 141 Fenchurch Street, London, EC3M 6BL"
Bunch of Grapes,"14 Lime Street, London, EC3M 7AN"
The Bootlegger's Club Ltd,"Basement Retail Unit, 25-26 Lime Street, London, EC3M 7HR"
Aldgate Tap,"Portsoken Pavilion, 1 Aldgate Square, London, EC3N 1AF"
"Jin Bo Law, 14TH FLR, Dorsett City H","9 Aldgate High Street, London, EC3N 1AH"
The Hoop & Grapes,"47 Aldgate High Street, London, EC3N 1AL"
Cococure,"Retail Unit, 5 Minories, London, EC3N 1BJ"
Slug & Lettuce/Chik Box/Locked N Loaded/K Town/Mandu Guys/Hansik & Bibigo,"St Clare House, 30-33 Minories, London, EC3N 1DD"
The Three Lords,"Three Lords Public House, 27 Minories, London, EC3N 1DE"
The Minories Public House,"Minories Public House, 64-73 Minories, London, EC3N 1JL"
The Crutched Friar,"The Crutched Friar Public House, 39-41 Crutched Friars, London, EC3N 2AE"
Cheshire Cheese,"The Cheshire Cheese Public House, 48 Crutched Friars, London, EC3N 2AP"
Munich Cricket Club,"9A-9B Crutched Friars, London, EC3N 2AU"
Tunnel Vision,"Centurion House, 37 Jewry Street, London, EC3N 2ER"
Three Tuns,"The Three Tuns Public House, 36 Jewry Street, London, EC3N 2ET"
Feeneys,"Retail Unit, 5 Lloyd's Avenue, London, EC3N 3AE"
Liberty Bounds,"Retail Unit, 15 Trinity Square, London, EC3N 4AA"
Traitors Gate,"14 Trinity Square, London, EC3N 4AA"
Yeoman Warder Club,"Tower Of London, Tower Hill, London, EC3N 4AE"
Ten Trinity Square Private Club,"10 Trinity Square, London, EC3N 4AJ"
Wine Library,"Wine Library  All Hallows Parish House, 43 Trinity Square, London, EC3N 4DJ"
"Brewdog, Unit 3","50 Great Tower Street, London, EC3R 5AB"
The Hung Drawn & Quartered,"The Hung Drawn And Quartered Public House, 27 Great Tower Street, London, EC3R 5AQ"
All Bar One,"Public House, 16 Byward Street, London, EC3R 5BA"
The Monument Public House,"18 Fish Street Hill, London, EC3R 6DB"
The Corn Exchange,"2 Minster Court, London, EC3R 7BB"
Tank & Paddle,"3 Minster Court, London, EC3R 7DD"
The Windsor,"The Windsor Public House, 2 New London Street, London, EC3R 7NA"
The Ship,"The Ship Public House, 3 Hart Street, London, EC3R 7NB"
Balls Brothers - Minster Court,"1 Minster Pavement, London, EC3R 7PP"
Feeneys,"Retail Unit, 48 Mark Lane, London, EC3R 7QH"
The Britannia,"The Britannia Public House, 20 Monument Street, London, EC3R 8AJ"
"The Hydrant, Equitable House","1 Monument Street, London, EC3R 8BG"
The Walrus & The Carpenter PH,"The Walrus & The Carpenter Public House, 45 Monument Street, London, EC3R 8BU"
Steam Wine Bar,"1 St George's Lane, London, EC3R 8DJ"
Dirty Martini Monument,"1 Lovat Lane, London, EC3R 8DT"
Salotto 31,"Retail Unit, 31 Lovat Lane, London, EC3R 8EB"
The Ship Public House,"11 Talbot Court, London, EC3V 0BP"
The Folly,"41 Gracechurch Street, London, EC3V 0BT"
The New Moon Public House,"New Moon Public House, 88 Gracechurch Street, London, EC3V 0DN"
Crosse Keys PH,"7 Gracechurch Street, London, EC3V 0DR"
Vagabond Wines,"51 Gracechurch Street, London, EC3V 0EH"
Vagabond Wines,"52 - 54 Gracechurch Street, London, EC3V 0EH"
The Golden Goose,"Ground Floor Retail Unit, 13-15 Leadenhall Market, London, EC3V 1LR"
The Lamb Tavern,"Lamb Tavern Public House, 10-12 Leadenhall Market, London, EC3V 1LR"
Bedales Wine Bar,"Retail Unit, 55 Leadenhall Market, London, EC3V 1LT"
Planet Of The Grapes,"9-10 Bulls Head Passage, London, EC3V 1LU"
Swan Tavern,"The Swan Public House, 12 Ship Tavern Passage, London, EC3V 1LY"
The Cock & Woolpack,"The Cock And Woolpack Public House, 6 Finch Lane, London, EC3V 3NA"
Pitcher & Piano,"28 Cornhill, London, EC3V 3ND"
Simmon's Bar Bank,"Offices, 33-35 Cornhill, London, EC3V 3ND"
The Counting House,"The Counting House Public House, 50 Cornhill, London, EC3V 3PD"
Eight Club (1 Change Alley),"Basement Members Club, 24 Cornhill, London, EC3V 9AZ"
Jamaica Wine House,"St Michael's Alley, London, EC3V 9DS"
The Editors Tap,"Ground Floor Retail Unit, 5 - 11 Fetter Lane, London, EC4A 1BR"
Enigma Quests Holborn,"Offices, Barnards Inn, 86 Fetter Lane, London, EC4A 1EN"
Maison Arslan / The Green Ribbon,"193 FLEET STREET, LONDON, EC4A 2AH"
Ye Olde Cheshire Cheese,"Ye Olde Cheshire Cheese Public House, 145 Fleet Street, London, EC4A 2BU"
Old Bank of England,"194 FLEET STREET, LONDON, EC4A 2LT"
Harrild And Sons,"26 Farringdon Street, London, EC4A 4AB"
Hoop & Grapes,"80 Farringdon Street, London, EC4A 4BL"
Ye Olde London,"Ye Olde London Public House, 42 Ludgate Hill, London, EC4M 7DE"
The Paternoster,"2 Queen's Head Passage, London, EC4M 7DZ"
Magpie & Stump,"18 Old Bailey, London, EC4M 7EP"
Paternoster Tavern,"47 Ludgate Hill, London, EC4M 7JZ"
Dion,"Retail Unit 2 Paternoster House, 65 St Paul's Churchyard, London, EC4M 8AA"
Popworld,"17 Watling Street, London, EC4M 9BB"
Enoteca Da Luca,"20-21 Watling Street, London, EC4M 9BR"
Pavilion End,"The Pavilion End Public House, 23 Watling Street, London, EC4M 9BR"
Ye Olde Watling,"Ye Olde Watling Public House, 29 Watling Street, London, EC4M 9BR"
Merchant House,"13 Well Court, London, EC4M 9DN"
The Saint,"1 Bow Churchyard, London, EC4M 9DQ"
Williamsons Tavern,"Williamson's Tavern Public House, 1 Groveland Court, London, EC4M 9EH"
The Golden Fleece,"Golden Fleece Public House, 8-9 Queen Street, London, EC4N 1SP"
Core,"Aldermary House, 15 Queen Street, London, EC4N 1TX"
London Cocktail Club,"York House, 74-82 Queen Victoria Street, London, EC4N 4SJ"
The Sea Horse,"Sea Horse Public House, 64 Queen Victoria Street, London, EC4N 4SJ"
The Sugarloaf,"Retail Unit, 65 Cannon Street, London, EC4N 5AA"
Cannick Tapps,"109 Cannon Street, London, EC4N 5AD"
All Bar One,"Retail Unit, 103 Cannon Street, London, EC4N 5AG"
Sir John Hawkshaw,"Retail Unit 4-5, Cannon Street Station, Cannon Street, London, EC4N 6AP"
Harry's Bar,"5 Abchurch Yard, London, EC4N 7BA"
Candlemaker,"The Walbrook Building, 25 Walbrook, London, EC4N 8AF"
The Bell,"The Bell Public House, 29 Bush Lane, London, EC4R 0AN"
The Olde Wine Shades,"The Olde Wine Shades Public House, 6 Martin Lane, London, EC4R 0DJ"
The Bolter,"Warwick House, 65-66 Queen Street, London, EC4R 1EB"
"Pelt Trader, Arch 3","23 Dowgate Hill, London, EC4R 2SU"
Oyster Shed,"1 Angel Lane, London, EC4R 3AB"
The Banker,"The Banker Public House, Cousin Lane, London, EC4R 3TE"
The Steel Yard,"13-16 Allhallows Lane, London, EC4R 3UL"
Be At One,"28 King William Street, London, EC4R 9AT"
Three Cranes,"28 Garlick Hill, London, EC4V 2BA"
Samuel Peyps,"Samuel Pepys Public House, Stew Lane, London, EC4V 3PT"
The Blackfriar,"Blackfriars Tavern, 174 Queen Victoria Street, London, EC4V 4EG"
The Cockpit,"The Cockpit Public House, 7 St Andrew's Hill, London, EC4V 5BY"
Shaws Booksellers,"Shaws Booksellers Public House, 31-34 St Andrew's Hill, London, EC4V 5DE"
The Rising Sun,"Rising Sun Public House, 61 Carter Lane, London, EC4V 5DY"
Patch Bar,"58-62 Carter Lane, London, EC4V 5EA"
The Albion,"The Albion Public House, 2-3 New Bridge Street, London, EC4V 6AA"
El Vino Co Ltd,"30 New Bridge Street, London, EC4V 6BJ"
Ye Olde Cock Tavern,"Ye Olde Cock Tavern Public House, 22 Fleet Street, London, EC4Y 1AA"
El Vino Co Ltd,"47 Fleet Street, London, EC4Y 1BJ"
Punch Tavern,"The Punch Tavern Public House, 99 Fleet Street, London, EC4Y 1DE"
The Old Bell Tavern,"The Old Bell Public House, 95 Fleet Street, London, EC4Y 1DH"
Pegasus Bar,"Inner Temple Treasury, The Terrace, London, EC4Y 7HL"
City Of London Distillery,"Basement Retail Unit, 24 Bride Lane, London, EC4Y 8DT"
The Crown And Sugar Loaf,"Crown And Sugarloaf Public House, 26 Bride Lane, London, EC4Y 8DT"
St Bride Foundation,"Bridewell Theatre, 14 Bride Lane, London, EC4Y 8EQ"
The Harrow,"The Harrow Public House, 22 Whitefriars Street, London, EC4Y 8JJ"
Bush Hill Park PH,"Public House, 141 St Marks Road, ENFIELD, EN1 1BA"
The Lincoln Arms,"Public House, 155 Percival Road, ENFIELD, EN1 1QT"
Enfield Chase Tennis Club,"Enfield Chase Tenis Club, Mortimer Drive, ENFIELD, EN1 2LH"
Bush Hill Park Bowls Tennis And Social Club,"Abbey Road, ENFIELD, EN1 2QP"
Enfield Cricket Club,"9 Lincoln Road, ENFIELD, EN1 2RY"
Misty Bar & Lounge,"8-10 Silver Street, ENFIELD, EN1 3ED"
Mary Maddens Bar,"29 Silver Street, ENFIELD, EN1 3EF"
Buzz Bingo,"5 Dearsley Road, ENFIELD, EN1 3FB"
The Jolly Butchers,"Public House, 168-170 Baker Street, ENFIELD, EN1 3JS"
The Wheatsheaf,"Public House, 185 Baker Street, ENFIELD, EN1 3JT"
North Enfield Conservative Club Bar,"Conservative Club, 278 Baker Street, ENFIELD, EN1 3LD"
The Hop Poles,"Public House, 320 Baker Street, ENFIELD, EN1 3LH"
Enfield Ignatians RFC,"Queen Elizabeth Stadium, Donkey Lane, ENFIELD, EN1 3PL"
Enfield Town Football Club,"Queen Elizabeth Stadium, Donkey Lane, ENFIELD, EN1 3PL"
Lawns Bar & Restaurant,"David Lloyd Club, 180 Carterhatch Lane, ENFIELD, EN1 4LF"
Old Ignatian Association Ltd,"147 Turkey Street, ENFIELD, EN1 4NW"
The Bulls Head,"High Road, Turnford, Hertfordshire, EN10 6BZ"
The Queens Head,"The Queens Head Public House The Queens, 66 High Road, Wormley, Hertfordshire, EN10 6JN"
Crown Hotel,"162 Old Nazeing Road, Nazeing, Broxbourne, Waltham Abbey, EN10 6QT"
Rusheymead Clubhouse Ltd,"Nazeing New Road, Nazeing, Broxbourne, Waltham Abbey, EN10 6SY"
The White Bear,"The White Bear Public House The White Bear, 95 High Road, Broxbourne, Hertfordshire, EN10 7BN"
The Bull,"74 High Road, Broxbourne, Hertfordshire, EN10 7DZ"
Wormley Sports Club,"Church Lane, Wormley, Hertfordshire, EN10 7QE"
The Woodman & Olive,"20 West End Road, Wormley West End, Broxbourne, Hertfordshire, EN10 7QN"
Fish & Eels,"Fish And Eels Dobbs Weir Road, Roydon, Hoddesdon, Harlow, EN11 0AY"
Rye House Public House,"Rye House, Rye Road, Hoddesdon, Ware, EN11 0EH"
Rye Park Conservative Club,"Rye Road, Hoddesdon, Hertfordshire, EN11 0JD"
Hoddesdon Labour Club,"Labour Hall, Rye Road, Hoddesdon, Hertfordshire, EN11 0JR"
The George,"8 High Street, Hoddesdon, Hertfordshire, EN11 8BL"
Stanboroughs Conservative Club,"Stanboroughs Court, Conduit Lane, Hoddesdon, Hertfordshire, EN11 8EP"
Howlin Entertainment Ltd,"Unit 1, Knight Properties, Brewery Road, HODDESDON, EN11 8HF"
The Golden Lion,"23 High Street, Hoddesdon, Hertfordshire, EN11 8SX"
Bogdan Catering,"The White Swan, 95 High Street, Hoddesdon, Hertfordshire, EN11 8TN"
J D Wetherspoon The Star,"105 High Street, Hoddesdon, Hertfordshire, EN11 8TN"
The White Swan,"95 High Street, Hoddesdon, Hertfordshire, EN11 8TN"
The Sun,"Amwell Street, Hoddesdon, Hertfordshire, EN11 8TX"
British Legion,"68-70 Amwell Street, Hoddesdon, Hertfordshire, EN11 8UA"
The Wonder,"1 Batley Road, ENFIELD, EN2 0JG"
The Six Bells,"Public House, 187 Chase Side, ENFIELD, EN2 0PT"
Holtwhites Sports & Social,"Holtwhites Hill Sports Ground, 1 Kirkland Drive, ENFIELD, EN2 0RU"
O'Neill's Enfield,"Public House, 5 The Town, ENFIELD, EN2 6LE"
The Kings Head,"9 Market Place, ENFIELD, EN2 6LL"
Moon Under Water,"Public House, 115-117 Chase Side, ENFIELD, EN2 6NN"
The Stag,"Public House, 35 Little Park Gardens, ENFIELD, EN2 6PH"
Enfield Town Conservative Club,"Enfield Town Club, 8 Old Park Avenue, ENFIELD, EN2 6PR"
Crown & Horseshoes,"Public House, 15 Horseshoe Lane, ENFIELD, EN2 6PZ"
The Cricketers,"Public House, 17-19 Chase Side Place, ENFIELD, EN2 6QA"
The Old Wheatsheaf,"Public House, 3 Windmill Hill, ENFIELD, EN2 6SE"
The Jolly Farmers,"2 Enfield Road, ENFIELD, EN2 7QS"
The Robin Hood,"Public House, 240 The Ridgeway, ENFIELD, EN2 8AP"
Botany Bay Cricket Club,"Cricket Pavilion, East Lodge Lane, ENFIELD, EN2 8AS"
Golf Club Kitchen,"Club House, Crews Hill Golf Club, Cattlegate Road, ENFIELD, EN2 8AZ"
The Ridgeway Tavern,"76 The Ridgeway, ENFIELD, EN2 8JF"
Enfield Lawn Tennis Club,"The Ridgeway, ENFIELD, EN2 8NA"
The Rose & Crown,"Public House, 185 Clay Hill, ENFIELD, EN2 9AJ"
The Plough,"Public House, 12 Cattlegate Road, ENFIELD, EN2 9DJ"
The Pied Bull,"Public House, 5 Bulls Cross, ENFIELD, EN2 9HE"
King and Tinker P.H,"Public House, 40 Whitewebbs Lane, ENFIELD, EN2 9HJ"
North Enfield Cricket Club,"Strayfield Road Sports Ground, 24 Strayfield Road, ENFIELD, EN2 9JE"
Ponders End Working Mens Social Club Limited,"46 South Street, ENFIELD, EN3 4LB"
Ponders End Youth Centre,"Main Block Youth Centre, 129-137 South Street, ENFIELD, EN3 4PX"
Harvester,"The Navigation Inn, 4 Wharf Road, ENFIELD, EN3 4XX"
Lion,"Public House, 375 Hertford Road, ENFIELD, EN3 5PP"
The White House,"Public House, 570 Hertford Road, ENFIELD, EN3 5SU"
The Railway Inn,"Public House, 229 Ordnance Road, ENFIELD, EN3 6HA"
The Greyhound,"Public House, 425 South Ordnance Road, ENFIELD, EN3 6HR"
Enfield Highway Conservative Club,"652 Hertford Road, ENFIELD, EN3 6LZ"
Sun And Woolpack,"Public House, 640 Hertford Road, ENFIELD, EN3 6LZ"
Prince Albert Enfield,"Public House, 611 Hertford Road, ENFIELD, EN3 6UP"
Jura Lounge,"Unit 5 Trafalgar Trading Estate, 82 Jeffreys Road, ENFIELD, EN3 7TY"
Inn on the Park,"2 Solar Way, ENFIELD, EN3 7XY"
Hadley Wood Lawn Tennis Club,"Hadley Wood Tennis Club, Hadley Wood Open Space, Crescent East, BARNET, EN4 0EL"
Hadley Wood Golf Club,"Beech Hill, BARNET, EN4 0JJ"
Southgate Hockey Centre,"Snakes Lane, BARNET, EN4 0PS"
Oak Hill Bowls Club,"Oak Hill Park  Parkside Gardens Barnet, EN4 8JS"
Bodens,"99 East Barnet Road Barnet, EN4 8RF"
East Barnet Valley United Services Club,"23 East Barnet Road Barnet, EN4 8RN"
Lord Kitchener,"Lord Kitchener 49 East Barnet Road Barnet, EN4 8RN"
Railway Tavern,"Railway Tavern 3 East Barnet Road Barnet, EN4 8RR"
The Railway Bell,"Railway Bell 13 East Barnet Road Barnet, EN4 8RR"
Pure Gym,"18 East Barnet Road Barnet, EN4 8RW"
Prince Of Wales,"Prince Of Wales 2 Church Hill Road Barnet, EN4 8TB"
The Cock Inn,"The Cock And Dragon  Chalk Lane Enfield, EN4 9HU"
Cockfosters Bowling Club,"Cockfosters Sports Ground, Chalk Lane, BARNET, EN4 9JG"
Cockfosters Football Club,"Cockfosters Sports Ground, Chalk Lane, BARNET, EN4 9JG"
Builders Arms,"Builders Arms 3 Albert Road Barnet, EN4 9SH"
Queens Arms,"Queens Arms  Great North Road Barnet, EN5 1AB"
The Barrington,"Greenhill Parade  Great North Road Barnet, EN5 1EU"
St Peter's Social Club,"63 Somerset Road Barnet, EN5 1RF"
Old Elizabethans Social Club,"Old Elizabethans (Barnet) Memorial Playing Field  Mays Lane Barnet, EN5 2AG"
Barnet Table Tennis Club,"Barnet Table Tennis Centre  Barnet Lane Barnet, EN5 2DN"
The Lord Nelson,"14 West End Lane Barnet, EN5 2SA"
The Arkley,"The Arkley Public House 2 Barnet Road Barnet, EN5 3EP"
Maccabi London,"Rowley Lane Sports Ground  Rowley Lane Barnet, EN5 3HW"
The Gate,"The Gate 195 Barnet Road Barnet, EN5 3LA"
Hadley Football Club,"Hadley Football Club  Brickfield Lane Barnet, EN5 3LD"
Barnet Elizabethans Rugby Football Club,"Barnet Rugby Football Club  Byng Road Barnet, EN5 4NS"
The Green Dragon,"2 St. Albans Road, Barnet, Hertfordshire, EN5 4RE"
The Duke Of York,"Ganwick Corner, Barnet Road, Barnet, Hertfordshire, EN5 4SG"
Ye Olde Mitre Inne,"Ye Olde Mitre Inne 58 High Street Barnet, EN5 5SJ"
Kings Head,"The Kings Head 84 High Street Barnet, EN5 5SN"
Ye Olde Monken Holt,"Ye Olde Monken Holt 193 High Street Barnet, EN5 5SU"
Red Lion,"Toby Carvery 31 High Street Barnet, EN5 5UW"
The Butchers Arms,"148 High Street Barnet, EN5 5XP"
The Admiral Byng,"Darkes Lane, Potters Bar, Herts, EN6 1AB"
Builders Arms,"47 Heath Road, Potters Bar, Hertfordshire, EN6 1LR"
Potters Bar Cricket Club,"The Walk, Potters Bar, Hertfordshire, EN6 1QE"
Potters Bar Tennis Club,"Potters Bar Lawn Tennis Club, The Walk, Potters Bar, Hertfordshire, EN6 1QL"
The Old Manor,"Wyllyotts Place, Potters Bar, Hertfordshire, EN6 2JD"
The Strafford,"Strafford Arms, Cranborne Parade, Mutton Lane, Potters Bar, EN6 3BA"
P Bar Crusaders Sports Club,"King George V Playing Fields, Mutton Lane, Potters Bar, Hertfordshire, EN6 3BN"
The Old Guinea,"Crossoaks Lane, Ridge, Potters Bar, Hertfordshire, EN6 3LH"
Black Horse,"65 Blackhorse Lane, South Mimms, Potters Bar, Hertfordshire, EN6 3PS"
The Plough,"43 Plough Hill, Potters Bar, Hertfordshire, EN6 4DW"
OOASC Bar and Catering Limited,"The Bungalow, Old Owens Sports Ground, Coopers Lane, Potters Bar, EN6 4NE"
Judges,"Judge's Hill, Northaw, Hertfordshire, EN6 4NL"
The Two Brewers,"1 Northaw Road West, Northaw, Hertfordshire, EN6 4NW"
Cask And Stillage,"19 High Street, Potters Bar, Hertfordshire, EN6 5AJ"
Goffs Oak Comrades Club,"652 Goffs Lane, Goffs Oak, Hertfordshire, EN7 5ET"
Broxbourne Borough Football Club,"Broxbourne Youth Football Club V And E Club, Goffs Lane, Cheshunt, Hertfordshire, EN7 5QN"
Goffs Oak,"The Goffs Oak, Newgatestreet Road, Goffs Oak, Hertfordshire, EN7 5RH"
Cheshunt Park Golf Club,"Cheshunt Park Golf Club(Private) The Old Club, Cheshunt Park, Park Lane, CHESHUNT, EN7 6QD"
Prince of Wales,"Prince Of Wales Public House Prince Of Wales, Burton Lane, Goffs Oak, Hertfordshire, EN7 6SL"
The Old Anchor,"The Old Anchor Public House The Old Anchor, 188 High Street, Cheshunt, Hertfordshire, EN8 0AY"
The Freemasons,"2 Flamstead End Road, Cheshunt, Hertfordshire, EN8 0HH"
The Plough,"57 Flamstead End Road, Cheshunt, Hertfordshire, EN8 0JB"
The Vine Public House,"The Vine, 207A High Street, Waltham Cross, Hertfordshire, EN8 7AY"
The Wheatsheaf,"The Wheatsheaf PH and Accomodation The, 271-273 High Street, Waltham Cross, Hertfordshire, EN8 7BG"
The Moon And Cross,"The Moon and Cross The Moon And Cross, 104 High Street, Waltham Cross, Hertfordshire, EN8 7BX"
Cheshunt&Waltham Cross Conservative,"Cheshunt And Waltham Cross Conservative Club, Eleanor Cross Road, Waltham Cross, Hertfordshire, EN8 7LF"
Cheshunt Royal British Legion Club L,"Cheshunt Royal British Legion Club, 37 Crossbrook Street, Cheshunt, Hertfordshire, EN8 8LR"
Roman Urn,"137 Crossbrook Street, Cheshunt, Hertfordshire, EN8 8LY"
Cheshunt Football Club,"Theobalds Lane, CHESHUNT, Hertfordshire, EN8 8RU"
The Red Cow,"198 Windmill Lane, Cheshunt, Hertfordshire, EN8 9AF"
The Maltsters Public House,"The Maltsters, 177 Windmill Lane, Cheshunt, Hertfordshire, EN8 9AW"
The Old English Gentleman,"253 Turners Hill, Cheshunt, Hertfordshire, EN8 9DG"
The Crocodile,"College Road, Cheshunt, Hertfordshire, EN8 9NQ"
Rammey Marsh Cruising Club,"Private Open Space Adjacent To Rammey Marsh, Lea Road, Waltham Abbey, WALTHAM ABBEY, EN9 1AL"
Royal Small Arms Angling Club,"Rammey Marsh Lock House, Lea Road, Waltham Abbey, WALTHAM CROSS, EN9 1AL"
Welsh harp,"Welsh Harp Public House, Market Square, Waltham Abbey, Essex, EN9 1DL"
The Queens Arms,"Queens Arms Public House, 13 Market Square, Waltham Abbey, Essex, EN9 1DP"
The Angel,"The Angel Public House, 48 Sun Street, Waltham Abbey, Essex, EN9 1EJ"
The Sun Inn,"The Sun Inn Public House, 21 Sun Street, Waltham Abbey, Essex, EN9 1ER"
Royal British Legion,"British Legion Club, Brooker Road, Waltham Abbey, Essex, EN9 1HW"
Waltham Abbey Football Club,"Capershotts, Sewardstone Road, Waltham Abbey, Essex, EN9 1LU"
Macs Sports and Social Bar,"42 Farm Hill Road, Waltham Abbey, Essex, EN9 1NJ"
The Sultan,"The Sultan PH, Sewardstone Road, Waltham Abbey, Essex, EN9 1PD"
The Crown Waltham Abbey Ltd,"The Crown Public House Romeland, Broxbourne, Waltham Abbey, Essex, EN9 1QZ"
Abbeywood childrens Centre,"Abbey Church Centre Abbey Farmhouse, Abbey Gardens, Crooked Mile, Waltham Abbey, EN9 1XQ"
Black Swan PH,"Common Road, Nazeing, Waltham Abbey, Essex, EN9 2DF"
Fishers Green Sailing Club,"Holyfield Road, Waltham Abbey, Essex, EN9 2EG"
The Crooked Billet,"Crooked Billet 38 Middle Street, Nazeing, Waltham Abbey, Essex, EN9 2LD"
Nazeing Golf Club,"Middle Street, Nazeing, Waltham Abbey, Essex, EN9 2LW"
Broxbourne sailing club,"Broxbourne Sailing Club Meadgate Road, Nazeing, Waltham Abbey, Essex, EN9 2PB"
King Harolds Head,"King Harolds Head PH Nazeing Common, Nazeing, Waltham Abbey, Essex, EN9 2RY"
Harolds Park riding centre,"Harolds Park Riding Centre Equestrian Centre, Harolds Park Farm, Nazeing Common, Nazeing, EN9 2SF"
Waltham Holy Cross Conservative Club Ltd,"Waltham Holy Cross Conservative Club, 35 Honey Lane, Waltham Abbey, Essex, EN9 3AS"
Queen's Head,"The Queens Head, 60 Paternoster Hill, Waltham Abbey, Essex, EN9 3LA"
Bakers Arms,"Bakers Arms Public House, Sewardstone Road, Waltham Abbey, Essex, EN9 3QF"
Woodbine,"The Woodbine PH, Honey Lane, Waltham Abbey, Essex, EN9 3QT"
Woodbine Sports & Social Club,"Clubhouse, Woodbine Close Caravan Park, Woodbine Close, Waltham Abbey, EN9 3RQ"
Horseshoes Public House,"Horseshoe Hill, Waltham Abbey, Essex, EN9 3SN"
Sudbury Golf Club Bar,"Sudbury Golf Club, Bridgewater Road, Wembley, HA0 1AL"
Barrel & Corner,"610-612 High Road, Wembley, HA0 2AF"
The Swan,"789 Harrow Road, Wembley, HA0 2LP"
Black Horse,"1018 Harrow Road, Wembley, HA0 2QP"
The Bar,"Unit 29, 87 Ealing Road, Wembley, HA0 4BD"
Lokma Meze & Grill,"16 College Road, Harrow, HA1 1BE"
AMIGOS BAR SERVICES LIMITED,"84 St Anns Road, Harrow, HA1 1JX"
Harrow Bowls Club,"Harrow Recreation Ground, Hindes Road, HA1 1RR"
The Moon On The Hill,"Lynwood House, 373-375 Station Road, HA1 2AW"
Trinity,"380 Station Road, Harrow, HA1 2DE"
The Junction PH,"The Junction Public House, 9 Gayton Road, HA1 2DH"
The George,"269-271 Station Road, Harrow, HA1 2TB"
Wards Free House,"Wards Public House, 38-40 Lowlands Road, HA1 3AT"
The Kingsfield Arms Public House,"Kingsfield Arms Public House, 111 Bessborough Road, HA1 3DF"
The Castle,"The Castle Public House, 30 West Street, HA1 3EF"
Harrow School Staff Sports Club,"25 High Street, Harrow, HA1 3HT"
Old Lyonian Association,"The Lyonian Pavilion, South Vale, HA1 3PN"
Harrow Cricket Club,"Wood End Road, Harrow, HA1 3PP"
Sudbury Hill Express,"155 Greenford Road, HA1 3QN"
Student Union (Bars (x2) & Shop),"UNIVERSITY OF WESTMINSTER, Watford Road, Harrow, HA1 3TP"
Dharun Superstore,"134 Pinner Road, HA1 4JE"
Royal British Legion,"76 Northolt Road, South Harrow, HA2 0DW"
The Star,"The Star Public House, South Hill Avenue, HA2 0NQ"
Tithe Farm Sports and Social Club,"Tithe Farm Social Club, Rayners Lane, HA2 0XH"
McCafferty's Freehouse,"Jd Lounge, 25 Broadwalk, HA2 6ED"
The Three Wishes,"The Eclipse Public House, 20 Broadwalk, HA2 6ED"
Harrow St Mary's Cricket Club,"Pavillion, Old Millhillians Sports Ground, HA2 6NF"
West Harrow Cricket Club,"Pavillion, Headstone Manor Recreation Ground, HA2 6NS"
The Shawl Public House,"320 Northolt Road, South Harrow, HA2 8EE"
South Harrow Sports & Social Club,"Sports And Social Club, Valentine Road, HA2 8EG"
St Gabriel's Social Club,"388 Northolt Road, South Harrow, HA2 8EX"
Harrow Sports Bar,"399 Northolt Road, South Harrow, HA2 8JE"
The Horseshoe Bar,"326-326A Eastcote Lane, South Harrow, HA2 9AJ"
Ruby M's,"466-468 Alexandra Avenue, Harrow, HA2 9TL"
Twomey's Irish Bar,"278 Preston Road, Harrow, HA3 0QA"
Blue Ginger,"383 Kenton Road, Harrow, HA3 0XS"
Barrett's PH,"Barratts Public House, 9 Masons Avenue, HA3 5AH"
The Laurels,"The Laurels Public House, 337 High Road, HA3 5EQ"
Cosy Bar,"6 Weald Lane, Harrow, HA3 5ES"
Sri Lanken Muslim Cultural Centre UK,"Sri Lankan Cultural Centre, 2 Whitefriars Avenue, HA3 5RN"
Duck In The Pond Public House,"Kenton Lane, Harrow, HA3 6AA"
The Seven Harrow,"749 Kenton Lane, Harrow, HA3 6AW"
Miller & Carter,"The Leefe Robinson, 76 Uxbridge Road, HA3 6DL"
Harrow Weald Memorial Club,"Memorial Hall, 376 High Road, HA3 6HE"
The Hare Public House,"Brookshill, Harrow Weald, HA3 6SD"
The Three Wishes,"100 High Street, Wealdstone, HA3 7AH"
Travellers Rest PH,"The Travellers Rest, Kenton Road, HA3 8AT"
The Cardammon Club,"The Spanish Arch Public House, 28 Belmont Circle, HA3 8RF"
Boulevard Club,"243A Kenton Lane, Harrow, HA3 8RP"
Life of Reilly,"The Life Of Reilly Public House, 7 Warwick Parade, HA3 8SA"
Kenton Sports Club,"Pavilion, Kenton Cricket And Lawn Tennis Club, HA3 8UB"
Buckley's,"187 Streatfield Road, Harrow, HA3 9DA"
Frosty's Bar,"404 Kenton Road, Harrow, HA3 9DW"
J J Moons,"12 Victoria Road, Ruislip, HA4 0AA"
Hennessys Bar,"36 Victoria Road, Ruislip, HA4 0AG"
Crown Manor Pub,"68 Victoria Road, Ruislip, HA4 0AH"
The Black Bull,"Black Bull, Victoria Road, Ruislip, HA4 0EF"
The Middlesex Arms,"The Middlesex Arms, Long Drive, Ruislip, HA4 0HG"
Eastcote Hockey and Badminton Club,"Kings College Playing Fields, Kings College Road, Ruislip, HA4 1JZ"
Ruislip Cricket Club,"Ruislip Cricket Club - Kings College Playiong Fields, Kings College Road, Ruislip, HA4 1JZ"
Ruislip Rugby Football Club,"Ruislip Rugby Football Club, West End Road, Ruislip, HA4 6DR"
Wealdstone FC,"Ruislip Manor Sports And Social Club Ltd, Grosvenor Vale, Ruislip, HA4 6JQ"
The Indian Poet,"298 West End Road, Ruislip, HA4 6LS"
McGovern Park,"Gaelic Athletic Association, West End Road, Ruislip, HA4 6QX"
Hop And Vine Bar Ruislip,"18 High Street, Ruislip, HA4 7AN"
Ruislip Royal British Legion,"Park House, 32 High Street, Ruislip, HA4 7AN"
The White Bear,"White Bear Ph, Ickenham Road, Ruislip, HA4 7DF"
Ruislip Conservative Club,"Ruislip Conservative Club, Ickenham Road, Ruislip, HA4 7DQ"
Woodman,"The Woodman Inn, Breakspear Road, Ruislip, HA4 7SE"
Hillingdon Athletic Club,"Hillingdon Athletics Club, 206 Bury Street, Ruislip, HA4 7TJ"
Arens Bar & Grill at the Six Bells,"Six Bells, Ducks Hill Road, Northwood, HA4 7TP"
Smugglers Cove - wet pub,"153 High Street, Ruislip, HA4 8JY"
Venue 5,"Venue 5, 446 Field End Road, Ruislip, HA4 9PB"
Eastcote Royal British Legion,"British Legion Hall, Southbourne Gardens, Ruislip, HA4 9SQ"
Houlihans Freehouse,"210 Field End Road, Eastcote, HA5 1RD"
Champers,"184 Field End Road, Eastcote, HA5 1RF"
The Ascot,"The Ascott, 144 Field End Road, Eastcote, HA5 1RJ"
Eastcote Cricket Club,"Eastcote Cricket Club, Southill Lane, Eastcote, HA5 2EG"
The Black Horse,"The Black Horse Ph Black Horse Parade, High Road, Eastcote, HA5 2EN"
The Case is Altered,"The Case Is Altered, Southill Lane, Eastcote, HA5 2EQ"
The Woodman Pinner,"The Woodman Public House, Joel Street, Northwood, HA5 2PR"
Oddfellows Arms PH,"Oddfellows Arms, 2 Waxwell Lane, HA5 3EN"
Pinner Wood Breakfast/After School,"Pinner Wood School, Latimer Gardens, HA5 3RA"
Parkfield Sports & Social Club,"Pavilion And Sports Club Adjacent To Saddlers Mead, Clonard Way, HA5 4BT"
The Moon And Sixpence PH,"250 Uxbridge Road, Hatch End, HA5 4NY"
Village Inn,"Village Inn, 402-408 Rayners Lane, HA5 5DY"
Nachley,"328A Rayners Lane, Harrow, HA5 5ED"
Whittington,"The Pinner Arms Public House, Whittington Way, HA5 5JS"
The Queens Head Public House,"Queens Head Public House, 31 High Street, HA5 5PJ"
Northwood Central Club,"Northwood Central Club, Hallowell Road, Northwood, HA6 1DN"
Northwood Football Club,"Northwood Football Club, Chestnut Avenue, Northwood, HA6 1HR"
Northwood Town Cricket Club,"Chestnut Avenue, Northwood, HA6 1HR"
Sahibs,"22 The Broadway, Joel Street, Northwood, HA6 1PF"
David Lloyd Northwood,"The Riverside Club, 18 Ducks Hill Road, Northwood, HA6 2DR"
Northwood Cricket Club,"Cricket Ground, Rickmansworth Road, HA6 2NP"
The Gate P H,"The Gate, Rickmansworth Road, Northwood, HA6 2RH"
Everest Spice The Honeypot,"Everest Spice The Honeypot, Honeypot Lane, Stanmore, HA7 1EE"
Purple Flame,"437 Honeypot Lane, Stanmore, HA7 1JJ"
Sahara Lounge,"7 Stanmore Hill, Stanmore, HA7 3DP"
Spice Rack,"35 Church Road, Stanmore, HA7 4AR"
Stanmore Social Club,"Rear, 25 The Broadway, HA7 4DA"
RNOH Social Club,"Royal National Orthopaedic Hospital Nhs Trust, Brockley Hill, HA7 4LP"
Blarneys Free House,"128 Burnt Oak Broadway Edgware, HA8 0BB"
Edgware Ex-Servicemans Club,"Ex Servicemans Club, 303 Burnt Oak Broadway, HA8 5ED"
The New Inn,"19 Burnt Oak Broadway, Edgware, HA8 5LD"
Sugar & Spice- The Spice Lounge,"12-13 Queensbury Station Parade, Edgware, HA8 5NR"
The 19 Club,"19 North Parade, Mollison Way, HA8 5QH"
Jameson's Bar,"34 South Parade, Mollison Way, HA8 5QL"
The Three Wishes,"The Three Wishes 122 High Street Edgware, HA8 7EL"
The Jolly Badger,"128 Hale Lane Edgware, HA8 9RZ"
Crystals,"1 Pop In Commercial Centre, South Way, Wembley, HA9 0HF"
The White Horse,"4 Wembley Park Boulevard, Wembley, HA9 0HP"
Boxpark Trading  Ltd (Inc. Dining Area.and Bars),"15 Boxpark Wembley, 18 Olympic Way, Wembley, HA9 0JT"
J J Moons,"397 High Road, Wembley, HA9 6AA"
The Robin,"397A High Road, Wembley, HA9 6AA"
The Corner House,"313 Harrow Road, Wembley, HA9 6BA"
The Arch Wembley,"324 Harrow Road, Wembley, HA9 6LL"
Green Man Pub,"Green Man Hotel, Dagmar Avenue, Wembley, HA9 8DF"
The Wembley Tavern,"121 Wembley Park Drive, Wembley, HA9 8HG"
Parish Bar,"120 Wembley Park Drive, Wembley, HA9 8HP"
Stadium Sports Bar -First Class Sports Bar Ltd,"125 Wembley Park Drive, Wembley, HA9 8HQ"
Preston Public House,"161 Preston Road, Wembley, HA9 8NG"
The Windermere,"Windermere, Windermere Avenue, Wembley, HA9 8QT"
The Nest,"104-106 Windermere Avenue, Wembley, HA9 8RB"
The Crock of Gold,"23 Bridge Road, Wembley, HA9 9AB"
Torch Public House,"1-5 Bridge Road, Wembley, HA9 9AB"
Clementswood Bowling Club,"South Park Drive, Seven Kings, IG1 1SZ"
The Prince Of Wales Public House,"63 Green Lane, Ilford, IG1 1XJ"
The Papermakers Arms Public House,"57 Roden Street, Ilford, IG1 2AA"
Ilford Golf Club,"Ilford Golf Club, 1 Albatross Lane, Ilford, IG1 3FL"
Frenford Club,"Jack Carter Centre, The Drive, Cranbrook, IG1 3PS"
O'Neills,"109 Station Road, Ilford, IG1 4DW"
The Great Spoon Of Ilford,"114 Cranbrook Road, Ilford, IG1 4LZ"
Jono's Freehouse,"37 Cranbrook Road, Ilford, IG1 4PA"
Royal British Legion,"Royal British Legion Club, 118 Church Hill, Loughton, Essex, IG10 1LH"
Loughton Cricket CLub,"Loughton Cricket Club, The Uplands, Loughton, Essex, IG10 1NQ"
The Plume of feathers,"Plume Of Feathers, 123 Church Hill, Loughton, Essex, IG10 1QR"
The Methodist Church,"Wesley Cafe Loughton Methodist Church, 260 High Road, Loughton, Essex, IG10 1RB"
Hair Of The Dog,"The Hair Of The Dog, 15 York Hill, Loughton, Essex, IG10 1RL"
The Gardeners arms,"The Gardeners Arms, 103 York Hill, Loughton, Essex, IG10 1RX"
The Foresters Arms,"Foresters Arms, 15 Baldwins Hill, Loughton, Essex, IG10 1SF"
Loughton Synagogue,"Borders Lane, Loughton, Essex, IG10 1TE"
The Cottage Loaf,"The Cottage Loaf PH, Jessel Drive, Loughton, Essex, IG10 2EQ"
The Hub Loughton Ltd,"The Hub Unit F Landmark House, 3 The Broadway, Loughton, Essex, IG10 2FA"
Gunmakers Arms,"133 Chester Road, Loughton, Essex, IG10 2LJ"
The Black Deer,"The Black Deer PH, Poundfield Road, Loughton, Essex, IG10 3JN"
Restore Community,"Oakwood Hill Community Centre, Longcroft Rise, Loughton, Essex, IG10 3NB"
Debden sports club,"Debden Sports Club, Chigwell Lane, Loughton, Essex, IG10 3TP"
Manjal Indian Restaurant,"Sports Pavilion, Langston Road, Loughton, Essex, IG10 3TQ"
The Robin Hood Public House,"Epping New Road, Loughton, Essex, IG10 4AA"
Kings Oak Hotel (2009) Ltd,"The Kings Oak Public House, Pauls Nursery Road, Loughton, Essex, IG10 4AE"
The Owl,"The Owl Public House, Lippitts Hill, Loughton, Essex, IG10 4AL"
The Holly Bush,"140 High Road, Loughton, Essex, IG10 4BE"
The Standard,"126 High Road, Loughton, Essex, IG10 4BE"
Carpenters arms,"Carpenters Arms Public House, 99 Smarts Lane, Loughton, Essex, IG10 4BP"
KCs Kitchen at the Carpenters,"KCs Kitchen at The Carpenters Carpenters Arms, 99 Smarts Lane, Loughton, Essex, IG10 4BP"
Victoria Tavern,"165 Smarts Lane, Loughton, Essex, IG10 4BP"
Tom Dick and Harry's,"Tom Dick and Harry's, 153 High Road, Loughton, Essex, IG10 4LF"
The Hobo Club,"191 High Road, Loughton, Essex, IG10 4LN"
The Loughton Club,"Loughton Club, 8 Station Road, Loughton, Essex, IG10 4NZ"
The Lighterman Pub,"109 Bastable Avenue, Barking, IG11 0NX"
The Victoria,"Victoria, Axe Street, Barking, IG11 7LZ"
Grub Club,"196 Ripple Road, Barking, IG11 7PR"
De Lounge,"2 Linton Road, Barking, IG11 8HG"
Barking Indoor Bowls,"Longbridge Road, Barking, IG11 8TA"
Spotted Dog,"15a Longbridge Road, Barking, IG11 8TN"
The Acorn,"201-203 Longbridge Road, Barking, IG11 8UF"
Thatched House,"The Thatched House Ph, Ripple Road, Barking, IG11 9PG"
The Spot,"380 Ripple Road, Barking, IG11 9RS"
Barking United Services Club,"79 Blake Avenue, Barking, IG11 9SF"
Eastwood Snooker Bar & Grill,"Rear of, 347 Eastern Avenue, Ilford, IG2 6NE"
King George V Public House,"645 Cranbrook Road, Ilford, IG2 6SX"
Miller & Carter at the Dick Turpin,"Aldborough Road North, Newbury Park, IG2 7TD"
Ford Sports & Social Club (Essex),"Aldborough Road South, Seven Kings, IG3 8HG"
McCafferty's,"697-699 High Road, Seven Kings, IG3 8RH"
St. Cedd's Catholic Club,"783a High Road, Goodmayes, IG3 8RW"
Goodmayes Bowling Club,"Goodmayes Park, Abbotsford Road, Goodmayes, IG3 9QY"
Central Restaurant and Lounge,"The Ashgrove, 271 Green Lane, Ilford, IG3 9TN"
Eyva Lounge & Snooker Club,"17 Goodmayes Road, Goodmayes, IG3 9UH"
The Beehive Harvester,"Beehive Lane, Gants Hill, IG4 5DR"
Unicorn Public House,"225 Clayhall Avenue, Clayhall, IG5 0NY"
Redbridge Football Club,"Station Road, Barkingside, IG6 1NA"
The Chequers Public House,"The Chequers, 2 High Street, Barkingside, IG6 2DD"
Barkingside Buzz Bingo,"Fairlop Road, Barkingside, IG6 2EF"
Bealonians Football Club,"The Jack Carter Pavilion, Fencepiece Road, Ilford, IG6 2JL"
New Fairlop Oak Public House,"The New Fairlop Oak, Fencepiece Road, Ilford, IG6 2JP"
The Old Maypole Public House,"Old Maypole, 105-107 Fencepiece Road, Ilford, IG6 2NG"
Desi Fusion Flavours,"The Pavilion Oakfield Playing Fields, Forest Road, Hainault, IG6 3HD"
Old Parkonians,"Oakfield Playing Fields, Forest Road, Hainault, IG6 3HD"
Ilford Wanderers Rugby Football,"Forest Road, Hainault, IG6 3HJ"
Powerleague,"Forest Road, Hainault, IG6 3HJ"
Fairlop Waters with Bar & Marquee,"Fairlop Waters Country Park, Forest Road, Hainault, IG6 3HN"
Hainault Bowls Club,"Hainault Recreation Ground, Forest Road, Hainault, IG6 3SL"
Hainault Forest Community Centre,"100b Manford Way, Chigwell, IG7 4DF"
The Forester Public House,"105-107 Burrow Road, Chigwell, IG7 4NH"
Hainault Forest Golf Club (Private),"Hainault Forest Golf Course, Romford Road, Chigwell, IG7 4QW"
Chigwell Hall Metropolitan Police,"Chigwell Sports Club, High Road, Chigwell, Essex, IG7 6BD"
Mooro's,"Woolston Hall, Abridge Road, Chigwell, Essex, IG7 6BX"
Mooro's,"Mooro's Chigwell Ltd Woolston Hall, Abridge Road, Chigwell, Essex, IG7 6BX"
ANJUMAN - E SHEHABI (EAST LONDON),"Anjuman-E-Shehabi Chigwell Row United Reform, Chapel Lane, Chigwell, Essex, IG7 6JJ"
Sheesh Restaurant Ltd,"Sheesh Ye Olde Kings Head, 70 High Road, Chigwell, Essex, IG7 6QA"
Seasons Events and Catering,"15 The Broadway, Woodford Green, IG8 0HL"
Woodford Bowling Club Limited,"Kings Avenue, Woodford Green, IG8 0JA"
Woodford Wells Cricket and Lawn Tennis Club,"Monkhams Lane, Woodford Green, IG8 0NL"
The Travellers Friend Public House,"496-498 High Road, Woodford Green, IG8 0PN"
The Horse & Well Public House,"566-568 High Road, Woodford Green, IG8 0PS"
The Rose & Crown Public House,"31 Mill Lane, Woodford Green, IG8 0UG"
The Railway Tavern Public House,"126 Snakes Lane East, Woodford Green, IG8 7HY"
The Three Jolly Wheelers,"735 Chigwell Road, Woodford Green, Chigwell, Essex, IG8 8AS"
The Three Jolly Wheelers,"735 Chigwell Road, Woodford Green, Chigwell, Essex, IG8 8AU"
The Crown & Crooked Billet P H,"13 Cross Road, Woodford Green, IG8 8BN"
Uplands Social Club,"Uplands Social Club, 2 Green Walk, Woodford Green, IG8 8EF"
Wanstead Rugby Club,"Wanstead Rugby Club, Roding Lane North, Woodford Green, IG8 8JY"
Toby Carvery,"Southend Road, Woodford Green, IG8 8LG"
The Cricketers Public House,"299-301 High Road, Woodford Green, IG8 9HQ"
Woodford Rugby Football Club,"Woodford Rugby Football Club High Road Woodford Green, London, IG8 9LB"
The Royal Oak,"The Royal Oak Public House 320 Hale End Road, Woodford Green, London, IG8 9LN"
Buckhurst Hill Sports and Social Club,"Buckhurst Hill Sports and Leisure, 50A Queens Road, Buckhurst Hill, Essex, IG9 5BY"
The Three Colts,"Three Colts Public House, 54 Princes Road, Buckhurst Hill, Essex, IG9 5EE"
Krz Evolutions,"Warren Wood Public House, Epping New Road, Buckhurst Hill, Essex, IG9 5UA"
Buckhurst hill cricket and lacrosse club,"Buckhurst Hill Cricket And Lacrosse Club, Roding Lane, Buckhurst Hill, Essex, IG9 6BJ"
David Lloyd Leisure Ltd,"David Lloyd Club, Roding Lane, Buckhurst Hill, Chigwell, IG9 6BJ"
Roding Valley Cricket Club,"Bradwell Road, Buckhurst Hill, Essex, IG9 6BY"
Monkhams Inn,"Buckhurst Way, Buckhurst Hill, Essex, IG9 6HY"
Bancroft Rugby Football Club,"Bancroft Rugby Football Club, Buckhurst Way, Buckhurst Hill, IG9 6JD"
O'Neills,"3 Eden Street, Kingston Upon Thames, KT1 1BQ"
WeBrew Kingston,"5 Ram Passage, Kingston Upon Thames, KT1 1HH"
The Ram,"34 High Street, Kingston Upon Thames, KT1 1HL"
Minima Yacht Club,"48A High Street, Kingston Upon Thames, KT1 1HN"
Steins,"56 High Street, Kingston Upon Thames, KT1 1HN"
The Mill,"The Kingston Mill, 58-62 High Street, Kingston Upon Thames, KT1 1HN"
The Druids Head,"3 Market Place, Kingston Upon Thames, KT1 1JT"
Wheelwrights Arms,"The Wheelwrights Arms, 60 Clarence Street, Kingston Upon Thames, KT1 1NP"
The Bishop,"2 Bishops Hall, Kingston Upon Thames, KT1 1PY"
Tenpin Megabowl,"The Rotunda Centre, Clarence Street, Kingston Upon Thames, KT1 1QJ"
The Cornerstone,"Unit 1 The Rotunda Centre, Clarence Street, Kingston Upon Thames, KT1 1QJ"
The Gazebo,"Riverside Walk, Kingston Upon Thames, KT1 1QN"
Bonnie Rogues Pub - Kingston,"154 - 166 Clarence Street, Kingston Upon Thames, KT1 1QP"
Circuit - Kingston,"154 - 166 Clarence Street, Kingston Upon Thames, KT1 1QP"
Kings Tun,"153-157 Clarence Street, Kingston Upon Thames, KT1 1QT"
Bacchus Late Bar & Venue,"2 Church Street, Kingston Upon Thames, KT1 1RJ"
The Albion Tavern,"The Albion, 45 Fairfield Road, Kingston Upon Thames, KT1 2PY"
Kai's Thai Food @ The Cocoanut,"The Cocoanut, 16 Mill Street, Kingston Upon Thames, KT1 2RF"
Spring Grove Public House,"Spring Grove, 13 Bloomfield Road, Kingston Upon Thames, KT1 2SF"
The Duke Of Buckingham,"104 Villiers Road, Kingston Upon Thames, KT1 3BB"
The Bricklayers Arms,"53 Hawks Road, Kingston Upon Thames, KT1 3DS"
Hampton Court Palace Golf Club,"Home Park Hampton Court Road, Kingston Upon Thames, Richmond Upon Thames, KT1 4AD"
The White Hart,"1 High Street, Hampton Wick, Richmond Upon Thames, KT1 4DA"
The Swan,"The Swan 22 High Street, Hampton Wick, Richmond Upon Thames, KT1 4DB"
The Foresters Arms,"Foresters Arms 45 High Street, Hampton Wick, Richmond Upon Thames, KT1 4DG"
The Griffin,"58 Common Road, Claygate, Esher, Surrey, KT10 0HW"
Hare and Hounds,"The Green, Claygate, Esher, Surrey, KT10 0JL"
The Foley,"106 Hare Lane, Claygate, Esher, Surrey, KT10 0LZ"
Brightwater Brewery,"The Old Coal Order Office, Claygate Railway Station, The Parade, Claygate, KT10 0PB"
Georgie's Coffee House and Wine Bar,"14 Manor Road North, Esher, Surrey, KT10 0SH"
The Wheatsheaf,"40 Esher Green, Esher, Surrey, KT10 8AG"
Ember Sports Club,"Grove Way, Esher, Surrey, KT10 8HL"
Marney's Village Inn,"Marneys Village Inn, Alma Road, Esher, Surrey, KT10 8JN"
Prince of Wales,"Prince Of Wales, 48 West End Lane, Esher, Surrey, KT10 8LA"
Marquis of Granby,"Portsmouth Road, Esher, Surrey, KT10 9AL"
Thames Ditton  & Esher Golf Club,"Thames Ditton & Esher Golf Club Thames Ditton, Portsmouth Road, Esher, Surrey, KT10 9AL"
The Swan Inn,"The Swan, 2 Hare Lane, Claygate, Esher, KT10 9BS"
Clubhouse Solutions,"Esher Lawn Tennis Club, 7 Milbourne Lane, Esher, Surrey, KT10 9DU"
Esher Cricket Club,"47 New Road, Esher, Surrey, KT10 9NU"
The Albert Arms,"82 High Street, Esher, Surrey, KT10 9QS"
Esher Bowling Club,"High Street, Esher, Surrey, KT10 9RP"
Hummings,"51B High Street, Esher, Surrey, KT10 9RQ"
The Bear,"The Bear Hotel and Public House, 71 High Street, Esher, Surrey, KT10 9RQ"
Coppa Club,"17 Between Streets, Cobham, Surrey, KT11 1AA"
Cobham Football Club,"Downside Bridge Road, Cobham, Surrey, KT11 1AF"
The Fairmile,"Portsmouth Road, Cobham, Surrey, KT11 1BW"
Silvermere Inn on the Lake,"Silvermere Golf Club, Redhill Road, Cobham, Surrey, KT11 1EF"
Cobham Village Club,"Cobham Village Club, 16 Portsmouth Road, Cobham, Surrey, KT11 1HZ"
Black Swan,"Old Lane, Cobham, Surrey, KT11 1NG"
Cobham Bowling Club,"Winstanley Close, Cobham, Surrey, KT11 2AY"
Cobham Rugby & Sports Association,"Cobham Rugby Club, Old Surbitonians Sports Club, Fairmile Lane, Cobham, KT11 2BU"
The Old Plough,"2 Station Road, Stoke D'Abernon, Cobham, KT11 3BN"
Cobham Ex Servicemen's Club,"The Royal British Legion, Hollyhedge Road, Cobham, Surrey, KT11 3DG"
The Bear,"Old Bear, Riverhill, Cobham, Surrey, KT11 3DX"
The Running Mare,"45 Tilt Road, Cobham, Surrey, KT11 3EZ"
The Plough,"The Plough Public House, Plough Lane, Downside, Cobham, KT11 3LT"
Downside Sports & Social Club,"The Island, Downside Common Road, Downside, Cobham, KT11 3NU"
The Cricketers,"Cricketers Inn, Downside Common, Downside, Cobham, KT11 3NX"
The Bear Public House,"30 Bridge Street, Walton-On-Thames, Surrey, KT12 1AH"
The George Inn,"The George Inn (Food Business) The George Inn, 24 Bridge Street, Walton-On-Thames, Surrey, KT12 1AH"
The Walton Village,"29-31 High Street, Walton-On-Thames, Surrey, KT12 1DG"
Walton on Thames Cricket Club,"Ashley Park Pavilion, 197 Ashley Park Avenue, Walton-On-Thames, Surrey, KT12 1ET"
Walton Tennis Club,"Walton-On-Thames Lawn Tennis Club, Tennis Close, Walton-On-Thames, Surrey, KT12 1FN"
Ashley Park,"Ashley Park Public House, Ashley Park Road, Walton-On-Thames, Surrey, KT12 1JP"
Walton-on-Thames Bowling Club,"Walton Bowling Club Elm Grove, 1 Hersham Road, Walton-On-Thames, Surrey, KT12 1LH"
The Weir Hotel,"Towpath, Waterside Drive, Walton-On-Thames, KT12 2JB"
Walton Comrades Club,"7 Franklyn Road, Walton-On-Thames, Surrey, KT12 2LF"
Old Manor Inn,"113 Manor Road, Walton-On-Thames, Surrey, KT12 2NZ"
"Walton, Hersham & Oatlands Cons Club","4 Manor Road, Walton-On-Thames, Surrey, KT12 2PB"
The Anglers,"The Anglers, Manor Road, Walton-On-Thames, Surrey, KT12 2PF"
The Swan,"50 Manor Road, Walton-On-Thames, Surrey, KT12 2PF"
The Regent,"19 Church Street, Walton-On-Thames, Surrey, KT12 2QP"
Walton Working Mens Club,"21A Church Street, Walton-On-Thames, Surrey, KT12 2QP"
Esher Rugby Club,"Esher Rugby Football Club, 369 Molesey Road, Walton-On-Thames, Surrey, KT12 3PF"
Burhill Golf Club,"Burhill, Hersham, Walton-On-Thames, Surrey, KT12 4BX"
Reeds Weybridge RFC,"Weybridge Rugby Football Club, North Avenue, Whiteley Village Hersham, Walton-On-Thames, KT12 4EJ"
Whiteley Village Cricket Club,"Clubhouse, Coombe Lane, Whiteley Village Hersham, Walton-On-Thames, KT12 4EL"
Hersham Bowling Club,"Hersham Bowls Club, Coronation Recreation Ground, Molesey Road, Hersham, KT12 4QZ"
Hersham Golf Club,"Hersham Village Golf Club, Assher Road, Hersham, Walton-On-Thames, KT12 4RA"
GBLimited Limited @ The Barley Mow,"Barley Mow, 67 Molesey Road, Hersham, Walton-On-Thames, KT12 4RS"
The Barley Mow,"Barley Mow, 67 Molesey Road, Hersham, Walton-On-Thames, KT12 4RS"
The Barley Mow,"The Barley Mow, 67 Molesey Road, Hersham, Walton-On-Thames, KT12 4RS"
The Bricklayers Arms,"Bricklayers Arms, 6 Queens Road, Hersham, Walton-On-Thames, KT12 5LS"
The Watermans Arms,"Watermans Arms, 1 Queens Road, Hersham, Walton-On-Thames, KT12 5LT"
The Royal George,"130-132 Hersham Road, Hersham, Walton-On-Thames, Surrey, KT12 5QJ"
St. Georges Hill Lawn Tennis Club,"St Georges Hill Lawn Tennis Club, Warreners Lane, Weybridge, Surrey, KT13 0LL"
St George's Hill Golf Club,"St Georges Hill Golf Club, Golf Club Road, Weybridge, Surrey, KT13 0NL"
St. Georges Hill Atisan Section,"St. Georges Hill Artisan Section Artisan Pavilion, St Georges Hill Golf Club, Golf Club Road, Weybridge, KT13 0NL"
Weybridge Conservative Club,"70 Church Street, Weybridge, Surrey, KT13 8DL"
Weybridge Rowing Club,"Club House, Thames Lock, Jessamy Road, KT13 8LG"
Weybridge Rowing Club,"Thames Lock                                                                                          Jessamy Road, Weybridge, Surrey, KT13 8LG"
The Old Crown,"83 Thames Street, Weybridge, Surrey, KT13 8LP"
Elmbridge Canoe Club,"Walton Lane, Weybridge, Surrey, KT13 8LT"
The Minnow,"104 Thames Street, Weybridge, Surrey, KT13 8NG"
The Waverley Inn,"24 Heath Road, Weybridge, Surrey, KT13 8TH"
The Hand & Spear,"Hand and Spear, Old Heath Road, Weybridge, Surrey, KT13 8TX"
The Queen's Head,"1 Bridge Road, Weybridge, Surrey, KT13 8XS"
Weybridge Cricket Club,"Princes Road, Weybridge, Surrey, KT13 9BY"
The Flintgate Pub,"The Flintgate (Food), 139 Oatlands Drive, Weybridge, Surrey, KT13 9LA"
Oatlands Park Village Club,"75 St Marys Road, Weybridge, Surrey, KT13 9PZ"
The Oatlands Chaser,"Oatlands Chaser, 25 Oatlands Chase, Weybridge, Surrey, KT13 9RW"
West Byfleet Golf Club,"West Byfleet Golf ClubSheerwater RoadWest ByfleetSurrey, KT14 6AA"
The Station,"The Station2 Station RoadWest ByfleetSurrey, KT14 6DR"
Camphill Club,"The Camphill Club10 Camphill RoadWest ByfleetSurrey, KT14 6EF"
St Johns The Baptist Church,"St Johns Parish HallCamphill RoadWest ByfleetSurrey, KT14 6EF"
West Byfleet Bowling Club,"West Byfleet Bowls ClubCamphill RoadWest ByfleetSurrey, KT14 6EF"
The Harvester Restaurant,"Mitchells And ButlersThe Yeoman Bass Taverns Ltd81 Old Woking RoadWest ByfleetSurrey, KT14 6JA"
West Byfleet Social Club,"West Byfleet Social Club41 Station ApproachWest ByfleetSurrey, KT14 6NE"
Byfleet Cricket Club,"Pavilion At Sports GroundParvis RoadByfleetWest ByfleetSurrey, KT14 7AB"
The Warehouse Gym,"Unit 6 And 7Byfleet Technical CentreCanada RoadByfleetWest ByfleetSurrey, KT14 7JX"
Byfleet Bowling Club,"Byfleet Recreation GroundStream CloseByfleetWest ByfleetSurrey, KT14 7LZ"
Queens Head Public House,"2 High RoadByfleetWest ByfleetSurrey, KT14 7QG"
Plough Public House,"The Plough Public House104 High RoadByfleetWest ByfleetSurrey, KT14 7QT"
The Blue Anchor,"The Blue Anchor Public House155 High RoadByfleetWest ByfleetSurrey, KT14 7RL"
Hare Hill Social Club,"Hare Hill Social Club, Ledger Drive, Addlestone, KT15 1AT"
The Cricketers,"32 Row Town, Addlestone, KT15 1EY"
National Reserve & Social Club,"1 Simplemarsh Road, Addlestone, KT15 1QH"
Waggon & Horses Addlestone,"43 Simplemarsh Road, Addlestone, KT15 1QH"
The Queens Arms,"107 Church Road, Addlestone, KT15 1SF"
Royal British Legion (Addlestone),"94 Church Road, Addlestone, KT15 1SG"
Salvation Army Church and Community Centre,"108 Church Road, Addlestone, KT15 1SG"
RAOB GLE Club,"136 Church Road, Addlestone, KT15 1SQ"
The Holly Tree,"The Holly Tree, 25 High Street, Addlestone, KT15 1TN"
The Crouch Oak,"138 Station Road, Addlestone, KT15 2BE"
White Hart,"White Hart, New Haw Road, Addlestone, KT15 2DS"
The Pelican Pub,"9 Hamm Moor Lane, Addlestone, KT15 2SB"
C.O.L. Hotboxes,"Abbeymoor Golf Club, Green Lane, Addlestone, KT15 2XU"
Parkside Community Association,"Parkside Social Club, Broomfield Road, Addlestone, KT15 3BN"
New Haw Club and Institute,"New Haw Club And Institute, 48 Woodham Lane, Addlestone, KT15 3NA"
The Black Prince,"300 Woodham Lane, Addlestone, KT15 3NT"
The Victoria,"427 Woodham Lane, Addlestone, KT15 3QE"
Royal Marine,"Royal Marine, Lyne Lane, Chertsey, KT16 0AN"
Fangrove Residents Club,"Fangrove Caravan Park, Lyne Lane, Chertsey, KT16 0BN"
Ottershaw Social Club,"Ottershaw Social Club, 19 Brox Road, Ottershaw, KT16 0HG"
The Castle Inn,"222 Brox Road, Ottershaw, KT16 0LW"
Ottershaw Bowling Club,"The Bowling Pavilion, Memorial Fields, KT16 0NQ"
Thyme Tavern,"20 London Street, Chertsey, KT16 8AA"
The Crown Chertsey,"The Crown Hotel, 7 London Street, Chertsey, KT16 8AP"
Olde Swan Hotel,"The Olde Swan, 27 Windsor Street, Chertsey, KT16 8AY"
Kingfisher,"The Kingfisher Public House, Chertsey Bridge Road, Chertsey, KT16 8LF"
Penton Hook Yacht Club,"Penton Yacht Club Penton Hook Marina, Staines Road, Chertsey, KT16 8PY"
Penton Community and Social Club,"Penton Community And Social Ce, The Lane, Chertsey, KT16 8QP"
Chertsey Bowling Club,"Recreation Lodge, Guildford Road, Chertsey, KT16 9BW"
Coach and Horses,"14 St Anns Road, Chertsey, KT16 9DG"
Chertsey Cricket Club,"Chertsey Cricket Club, Grove Road, Chertsey, KT16 9DL"
The Chertsey and District SS and NR Club,"Heriot Road, Chertsey, KT16 9DR"
Chertsey Town Football Club,"Chertsey Town Football Club, Alwyns Lane, Chertsey, KT16 9DW"
The Twynersh,"Twynersh House, Thorpe Road, Chertsey, KT16 9EJ"
The Golden Grove,"The Golden Grove, Ruxbury Road, Chertsey, KT16 9EN"
Chertsey Social Club,"Chertsey Social Club, Pyrcroft Road, Chertsey, KT16 9HN"
The Rifleman,"5 East Street, Epsom, Surrey, KT17 1BB"
Stir Bar & Lounge,"4 East Street, Epsom, Surrey, KT17 1HH"
The Ewell Tap Room Ltd,"1 Ewell House Parade, Epsom Road, Ewell, Surrey, KT17 1NP"
The Famous Green Man,"The Green Man Public House, 71 High Street, Ewell, Surrey, KT17 1RX"
Wheatsheaf Inn,"34 Kingston Road, Ewell, Surrey, KT17 2AA"
The Spring Tavern,"1 London Road, Ewell, Surrey, KT17 2AY"
The Eight Bells,"78 Kingston Road, Ewell, Surrey, KT17 2DU"
Mason's Bar,"10 Stoneleigh Broadway, Stoneleigh, Surrey, KT17 2HU"
The Station,"Stoneleigh Broadway, Stoneleigh, Surrey, KT17 2JA"
The Railway Guard Public House,"48 Church Road, Epsom, Surrey, KT17 4DZ"
The Barley Mow,"12 Pikes Hill, Epsom, Surrey, KT17 4EA"
The Faraday/KTown/Fluster Cluck/Locked & Loaded/88th St,"Church Street, Epsom, Surrey, KT17 4NY"
Ye Olde Kings Head,"24 - 26 Church Street, Epsom, Surrey, KT17 4QB"
Derby Arms,"Derby Arms Road, Epsom, Surrey, KT18 5LE"
Tattenham Corner,"Tattenham Crescent, Epsom Downs, Surrey, KT18 5NY"
The Cock Inn,"Church Lane, Headley, Surrey, KT18 6LE"
Marquis Of Granby,"4 West Street, Epsom, Surrey, KT18 7RJ"
The Jolly Coopers,"84 Wheelers Lane, Epsom, Surrey, KT18 7SD"
The Cricketers,"Cricketers Inn Public House, 1 Stamford Green Road, Epsom, Surrey, KT18 7SR"
Queen Adelaide,"272 Kingston Road, Ewell, Surrey, KT19 0SH"
Be At One,"10 The Derby Square, High Street, Epsom, Surrey, KT19 8AG"
Mccaffertys,"134 High Street, Epsom, Surrey, KT19 8BT"
Assembly Rooms,"147 - 153 High Street, Epsom, Surrey, KT19 8EH"
The Blenheim Arms,"The Blenheim Public House, 7 Manor Green Road, Epsom, Surrey, KT19 8RA"
Boaters,"The Boaters Inn, Canbury Gardens, Kingston Upon Thames, KT2 5AU"
Whelans,"20 Richmond Road, Kingston Upon Thames, KT2 5EB"
The Grey Horse,"46 Richmond Road, Kingston Upon Thames, KT2 5EE"
The Oak,"98 Richmond Road, Kingston Upon Thames, KT2 5EN"
Queens Head,"144 Richmond Road, Kingston Upon Thames, KT2 5HA"
Peppe Restaurant,"174 Tudor Drive, Kingston Upon Thames, KT2 5QG"
The Park Tavern,"19 New Road, Kingston Upon Thames, KT2 6AP"
The Wych Elm Pub,"The Wych Elm, 93 Elm Road, Kingston Upon Thames, KT2 6HT"
Willoughby Arms,"47 Willoughby Road, Kingston Upon Thames, KT2 6LN"
The Canbury Arms,"49 Canbury Park Road, Kingston Upon Thames, KT2 6LQ"
Kingston Working Mens Club,"25 Old London Road, Kingston Upon Thames, KT2 6ND"
Norbiton,"16 Clifton Road, Kingston Upon Thames, KT2 6PW"
The Norbiton,"16 Clifton Road, Kingston Upon Thames, KT2 6PW"
The Fighting Cocks,"56 Old London Road, Kingston Upon Thames, KT2 6QA"
Black Horse,"204 London Road, Kingston Upon Thames, KT2 6QP"
Hello Meals Limited,"204 London Road, Kingston Upon Thames, KT2 6QP"
Coombe Hill Golf Club,"Golf Club Drive, Kingston Upon Thames, KT2 7DF"
The Albert Arms,"57 Kingston Hill, Kingston Upon Thames, KT2 7PX"
AfC Kingston Youth Service,"Kingsnympton Youth And Community Centre, Kingsnympton Park, Kingston Upon Thames, KT2 7RP"
Banstead Athletic Football Club,"Merland Rise, Tadworth, Surrey, KT20 5JG"
The Grumpy Mole,"Dorking Road, Walton On The Hill, Surrey, KT20 5RX"
Tadworth Social Club,"Tadworth Village Hall, Dorking Road, Walton On The Hill, Surrey, KT20 5SA"
Blue Anchor,"Dorking Road, Walton On The Hill, Surrey, KT20 5SL"
The Dukes Head,"Dorking Road, Walton On The Hill, Surrey, KT20 5SL"
Burgh Heath Comrades And Social Club,"Brighton Road, Burgh Heath, Surrey, KT20 6BW"
The Kingswood Arms,"Waterhouse Lane, Kingswood, Surrey, KT20 6EB"
Kingswood Village Club,"Brighton Road, Lower Kingswood, Surrey, KT20 6SZ"
Lower Kingswood Social Club,"Buckland Road, Lower Kingswood, Tadworth, Surrey, KT20 7DN"
The Sportsman Public House,"Mogador Road, Lower Kingswood, Surrey, KT20 7ES"
The Dog House,"Fox And Hounds Public House, 62 Walton Street, Walton On The Hill, Surrey, KT20 7RU"
The Chequers,"Chequers Lane, Walton On The Hill, Tadworth, Surrey, KT20 7SF"
Walton Heath Artisans Golf Club,"Deans Lane, Walton On The Hill, Tadworth, Surrey, KT20 7TP"
The Blue Ball,"Blue Ball Public House, Deans Lane, Walton On The Hill, Surrey, KT20 7UE"
Walton Heath Social Club,"Lord Riddell Memorial Hall, Meadow Walk, Walton On The Hill, Surrey, KT20 7UF"
The Bell,"Withybed Corner, Walton On The Hill, Surrey, KT20 7UJ"
Leg Of Mutton And Cauliflower (Ph),"48 The Street, Ashtead, KT21 1AZ"
Brewery Inn,"15 The Street, Ashtead, KT21 2AD"
The Woodman,"The Woodman (Ph), 238 Barnett Wood Lane, Ashtead, KT21 2DA"
Star Gun Club,"Shooting Range, Leatherhead Road, Chessington, KT22 0DP"
The Star,"Kingston Road, Malden Rushett, Leatherhead, KT22 0DP"
The Bear,"Bear Inn, Leatherhead Road, Oxshott, Leatherhead, KT22 0JE"
The Victoria Oxshott,"The Victoria High Street, Oxshott, Leatherhead, Surrey, KT22 0JR"
The Oxshott Club,"Oakshade Road, Oxshott, Leatherhead, Surrey, KT22 0LE"
Oxshott Village Sports Club,"Sports Ground, Steels Lane, Oxshott, KT22 0RF"
Penny Black,"The Penny Black (Ph), 5 North Street, Leatherhead, KT22 7AX"
The Plough,"The Plough (Ph), 93 Kingston Road, Leatherhead, KT22 7SP"
Dukes Head / Tanatan Indian Restaurant,"The Dukes Head (Ph), 57 High Street, Leatherhead, KT22 8AG"
Edmund Tylney,"The Edmund Tylney (Ph), 30-32 High Street, Leatherhead, KT22 8AW"
The Running Horse,"The Running Horse (Ph), 38 Bridge Street, Leatherhead, KT22 8BZ"
The Running Horse,"The Running Horse (Ph), Bridge Street, Leatherhead, KT22 8BZ"
The Bell,"The Bell (Ph), Bell Lane, Fetcham, KT22 9ND"
The Ye Olde Windsor Castle,"Ye Olde Windsor Castle (Ph), 25 Little Bookham Street, Bookham, KT23 3AA"
The Old Crown,"The Old Crown, 1 High Street, Bookham, KT23 4AA"
Royal Oak,"The Royal Oak, 12-16 High Street, Bookham, KT23 4AG"
The Queen Stage,"The Queen Stage The Street, Effingham, Surrey, KT24 5LU"
The Plough,"Plough Inn Plough Inn Orestan Lane, Effingham, Surrey, KT24 5SW"
King William IV,"The King William Iv 83 The Street, West Horsley, Surrey, KT24 6BG"
Goodhart-Rendel Community Hall,"Goodhart Rendel Community Hall Cranmore Lane, West Horsley, Surrey, KT24 6BT"
The Barley Mow,"181 The Street, West Horsley, Surrey, KT24 6HR"
Grafton Club,"36 Grafton Road, New Malden, KT3 3AA"
Malden Bowling Club,"Lime Grove, New Malden, KT3 3TW"
The Watchman,"184 High Street, New Malden, KT3 4ES"
Malden Wanderers Cricket & Lawn Tennis Club,"Club House, 20 Cambridge Avenue, New Malden, KT3 4LE"
The Glasshouse,"14 Coombe Road, New Malden, KT3 4QE"
Supreme Bowling Club,"Sports Ground, Thetford Road, New Malden, KT3 5DX"
Woodies Freehouse,"Woodies, Thetford Road, New Malden, KT3 5DX"
"New Malden Tennis, Squash & Badminton Club","New Malden Tennis Club, Somerset Close, New Malden, KT3 5RG"
Malden Manor Bowling Club,"Manor Park Recreation Ground, Malden Road, New Malden, KT3 6AU"
Earl Beatty,"365 West Barnes Lane, New Malden, Merton, KT3 6JF"
Old Tenisonians Sports Club,"Archbishop Tenison's School Sports Ground Arthur Road, New Malden, Merton, KT3 6LX"
Fulham Football Club Foundation,"Rookery Cottage, Motspur Park, New Malden, KT3 6PT"
The Willow Tree,"154 Vale Road, Worcester Park, Surrey, KT4 7ED"
Miller & Carter,"Miller & Carter Steakhouse, Church Road, Worcester Park, KT4 7RD"
The Brook,"181 Central Road, Worcester Park, KT4 8DR"
Royal British Legion,"69-75 Central Road, Worcester Park, KT4 8EG"
The North End Tavern,"245 Cheam Common Road, Worcester Park, KT4 8ST"
Surbiton Racket & Fitness Club,"Surbiton Tennis Club, Berrylands, Surbiton, KT5 8JT"
The Berrylands,"107 Chiltern Drive, Surbiton, KT5 8LS"
Surbiton Methodist Tennis Club,"Manor Drive, Surbiton, KT5 8NE"
Surbiton Croquet Club,"Alexandra Drive, Surbiton, KT5 9AA"
Royal British Legion Club Surbiton,"British Legion Club, Hollyfield Road, Surbiton, KT5 9AL"
Goals Soccer Centre,"Deckers Sports Ground, Kingston Road, Tolworth, KT5 9NT"
Hollywood Bowl,"Charrington Bowl, Kingston Road, Tolworth, KT5 9PB"
Corners,"75 Maple Road, Surbiton, KT6 4AG"
The Antelope,"87 Maple Road, Surbiton, KT6 4AW"
Surbiton Masonic Hall Limited,"6 The Crescent, Surbiton, KT6 4BN"
The Grove,"9 Grove Road, Surbiton, KT6 4BX"
Harts Boatyard,"Portsmouth Road, Surbiton, KT6 4HJ"
The Victoria,"28 Victoria Road, Surbiton, KT6 4JT"
Coronation Hall,"The Coronation Hall, St Mark's Hill, Surbiton, KT6 4LQ"
Duke Of York,"64-65 Victoria Road, Surbiton, KT6 4NQ"
The Elm Tree,"64 - 65 Victoria Road, Surbiton, KT6 4NQ"
The Surbiton Flyer,"84 Victoria Road, Surbiton, KT6 4NS"
The Surbiton Club,"34 St James Road, Surbiton, KT6 4QL"
Waggon & Horses,"The Waggon And Horses, 1 Surbiton Hill Road, Surbiton, KT6 4TW"
The Maypole,"2 Hook Road, Surbiton, KT6 5BH"
The Plough & harrow,"The Plough & Harrow 64 Ditton Hill Road, Long Ditton, Surbiton, Surrey, KT6 5JD"
The Lamb Inn,"73 Brighton Road, Surbiton, KT6 5NF"
The Black Lion,"58 Brighton Road, Surbiton, KT6 5PL"
The Prince Of Wales,"117 Ewell Road, Surbiton, KT6 6AL"
Vitto Kitchens,"The Prince Of Wales, 117 Ewell Road, Surbiton, KT6 6AL"
The Royal Oak,"261 Ewell Road, Surbiton, KT6 7AA"
Corinthian Casuals Football Club,"King George's Recreation Ground, Queen Mary Close, Chessington, KT6 7NA"
Surbiton Hockey Club,"Sugden Road, Thames Ditton, Surrey, KT7 0AE"
The Angel Inn,"Angel Inn, Angel Road, Thames Ditton, Surrey, KT7 0AU"
Old Cranleighan Sports Club,"Old Cranleighan Club, Portsmouth Road, Thames Ditton, Surrey, KT7 0HB"
Thames Ditton Lawn Tennis Club,"Weston Green Road, Thames Ditton, Surrey, KT7 0HX"
"Basil's, Thames Ditton Sports & Squash Ltd","Basil's; Thames Ditton Sports & Squash LTD, St Nicholas Road, Thames Ditton, Surrey, KT7 0PW"
The Dittons Skiff & Punting Club,"Albany Cottage, 1 Albany Reach, Queens Road, Thames Ditton, KT7 0QH"
Ye Olde Swan,"Summer Road, Thames Ditton, Surrey, KT7 0QQ"
The Albany,"The Albany Public House, Queens Road, Thames Ditton, Surrey, KT7 0QY"
George and Dragon,"George & Dragon George and Dragon Public, High Street, Thames Ditton, Surrey, KT7 0RY"
The Red Lion,"85 High Street, Thames Ditton, Surrey, KT7 0SF"
The Limping Fox,"15-17 Rushett Road, Thames Ditton, Surrey, KT7 0UX"
The City Arms,"Portsmouth Road, Thames Ditton, Surrey, KT7 0XE"
The Ferry,"Portsmouth Road, Thames Ditton, Surrey, KT7 0XY"
Metropolitan Police,"Imber Court Sports Club Imber Court Sports, Ember Lane, East Molesey, Surrey, KT8 0BT"
The Poyntz Arms,"85 Walton Road, East Molesey, Surrey, KT8 0DP"
The Europa,"The Europa Public House, 171 Walton Road, East Molesey, Surrey, KT8 0DX"
The Bell,"4 Bell Road, East Molesey, Surrey, KT8 0SS"
The Royal British Legion,"Royal British Legion Club St Andrews Hall, St Marys Road, East Molesey, Surrey, KT8 0ST"
Island Barn Reservoir Sailing Club,"Island Barn Sailing Club, Island Barn Reservoir, Ray Road, West Molesey, KT8 2LF"
The Cannon Public House,"The Cannon, 17 High Street, West Molesey, Surrey, KT8 2NA"
The Royal Oak,"317 Walton Road, West Molesey, Surrey, KT8 2QG"
East Molesey Cricket Club,"Graburn Way, East Molesey, Surrey, KT8 9AL"
Thames Motor Yacht Club,"Thames Motor Yacht Club Hampton Court Road, Hampton, Richmond Upon Thames, KT8 9BW"
The Pavilion,"The Pavilion Sports & Fitness Club The Pavilion, Hurst Lane, East Molesey, Surrey, KT8 9DX"
Prince of Wales,"23 Bridge Road, East Molesey, Surrey, KT8 9EU"
Albion Hotel,"34-36 Bridge Road, East Molesey, Surrey, KT8 9HA"
The Wine Room,"16 Bridge Road, East Molesey, Surrey, KT8 9HA"
The Rhodrons Club,"Rhodrons Avenue, Chessington, KT9 1BA"
The North Star,"271 Hook Road, Chessington, KT9 1EQ"
The Chessington Oak,"Chessington Oak, 116 Moor Lane, Chessington, KT9 1HX"
The Cricketers,"81 Clayton Road, Chessington, KT9 1NQ"
The Lucky Rover,"312 Hook Road, Chessington, KT9 1NY"
Surbiton Golf Club,"Woodstock Lane South, Chessington, Surrey, KT9 1UG"
The Shy Horse,"423 Leatherhead Road, Chessington, KT9 2NQ"
The Star of Kings,"The Star of Kings, GROUND FLOOR and Basement, 126 York Way, London, N1 0AX"
The Crown,"The Crown, 116 Cloudesley Road, London, N1 0EB, N1 0EB"
The Bull Public House,"The Bull Public House, 100 Upper Street, London, N1 0NP, N1 0NP"
Flight Club,"Flight Club, Basement and Ground Floors, 56 Upper Street, London, N1 0NY"
Ladybird,"Ladybird, Basement and Ground Floor, 70 Upper Street, London, N1 0NY"
Two More Beers,"Two More Beers, 59 Upper Street, London, N1 0NY, N1 0NY"
Steam Passage,"Steam Passage, Ground and Basement Floor, 44-46 Upper Street, London, N1 0PN"
Be at One,"Be at One, 12 Upper Street, London, N1 0PQ, N1 0PQ"
Northwood Sports Pub and Kitchen,"Northwood Sports Pub and Kitchen, 30 Parkfield Street, London, N1 0PS, N1 0PS"
O2 Academy Islington,"O2 Academy Islington, 16 Parkfield Street, London, N1 0PS, N1 0PS"
Le Chapeau Cloche,"Le Chapeau Cloche, 3 Theberton Street, London, N1 0QY, N1 0QY"
Islington Town House,"Islington Town House, Ground Floor, 13 Liverpool Road, London, N1 0RW"
Tarmon Public House,"Tarmon Public House, 270 Caledonian Road, London, N1 1BA, N1 1BA"
Meltdown,"Meltdown, Ground Floor, 342 Caledonian Road, London, N1 1BB"
Hemingford Arms Public House,"Hemingford Arms Public House, 158 Hemingford Road, London, N1 1DF, N1 1DF"
Large Glass,"Large Glass, 392-394 Caledonian Road, London, N1 1DN, N1 1DN"
Kennedy's Public House,"Kennedy's Public House, 297 Caledonian Road, London, N1 1EG, N1 1EG"
The Drapers Arms Public House,"The Drapers Arms Public House, 44 Barnsbury Street, London, N1 1ER, N1 1ER"
The Albion,"The Albion, 10 Thornhill Road, London, N1 1HW, N1 1HW"
Must & Lees Ltd,"Must & Lees Ltd, Basement And Ground Floors, 239 Liverpool Road, London, N1 1LX"
The Regent,"The Regent, 201-203 Liverpool Road, London, N1 1LX, N1 1LX"
Kings Head Public House,"Kings Head Public House, 115 Upper Street, London, N1 1QN"
Slim Jim's Liquor Store,"Slim Jim's Liquor Store, Basement And Ground Floors, 112 Upper Street, London, N1 1QN"
Hoxley and Porter,"Hoxley and Porter, 153 Upper Street, London, N1 1RA, N1 1RA"
The Vineyard,"The Vineyard, 179 Upper Street, London, N1 1RG, N1 1RG"
The Hope And Anchor Public House,"The Hope And Anchor Public House, 207 Upper Street, London, N1 1RL, N1 1RL"
Famous Cock Tavern Public House,"Famous Cock Tavern Public House, 259 Upper Street, London, N1 1RU, N1 1RU"
Famous Cocktail Bar,"Famous Cocktail Bar, 259 Upper Street, London, N1 1RU, N1 1RU"
Islington Arts Club,"Islington Arts Club, 235 Upper Street, London, N1 1RU, N1 1RU"
The White Swan Public House,"The White Swan Public House, 255-256 Upper Street, London, N1 1RU, N1 1RU"
Almeida Theatre,"Almeida Theatre, Almeida Theatre, 1A-1B Almeida Street, London, N1 1TA"
Lucky Voice,"Lucky Voice, 173-174 Upper Street, London, N1 1XS, N1 1XS"
Little Angel Theatre,"Little Angel Theatre, Little Angel Theatre, 14 Dagmar Passage, London, N1 2DN"
Myddleton Arms Public House,"Myddleton Arms Public House, 52 Canonbury Road, London, N1 2HS, N1 2HS"
The Myddleton Arms,"The Myddleton Arms, 52 Canonbury Road, London, N1 2HS, N1 2HS"
Alwyne Castle Public House,"Alwyne Castle Public House, 83 St Paul's Road, London, N1 2LY, N1 2LY"
Hen & Chickens Public House,"Hen & Chickens Public House, 109 St Paul's Road, London, N1 2NA, N1 2NA"
The Canonbury PH,"The Canonbury PH, 21 Canonbury Place, London, N1 2NS, N1 2NS"
Simmons Essex Road,"Simmons Essex Road, Ground Floor, 43 Essex Road, London, N1 2SF"
The King's Head Public House,"The King's Head Public House, 59 Essex Road, London, N1 2SF, N1 2SF"
Marquess Tavern Public House,"Marquess Tavern Public House, 32 Canonbury Street, London, N1 2TB, N1 2TB"
Fox on the Green,"Fox on the Green, 1 Islington Green, London, N1 2XH, N1 2XH"
Rosemary Branch Public House,"Rosemary Branch Public House, 2 Shepperton Road, London, N1 3DT, N1 3DT"
The Hunter S Pub,"THE PERSEVERANCE 194 SOUTHGATE ROAD, Hackney, London, N1 3HT"
The De Beauvoir Arms,"The De Beauvoir Arms, 113 Southgate Road, London, N1 3JS, N1 3JS"
Stable Wine,"Stable Wine, Basement And Ground, 344A Essex Road, London, N1 3PD"
Godet,"Godet, Ground Floor, 382 Essex Road, London, N1 3PF"
Perk'd Up Burger / The Ingredientist,"Perk'd Up Burger / The Ingredientist, Ground Floor, 382 Essex Road, London, N1 3PF"
Twilight Contemporary,"Twilight Contemporary, Ground Floor, 378-380 Essex Road, London, N1 3PF"
Duke of Wellington,"119 BALLS POND ROAD, Hackney, London, N1 4BL"
All Good N1,"39 BALLS POND ROAD, Hackney, London, N1 4BW"
Hector’s London,"49A ARDLEIGH ROAD, Hackney, London, N1 4HS"
The Scolt Head,"THE SCOLT HEAD 107A CULFORD ROAD, Hackney, London, N1 4HT"
The Talbot,"THE TALBOT 109 MORTIMER ROAD, Hackney, London, N1 4JY"
Lady Mildmay,"Lady Mildmay, 92 Mildmay Park, London, N1 4PR, N1 4PR"
The Alma Public House,"The Alma Public House, 59 Newington Green Road, London, N1 4QU, N1 4QU"
The Weavers Arms Public House,"The Weavers Arms Public House, 98 Newington Green Road, London, N1 4RG, N1 4RG"
Beef & Brew,"THE DUKE OF YORK 33 DOWNHAM ROAD, Hackney, London, N1 5AA"
Crown and Manor Boys Club,"CROWN AND MANOR BOYS CLUB WILTSHIRE ROW, Hackney, London, N1 5DH"
Howl at the Moon,"THE QUEENS 178 HOXTON STREET, Hackney, London, N1 5LH"
Thrift Taco,"178 HOXTON STREET, Hackney, London, N1 5LH"
The Stags Head,"THE STAGS HEAD 55 ORSMAN ROAD, Hackney, London, N1 5RA"
George & Vulture,"THE GEORGE AND VULTURE 63 PITFIELD STREET, Hackney, London, N1 6BU"
Prince Arthur,"PRINCE ARTHUR PUBLIC HOUSE 49 BRUNSWICK PLACE, Hackney, London, N1 6EB"
Lion and the Lamb,"THE LION AND LAMB 46 FANSHAW STREET, Hackney, London, N1 6LG"
The Macbeth,"THE MACBETH 70 HOXTON STREET, Hackney, London, N1 6LP"
Chicago Deep Dish Ltd,"1 HOXTON SQUARE, Hackney, London, N1 6NU"
The Beehive,"THE BEEHIVE 36 NEW NORTH ROAD, Hackney, London, N1 6TE"
The Hanbury Arms,"The Hanbury Arms, 33 Linton Street, London, N1 7DU, N1 7DU"
The Eagle,"THE EAGLE 2 SHEPHERDESS WALK, Hackney, London, N1 7LB"
The Wenlock Arms,"THE WENLOCK ARMS 26 WENLOCK ROAD, Hackney, London, N1 7TA"
Bar With No Name,"Bar With No Name, 69 Colebrooke Row, London, N1 8AB, N1 8AB"
The Tamil Crown,"The Tamil Crown, 16 Elia Street, London, N1 8DE, N1 8DE"
Camden Head Public House,"Camden Head Public House, Ground Floor, 2 Camden Walk, London, N1 8DY"
York Public House,"York Public House, 82 Islington High Street, London, N1 8EQ, N1 8EQ"
Island Queen,"Island Queen, Ground Floor, 87 Noel Road, London, N1 8HD"
Earl Of Essex Public House,"Earl Of Essex Public House, 25 Danbury Street, London, N1 8LE, N1 8LE"
The Old Queen's Head Public House,"The Old Queen's Head Public House, 44 Essex Road, London, N1 8LN, N1 8LN"
The Alpaca,"The Alpaca, 84-86 Essex Road, London, N1 8LU, N1 8LU"
Green Man Public House,"Green Man Public House, Basement And Ground Floors, 144 Essex Road, London, N1 8LX"
The Bill Murray,"The Bill Murray, 39 Queen's Head Street, London, N1 8NQ, N1 8NQ"
The Narrow Boat Public House,"The Narrow Boat Public House, 119 St Peter's Street, London, N1 8PZ, N1 8PZ"
The Fellow,"The Fellow, 24 York Way, London, N1 9AA, N1 9AA"
Lincoln Lounge,"Lincoln Lounge, 52 York Way, London, N1 9AB, N1 9AB"
The Parcel Yard,"M8 Westside Offices Western Concourse Kings Cross Railway Station, Euston Road, N1 9AL"
2Northdown,"2Northdown, Ground First And Second Floors, 2 Northdown Street, London, N1 9BG"
Charles 1 Public House,"Charles 1 Public House, 55-57 Northdown Street, London, N1 9BL, N1 9BL"
Model Railway Club,"Model Railway Club, Keen House, 4 Calshot Street, London, N1 9DA"
The Scottish Stores,"The Scottish Stores, 6 Caledonian Road, London, N1 9DT, N1 9DT"
Miller's Bar,"Miller's Bar, 19 Caledonian Road, London, N1 9DX, N1 9DX"
The Alma Public House,"The Alma Public House, 77-78 Chapel Market, London, N1 9EX, N1 9EX"
CC Lounge,"CC Lounge, Basement And Ground Floors, 3 Chapel Market, London, N1 9EZ"
Stanley's Wine Bar,"Stanley's Wine Bar, Ground Floor, 2A Chapel Market, London, N1 9EZ"
The Castle Public House,"The Castle Public House, 54 Pentonville Road, London, N1 9HF, N1 9HF"
The Lexington,"The Lexington, 96-98 Pentonville Road, London, N1 9JB, N1 9JB"
The Peacock,"The Peacock, Public House, 3-5 Islington High Street, London, N1 9LQ"
Scala,"275-277 Pentonville Road, London, N1 9NL"
The Three Johns,"The Three Johns, 73 White Lion Street, London, N1 9PF, N1 9PF"
Chapel Bar,"Chapel Bar, 29 Penton Street, London, N1 9PX, N1 9PX"
The Chapel Market Tavern,"The Chapel Market Tavern, Ground Floor, 58 Penton Street, London, N1 9PZ"
Thornhill Arms Public House,"Thornhill Arms Public House, 148 Caledonian Road, London, N1 9RD, N1 9RD"
The Cross,"The Cross, 2-4 Wharfdale Road, London, N1 9RY, N1 9RY"
Central Station Public House,"Central Station Public House, 37 Wharfdale Road, London, N1 9SE, N1 9SE"
Belmeis,"488 Muswell Hill Broadway, Hornsey, London, N10 1BT"
Crouch End Vampires Football Club,"Coppetts Road, Hornsey, London, N10 1JP"
The Furlong,"87 Colney Hatch Lane London, N10 1LR"
Muswell Hill Bowling Club Ltd,"Muswell Hill Bowling Club, Kings Avenue, Hornsey, London, N10 1PB"
The Maid of Muswell,"Maid Of Muswell, 121 Alexandra Park Road, Hornsey, London, N10 2DP"
The Venue N10,"272 Muswell Hill Broadway, Hornsey, London, N10 2QR"
Miller & Carter Steakhouse,"87 Muswell Hill Broadway, Hornsey, London, N10 3HA"
The Village Green,"John Baird Public House, 122 Fortis Green Road, Hornsey, London, N10 3HN"
Royal British Legion,"British Legion, Muswell Hill Road, Hornsey, London, N10 3NG"
Pearce Catering,"Public House, 73 St James's Lane, Hornsey, London, N10 3QY"
The Famous Royal Oak / MST Catering,"Public House, 73 St James's Lane, Hornsey, London, N10 3QY"
The Mossy Well,"Public House, 258-260 Muswell Hill Broadway, Hornsey, London, N10 3SH"
Victoria Stakes,"1 Muswell Hill, Hornsey, London, N10 3TH"
Mollys Bar,"Public House, 380 Bowes Road, LONDON, N11 1AH"
The Arnos Arms,"338 Bowes Road, LONDON, N11 1AN"
Waterfall Tennis Club,"The Pavilion  Pymmes Green Road London, N11 1DD"
New Southgate Conservative Club,"High Road, LONDON, N11 1PP"
Bounds Green Bowls And Tennis Club,"Brownlow Road, LONDON, N11 2BS"
The Ranelagh Arms,"82 Bounds Green Road, Wood Green, London, N11 2EU"
The Tally Ho Pub,"749 High Road London, N12 0BP"
Albanian Association,"Albanian Association  Summers Lane London, N12 0PD"
Finchley Rugby Club,"Finchley Rugby Football Club  Summers Lane London, N12 0PD"
David Lloyd Club,"David Lloyd Leisure Centre  Leisure Way London, N12 0QZ"
The Woodhouse,"230 Woodhouse Road London, N12 0RS"
Southover Pre School,"Old Finchleians Club 12 Southover London, N12 7JE"
Woodside Park Club,"Woodside Park Club  Southover London, N12 7JG"
Finchley United Services Club,"307 Ballards Lane London, N12 8LY"
Elephant Inn,"Elephant Inn 283 Ballards Lane London, N12 8NR"
Malt And Hops,"Malt And Hops 891 High Road London, N12 8QA"
The Finchley Tavern,"686 High Road London, N12 9PT"
The Bohemia,"762 High Road London, N12 9QH"
Toolans,"866 High Road London, N12 9RH"
The Woodman,"Public House, 128 Bourne Hill, LONDON, N13 4BD"
The Fox PH,"413 Green Lanes, LONDON, N13 4JD"
The Occassional Half,"Public House, 67-77 Green Lanes, LONDON, N13 4TD"
Chestnut Tree,"Public House, 9 Aldermans Hill, LONDON, N13 4YD"
Mayfield Athletic Club,"Kenmare Gardens, LONDON, N13 5DR"
Broomfield Club,"85 Hedge Lane, LONDON, N13 5SZ"
The Alfred Herring,"316-322 Green Lanes, LONDON, N13 5TT"
Unikat - 2 B6 Restaurant,"248A Green Lanes, LONDON, N13 5TU"
Friends Lounge,"326 Green Lanes, LONDON, N13 5TW"
Piano Bar 2,"236 Green Lanes, LONDON, N13 5UD"
KBO2 Venue Hire,"220 Green Lanes, LONDON, N13 5XS"
The Bird,"Public House, 100 Tottenhall Road, LONDON, N13 6DG"
Konak  Lounge,"6 Green Lanes, LONDON, N13 6JR"
Avenue Club 2,"4 Green Lanes, LONDON, N13 6JT"
Saracens Amateur Rugby F/ball Club,"Bramley Sports Ground, Chase Side, Southgate, N14 4AB"
Minchenden Association Ltd,"Minchenden Association, Bramley Road, LONDON, N14 4HL"
Doyle's,"155 Bramley Road, LONDON, N14 4XA"
The Southgate Club,"17 Chase Side, LONDON, N14 5BP"
DI' Vino Bar & Pizzeria,"23 Ashfield Parade, LONDON, N14 5EH"
On The Corner Bar Ltd,"20 Ashfield Parade, LONDON, N14 5EJ"
Osidge Arms,"Osidge Arms  Hampden Square London, N14 5JP"
The Kings Gate,"110-112 Chase Side, Southgate, N14 5PH"
The New Crown,"Public House, 80-84 Chase Side, LONDON, N14 5PH"
Southgate Royal British Legion,"Hollies Hall, Nursery Road, LONDON, N14 5QD"
Fishmongers Arms,"Commercial Premises, Public House, Winchmore Hill Road, LONDON, N14 6AD"
Alan Pullinger Youth Cntr,"Alan Pullinger Centre, 1 John Bradshaw Road, LONDON, N14 6BT"
Southgate Masonic Centre,"88 High Street, LONDON, N14 6EB"
Browns,"Public House, 22 The Green, LONDON, N14 6EN"
Selborne Bowling Club,"The Mall, LONDON, N14 6EN"
Conway Lawn Tennis Club,"Conway Road Recreation Ground, Conway Road, LONDON, N14 7BD"
The Walker Cricket Ground,"175 Waterfall Road, LONDON, N14 7JZ"
K K Mccools,"265 West Green Road, Tottenham, London, N15 3BH"
Mannions,"Prince Arthur, 158 Broad Lane, Tottenham, London, N15 4QJ"
Body Works Gym,"Unit 5 Fountayne House, 2-8 Fountayne Road, Tottenham, London, N15 4QL"
The Fountain,"Public House, 125-127 West Green Road, Tottenham, London, N15 5DE"
True Craft,"The West Green Tavern, 68 West Green Road, Tottenham, London, N15 5NR"
NO.8 Seven Sisters,"Woodberry Tavern, 618 Seven Sisters Road, Tottenham, London, N15 6JH"
Station House,"Public House, 148-150 High Road, Tottenham, London, N15 6UJ"
The Prince,"THE PRINCE OF WALES 59 KYNASTON ROAD, Hackney, London, N16 0EB"
Lion,"THE RED LION 132 STOKE NEWINGTON CHURCH STREET, Hackney, London, N16 0JX"
Rochester Castle,"ROCHESTER CASTLE PUBLIC HOUSE 145 STOKE NEWINGTON HIGH STREET, Hackney, London, N16 0NY"
The Londesborough,"THE LONDESBOROUGH PUBLIC HOUSE 36 BARBAULD ROAD, Hackney, London, N16 0SS"
Auld Shillelagh,"THE OLD SHILLEAGH 105 STOKE NEWINGTON CHURCH STREET, Hackney, London, N16 0UD"
Ryans' N16,"181 STOKE NEWINGTON CHURCH STREET, Hackney, London, N16 0UL"
Birdcage Stoke Newwington,"THE BIRDCAGE PUBLIC HOUSE 58 STAMFORD HILL, Hackney, London, N16 6XS"
The Axe,"THE CRICKETERS 18 NORTHWOLD ROAD, Hackney, London, N16 7HR"
Jolly Butchers (Stoke Newington) Limited,"204 STOKE NEWINGTON HIGH STREET, Hackney, London, N16 7HU"
Comfort Bites,"178 STOKE NEWINGTON HIGH STREET, Hackney, London, N16 7JL"
N16 Adana Spor F.C,"80A STOKE NEWINGTON ROAD, Hackney, London, N16 7XB"
VFD,"66 STOKE NEWINGTON ROAD, Hackney, London, N16 7XB"
Vortex Jazz Club,"11 GILLETT SQUARE, Hackney, London, N16 8AZ"
Earth Theatre,"17B 17 STOKE NEWINGTON ROAD, Hackney, London, N16 8BH"
Earth Venue,"11-17 STOKE NEWINGTON ROAD, Hackney, London, N16 8BH"
Yucatan Bar,"THE RUMOURS 121 STOKE NEWINGTON ROAD, Hackney, London, N16 8BT"
The White Hart,"WHITE HART 69 STOKE NEWINGTON HIGH STREET, Hackney, London, N16 8EL"
Jazz Bar,"4 BRADBURY STREET, Hackney, London, N16 8JN"
The Railway Tavern,"The Railway Tavern, 2 St Jude Street, London, N16 8JT, N16 8JT"
Army & Navy Public House,"Army & Navy Public House, 1-3 Matthias Road, London, N16 8NN, N16 8NN"
The Shakespeare,"THE SHAKESPEARE 57 ALLEN ROAD, Hackney, London, N16 8RY"
The Leconfield,"The Leconfield, 79 Green Lanes, London, N16 9BU, N16 9BU"
Karadeniz Social Club,"109A GREEN LANES, Hackney, London, N16 9BX"
Clissold Park Tavern,"Clissold Park Tavern, 177 Green Lanes, London, N16 9DB, N16 9DB"
Turkish Social Club,"114 GREEN LANES, Hackney, London, N16 9EH"
Rose And Crown,"THE ROSE AND CROWN 199 STOKE NEWINGTON CHURCH STREET, Hackney, London, N16 9ES"
No 8 Tottenham,"Public House, 724-726 High Road, Tottenham, London, N17 0AG"
The Corner Pin,"732 High Road, Tottenham, London, N17 0AG"
The Coach & Horses,"Coach And Horses, 860-862 High Road, Tottenham, London, N17 0EY"
The Olive Branch Pub,"The Olive Branch, 169 Park Lane, Tottenham, London, N17 0HJ"
Powerleague Fives Ltd,"Power League Soccer Centre, Sports Ground, Willoughby Lane, Tottenham, N17 0SL"
The New Moon Public House,"413 Lordship Lane, Tottenham, London, N17 6AG"
The Elbow Room,"503-505 High Road, Tottenham, London, N17 6QA"
Tottenham Trades Club,"8 Bruce Grove, Tottenham, London, N17 6RA"
Neza Caffe Bar Ltd,"155 Lordship Lane, Tottenham, London, N17 6XE"
Haringey Borough Football Club,"Football Club, Coles Park, White Hart Lane, Tottenham, N17 7JP"
Antwerp Arms Association,"Antwerp Arms, 168 Church Road, Tottenham, London, N17 8AS"
The Antwerp Arms,"Antwerp Arms, 168 Church Road, Tottenham, London, N17 8AS"
Gencler Birligi  FC,"Club, 12 White Hart Lane, Tottenham, London, N17 8DP"
A Bar (The Alabar Lounge),"807 High Road, Tottenham, London, N17 8ER"
The Beehive P.H,"The Beehive, Stoneleigh Road, Tottenham, London, N17 9BQ"
The Volunteer,"131 Chesnut Road, Tottenham, London, N17 9EU"
The High Cross,"350 High Road, Tottenham, London, N17 9HT"
Ferry Boat Inn,"The Ferry Boat Inn Public House 1 Ferry Lane, London, N17 9NG"
Mother Kellys Blendary and Taproom,"Unit 1 Rosa Luxemburg Apartments, 16 Ashley Road, Tottenham, London, N17 9ST"
The Bluecoats Pub,"614 High Road, Tottenham, London, N17 9TA"
The Two Brewers,"40 Scotland Green, Tottenham, London, N17 9TT"
The Victoria,"34 Scotland Green, Tottenham, London, N17 9TT"
Friends Social Club,"2A Gloucester Road, LONDON, N18 1HL"
Dicey Rileys Public House,"161 Silver Street, LONDON, N18 1PY"
Crown And Anchor,"Public House, 222 Fore Street, LONDON, N18 2QD"
Social Club,"254 Fore Street, LONDON, N18 2QD"
The Gilpins Bell,"50-56 Fore Street, LONDON, N18 2SS"
LT's,"Public House, 58 Fore Street, LONDON, N18 2SW"
Cousins Professional Snooker Club LTD,"169-171 Fore Street, LONDON, N18 2XB"
The White Horse,"Public House, 105 Fore Street, LONDON, N18 2XF"
Club Level 4,"H7, 35 Harbet Road, LONDON, N18 3HT"
Crown Public House,"Crown Public House, 622 Holloway Road, London, N19 3PA, N19 3PA"
Shaftesbury Tavern,"Shaftesbury Tavern, Ground Floor, 534 Hornsey Road, London, N19 3QN"
Archway Tavern and Live Room,"Archway Tavern and Live Room, Ground Floor, 1 Navigator Square, London, N19 3TD"
The Charlotte Despard,"The Charlotte Despard, Ground Floor, 17-19 Archway Road, London, N19 3TX"
The Florin,"The Florin, Ground Floor, 563 Holloway Road, London, N19 4DQ"
Corner Flag PH,"Corner Flag PH, 472 Hornsey Road, London, N19 4EF, N19 4EF"
North Nineteen,"North Nineteen, 194-196 Sussex Way, London, N19 4HZ, N19 4HZ"
The Star,"47 Chester Road, London, N19 5DF"
Whittington Stone,"Whittington Stone, 53 Highgate Hill, London, N19 5NE, N19 5NE"
Boston Arms,"Boston Arms, 178-180 Junction Road, London, N19 5QQ, N19 5QQ"
Oak and Pastor,"Oak and Pastor, 86 Junction Road, London, N19 5QU, N19 5QU"
St Johns Tavern,"St Johns Tavern, St John's Tavern Public House, 91 Junction Road, London, N19 5QU"
BABEL BEERHOUSE,"1 Lewis Cubitt Walk, London, N1C 4DL"
GOODSWAY,"11 Goods Way, London, N1C 4DP"
Betjeman Arms,"Unit 53 St Pancras International Station, Euston Road, London, N1C 4QL"
The Five Bells,"Five Bells 165 East End Road London, N2 0LZ"
The Old White Lion,"Old White Lion 121 Great North Road London, N2 0NW"
Hampstead Golf Club,"82 Winnington Road London, N2 0TU"
The Bald Faced Stag,"Bald Faced Stag 69 High Road London, N2 8AB"
Gertie Brownes,"95 High Road London, N2 8AG"
East Finchley Constitutional Club,"East Finchley Constitutional Club  The Walks London, N2 8DE"
The Windsor Castle,"Windsor Castle  The Walks London, N2 8DL"
Maddens Bar,"130 High Road London, N2 9ED"
Clissold Arms,"105 Fortis Green, Hornsey, London, N2 9HR"
The Cavalier,"67 Russell Lane London, N20 0BB"
The Kitch At The Cav,"67 Russell Lane London, N20 0BB"
Friary Park Bowling Club,"Friary Park  Friary Road London, N20 0NR"
Three Horseshoes Whetstone,"Three Horseshoes 1166 High Road London, N20 0RA"
Orange Tree Public House,"Orange Tree 7 Totteridge Village London, N20 8NX"
Totteridge Millhillians Cricket Club,"Totteridge Cricket Club  Totteridge Green London, N20 8PB"
Totteridge Tennis Club,"Totteridge Tennis Club  Great Bushey Drive London, N20 8QL"
South Herts Golf Club,"South Herts Golf Club  Links Drive London, N20 8QU"
Oakleigh Lawn Tennis & Squash Club,"100 Oakleigh Road North London, N20 9EZ"
Oakleigh Park School Of Swimming,"100 Oakleigh Road North London, N20 9EZ"
The Griffin,"The Griffin 1262 High Road London, N20 9HH"
The Kings Head,"Public House, The Green, LONDON, N21 1BB"
Old Grammarians RFC,"Middlesex University Sports Ground, Green Dragon Lane, LONDON, N21 1EP"
The Winchmore,"Public House, 235 Winchmore Hill Road, LONDON, N21 1QA"
Gryphon,"Public House, 9 Vera Avenue, LONDON, N21 1RE"
The Little Green Dragon Enfield,"928 Green Lanes, LONDON, N21 2AD"
Hazelwood Tennis Club,"Ridge Avenue, LONDON, N21 2AJ"
Bush Hill Park Golf Club 1895 Limited,"Bush Hill Park Golf Club, Bush Hill, LONDON, N21 2BU"
Vicars Moor Lawn Tennis Club,"Sherbrook Gardens, LONDON, N21 2NU"
Winchmore Hill Bowling Club,"Radcliffe Road, LONDON, N21 2SD"
Brackendale Lawn Tennis Club,"Brackendale Sports Ground, Brackendale, LONDON, N21 3DH"
Winchmore Hill Sports Club (CC),"Paulin Ground, Fords Grove, LONDON, N21 3ER"
The Orange Tree,"18 Highfield Road, LONDON, N21 3HA"
Dog and Duck,"Public House, 74 Hoppers Road, LONDON, N21 3LH"
Queens Head Winchmore Hill,"Public House, 41-43 Station Road, LONDON, N21 3NB"
Salisbury Arms,"Public House, Hoppers Road, LONDON, N21 3NP"
On Broadway,"765 Green Lanes, LONDON, N21 3SA"
The Three Wishes,"Public House, 749 Green Lanes, LONDON, N21 3SA"
The Welcome Inn,"Public House, 451 Lordship Lane, Wood Green, London, N22 5DJ"
Wood Green AFS Association,"55 White Hart Lane, Wood Green, London, N22 5SL"
The Westbury,"Public House The Westbury, 57 Westbury Avenue, Wood Green, London, N22 6BS"
The Nags Head,"Public House, 203 High Road, Wood Green, London, N22 6DR"
Rio Nightclub,"9A The Broadway, Wood Green, London, N22 6DS"
Spouters Corner,"Hollywood Green, 180 High Road, Wood Green, London, N22 6EJ"
The Recshop CIC,"Unit 17a, Wood Green Shopping City, High Road, Wood Green, N22 6YD"
The Park Inn,"12 Palace Gates Road, Wood Green, London, N22 7BN"
The Starting Gate,"The Starting Gate Public House, Station Road, Wood Green, London, N22 7SS"
Ludo's,"Bus Cafe, Car Park, River Park Road, Wood Green, N22 7TB"
Our Lady of Muswell Lawn Tennis Club,"Our Lady Of Muswell Lawntennis Club, Rhodes Avenue, Wood Green, London, N22 7UR"
Bar @,"Muswell Hill Golf Club, Rhodes Avenue, Wood Green, London, N22 7UT"
P.J O'Connors,"Public House 239 Ashley House, 235-239 High Road, Wood Green, London, N22 8HF"
Grand Palace,"Grand Palace 1st Floor, 242 High Road, Wood Green, London, N22 8JX"
Hillbilly Social at 101,"101 Myddleton Road, Wood Green, London, N22 8NE"
Bohem Tap Room,"120A Myddleton Road, Wood Green, London, N22 8NQ"
New Salamina,"Shop A&B, 68 Myddleton Road, Wood Green, London, N22 8NW"
The Prince of  Wales,"Prince Of Wales, 1 Finsbury Road, Wood Green, London, N22 8PA"
Finchley Lawn Tennis Club,"Finchley Lawn Tennis Club  Brent Way London, N3 1AJ"
The Catcher In The Rye,"Catcher In The Rye 317 Regents Park Road London, N3 1DP"
Ahir Lorenzo's Bar Restaurant,"298 Nether Street London, N3 1RJ"
"Finchley Manor Lawn Tennis, Squash And Health Club","Finchley Manor Lawn Tennis And Squash Rackets Club  Lyndhurst Gardens London, N3 1TD"
Poolside Manor Ltd,"Poolside Manor  Lyndhurst Gardens London, N3 1TD"
The Joiners,"Joiners Arms 51 Ballards Lane London, N3 1XP"
The Joiners,"51 Ballards Lane, N3 1XP"
Finchley Bowling Club,"Finchley Bowling Club  Etchingham Park Road London, N3 2DT"
Annie's Freehouse,"168 Ballards Lane London, N3 2PA"
Wilf Slack Sports Club,"19 East End Road London, N3 2SU"
Brouhaha,"Restaurant, 499-501 Green Lanes, Hornsey, London, N4 1AL"
The Finsbury,"FINSBURY PARK HOTEL 336 GREEN LANES, Hackney, London, N4 1BY"
Lea Valley Gin Distillery,"Unit D, 195 Eade Road, Tottenham, London, N4 1DN"
The Beaconfield Public House,"Public House, 359 Green Lanes, Hornsey, London, N4 1DZ"
Orleans Bar,"Orleans Bar, Basement, 259-261 Seven Sisters Road, London, N4 2DD"
The Twelve Pins,"Public House, 263 Seven Sisters Road, Hornsey, London, N4 2DE"
Rolex,"Rolex, 5 Station Place, London, N4 2DH, N4 2DH"
King's Head Public House,"King's Head Public House, 126 Blackstock Road, London, N4 2DR, N4 2DR"
T Bird Bar,"T Bird Bar, Ground Floor, 132 Blackstock Road, London, N4 2DX"
The Brownswood Park Tavern,"THE CASTLE 271 GREEN LANES, Hackney, London, N4 2EX"
Blackstock Public House,"Blackstock Public House, Ground Floor, 284 Seven Sisters Road, London, N4 2HY"
Brookgate,"175 BLACKSTOCK ROAD, Hackney, London, N4 2JS"
The Plimsoll,"The Plimsoll, Ground Floor, 52 St Thomas's Road, London, N4 2QW"
Park Tavern Public House,"Park Tavern Public House, 164 Tollington Park, London, N4 3AD, N4 3AD"
World's End,"World's End, Public House, 21-23 Stroud Green Road, London, N4 3EF"
The Faltering Fullback,"19 Perth Road, Hornsey, London, N4 3HB"
W. B.  Yeats,"W. B.  Yeats, Ground Floor, 20 Fonthill Road, London, N4 3HU"
The White Lion,"The White Lion, 125-127 Stroud Green Road, London, N4 3PX, N4 3PX"
The Old Dairy,"The Old Dairy, Ground Floor, 1-3 Crouch Hill, London, N4 4AP"
The Robin,"The Robin, 29 Crouch Hill, London, N4 4AP, N4 4AP"
Nicholas Nickleby,"Public House, 6 Ferme Park Road, Hornsey, London, N4 4ED"
Bonne Route,"42 Quernmore Road, Hornsey, London, N4 4QP"
Bank Of Friendship PH,"Bank Of Friendship PH, 224 Blackstock Road, London, N5 1EA, N5 1EA"
Gunners Public House,"Gunners Public House, 204 Blackstock Road, London, N5 1EN, N5 1EN"
The Gunners,"The Gunners, 204 Blackstock Road, London, N5 1EN, N5 1EN"
Highbury,"Highbury, Ground Floor, 66A Drayton Park, London, N5 1ND"
The Drayton Park Public House,"The Drayton Park Public House, 66 Drayton Park, London, N5 1ND, N5 1ND"
The Garage,"The Garage, 12 Highbury Corner, London, N5 1RA, N5 1RA"
The Highbury Barn Tavern,"The Highbury Barn Tavern, 26 Highbury Park, London, N5 2AB, N5 2AB"
Cannons - The Factory,"Cannons - The Factory, 223A Blackstock Road, London, N5 2LL, N5 2LL"
Woodbine Public House,"Woodbine Public House, 215 Blackstock Road, London, N5 2LL, N5 2LL"
The Snooty Fox,"The Snooty Fox, 75 Grosvenor Avenue, London, N5 2NN, N5 2NN"
The Wrestlers,"98 North Road, Hornsey, London, N6 4AA"
Highgate Golf Club,"Denewood Road, Hornsey, London, N6 4AH"
The Red Lion & Sun,"Red Lion And Sun, 25 North Road, Hornsey, London, N6 4BE"
The Highgate Inn,"Public House, 385 Archway Road, Hornsey, London, N6 4ER"
The Boogaloo,"Public House, 312 Archway Road, Hornsey, London, N6 5AT"
Winchester Hall Tavern,"206 Archway Road, Hornsey, London, N6 5BA"
The Crown,"86 Highgate High Street, Hornsey, London, N6 5HX"
The Dukes Head,"Dukes Head, 16 Highgate High Street, Hornsey, London, N6 5JG"
The Angel Inn,"37 Highgate High Street, London, N6 5JT"
Star Pub and Bars Ltd,"Prince Of Wales, 53 Highgate High Street, London, N6 5JX"
The Woodman,"414 Archway Road, Hornsey, London, N6 5UA"
Flask Tavern,"77 Highgate West Hill, London, N6 6BU"
Gatehouse,"Highgate West Hill, London, N6 6JS"
The Wine Cellar,"Unit 1 Sonny Heights West, 1 Swain's Lane Highgate, London, N6 6QX"
Tufnell Park Tavern,"Tufnell Park Tavern, 162 Tufnell Park Road, London, N7 0EE, N7 0EE"
Big Red,"Big Red, The Big Red Pub The Arcade, 385 Holloway Road, London, N7 0RY"
Prince Edward,"Prince Edward, 38 Parkhurst Road, London, N7 0SF, N7 0SF"
Manooka,"Manooka, Bar, 392 Camden Road, London, N7 0SJ"
Enkel Arms,"Enkel Arms, 34-36 Seven Sisters Road, London, N7 6AA, N7 6AA"
The Eaglet,"The Eaglet, Basement and Ground Floor, 124 Seven Sisters Road, London, N7 6AE"
The Half Way House,"The Half Way House, 74 Seven Sisters Road, London, N7 6AE, N7 6AE"
Cousin's Professional Snooker Club,"Cousin's Professional Snooker Club, First And Second Floors, 8-14 Seven Sisters Road, London, N7 6AH"
The Swimmer At The Grafton Arms Ph,"The Swimmer At The Grafton Arms Ph, 13 Eburne Road, London, N7 6AR, N7 6AR"
Tollington Public House,"Tollington Public House, 115 Hornsey Road, London, N7 6DN, N7 6DN"
El Comandante Public House,"El Comandante Public House, 10 Annette Road, London, N7 6ET, N7 6ET"
The Hercules,"The Hercules, 504 Holloway Road, London, N7 6JA, N7 6JA"
Nambucca,"Nambucca, 596 Holloway Road, London, N7 6LB, N7 6LB"
The Owl and Hitchhiker,"The Owl and Hitchhiker, 471 Holloway Road, London, N7 6LE, N7 6LE"
Islington Sports Bar & Grill,"Islington Sports Bar & Grill, 274 Holloway Road, London, N7 6NE, N7 6NE"
The Coronet,"The Coronet, 338-346 Holloway Road, London, N7 6NJ, N7 6NJ"
Travelodge,"Travelodge, 185-187 Isledon Road, London, N7 7JR, N7 7JR"
Bedford Tavern,"Bedford Tavern, Ground Floor, 160 Seven Sisters Road, London, N7 7PT"
Blue Nile,"Blue Nile, Ground Floor, 182 Seven Sisters Road, London, N7 7PX"
The Jolly Sisters,"The Jolly Sisters, 95 Bride Street, London, N7 8AX, N7 8AX"
The George,"The George, 9 Eden Grove, London, N7 8EE, N7 8EE"
The Red Lion,"The Red Lion, Ground Floor Left, 261 Holloway Road, London, N7 8HG"
N7 London,"N7 London, Railway Arch 2, 303 Holloway Road, London, N7 8HS"
The Lamb,"The Lamb, 54 Holloway Road, London, N7 8JL, N7 8JL"
One Eighty One,"One Eighty One, 181 Holloway Road, London, N7 8LX, N7 8LX"
Duchess Of Kent,"Duchess Of Kent, 441 Liverpool Road, London, N7 8PR, N7 8PR"
Two Brewers,"Two Brewers, 109-110 Roman Way, London, N7 8UR, N7 8UR"
Two Tribes Campfire,"Two Tribes Campfire, Unit 13 Tileyard Studios, Tileyard Road, London, N7 9AH"
Doyles Tavern,"Doyles Tavern, 379 Caledonian Road, London, N7 9DQ, N7 9DQ"
The Depot N7,"The Depot N7, Bar And Premises, Westcliff House, Carpenter's Mews, N7 9EF"
Langham Working Mens Club,"Club, 600 Green Lanes, Hornsey, London, N8 0RY"
McCafferty's Irish Bar,"Public House, 128 Tottenham Lane, Hornsey, London, N8 7EL"
The Tav,"18 High Street, Hornsey, London, N8 7PB"
The Great Northern Railway Tavern,"Great Northern Railway Tavern, 67 High Street, Hornsey, London, N8 7QB"
Kings Head Public House,"Kings Head, 2 Crouch End Hill, Hornsey, London, N8 8AA"
AJ's Kitchen @,"Railway Tavern, 23 Crouch End Hill, Hornsey, London, N8 8DH"
The Crouch End Cellars,"55 The Broadway, Hornsey, London, N8 8DT"
The Good Reader,"120 Park Road, Hornsey, London, N8 8JP"
The Priory,"Public House, 169 Priory Road, Hornsey, London, N8 8NB"
Small Beer,"Public House, 22 Topsfield Parade, Tottenham Lane, Hornsey, N8 8PT"
The Maynard Arms,"Public House, 70 Park Road, Hornsey, London, N8 8SX"
The Fox at Crouch End,"2 Park Road, Hornsey, London, N8 8TD"
Bar Esteban,"29 Park Road, Hornsey, London, N8 8TE"
Queens,"26 Broadway Parade, Tottenham Lane, Hornsey, London, N8 9DE"
The Wooden Cross,"153 Crouch Hill, Hornsey, London, N8 9QH"
The Railway Tavern,"Public House, 19-20 Market Square, LONDON, N9 0TZ"
The Hyde Arms,"Public House, 137 Victoria Road, LONDON, N9 9BB"
The Rising Sun,"Public House, 240 Winchester Road, LONDON, N9 9EF"
Edmonton Sports & Social Club,"Norsemen Football Club Edmonton Cricket Club, Church Street, LONDON, N9 9HL"
The Stag And Hounds,"Public House, 371 Bury Street West, LONDON, N9 9JW"
The Beehive PH,"24 Little Bury Street, LONDON, N9 9JZ"
The Black Heart & LD's Kitchen,"2-3 Greenland Place, London, NW1 0AP"
Belushi's,"48-50 Camden High Street, London, NW1 0LT"
The Camden Head,"100 Camden High Street, NW1 0LU"
The World's End,"174 Camden High Street, London, NW1 0NE"
The Golden Lion,"88 Royal College Street, London, NW1 0TH"
Royal George,"8-14 Eversholt Street, London, NW1 1DG"
The Cock Tavern,"23 Phoenix Road, London, NW1 1HB"
The Rocket,"120 Euston Road, London, NW1 2AL"
Euston Tap,"West Lodge, 190 Euston Road, NW1 2EF"
Crown & Anchor,"137 Drummond Street, London, NW1 2HL"
Exmouth Arms Euston,"1 Starcross Street, London, NW1 2HR"
Doric Arch,"Euston Station, Unit 50 Eversholt Street, London, NW1 2HS"
The Signal Box PH,"Unit 53 Euston Railway Station, Eversholt Street, London, NW1 2HS"
Escape Bar & Restaurant,"2 Lidlington Place, London, NW1 2JU"
Camden People's Theatre,"58-60 Hampstead Road, London, NW1 2PY"
The Barrel Vault,"Unit 23 St Pancras International Station, Pancras Road, London, NW1 2QL"
The Station Pantry,"Unit 31 St Pancras International Station, Pancras Road, NW1 2QP"
O'Neill's,"73-77 Euston Road, London, NW1 2QS"
The Euston Flyer,"83-87 Euston Road, London, NW1 2RA"
Zodiac Bar,"119 Hampstead Road, London, NW1 3EE"
The Union Regent’s Place,"11 Triton Street, NW1 3TS"
Queens Head & Artichoke,"32 Albany Street, London, NW1 4EA"
Globe Public House,"THE GLOBE 43-47 MARYLEBONE ROAD, LONDON, NW1 5JY"
The Sir John Balcombe Pub,"BASEMENT 21 BALCOMBE STREET, LONDON, NW1 6HE"
Green Note Ltd,"106 Parkway, London, NW1 7AN"
The Dublin Castle,"94 Parkway, London, NW1 7AN"
Oxford Arms,"265 Camden High Street, London, NW1 7BU"
The Ice Wharf,"Suffolk Wharf, 28-30 Jamestown Road, London, NW1 7BY"
The Good Mixer,"28-30 Inverness Street, London, NW1 7HJ"
Lyttleton Arms,"1 Camden High Street, London, NW1 7JE"
Be At One Limited,"55 Camden High Street, London, NW1 7JH"
The Blues Kitchen,"111-113 Camden High Street, London, NW1 7JN"
Spread Eagle,"141 Albert Street, London, NW1 7NB"
Earl of Camden,"55 Parkway, London, NW1 7PN"
The Sheephaven Bay,"2 Mornington Street, London, NW1 7QD"
Edinboro Castle,"57 Mornington Terrace, London, NW1 7RU"
Coyote Ugly Saloon Ltd,"The Stables Market, Chalk Farm Road, London, NW1 8AH"
TOMBRAIDER THE LIVE EXPERIENCE,"The Stables Market Lower and upper Basement Atrium, Chalk Farm Road, London, NW1 8AH"
Lock Tavern,"35 Chalk Farm Road, London, NW1 8AJ"
The Camden Assembley,"49 Chalk Farm Road, London, NW1 8AN"
The Roundhouse,"100 Chalk Farm Road, London, NW1 8EP"
Spiritual Bar,"6 Ferdinand Street, NW1 8ER"
The Lansdowne,"90 Gloucester Avenue, London, NW1 8HX"
The Pembroke Castle,"150 Gloucester Avenue, London, NW1 8JA"
The Engineer,"65 Gloucester Avenue, London, NW1 8JH"
Princess of Wales,"22 Chalcot Road, London, NW1 8LL"
Simmons,"7-9 Kentish Town Road, London, NW1 8NH"
3 Locks Brewery,"Arch 14 & 15, Water Lane, London, NW1 8NZ"
The Electric Ballroom,"184 Camden High Street, London, NW1 8QP"
Bucks Head,"202 Camden High Street, London, NW1 8QR"
The Elephants Head,"224 Camden High Street, London, NW1 8QR"
The Hawley Arms,"2 Castlehaven Road, London, NW1 8QU"
Tapping the Admiral,"Tavern In The Town Public House, 77 Castle Road, NW1 8SU"
The Queens,"49 Regent's Park Road, London, NW1 8XD"
The Unicorn,"227 Camden Road, London, NW1 9AA"
Camden Road Arms,"102-106 Camden Road, London, NW1 9EA"
DEGUSTO,"94 Camden Road, London, NW1 9EA"
Slatterys Bar,"69 Camden Road, London, NW1 9EU"
The Old Eagle Public House,"251 Royal College Street, London, NW1 9LU"
Camden Eye,"2 Kentish Town Road, London, NW1 9NX"
Abbey Tavern,"124 Kentish Town Road, NW1 9QB"
Katie's,"350 Neasden Lane, London, NW10 0AD"
Peggies Bar,"362 Neasden Lane North, London, NW10 0BT"
Tiffty Tom's,"249 Neasden Lane, London, NW10 1QG"
Rising Sun,"25 Harlesden Road, London, NW10 2BY"
Tony's Freehouse,"356-360 High Road, London, NW10 2EG"
Maloney's,"429 High Road, London, NW10 2JN"
No 8 Public House and Hostel,"305 High Road, London, NW10 2JT"
Bar Lula's,"50 High Road, London, NW10 2QA"
Bar 117,"117 High Road, London, NW10 2SL"
The Whippet Inn,"64-66 Chamberlayne Road, London, NW10 3JJ"
Maggies Bar,"102 Chamberlayne Road, London, NW10 3JN"
The Chamberlayne,"83 Chamberlayne Road, London, NW10 3ND"
Villa Country Club,"75 Park Parade, London, NW10 4HT"
The Shawl,"25 High Street, London, NW10 4NE"
Triangle Club,"252 High Street, London, NW10 4TD"
Angie's,"127 High Street, London, NW10 4TR"
Royal Oak,"95 High Street, London, NW10 4TS"
"The Green Man Pub,  Restaurant & Tapas Bar","Green Man, 109 High Street, London, NW10 4TS"
Sportsman,"58 Station Road, London, NW10 4UA"
Green Ariana,"47 Station Road, London, NW10 4UP"
Station 57,"57 Station Road, Harlesden, London, NW10 4UX"
The Island,"123 College Road, London, NW10 5HA"
The William,"786 Harrow Road, London, NW10 5JX"
Parlour,"5 Regent Street, London, NW10 5LG"
Somali Social Society,"34 Standard Road, Park Royal, NW10 6EU"
Exchange At The Collective,"Unit D, Nash House, Old Oak Lane, Park Royal, NW10 6FF"
The Fishermans Arms (Pub Only),"The Fishermans Arms, Old Oak Lane, Park Royal, NW10 6UB"
Grand Junction Arms,"Grand Junction Arms, Acton Lane, London, NW10 7AD"
The Banqueting Suite,"34-38 Steele Road, London, NW10 7AS"
Crystals of London Bar & Restaurant,"Community Centre, Crystal House, 2 Agate Close, London, NW10 7FJ"
The Refectory,"911 Finchley Road London, NW11 7PE"
The Temple Fortune Club,"122 Bridge Lane London, NW11 9JS"
Lucky 7 - Wine Bar,"7 Cricklewood Lane London, NW2 1ET"
Lounge 4:04,"26 Cricklewood Lane London, NW2 1HB"
The Gower Club,"University College School Sports Ground  Ranulf Road London, NW2 2BS"
Cricklewood Trades Hall Club And Institute,"134 Cricklewood Lane London, NW2 2DP"
Brondesbury Cricket Tennis Bowls & Squash Club,"Brondesbury Cricket Tennis And Squash Club 5 Harman Drive London, NW2 2EB"
The Beaten Docket,"50-56 Cricklewood Broadway, London, NW2 3ET"
Barretts,"239 Cricklewood Broadway, London, NW2 3HP"
Spicy Basil Bar & Restaurant,"147 Cricklewood Broadway, London, NW2 3HY"
The Windmill Guest House Bar,"57 Cricklewood Broadway, London, NW2 3JX"
Angie's Bar,"11A-13A Walm Lane, London, NW2 5SJ"
The Cricklewood Club (London Midland Railway Club),"327 Edgware Road, Cricklewood, London, NW2 6JP"
Ox & Gate Pub / Real Lahore - CRYSTAL PRO LIMITED,"341 Oxgate Lane, London, NW2 7HS"
The Wells Tavern,"30 Well Walk, London, NW3 1BX"
The Flask Public House,"14 Flask Walk, London, NW3 1HE"
The Duke of Hamilton,"23-25 New End, London, NW3 1JD"
Freemasons Arms,"32 Downshire Hill, London, NW3 1NT"
King William IV,"Public House And Premises, 77 Hampstead High Street, London, NW3 1RE"
Slawek Kitchen,"77 Hampstead High Street, London, NW3 1RE"
The George,"250 Haverstock Hill, London, NW3 2AE"
Globe Lawn Tennis Club Bar,"190a Haverstock Hill, London, NW3 2AL"
HAVERSTOCK TAVERN,"94 Haverstock Hill, London, NW3 2BD"
The Enterprise,"2 Haverstock Hill, London, NW3 2BL"
Old Oak Hampstead,"1 Mansfield Road, London, NW3 2JD"
The Roebuck,"15 Pond Street, London, NW3 2PN"
The Garden Gate,"14 South End Road, London, NW3 2QE"
The Stag,"67 Fleet Road, London, NW3 2QU"
South End Green Social,"154-156 Fleet Road, London, NW3 2QX"
Hampstead Theatre Ltd,"1 Eton Avenue, London, NW3 3EL"
Backstage Bar,"The Royal Central School Of Speech And Drama Embassy Theatre, 62-64 Eton Avenue, London, NW3 3HY"
CATERING SIR RICHARD STEELE,"97 Haverstock Hill, London, NW3 4RL"
SIR RICHARD STEELE PUB,"97 Haverstock Hill, London, NW3 4RL"
The Washington,"50 England's Lane, London, NW3 4UE"
Ye Olde Swiss Cottage,"98 Finchley Road, London, NW3 5EL"
North Star,"104 Finchley Road, London, NW3 5JJ"
The Holly Bush,"22 Holly Mount, London, NW3 6SG"
Bull & Bush,"Bull And Bush, North End Way, London, NW3 7HE"
The Spaniards Inn,"The Spaniards Inn  Spaniards Road London, NW3 7JJ"
Hendon Rugby Football Club,"Hendon Rugby Football Club  Greenlands Lane London, NW4 1RL"
The Arena Club,"17 Central Circus London, NW4 3AS"
The Bodhran PH,"3 Vivian Avenue London, NW4 3UT"
Fitness Pod At Middlesex University,"Middlesex University  The Burroughs London, NW4 4BT"
The Claddagh Ring,"The Claddagh Ring 10 Church Road London, NW4 4EA"
The Greyhound  / Holy Joes,"The Greyhound 50 Church End London, NW4 4JT"
Laboratory Spa & Health Club,"1 Hall Lane London, NW4 4TJ"
The Lord Palmerston,"33 Dartmouth Park Hill, London, NW5 1HU"
The Vine,"86 Highgate Road, London, NW5 1PB"
The Bull And Last Pub,"168 Highgate Road, London, NW5 1QS"
The Lion and Unicorn,"42-44 Gaisford Street, London, NW5 2ED"
Aces and Eights Saloon Bar,"156-158 Fortess Road, NW5 2HP"
The Old Farmhouse,"289-291 Kentish Town Road, London, NW5 2JS"
The Pineapple Public House,"51 Leverton Street, London, NW5 2NX"
Ray Mekhis Limited,"71-73 Torriano Avenue, London, NW5 2SG"
Rose and Crown,"71-73 Torriano Avenue, NW5 2SG"
The Assembly House,"292-294 Kentish Town Road, London, NW5 2TG"
Bull and Gate,"389 Kentish Town Road, NW5 2TJ"
The Fiddlers Elbow,"1 Malden Road, London, NW5 3HS"
THE GRAFTON,"20 Prince Of Wales Road, London, NW5 3LG"
Sir Robert Peel,"108 Malden Road, London, NW5 4DA"
The Blue Sea Fish Bar,"143 Queen's Crescent, London, NW5 4ED"
The Mill,"32 Mill Lane, London, NW6 1NR"
Salt Lounge,"269 West End Lane, London, NW6 1QS"
Alice House,"283-285 West End Lane, London, NW6 1RD"
The Black Lion,"295 West End Lane, NW6 1RD"
One75,"175 West End Lane, London, NW6 2LH"
One75,"175 West End Lane, NW6 2LH"
Railway,"100 West End Lane, London, NW6 2LU"
Acol Bridge Club,"86 West End Lane, London, NW6 2LX"
Brondes Age,"328 Kilburn High Road, NW6 2QN"
The Gallery,"190 Broadhurst Gardens, London, NW6 3AY"
Green Village Deli,"57 Belsize Road, London, NW6 4BE"
Coopers Arms,"164 Kilburn High Road, London, NW6 4JD"
Prince of Wales PH,"11 Cambridge Gardens, London, NW6 5AE"
Bannatyne Health Club,"4 Greville Road, London, NW6 5HZ"
The Old Bell,"38 Kilburn High Road, London, NW6 5UA"
Kilburn Bridge Pub,"77 Kilburn High Road, London, NW6 6HY"
The Juniper Brasserie & Bar,"125 Kilburn High Road, London, NW6 6JH"
Salusbury Pub and Dining Room,"50-52 Salusbury Road, London, NW6 6NN"
Baroon,"155 Kilburn High Road, London, NW6 7HU"
North London Tavern,"375 Kilburn High Road, London, NW6 7QB"
Kilburn Arms,"97-101 Willesden Lane, Kilburn, London, NW6 7SD"
McGlynn's Bar,"70 Willesden Lane, Kilburn, London, NW6 7SX"
Camden Playing Fields Sports And Social Club,"Old Camdenians Football Club  Burtonhole Lane London, NW7 1AS"
Mill Hill Village Sports Club,"The Mill Hill Cricket Club  Burtonhole Lane London, NW7 1AS"
Hendon Golf Club,"Hendon Golf Club  Ashley Walk London, NW7 1DG"
Finchley Golf Club,"Nether Court  Frith Lane London, NW7 1PU"
Adam & Eve,"The Ridgeway, NW7 1RL"
Powerleague Fives Limited,"Powerleague Soccer Centre 31 Pursley Road London, NW7 2BB"
Mill Hill Rugby Club,"Mill Hill Rugby Football Club  Champions Way London, NW7 2EQ"
Mill Hill Services Club,"Mill Hill Services Club Ltd 11 Hartley Avenue London, NW7 2HX"
Mill Hill Golf Club,"Mill Hill Golf Club 100 Barnet Way London, NW7 3AL"
The Bridge Tavern,"9 The Broadway London, NW7 3LN"
The Railway Tavern,"Railway Tavern 129 Hale Lane London, NW7 3SB"
Three Hammers Public House,"Three Hammers  Hammers Lane London, NW7 4EA"
The Rising Sun,"137 Marsh Lane London, NW7 4EY"
The New Inn,"2 ALLITSEN ROAD, REGENT'S PARK, LONDON, NW8 6LA"
Duke of York,"DUKE OF YORK 2 ST ANN'S TERRACE, LONDON, NW8 6PJ"
Crocker'S Folly,"23-24 ABERDEEN PLACE, LONDON, NW8 8JR"
Lords Tavern,"LORDS TAVERN ST JOHN'S WOOD ROAD, LONDON, NW8 8QP"
Club Marina,"244-246 Kingsbury Road, London, NW9 0BG"
Carlton Lounge/Tiger Bay,"232-234 Kingsbury Road, London, NW9 0BH"
The Pearl Lounge,"F3, Bang Bang Oriental Food Hall, Unit C, 399 Edgware Road, NW9 0FH"
Power's Bar,"23 Hay Lane, London, NW9 0NH"
The Beaufort,"2 Heritage Avenue London, NW9 5AA"
Chandos Arms,"31 Colindale Avenue London, NW9 5DS"
Kabul City Restaurant,"225-227 Edgware Road, Kingsbury, London, NW9 6LU"
The Shanakee,"253 Edgware Road, Kingsbury, London, NW9 6LU"
The Moon Under  Water,"Varley Parade  The Hyde London, NW9 6RR"
Hendon Rifle Club,"Hendon Rifle Club  Cool Oak Lane London, NW9 7NB"
Hendon Sea Training Corps,"Hendon Sea Cadet Hall  Cool Oak Lane London, NW9 7ND"
The Wishing Well (Breezy Wind Ltd),"Wishing Well, Church Lane, London, NW9 8JS"
The Corner House,"2-4 Slough Lane, London, NW9 8QL"
George Public House,"George, Church Lane, London, NW9 8SN"
Prodigy Lounge,"232 Church Lane, London, NW9 8SN"
Ned's Bar,"458 Church Lane, London, NW9 8UA"
The Green Man,"The Green Man, Slough Lane, London, NW9 8YG"
J J Moons,"553 Kingsbury Road, London, NW9 9EL"
The Roisin,"1 Fryent Way, London, NW9 9ER"
The Golden Lion,"2 High Street, Romford, RM1 1HR"
Crowning Angel,"87-89 South Street, Romford, RM1 1NX"
Ivy Tree,"113-117 South Street, Romford, RM1 1NX"
Moon & Stars,"99-103 South Street, Romford, RM1 1NX"
Slug & Lettuce,"105-111 South Street, Romford, RM1 1NX"
The Goose,"143 South Street, Romford, RM1 1PL"
ATIK,"108 South Street, Romford, RM1 1SS"
Ayra,"101 Brentwood Road, Romford, RM1 2EH"
The Wheatsheaf,"45 Wheatsheaf Road, Romford, RM1 2HD"
The Victoria,"122 Victoria Road, Romford, RM1 2PA"
The Lamb,"5 Market Place, Romford, RM1 3AB"
Liberty Bell,"Mercury Gardens, Romford, RM1 3EN"
The Bull,"74-76 Market Place, Romford, RM1 3ER"
Royal British Legion Club,"54 Western Road, Romford, RM1 3LP"
The Three Travellers,"Three Travellers, Wood Lane, Dagenham, RM10 7DS"
Dagenham Rugby Club,"Central Park Lodge, Rainham Road North, Dagenham, RM10 7EJ"
Eastbrook Pub,"Eastbrook Pub, Dagenham Road, Dagenham, RM10 7UP"
Lord Denman PH,"Lord Denman Ph, 270-272 Heathway, Dagenham, RM10 8QS"
Dagenham Trades Hall,"Dagenham Trades Hall, Charlotte Road, Dagenham, RM10 8TD"
Dagenham Conservative & Social Club,"8-12 Salisbury Road, Dagenham, RM10 8TT"
The Harrow,"130 Hornchurch Road, Hornchurch, RM11 1DP"
Hornchurch Conservative Club,"25 North Street, Hornchurch, RM11 1RS"
The Chequers,"121 North Street, Hornchurch, RM11 1ST"
The Hop Inn,"122-124 North Street, Hornchurch, RM11 1SU"
The Fatling,"109 High Street, Hornchurch, RM11 1TX"
Monty's Bar,"155 Billet Lane, Hornchurch, RM11 1UR"
Langtons Hall,"Billet Lane, Hornchurch, RM11 1XJ"
The Ardleigh,"124 Ardleigh Green Road, Hornchurch, RM11 2SH"
Royal British Legion Club,"205 High Street, Hornchurch, RM11 3XT"
V Bar,"197a High Street, Hornchurch, RM11 3XT"
Iona Social Club,"131-133 Hornchurch Road, Hornchurch, RM12 4SY"
The Crown,"360 Hornchurch Road, Hornchurch, RM12 4TW"
JJ Moon's,"50-54 High Street, Hornchurch, RM12 4UN"
Harvester,"125 Abbs Cross Lane, Hornchurch, RM12 4XS"
Royal British Legion Club Ltd,"35a Maylands Avenue, Hornchurch, RM12 5BB"
The Good Intent,"South End Road, Rainham, RM12 5NU"
Frankie's Wine Bar,"29 Station Lane, Hornchurch, RM12 6JL"
Vertigo Lounge,"17-19 Station Lane, Hornchurch, RM12 6JL"
The Sutton Arms,"14-16 Station Lane, Hornchurch, RM12 6NJ"
The Sutton Arms,"14-16 Station Lane, Hornchurch, RM12 6NJ"
Railway Hotel,"Station Lane, Hornchurch, RM12 6SB"
Bretons Community Association & Social Club,"411 Rainham Road, Rainham, RM13 7LP"
Nero Lounge Restautant,"Halewood Way, Rainham, RM13 8RW"
Silver Hall Social Club,"165 New Road, Rainham, RM13 8SH"
The Albion,"2 Rainham Road, Rainham, RM13 8SS"
Rainham Working Mens Club,"74 Upminster Road South, Rainham, RM13 9AA"
Lennards,"New Road, Rainham, RM13 9EB"
The Willow Farm,"New Road, Rainham, RM13 9ED"
The Saxon Horn,"Upminster Road North, Rainham, RM13 9RY"
The Phoenix,"Broadway, Rainham, RM13 9YW"
Upminster Masonic Hall Co Ltd,"Deyncourt Gardens, Upminster, RM14 1DF"
The Golden Crane,"117 Avon Road, Upminster, RM14 1RQ"
The Plough,"83 Front Lane, Upminster, RM14 1XL"
The Crumpled Horn,"33-37 Corbets Tey Road, Upminster, RM14 2AJ"
Huntsman & Hounds,"Ockendon Road, Upminster, RM14 2DN"
The Windmill,"167 Upminster Road, Hornchurch, RM14 2RB"
The Junction,"70 Station Road, Upminster, RM14 2TD"
BrewDog Upminster,"18 Station Road, Upminster, RM14 2UB"
The Optimist Tavern,"Hacton Lane, Hornchurch, RM14 2XY"
Royal British Legion,"316 St Mary's Lane, Upminster, RM14 3HL"
Thatched House,"St Mary's Lane, Upminster, RM14 3LT"
The Jobber’s Rest,"St Mary's Lane, Upminster, RM14 3LT"
The Old Ship Inn,"58 High Street, Aveley, Essex, RM15 4AD"
Crown And Anchor,"The Crown And Anchor, 43 High Street, Aveley, Essex, RM15 4BB"
The Park Tavern,"Romford Road, Aveley, South Ockendon, Essex, RM15 4PH"
Aveley Village Social Club,"8 Mill Road, Aveley, Essex, RM15 4SJ"
The Archer,"Garron Lane, South Ockendon, Essex, RM15 5JU"
Knight Of Aveley South Ockendon,"Knight Of Aveley, Derry Avenue, South Ockendon, Essex, RM15 5LN"
British Legion,"Royal British Legion Hall, Faymore Gardens, South Ockendon, Essex, RM15 5NN"
Woodlands Edge,"Broxburn Drive, South Ockendon, Essex, RM15 5RD"
Brandon Groves (SOH) Community Club,"Brandon Groves Community Hall, Brandon Groves Avenue, South Ockendon, Essex, RM15 6SB"
Royal Oak,"The Green, South Ockendon, Essex, RM15 6SD"
The Fox,"Heath Road, Chadwell St Mary, Essex, RM16 3AP"
The Foxhound,"High Road, Orsett, Essex, RM16 3ER"
Dog And Partridge,"Brentwood Road, Orsett, Essex, RM16 3HU"
The Kings Arms,"Stifford Clays Road, Orsett, Essex, RM16 3LX"
Chadwell Working Mens Club,"Chadwell St Mary Working Mens Club, River View, Chadwell St Mary, Essex, RM16 4DH"
Piglets Parent And Toddler Group,"Community Church Chadwell, Defoe Parade, Chadwell St Mary, Grays, RM16 4QR"
The Dog And Partridge,"High Road, North Stifford, Grays, Essex, RM16 5UQ"
The Lounge Bar,"Lounge Bar, Unit 4 Ground Floor, Lakeside Business Village, Fleming Road, RM16 6EW"
The Sandmartin,"Drake Road, Chafford Hundred, Grays, Essex, RM16 6PP"
Piglets Parent And Toddler Group,"The Beacon Centre, Drake Road, Chafford Hundred, Grays, RM16 6RZ"
Chafford Hundred Brewers Fayre,"The Chafford Hundred Brewers Fayre, Howard Road, Chafford Hundred, Grays, RM16 6YJ"
RAFA Thurrock Branch,"Royal Air Forces Association, 61 Southend Road, Grays, Essex, RM17 5NL"
The Treacle Mine,"Treacle Mine, Lodge Lane, Grays, Essex, RM17 5PR"
The Oak At Sockets Heath,"The Oak, Lodge Lane, Grays, Essex, RM17 5RZ"
The Traitors Gate,"Traitors Gate, 40 - 42 Broadway, Grays, Essex, RM17 6EW"
The Ship,"Dock Road, Grays, Essex, RM17 6EX"
The Bull Public House,"The Bull, Dock Road, Grays, Essex, RM17 6EY"
Tyrells Hall Social Club,"Tyrrells Hall Club, 67 Dock Road, Grays, Essex, RM17 6EY"
The Theobald Arms,"Kings Walk, Grays, Essex, RM17 6HR"
Courtyard Inn,"The Courtyard Inn, 7 Clarence Road, Grays, Essex, RM17 6QA"
St Thomas Catholic Club,"St Thomas Of Canterbury Church, East Thurrock Road, Grays, Essex, RM17 6SR"
Rozee Bar Group - The Wharf,"The Wharf, Wharf Road South, Grays, Essex, RM17 6SZ"
Thurrock Irish Association,"150 - 152 Dock Road, Tilbury, Essex, RM18 7BS"
Thurrock Irish Association Social Club,"Thurrock Irish Association, 150 - 152 Dock Road, Tilbury, Essex, RM18 7BS"
The Worlds End,"Fort Road, Tilbury, Essex, RM18 7NR"
The Ship,"Princess Margaret Road, East Tilbury, Essex, RM18 8PB"
The RAFA  Club,"18 Carlton Road, Romford, RM2 5AA"
Romford Conservative & Constitutional Club,"67 Main Road, Romford, RM2 5EH"
Harvester Gidea Park,"91 Main Road, Romford, RM2 5EL"
The Ship,"93 Main Road, Romford, RM2 5EL"
Archers,"194-204 Main Road, Romford, RM2 5HA"
Gidea Park Micropub,"236 Main Road, Romford, RM2 5HA"
The Drill Hotel,"400 Brentwood Road, Romford, RM2 5TD"
New Inn,"45 Squirrels Heath Lane, Hornchurch, RM2 6DP"
The Old Shant,"Old Shant, 432 London Road, South Stifford, Grays, RM20 4AD"
The Ship Inn,"The Ship, 470 London Road, West Thurrock, Essex, RM20 4AR"
King Harold,"51 Station Road, Harold Wood, RM3 0BS"
Harold Wood Sports Association,"Harold View, Harold Wood, RM3 0LX"
Array Brasserie & Grill,"91 Shepherds Hill, Romford, RM3 0NP"
The Deers Rest,"Noak Hill Road, Romford, RM3 7LL"
Henderson Sports & Social Club,"Kenilworth Avenue, Romford, RM3 9NE"
The Saxon King,"Petersfield Avenue, Romford, RM3 9PP"
Mayhem paintball Ltd,"Mayhem Paintball Ltd Pryors Farm, Ongar Road, Romford, Lambourne, RM4 1AA"
Abridge Cricket Club,"John Lockwood Ground, Hoe Lane, Romford, Lambourne, RM4 1AX"
The Royal Oak and Parkseas Restaurant,"The Top Oak Public House Oak Hill Road, Romford, Stapleford Abbotts, Essex, RM4 1JL"
Camelot,"Miller and Carter Manor Road, Romford, Lambourne, Essex, RM4 1NH"
Orange Tree,"67 Orange Tree Hill, Havering-Atte-Bower, RM4 1PJ"
The Rabbits,"Stapleford Road, Romford, Stapleford Abbotts, Essex, RM4 1RP"
Stapleford Flying Club,"Building 2 Stapleford Flying Club, Stapleford Airfield, Ongar Road, Romford, RM4 1SJ"
Abridge Golf & Country Club,"Abridge Golf And Country Club Epping Lane, Theydon Mount, Romford, Epping, RM4 1ST"
New Boar,"Blue Boar, The Blue Boar Public House, Market Place, Abridge, RM4 1UA"
Maltsters Arms PH,"2 London Road, Romford, Lambourne, Essex, RM4 1UX"
The Bowl Bar (City Pavilion),"Collier Row Road, Romford, RM5 2BH"
Royal British Legion,"120 Collier Row Lane, Romford, RM5 3DT"
Bell & Gate,"248 Collier Row Lane, Romford, RM5 3JB"
Colley Rowe Inn,"54-56 Collier Row Road, Romford, RM5 3PA"
RM5 Bar & Restaurant,"11 Clockhouse Lane, Romford, RM5 3PH"
The Aspen Tree,"73 Gobions Avenue, Romford, RM5 3SP"
The Eva Hart Public House,"1128 High Road, Chadwell Heath, RM6 4AH"
The Greyhound Public House,"900 High Road, Chadwell Heath, RM6 4HU"
Barley Bowls Club,"Thackeray Drive, Chadwell Heath, RM6 4RE"
Tollgate Tavern Public House,"High Road, Chadwell Heath, RM6 6QT"
Romford & Gidea Park RFC,"R/O 55-59 Crow Lane, Romford, RM7 0EP"
West Ham United Rush Green Training Ground,"Rush Green Road, Romford, RM7 0LU"
The Havering Well,"148 Rush Green Road, Romford, RM7 0QA"
The Avenues Social Club Limited,"231 Dagenham Road, Rush Green, RM7 0TH"
Romford United Services Club,"28 Mawney Road, Romford, RM7 7HB"
Mawney Arms,"44 Mawney Road, Romford, RM7 7HT"
Winchesters,"119-121 Cross Road, Mawneys, RM7 8EA"
The Sun,"47 London Road, Romford, RM7 9QA"
Matapan,"945 Green Lane, Dagenham, RM8 1DJ"
Barking football Club,"Barking Football Club, Lodge Avenue, Dagenham, RM8 2JR"
Royal British Legion Club,"541 Becontree Avenue, Dagenham, RM8 3JP"
The Cherry Tree Ph,"Wood Lane, Dagenham, RM8 3LJ"
Barking Rugby Union Football Club,"Gale Street, Dagenham, RM9 4TX"
Mecca Bingo Club,"Cook Road, Dagenham, RM9 6UQ"
Me 'N' 'O' Briens,"Me 'n' 'o' Briens, 26-28 Goresbrook Road, Dagenham, RM9 6UR"
Mc & sons,"The Charles Dickens, 160, Union Street, London, SE1 0LH"
The lord nelson,"243, Union Street, London, SE1 0LR"
The union jack nolia gallary,"Union Jack, 225, Union Street, London, SE1 0LR"
White hart,"22, Great Suffolk Street, London, SE1 0UG"
The ministry,"79-81, Borough Road, London, SE1 1DN"
Ship,"68, Borough Road, London, SE1 1DX"
The lord clyde,"Lord Clyde, 27, Clennam Street, London, SE1 1ER"
Belushis & st christophers village,"161-165, Borough High Street, London, SE1 1HR"
Trinity,"202-206, Borough High Street, London, SE1 1JX"
Old kings head,"45, Borough High Street, London, SE1 1NA"
The george inn,"George Inn, 75-77, Borough High Street, London, SE1 1NH"
St christopher's,"121, Borough High Street, London, SE1 1NP"
The libertine,"125, Great Suffolk Street, London, SE1 1PQ"
Lant street,"First Floor, 59-61, Lant Street, London, SE1 1QN"
The gladstone,"64, Lant Street, London, SE1 1QN"
Rose & crown,"Rose And Crown, 65-67, Union Street, London, SE1 1SG"
The boot & flogger,"10-20, Redcross Way, London, SE1 1TA"
The southwark tavern,"22, Southwark Street, London, SE1 1TU"
Katzenjammers and barry's saloon,"Part Basement The Hop Exchang, 24, Southwark Street, London, SE1 1TY"
Miraflores bar & lounge,"60, Southwark Street, London, SE1 1UN"
The bridge tap,"32-34, Borough High Street, London, SE1 1XU"
The kings arms public house,"65, Newcomen Street, London, SE1 1YT"
The ship aground public house,"33, Wolseley Street, London, SE1 2BP"
The horniman at hays,"Unit 26 Hays Galleria, Counter Street, London, SE1 2HD"
The barrel project/ta london beer company,"80, Druid Street, London, SE1 2HQ"
Kings arms,"Kings Arms, 251, Tooley Street, London, SE1 2JX"
Anchor tap,"20a, Horselydown Lane, London, SE1 2LN"
Dean swift,"Dean Swift, 10, Gainsford Street, London, SE1 2NE"
The mug house,"1-3, Tooley Street, London, SE1 2PF"
Prosecco house,"1, Crown Square, London, SE1 2SE"
The bridge theatre,"3 Potters Fields Park, Potters Fields, London, SE1 2SG"
Number 1 bar limited,"1, Duke Street Hill, London, SE1 2SW"
Shipwrights arms,"88, Tooley Street, London, SE1 2TF"
The sun wharf,"50 London Bridge Station, Tooley Street, London, SE1 2TF"
Pommeler's rest,"196-198, Tower Bridge Road, London, SE1 2UN"
The raven,"218, Tower Bridge Road, London, SE1 2UP"
The vault,"The Horace Jones Vault, Shad Thames, London, SE1 2UP"
Tower bridge arms,"The River Rat And Brasserie, 206-208, Tower Bridge Road, London, SE1 2UP"
All bar one,"34, Shad Thames, London, SE1 2YG"
The grange,"The Grange, 103, Grange Road, London, SE1 3BW"
The leather exchange,"15, Leathermarket Street, London, SE1 3HN"
Malt,"Arch 46 Ropewalk, Maltby Street, London, SE1 3PA"
The horseshoe inn,"Horseshoe, 26, Melior Street, London, SE1 3QP"
The vinegar yard,"80-82, St Thomas Street, London, SE1 3QU"
The britannia-smok'd,"The Britannia, 44, Kipling Street, London, SE1 3RU"
Meltdown cheeseburgers,"The Old Miller Of Mansfield, 96-101, Snowsfields, London, SE1 3SS"
Slap & pickle burgers,"The Old Miller Of Mansfield, 96-101, Snowsfields, London, SE1 3SS"
The miller,"The Old Miller Of Mansfield, 96-101, Snowsfields, London, SE1 3SS"
The rose,"The Rose, 123, Snowsfields, London, SE1 3ST"
The woolpack,"Woolpack, 98, Bermondsey Street, London, SE1 3UB"
The hand and marigold,"244, Bermondsey Street, London, SE1 3UH"
Spit & sawdust,"21, Bartholomew Street, London, SE1 4AL"
The victoria,"Victoria, 68-70, Pages Walk, London, SE1 4HL"
Royal oak,"Royal Oak, 44, Tabard Street, London, SE1 4JU"
The old school yard,"109, Long Lane, London, SE1 4PH"
Simon the tanner,"231, Long Lane, London, SE1 4PR"
Stansfeld oxford & bermondsey club,"3, Webb Street, London, SE1 4RP"
Guy's bar,"Guys Bar Boland House, St Thomas Street, London, SE1 4RT"
The george,"40, Tower Bridge Road, London, SE1 4TR"
Lechevalier winebar and shop,"85, Tower Bridge Road, London, SE1 4TW"
Dover castle ph,"6A, Great Dover Street, London, SE1 4XW"
The roebuck,"50, Great Dover Street, London, SE1 4YG"
The lord nelson,"Lord Nelson, 386, Old Kent Road, London, SE1 5AA"
Mambo 190 bar and lounge,"190-192, Old Kent Road, London, SE1 5TY"
Colab tavern,"16, Harper Road, London, SE1 6AD"
Rpg taverns,"16, Harper Road, London, SE1 6AD"
The rising se1,"The Rising Sun, 98, Harper Road, London, SE1 6AQ"
The elephant and castle,"Elephant And Castle Public House, 121, Newington Causeway, London, SE1 6BN"
Rockingham arms,"Wetherspoons Metro Central He, 119, Newington Causeway, London, SE1 6DQ"
Bebeme,"42, Newington Causeway, London, SE1 6DR"
Ethika,"Unit A, 40-42, Newington Causeway, London, SE1 6DR"
Prince of wales,"51, St Georges Road, London, SE1 6ER"
The albert arms,"1, Gladstone Street, London, SE1 6EY"
Horangee pocha,"Horangee Pocha Crown And Anchor, 116, New Kent Road, London, SE1 6TU"
The Camel & Artichoke,"Camel And Artichoke, 121 Lower Marsh, London, SE1 7AE"
The Duke Of Sussex,"23 Baylis Road, London, SE1 7AY"
Lucky Voice,"Units G21 And G22 The Sidings Waterloo Station, London, SE1 7BH"
The Steam Engine,"41 - 42 Cosser Street, London, SE1 7BU"
The Pineapple,"The Pineapple Public House, 53 Hercules Road, London, SE1 7DZ"
Waterloo Tap,"Arch 147, Sutton Walk, London, SE1 7ES"
The New Crown & Cushion,"The New Crown And Cushion Public House, 133-135 Westminster Bridge Road, London, SE1 7HR"
The Windmill,"44 Lambeth High Street, London, SE1 7JS"
The Victory Pub \& Kitchen,"Unit 1 The Balcony, Waterloo Station, London, SE1 7LY"
"Edf Energy London Eye, Silver Bonito","Waterloo Pier, The Queen's Walk, London, SE1 7PB"
Namco Funscape,"County Hall Riverside Building, Westminster Bridge Road, London, SE1 7PB"
All Bar One,"1 Chicheley Street, London, SE1 7PY"
Slug & Lettuce,"The Slug And Lettuce, Chicheley Street, London, SE1 7PY"
The Three Stags,"67 - 69 Kennington Road, London, SE1 7PZ"
Flowers of the forest,"14, Westminster Bridge Road, London, SE1 7QX"
Vaulty Towers Public House,"Vaulty Towers, 34 Lower Marsh, London, SE1 7RG"
The Horse And Stables,"122 Westminster Bridge Road, London, SE1 7RW"
The Walrus,"The Walrus Social, 172 Westminster Bridge Road, London, SE1 7RW"
The Rose,"35 Albert Embankment, London, SE1 7TL"
Ashtar Lounge,"Arches 80 To 81, Albert Embankment, London, SE1 7TP"
Jacks bar,"Railway Arch 96, Isabella Street, London, SE1 8DD"
The ring,"The Ring, 72, Blackfriars Road, London, SE1 8HA"
The Anchor And Hope,"36 The Cut, London, SE1 8LP"
The Windmill,"86 The Cut, London, SE1 8LW"
The Stage Door Public House,"30 Webber Street, London, SE1 8QA"
Hole In The Wall,"The Hole In The Wall, 5 Mepham Street, London, SE1 8SQ"
The Kings Arms,"25 Roupell Street, London, SE1 8TB"
The White Hart,"29 - 30 Cornwall Road, London, SE1 8TJ"
The Wellington Hotel,"The Wellington, 81 - 83 Waterloo Road, London, SE1 8UD"
Bar Elba (Roof Top),"Mercury House, 109-117 Waterloo Road, London, SE1 8UL"
Alaska Waterloo,"129 Alaska Street, London, SE1 8XE"
The market porter,"9, Stoney Street, London, SE1 9AA"
The wheatsheaf,"6, Stoney Street, London, SE1 9AA"
London cider house,"Unit 50 Jubilee Place Borough Market, 8, Southwark Street, London, SE1 9AG"
The rake,"14, Winchester Walk, London, SE1 9AG"
The mudlark,"The Mudlark, Montague Close, London, SE1 9DA"
Old thameside inn,"Old Thameside Inn Pickfords Wharf, Clink Street, London, SE1 9DG"
The anchor bankside,"34, Park Street, London, SE1 9EF"
Big belly comedy club,"5, Reach Walk, London, SE1 9GE"
Redwood sports pub & kitchen,"Unit 272 London Bridge Station, London Bridge Street, London, SE1 9GP"
Founders arms,"52, Hopton Street, London, SE1 9JH"
The mad hatter hotel,"3-7, Stamford Street, London, SE1 9NY"
The Mulberry Bush,"89 Upper Ground, London, SE1 9PP"
Royal National Theatre,"South Bank, London, SE1 9PX"
The Understudy,"Royal National Theatre, South Bank, London, SE1 9PX"
Barrow boy & banker,"8, Borough High Street, London, SE1 9QQ"
Bunch of grapes,"2, St Thomas Street, London, SE1 9RS"
Doggetts coat & badge,"Doggetts Coat And Badge Black, Blackfriars Road, London, SE1 9UD"
The Pilot Inn,"Pilot Inn 68 River Way, Greenwich, SE10 0BE"
Angerstein Hotel,"The Angerstein 108 Woolwich Road, Greenwich, SE10 0LE"
Studio 338,"338 Tunnel Avenue, Greenwich, SE10 0PF"
The River Ale House,"131 Woolwich Road, Greenwich, SE10 0RJ"
Enderby house,"Enderby House 23 Telegraph Avenue, Greenwich, SE10 0TH"
George & Dragon,"George And Dragon 2 Blackheath Hill, Greenwich, SE10 8DE"
Ye Olde Rose & Crown,"Rose And Crown 1 Crooms Hill, Greenwich, SE10 8ER"
Belushi's,"Belushis 189 Greenwich High Road, Greenwich, SE10 8JA"
North Pole Bar & Restaurant,"131 Greenwich High Road, Greenwich, SE10 8JA"
Guildford Arms,"Guildford Arms 55 Guildford Grove, Greenwich, SE10 8JY"
Mitre,"The Mitre 291 Greenwich High Road, Greenwich, SE10 8NA"
The Graduate,"The Graduate 107 - 109 Blackheath Road, Greenwich, SE10 8PD"
Prince of Greenwich,"The Prince Albert 72 Royal Hill, Greenwich, SE10 8RT"
Richard 1,"Richard I 52 - 54 Royal Hill, Greenwich, SE10 8RT"
The Morden Arms,"Morden Arms 1 Brand Street, Greenwich, SE10 8SP"
Ashburnham Arms,"Ashburnham Arms 25 Ashburnham Grove, Greenwich, SE10 8UH"
Spanish Galleon,"Spanish Galleon 48 Greenwich Church Street, Greenwich, SE10 9BL"
The Gipsy Moth,"The Gipsy Moth 60 Greenwich Church Street, Greenwich, SE10 9BL"
Gate Clock PH (JD Wetherspoon PLC),"The Gate Clock Crescent Arcade, Greenwich, SE10 9EJ"
The Duke of Greenwich,"The Vanbrugh Tavern 91 Colomb Street, Greenwich, SE10 9EZ"
The Vanbrugh,"The Vanbrugh Tavern 91 Colomb Street, Greenwich, SE10 9EZ"
The Sail Loft,"11 Victoria Parade, Greenwich, SE10 9FR"
The Ship,"Unit 2 Building 2 At Greenwich Pier Cutty Sark Gardens, Greenwich, SE10 9HT"
The Coach & Horses,"Coach And Horses 13 Greenwich Market, Greenwich, SE10 9HZ"
King's Arms,"Kings Arms 16 King William Walk, Greenwich, SE10 9JH"
Olivers,"9 Nevada Street, Greenwich, SE10 9JL"
Old Brewery,"The Old Brewery Pepys Building Old Royal Naval College King William Walk, Greenwich, SE10 9LW"
Plume of Feathers,"Plume Of Feathers 19 Park Vista, Greenwich, SE10 9LZ"
The Trafalgar Rowing Centre,"Trafalgar Rowing Centre 11 - 13 Crane Street, Greenwich, SE10 9NP"
The Yacht,"The Yacht Tavern 5 Crane Street, Greenwich, SE10 9NP"
Trafalgar Tavern,"Trafalgar Tavern Park Row, Greenwich, SE10 9NW"
Star of Greenwich,"Former Star And Garter 60 Old Woolwich Road, Greenwich, SE10 9NY"
Cutty Sark Tavern,"The Cutty Sark 4 - 6 Ballast Quay, Greenwich, SE10 9PD"
The Pelton Arms T/A Afuego LTD,"Pelton Arms 23 - 25 Pelton Road, Greenwich, SE10 9PQ"
Crown,"The Crown 176 Trafalgar Road, Greenwich, SE10 9TZ"
The White Bear,"138 Kennington Park Road, London, SE11 4DJ"
Prince Of Wales,"The Prince Of Wales Public House, 48 Cleaver Square, London, SE11 4EA"
The Tommyfield,"185 Kennington Lane, London, SE11 4EZ"
Hanover Arms,"The Hanover Arms, 326 Kennington Park Road, London, SE11 4PP"
The Derby,"The Brown Derby, 336 Kennington Park Road, London, SE11 4PP"
Old Red Lion,"The Old Red Lion, 42 Kennington Park Road, London, SE11 4RS"
The Mansion House,"48 Kennington Park Road, London, SE11 4RS"
Kings Arms,"The Little Apple, 98 Kennington Lane, London, SE11 4XD"
Metropolis London Bar,"Arches 72 To 73, Goding Street, London, SE11 5AW"
Mother Kelly's,"Arch 76 Albert Embankment, London, SE11 5AW"
The Black Dog,"112 Vauxhall Walk, London, SE11 5ER"
The Royal Vauxhall Tavern,"Royal Vauxhall Tavern Public House, 372 Kennington Lane, London, SE11 5HY"
The Beehive,"Beehive Public House, 51 Durham Street, London, SE11 5JA"
The Pilgrim \&  London Burger Co.,"The Pilgrim Public House, 247 Kennington Lane, London, SE11 5QU"
Eagle London South Central,"The Duke Of Cambridge Public House, 349 Kennington Lane, London, SE11 5QY"
Royal Oak,"Royal Oak Public House, 355 Kennington Lane, London, SE11 5QY"
Duchy Arms,"The Duchy Arms, 63 Sancroft Street, London, SE11 5UG"
The Jolly Gardeners,"49 - 51 Black Prince Road, London, SE11 6AB"
The Dog House,"Kennington Road, London, SE11 6BY"
The Black Prince,"6 Black Prince Road, London, SE11 6HS"
Royal Oak,"The Royal Oak, 78 Fitzalan Street, London, SE11 6QU"
The Tankard,"111 Kennington Road, London, SE11 6SF"
The Crown,"Flat At The Crown, 117 Burnt Ash Hill, London, SE12 0AJ"
The Summerfield Pub,"60 Baring Road, London, SE12 0PS"
Crofton Albion Sports & Social Club,"Crofton Albion Sports And Social Club Weigall Road, Kidbrooke, Greenwich, SE12 8HF"
The Lord Northbrook,"Flat At The Lord Northbrook, 116 Burnt Ash Road, London, SE12 8PU"
The Old Tiger's Head,"Ye Old Tigers Head, 351 Lee High Road, London, SE12 8RU"
Duke of Edinburgh,"Duke Of Edinburgh Public House, 394 Lee High Road, London, SE12 8RW"
The Dacre Arm's,"Dacre Arms, 11 Kingswood Place, London, SE13 5BU"
Station Hotel,"14-16 Staplehurst Road, London, SE13 5NB"
Elements BAr,"Elements Bar, 207 Lee High Road, London, SE13 5PQ"
Hither Green Railway Club,"19 Beacon Road, Hither Green, London, SE13 6EQ"
The Watch House,"198-204 Lewisham High Street, London, SE13 6JP"
The Fox & Firkin,"Fox and Firkin, 316 Lewisham High Street, London, SE13 6JZ"
The Jolly Farmer,"354 Lewisham High Street, London, SE13 6LE"
The Lewis Club,"Riverside Treatment Centre Lewisham Hospital, 390-396 Lewisham High Street, Hither Green, London, SE13 6LJ"
The Anchor,"Anchor, 165 Lewisham Road, Ladywell, London, SE13 7PY"
Rising Sun,"The Rising Sun, 120 Loampit Vale, London, SE13 7SN"
BAR LOKO BRYAN,"Unit 5, 149 New Cross Road, London, SE14 5DJ"
Five Bells,"155 New Cross Road, London, SE14 5DJ"
Earl of Derby,"Earl Of Derby, 87 Dennetts Road, London, SE14 5LW"
MOT Venue Ltd,"20 Orion Business Centre, Surrey Canal Road, London, SE14 5RT"
Skehans Freehouse,"Skehans, 1 Kitto Road, London, SE14 5TW"
The Rose Inn,"272 New Cross Road, London, SE14 5UL"
New Cross House,"The New Cross House, 316 New Cross Road, London, SE14 6AF"
Marquis of Granby,"322 New Cross Road, London, SE14 6AG"
New Cross Inn,"323 New Cross Road, London, SE14 6AS"
Student Union Bar (2nd Floor),"Goldsmiths Students' Union, Dixon Road, London, SE14 6NW"
Jazzbourne,"Ground Floor, 443 New Cross Road, London, SE14 6TA"
Royal Albert,"460 New Cross Road, London, SE14 6TJ"
CROWN,"The Little Crown, 495 New Cross Road, London, SE14 6TQ"
Mystique uk ltd (prince of wales),"14, Ruby Street, London, SE15 1LL"
The windsor,"Breffini Arms, 888, Old Kent Road, London, SE15 1NQ"
Duke of sussex,"77, Friary Road, London, SE15 1QS"
The golden anchor,"16, Evelina Road, London, SE15 2DX"
The beer rebellion,"129, Queens Road, London, SE15 2NB"
Asylum tavern,"40-42, Asylum Road, London, SE15 2RL"
The ivy house,"The Ivyhouse, 40, Stuart Road, London, SE15 3BE"
Waverley arms,"Waverley Arms, 202, Ivydale Road, London, SE15 3BU"
St. thomas the apostle church (licensed bar),"81, Evelina Road, London, SE15 3HL"
Man of kent,"2, Nunhead Green, London, SE15 3QF"
Pyrotechnist arms,"39, Nunhead Green, London, SE15 3QF"
Old nuns head,"The Old Nuns Head, 15, Nunhead Green, London, SE15 3QQ"
Eko brewery limited,"Unit 2a 2 Copeland Park, 133, Copeland Road, London, SE15 3SN"
Jumbi,"Unit 4 1, 133, Copeland Road, London, SE15 3SN"
The lost estate,"Unit 12 Copeland Park, 133, Copeland Road, London, SE15 3SN"
The montpelier,"43, Choumert Road, London, SE15 4AR"
The victoria inn,"Victoria Inn, 77, Choumert Road, London, SE15 4AR"
The sourcing table,"184, Bellenden Road, London, SE15 4BW"
The gowlett arms,"The Gowlett, 62, Gowlett Road, London, SE15 4HY"
The white horse,"20, Peckham Rye, London, SE15 4JR"
Brick brewery,"Railway Arch 209, Blenheim Grove, London, SE15 4QL"
Prince albert,"Prince Albert, 111, Bellenden Road, London, SE15 4QY"
The clf art lounge,"12a, Station Way, London, SE15 4RX"
The nags head,"231-235, Rye Lane, London, SE15 4TP"
Peckham liberal club,"24, Elm Grove, London, SE15 5DE"
Tola,"56, Peckham High Street, London, SE15 5DP"
The copper tap,"Red Cow, 190-192, Peckham High Street, London, SE15 5EG"
Prince of peckham,"Prince Of Peckham, 1, Clayton Road, London, SE15 5JA"
The kentish drovers,"71-79, Peckham High Street, London, SE15 5RS"
The greyhound,"Greyhound, 109, Peckham High Street, London, SE15 5SE"
The olde apple tree,"107, Sumner Road, London, SE15 6JU"
Stanley arms public house,"418, Southwark Park Road, London, SE16 2ET"
Ancient foresters,"282, Southwark Park Road, London, SE16 2HB"
Surrey docks,"185, Lower Road, London, SE16 2LW"
Whelan's free house,"11, Rotherhithe Old Road, London, SE16 2PP"
The yellow house,"126, Lower Road, London, SE16 2UF"
Surdoc social club ltd,"16-19, Cope Street, London, SE16 2UJ"
Fourpure brewing co,"Unit 25 Bermondsey Trading Estate, Rotherhithe New Road, London, SE16 3LL"
Against the grain cidery ltd,"Railway Arch 76, Enid Street, London, SE16 3RA"
Craft beer junction,"Railway Arch 86, Enid Street, London, SE16 3RA"
Pr dutch drinks ltd & dutch taproom,"Railway Arch 67 To 68, Enid Street, London, SE16 3RA"
Queen victoria,"148, Southwark Park Road, London, SE16 3RP"
The blue anchor p h,"251, Southwark Park Road, London, SE16 3TS"
The ship,"Ship, 39-47, St Marychurch Street, London, SE16 4JE"
The brunel,"47, Swan Road, London, SE16 4JN"
The angel at rotherhithe,"101, Bermondsey Wall East, London, SE16 4NB"
The mayflower,"117, Rotherhithe Street, London, SE16 4NF"
Glue wine bar & gallery,"16, West Lane, London, SE16 4NY"
St james of bermondsey,"St James Tavern, 72, St Jamess Road, London, SE16 4QZ"
The gregorian,"The Gregorian, 96, Jamaica Road, London, SE16 4SQ"
Old salt quay,"163, Rotherhithe Street, London, SE16 5QU"
Ship & whale public house,"2, Gulliver Street, London, SE16 7LT"
Moby dick,"The Moby Dick, 6, Russell Place, London, SE16 7PL"
Diogenes the dog,"Rose And Crown, 94-96, Rodney Road, London, SE17 1BG"
The gladstone,"The Gladstone, 24-26, King And Queen Street, London, SE17 1DQ"
Feed the yak,"2, Sayer Street, London, SE17 1FG"
The rosy hue,"6, Ash Avenue, London, SE17 1GQ"
The manor club,"140, Walworth Road, London, SE17 1JL"
Huntsman & hound,"70, Elsted Street, London, SE17 1QG"
Red lion,"407, Walworth Road, SE17 2AW"
The hour glass,"131, Beaconsfield Road, London, SE17 2BX"
The good intent public house,"Good Intent Public House, 24-26, East Street, London, SE17 2DN"
Queen elizabeth p h,"42, Merrow Street, London, SE17 2NH"
Orbit brewing ltd - brewery,"Railway Arches 225 To 228, Fielding Street, London, SE17 3HD"
Orbit beers ltd - taproom,"Railway Arch 233, Empress Street, London, SE17 3HJ"
Canterbury arms,"2-4, Maddock Way, London, SE17 3NH"
The royal british legion,"34-40, Braganza Street, London, SE17 3RJ"
The charlie chaplin,"7, Langdale Close, London, SE17 3UF"
St Patricks Social Club,"Presbytery 1A Conway Road, Plumstead, Greenwich, SE18 1AQ"
The Volunteer,"130 - 132 Plumstead High Street, Plumstead, Greenwich, SE18 1JQ"
The Old Mill,"The Old Mill 1 Old Mill Road, Plumstead, Greenwich, SE18 1QG"
The Belfry,"100 Plumstead High Street, Plumstead, Greenwich, SE18 1SJ"
Plumstead Common Working Mens Club,"Plumstead Common Working Mens Club 71 Kirkham Street, Plumstead, Greenwich, SE18 2JS"
The Who'd A Thought It Public House,"The Whoda Thought It 7 Timbercroft Lane, Plumstead, Greenwich, SE18 2SB"
The Ship,"The Ship 205 Plumstead Common Road, Plumstead, Greenwich, SE18 2UJ"
sourdough saloon pizza @thestarse18,"Star Inn 158 Plumstead Common Road, Plumstead, Greenwich, SE18 2UL"
Star INN,"Star Inn 158 Plumstead Common Road, Plumstead, Greenwich, SE18 2UL"
Fox & Hounds,"Fox And Hounds 57 Plumstead Common Road, Plumstead, Greenwich, SE18 3AS"
Shooters Hill Golf Club Ltd,"Shooters Hill Golf Club Eaglesfield Road, Plumstead, Greenwich, SE18 3DA"
Woolwich & Plumstead BC,"Woolwich And Plumstead Bowling Club Foxcroft Road, Plumstead, Greenwich, SE18 3DB"
The Bull Hotel and Hill Top Coffee Shop,"The Bull 151 Shooters Hill, Plumstead, Greenwich, SE18 3HP"
The Red Lion,"Red Lion 6 Red Lion Place, Plumstead, Greenwich, SE18 3RN"
Fox Under the Hill,"Fox Under The Hill 286 Shooters Hill Road, Blackheath, Greenwich, SE18 4LT"
George IV Woolwich,"George Iv 120 Rectory Place, Woolwich, Greenwich, SE18 5BY"
The Greyhound,"The Greyhound 18 Kingsman Parade, Woolwich, Greenwich, SE18 5QE"
SET Vault,"Riverside House Woolwich High Street, Woolwich, Greenwich, SE18 6BU"
Anglesea Arms,"Anglesea Arms 91 Woolwich New Road, Woolwich, Greenwich, SE18 6EF"
SALT WOOLWICH,"15 Major Draper Street, Woolwich, Greenwich, SE18 6GD"
Dial Arch,"Dial Arch No 1 Street, Woolwich, Greenwich, SE18 6GH"
The Guard House,"The Guardhouse No 1 Street, Woolwich, Greenwich, SE18 6GH"
The Earl of Chatham,"Earl Of Chatham 15 Thomas Street, Woolwich, Greenwich, SE18 6HU"
The Castle Tavern Amma’s Fare,"Castle Tavern 179 Powis Street, Woolwich, Greenwich, SE18 6JL"
Elephant and Castle,"Elephant And Castle 18 Greens End, Woolwich, Greenwich, SE18 6JY"
Roses Public House,"Prince Albert 47 - 49 Hare Street, Woolwich, Greenwich, SE18 6NE"
Great Harry (Wetherspoons),"The Great Harry 7 - 9 Wellington Street, Woolwich, Greenwich, SE18 6PQ"
Bull Tavern,"The Bull 14 Vincent Road, Woolwich, Greenwich, SE18 6RF"
Plumstead Radical Club,"Plumstead Radical Club 83 - 88 Walmer Terrace, Plumstead, Greenwich, SE18 7DZ"
The Rose Inn,"Rose Inn 2 Waverley Road, Plumstead, Greenwich, SE18 7TN"
Railway Bell,"Railway Bell Public House, 14 Cawnpore Street, London, SE19 1PF"
The colby arms,"Colby Arms, 132, Gipsy Hill, London, SE19 1PW"
The Great Southern,"79 Gipsy Hill, London, SE19 1QH"
HopScotch Taprooms,"54 Westow Hill, Upper Norwood, London, SE19 1RX"
Royal Albert,"The Royal Albert Public House, 42 Westow Hill, Upper Norwood, London, SE19 1RX"
The Sparrowhawk,"2 Westow Hill, Upper Norwood, London, SE19 1RX"
Cocktail Embassy,"76 Westow Hill, Upper Norwood, London, SE19 1SB"
Faber Fox,"25 - 27 Westow Hill, London, SE19 1TQ"
Westow House,"79 Westow Hill, London, SE19 1TX"
The White Hart,"96 Church Road, Upper Norwood, London, SE19 2EZ"
The Alma,"The Alma 95 Church Road, Anerley, London, SE19 2TA"
The Conquering Hero,"262 Beulah Hill, Upper Norwood, London, SE19 3HF"
Champagne + Fromage,"1 Westow Street, Upper Norwood, London, SE19 3RY"
The Birchwood P.H,"The Birchwood Grovebury Road, Abbey Wood, Greenwich, SE2 9BB"
Abbey Arms,"Abbey Arms 31 Wilton Road, Abbey Wood, Greenwich, SE2 9RH"
Crooked Billet,"Crooked Billet 99 High Street, Penge, London, SE20 7DT"
Pawleyne Arms,"Pawleyne Arms 156 High Street, Penge, London, SE20 7EU"
Craft Metropolis,"47 High Street, Penge, London, SE20 7HW"
The Alexandra,"The Alexandra 163 Parish Lane, Penge, London, SE20 7JH"
Moon And Stars,"Moon And Stars 164 - 166 High Street, Penge, London, SE20 7QS"
South East London Masonic Club,"3 Avenue Road, Beckenham, SE20 7RT"
Conservative Club,"55 Croydon Road, Penge, London, SE20 7TG"
Goldsmiths Arms,"Goldsmiths Arms 3 Croydon Road, Penge, London, SE20 7TJ"
Anerley Arms,"Anerley Arms 2 Ridsdale Road, Penge, London, SE20 8AB"
The Douglas Fir,"144 Anerley Road, Penge, London, SE20 8DL"
Maple Tree,"Maple Tree 52 - 54 Maple Road, Penge, London, SE20 8HE"
Bridge House Tavern,"Bridge House Tavern 2 High Street, Penge, London, SE20 8RZ"
Griffin sports club,"12, Dulwich Village, London, SE21 7AL"
Southwark sports bowls club,"Southwark Sports Ground, Dulwich Common, London, SE21 7EU"
Streatham and marlborough cricket club,"Marlborough Cricket Club, Dulwich Common, London, SE21 7EX"
Alleyns head,"Alleyns Head, 75, Alleyn Park, London, SE21 8BW"
The Rosendale,"65 Rosendale Road, London, LONDON, SE21 8EZ"
The royal british legion club (social club),"97, Barry Road, London, SE22 0HR"
The herne tavern,"Herne Hill Tavern, 2, Forest Hill Road, London, SE22 0RR"
Watson's general telegraph,"Forest Hill Tavern, 108, Forest Hill Road, London, SE22 0RS"
Aquarius golf club (licensed bar),"Aquarius Golf Club, Marmora Road, London, SE22 0RY"
Dulwich hamlet fc clubhouse,"Dulwich Hamlet Football Club, Dog Kennel Hill, London, SE22 8BD"
The palmerston,"Lord Palmerston, 91, Lordship Lane, London, SE22 8EP"
The cherry tree,"The Vale, 31-33, Grove Vale, London, SE22 8EQ"
East dulwich tavern,"1, Lordship Lane, London, SE22 8EW"
The bishop,"25-27, Lordship Lane, London, SE22 8EW"
The lordship,"The Lordship, 211, Lordship Lane, London, SE22 8HA"
The plough,"381, Lordship Lane, London, SE22 8JJ"
Great exhibition,"The Great Exhibition, 193, Crystal Palace Road, London, SE22 9EP"
The actress,"90, Crystal Palace Road, London, SE22 9EY"
Castle public house,"280, Crystal Palace Road, London, SE22 9JJ"
Gengellys,"The Clock House, 196a, Peckham Rye, London, SE22 9QA"
The clockhouse,"196A, Peckham Rye, London, SE22 9QA"
The General Napier,"Flat At The General Napier, 73 Bovill Road, London, SE23 1EX"
Ancestrel,"9 Stanstead Road, London, SE23 1HG"
Blythe Hill Tavern,"The Blythe Hotel, 319 Stanstead Road, London, SE23 1JB"
Chandos,"56 Brockley Rise, London, SE23 1LN"
The Foresters Arms,"53 Perry Vale, London, SE23 2NE"
The Stuffed Walrus,"Stuffed Walrus, 52 Perry Rise, London, SE23 2QL"
The Signal,"7 Devonshire Road, London, SE23 3HE"
Bird In Hand,"Bird in Hand, Bird In Hand, 35 Dartmouth Road, London, SE23 3HN"
Meatliquor,"Meatliquor Dartmouth Arms, 7 Dartmouth Road, London, SE23 3HN"
The Hill,"Hill, The Hill, 45-47 Dartmouth Road, London, SE23 3HN"
Sylvan Post,"24-28 Dartmouth Road, London, SE23 3XZ"
Off The Cuff Bar,"Arch 645 Rear Of 301 To 303, Railton Road, London, SE24 0JN"
Commercial Hotel,"The Commercial Hotel, 210 - 212 Railton Road, London, SE24 0JT"
The Florence,"131 - 133 Dulwich Road, London, SE24 0NG"
The Prince Regent,"69 Dulwich Road, London, SE24 0NJ"
Tulse Hill Hotel,"150 Norwood Road, London, SE24 9AY"
The Albert Tavern,"The Albert, 65 Harrington Road, South Norwood, London, SE25 4LX"
The Portland Arms,"152 Portland Road, South Norwood, London, SE25 4PT"
The Cherry Tree,"32 Station Road, South Norwood, London, SE25 5AG"
The Joiners Arms,"50 - 52 Woodside Green, South Norwood, London, SE25 5EU"
South Norwood And Woodside Social Club,"Social Club, 12 Enmore Road, South Norwood, London, SE25 5NQ"
Trude,"91 High Street, South Norwood, London, SE25 6EA"
The Jolly Sailor,"64 High Street, South Norwood, London, SE25 6EB"
1885 Lounge,"20 High Street, South Norwood, London, SE25 6EZ"
The Albion,"26 High Street, South Norwood, London, SE25 6HA"
The Clifton Arms,"21 Clifton Road, South Norwood, London, SE25 6NJ"
The Cocktail Bar South Norwood At No. 241 Norwood,"241 Selhurst Road, South Norwood, London, SE25 6XP"
Fox's,"Fox and Hounds, Fox & Hounds, 150 Kirkdale, London, SE26 4BB"
The Greyhound,"313-315 Kirkdale, London, SE26 4QB"
The Pavilion,"325 Kirkdale, London, SE26 4QB"
The Bricklayers Arms,"Bricklayers Arms, 189 Dartmouth Road, London, SE26 4QY"
Railway Tavern,"401 Southend Lane, Bellingham, London, SE26 5BH"
The Dolphin,"121 Sydenham Road, London, SE26 5HB"
The Golden Lion PH Ltd,"116 Sydenham Road, London, SE26 5JX"
The  Alfred,"178 Sydenham Road, London, SE26 5RP"
The Bell Flex,"The Bell, 59 Bell Green, London, SE26 5SJ"
Sydenham Lawn Tennis And Croquet Club,"Sydenham Lawn Tennis Club Lawrie Park Road, Sydenham, London, SE26 6ET"
Wood house,"Dulwich Wood House, 39, Sydenham Hill, London, SE26 6RS"
The Great North Wood,"3 Knight's Hill, London, SE27 0HS"
The Horns Tavern,"Knight's Hill, London, SE27 0JD"
Knowles Of Norwood,"294 - 298 Norwood Road, London, SE27 9AF"
Queen Of The South,"367 Norwood Road, London, SE27 9BQ"
Railway Tavern,"The Railway Tavern, 7 Station Rise, London, SE27 9BW"
The Hope,"The Hope Public House, 49 Norwood High Street, London, SE27 9JS"
The Two Towers,"201 Gipsy Road, London, SE27 9QY"
The Bricklayers Arms,"1 Hamilton Road, London, SE27 9RZ"
Sporting Club Thamesmead Football Club,"Thamesmead Town Football Club, 30 Bayliss Avenue, London, SE28 8NJ"
O'Neills,"52 Tranquil Vale, Blackheath, London, SE3 0BD"
Le Bar A Vin,"72 Tranquil Vale, Blackheath, London, SE3 0BN"
The Crown (Blackheath),"The Crown, 49 Tranquil Vale, Blackheath, London, SE3 0BS"
Hare & Billet,"Hare And Billet, 1A Eliot Cottages, Hare And Billet Road, Blackheath, SE3 0QJ"
Princess of Wales,"1A Montpelier Row, Blackheath, London, SE3 0RL"
The Green Goddess,"43A Vanbrugh Park, Blackheath, Greenwich, SE3 7AA"
Blackheath & Newbridge,"22 Charlton Road, Charlton, Greenwich, SE3 7HG"
Royal Standard,"Royal Standard 44 Vanbrugh Park, Blackheath, Greenwich, SE3 7JQ"
Charlton Park Rugby Club,"60A Broad Walk, Kidbrooke, Greenwich, SE3 8NB"
British Oak,"British Oak 109 Old Dover Road, Blackheath, Greenwich, SE3 8SU"
The Depot,"7 Pegler Square, Kidbrooke, Greenwich, SE3 9FW"
The Railway,"16 Blackheath Village, London, SE3 9LE"
The Talbot,"2 Tyrwhitt Road, London, SE4 1QG"
88 Lounge Ltd,"Ground Floor Unit, 199-201 Lewisham Way, London, SE4 1UY"
Crofton Park Tavern,"332 Brockley Road, London, SE4 2BT"
Rivoli Ballroom,"346-350 Brockley Road, Crofton Park, London, SE4 2BY"
Brockley Jack,"the brockley jack theatre, 410 Brockley Road, Crofton Park, London, SE4 2DH"
Joyce,"294 - 296 Brockley Road, Crofton Park, London, SE4 2RA"
The Brockley Barge,"184 Brockley Road, Crofton Park, London, SE4 2RR"
Brickfields,"Brickfields bar, 293 Brockley Road, London, SE4 2SA"
Nags head p h,"242, Camberwell Road, London, SE5 0DP"
The planet nollywood,"The Planet Nollywood, 319, Camberwell Road, London, SE5 0HQ"
The bear,"296a, Camberwell New Road, London, SE5 0RP"
The Golden Goose,"146 - 148 Camberwell New Road, London, SE5 0RR"
The Kennington,"60 Camberwell New Road, London, SE5 0RS"
Old dispensary,"325, Camberwell New Road, London, SE5 0TF"
Clarendon arms,"225, Camberwell New Road, London, SE5 0TH"
The tiger,"18, Camberwell Green, London, SE5 7AA"
Phoenix,"PHOENIX, Windsor Walk, Denmark Hill, SE5 8BB"
George canning,"The George Canning, 123, Grove Lane, London, SE5 8BG"
The fox on the hill,"Fox On The Hill, 149-153, Denmark Hill, London, SE5 8EH"
Hermits cave,"28, Camberwell Church Street, London, SE5 8QU"
The joiners arms,"Joiners Arms, 35, Denmark Hill, London, SE5 8RS"
The kerfield arms,"The Crooked Well, 16, Grove Lane, London, SE5 8SY"
Stormbird,"25, Camberwell Church Street, London, SE5 8TR"
The camberwell arms,"The Castle, 65, Camberwell Church Street, London, SE5 8TR"
The Sun Of Camberwell,"61 - 63 Coldharbour Lane, London, SE5 9NS"
The Fellowship Inn,"Randlesdown Road, London, SE6 3BT"
Bellingham Ex-servicemen's club,"Bellingham Club, Allerford Road, London, SE6 3DD"
Duke of Catford,"The Duke Of Catford, 167-169 Rushey Green, London, SE6 4BD"
Silks,"179-181 Rushey Green, London, SE6 4BD"
Catford Fairytop,"108 - 110 Rushey Green, London, SE6 4HW"
Catford Bridge Tavern,"Catford Bridge Tavern Pub, Catford Road, London, SE6 4RE"
Orange Buffalo,"Catford Bridge Tavern Station Approach, Catford Road, London, SE6 4RE"
The Catford House,"Catford Broadway, London, SE6 4SP"
Rose of Denmark,"Rose Of Denmark 296 Woolwich Road, Greenwich, SE7 7AL"
Blackheath Cricket Club,"Groundsmans House Blackheath Sports Club Rectory Field Charlton Road, Charlton, Greenwich, SE7 7EY"
Anchor & Hope,"The Anchor And Hope Riverside, Charlton, Greenwich, SE7 7SS"
The Royal Oak,"Royal Oak 54 Charlton Lane, Charlton, Greenwich, SE7 8LA"
Meridian Sports & Social Club,"Meridian Sports Club Charlton Park Lane, Charlton, Greenwich, SE7 8QS"
Street Kitchen Services Limited,"The Duke 125 Creek Road, Deptford, Greenwich, SE8 3BU"
The Duke of Deptford,"The Duke 125 Creek Road, Deptford, Greenwich, SE8 3BU"
The Salvation Army (Deptford),"The Salvation Army, Mary Ann Gardens, London, SE8 3DP"
The Dog & Bell,"Dog And Bell, 116 Prince Street, London, SE8 3JD"
Sip City,"Sip City Lounge, 189 Deptford High Street, London, SE8 3NT"
Badger Badger,"139-141 Deptford High Street, London, SE8 3NU"
Dough Dudes,"The Victoria, 177 Grove Street, London, SE8 3QQ"
The Victoria,"177 Grove Street, London, SE8 3QQ"
"MERKUR Slots,","MERKUR Slots, 40 Deptford High Street, London, SE8 4AF"
The Lucky Anchor Ale House,"18 Deptford High Street, London, SE8 4AF"
Jars Bar,"Arch 6 4, Market Yard, Deptford, London, SE8 4BX"
The Brookmill Pub,"65 Cranbrook Road, London, SE8 4EJ"
Jam Circus,"120-122 Deptford High Street, London, SE8 4NS"
Royal Standard,"Royal Standard Pub, Royal Standard, 86 Tanners Hill, London, SE8 4PN"
The Royal George,"85 Tanners Hill, London, SE8 4QD"
The Birds Nest,"32 Deptford Church Street, London, SE8 4RZ"
Farriers arms,"214, Lower Road, London, SE8 5DJ"
The Wolfs Tavern,"The Wolf's Tavern, 195 Evelyn Street, London, SE8 5RE"
M'Arks Sky Bar,"Sky Bar 2nd Floor 168 - 176 Eltham High Street, Eltham, Greenwich, SE9 1BJ"
The Draughts P.H,"Draughts 34 Eltham High Street, Eltham, Greenwich, SE9 1BT"
White Hart Eltham,"White Hart 2 Eltham High Street, Eltham, Greenwich, SE9 1DA"
Rising Sun,"Rising Sun 189 - 191 Eltham High Street, Eltham, Greenwich, SE9 1TS"
The Last Drop Inn,"279 Eltham High Street, Eltham, Greenwich, SE9 1TY"
The Long Pond,"110 Westmount Road, Eltham, Greenwich, SE9 1UT"
STC2 Sports Club,"Pavilion Stc Ivor Grove Sports Club Ivor Grove, Eltham, Greenwich, SE9 2AJ"
New Eltham Social Club,"32 Avery Hill Road, Avery Hill, Greenwich, SE9 2BD"
The Beehive,"The Beehive 365 Footscray Road, Eltham, Greenwich, SE9 2DR"
Footscray Rugby Sports Athletics Club,"Footscray Playing Fields 239A Footscray Road, Eltham, Greenwich, SE9 2EL"
Good Choice ( micro pub ),"168 Bexley Road, Eltham, Greenwich, SE9 2PH"
Falcon Harvester,"Lingfield Crescent, Eltham, London, SE9 2RN"
The Pavillion Sports & Leisure Club,"135 Footscray Road, Eltham, Greenwich, SE9 2SY"
The Oaks (Eltham Town Football Club),"Eltham Town Fc Starbuck Close, Eltham, Greenwich, SE9 2TF"
Farmhouse Public House,"The Farmhouse 52 Jason Walk, Eltham, Greenwich, SE9 3DH"
Prince Of Wales,"Prince Of Wales 154 Mottingham Road, Mottingham, London, SE9 4SP"
The Bat and Ball,"275 Court Road, Eltham, Greenwich, SE9 4TH"
Park Tavern,"Park Tavern 45 Passey Place, Eltham, Greenwich, SE9 5DA"
Eltham GPO,"4 Passey Place, Eltham, Greenwich, SE9 5DQ"
The Brockleians RFC,"Old Brockleians Society Eltham Palace Road, Eltham, Greenwich, SE9 5LX"
Eltham Hill Club & Instit,"Eltham Hill Club And Institute 85 Eltham Road, Eltham, Greenwich, SE9 5SU"
Berry & Barrel Limited,"18 Well Hall Parade, Eltham, Greenwich, SE9 6SP"
O'Neills,"37 High Street, Sutton, SM1 1DJ"
Rangers Bar Lounge And Restaurant,"33 - 35 High Street, Sutton, SM1 1DJ"
Shinner And Sudtone,"67 High Street, Sutton, SM1 1DT"
All Bar One,"2 Hill Road, Sutton, SM1 1DZ"
Moon On The Hill,"Georgian Mansions, 5-9 Hill Road, Sutton, SM1 1DZ"
The Sutton Arms,"60-62 High Street, Sutton, SM1 1EZ"
Old Bank,"The Old Bank, 2 High Street, Sutton, SM1 1HN"
The Crown,"285 High Street, Sutton, SM1 1LD"
The Winning Post,"265 High Street, Sutton, SM1 1LD"
Robin Hood,"The Robin Hood, 52 West Street, Sutton, SM1 1SH"
Gander Inn,"The Gander Public House, 2 St Dunstans Hill, Cheam, SM1 2UE"
The Butterchurn,"The Butter Churn, Erskine Road, Sutton, SM1 3AS"
The Little Windsor,"13 Greyhound Road, Sutton, SM1 4BY"
The Lord Nelson,"Lord Nelson, 32 Lower Road, Sutton, SM1 4QP"
Chiltern Church Club,"Chiltern Church, 83 Chiltern Road, Sutton, SM2 5QY"
The California (Ember Inns),"The California, 267 Brighton Road, Sutton, SM2 5SU"
Claret Wine Bar,"33 The Broadway, Cheam, SM3 8BL"
Ye Olde Red Lion,"17 Park Road, Cheam, SM3 8QB"
"The Harrow Also T/A Chik Box, K-Town Chicken, Locked And Loaded","The Harrow Inn, 6 High Street, Cheam, SM3 8RL"
The Railway,"32 Station Way, Cheam, SM3 8SQ"
Nonsuch Inn,"552 - 556 London Road, North Cheam, SM3 9AA"
Goals Soccer Centre,"656 London Road, North Cheam, SM3 9BZ"
Lord Nelson,"837 London Road, North Cheam, SM3 9DR"
Central Ward Residents Club,"Central Ward Residents Club Ashridge Way, Morden, Merton, SM4 4ED"
Morden Brook,"The Morden Brook Public House Lower Morden Lane, Morden, Merton, SM4 4SS"
Blue Junction,"1 - 2 Crown Parade Crown Lane, Morden, Merton, SM4 5DA"
Ganleys Irish Bar,"43 - 47 London Road, Morden, Merton, SM4 5HT"
The Royal Surrey Pub,"The Royal Surrey 1 - 9 Abbotsbury Road, Morden, Merton, SM4 5LH"
The George Inn,"The George Inn Epsom Road, Morden, Merton, SM4 5PJ"
Carshalton Darby And Joans Club,"Darby And Joan Club, 18 Cooper Crescent, Carshalton, SM5 2DL"
Community Kitchen,"113 Culvers Avenue, Carshalton, SM5 2FJ"
The Railway Tavern,"47 North Street, Carshalton, SM5 2HG"
The Sun,"4 North Street, Carshalton, SM5 2HU"
The Palmerston,"Palmerston, 31 Mill Lane, Carshalton, SM5 2JY"
The Hope,"48 West Street, Carshalton, SM5 2PR"
Coach And Horses,"12 High Street, Carshalton, SM5 3AG"
The Woodman,"6 High Street, Carshalton, SM5 3AG"
The Greyhound,"The Greyhound Hotel, 2 High Street, Carshalton, SM5 3PE"
Windsor Castle,"378 Carshalton Road, Carshalton, SM5 3PT"
Dukes Head Hotel,"6 Manor Road, Wallington, SM6 0AA"
The Star Wallington,"The Star, 89 Manor Road, Wallington, SM6 0DE"
The Woodcote Flying Club,"Woodcote Flying Club Ground Floor, Hillcrest House, 51 Woodcote Road, Wallington, SM6 0LT"
The Red Lion,"Hackbridge Road, Hackbridge, SM6 7AX"
Rose And Crown,"Wallington Corner, Wallington, SM6 7HX"
Whispering Moon,"25 Ross Parade, Wallington, SM6 8QF"
Nork Social Club,"Nork Community Association, Nork Community Centre, Nork Way, Banstead, SM7 1JB"
Banstead Village Club,"Lamborn Place, 26 High Street, Banstead, Surrey, SM7 2LJ"
The Woolpack Public House,"High Street, Banstead, Surrey, SM7 2NZ"
The Mint,"Park Road, Banstead, Surrey, SM7 3DS"
Old Walcountian Association,"Carshalton Road, Banstead, Surrey, SM7 3HU"
Woodmansterne Sports Club,"Woodmansterne Street, Banstead, Surrey, SM7 3NH"
The Woodman Public House,"Woodmansterne Street, Woodmansterne, Surrey, SM7 3NL"
Sporting Page,"PUBLIC HOUSE, 6 Camera Place, LONDON, SW10 0BH"
Chelsea Ram PH,"Public House, 32 Burnaby Street, LONDON, SW10 0PL"
Lots Road Pub & Dining room,"114 Lots Road, LONDON, SW10 0RJ"
Jaks,"Basement, 531-533 King's Road, LONDON, SW10 0TZ"
Zefi Bar,"Club, 531-533 King's Road, LONDON, SW10 0TZ"
Yogis,"Public House, 118 Finborough Road, LONDON, SW10 9ED"
The Kings Arms,"Public House, 190 Fulham Road, LONDON, SW10 9PN"
Goat,"333 Fulham Road, LONDON, SW10 9QL"
Fox & Pheasant PH,"Public House, 1 Billing Road, LONDON, SW10 9UJ"
Chelsea Pensioner,"Public House, 358 Fulham Road, LONDON, SW10 9UU"
Thieves,"51 Lavender Gardens, London, Wandsworth, SW11 1DJ"
Bad Habits Club,"46 Battersea Rise, London, Wandsworth, SW11 1EE"
Amiga,"56 Battersea Rise, London, Wandsworth, SW11 1EG"
Hawkins Forge,"Hawkins Forge 110 Battersea Rise, London, Wandsworth, SW11 1EJ"
The Goat Pub,"Public House 66 Battersea Rise, London, Wandsworth, SW11 1EQ"
Be At One,"85 Battersea Rise, London, Wandsworth, SW11 1HW"
Blame Gloria,"89 - 91 Battersea Rise, London, Wandsworth, SW11 1HW"
The London & South Western - JD Wetherspoons,"276 - 288 Lavender Hill, London, Wandsworth, SW11 1LJ"
Archer Street Clapham,"Ground Floor Lansdowne House 3 - 7 Northcote Road, London, Wandsworth, SW11 1NG"
La Mia Mamma,"59 Northcote Road, London, Wandsworth, SW11 1NP"
The Northcote,"The Northcote 2 Northcote Road, London, Wandsworth, SW11 1NT"
The Falcon,"The Falcon Public House 2 St Johns Hill, London, Wandsworth, SW11 1RU"
Junction,"The Junction Public House 36 St Johns Hill, London, Wandsworth, SW11 1SA"
Plough Public House,"89 St Johns Hill, London, Wandsworth, SW11 1SY"
Beehive Public House,"197 St Johns Hill, London, Wandsworth, SW11 1TH"
Churchill's,"Churchills Public House 151 St Johns Hill, London, Wandsworth, SW11 1TQ"
Project Orange,"43 St Johns Hill, London, Wandsworth, SW11 1TT"
The Clapham Grand,"The Grand 21 - 25 St Johns Hill, London, Wandsworth, SW11 1TT"
Anchor Battersea,"The Anchor 61 Holgate Avenue, London, Wandsworth, SW11 2AT"
Fox and Hounds,"Fox And Hounds 66 - 68 Latchmere Road, London, Wandsworth, SW11 2JU"
Apo Restobar,"Flat The Meyrick Arms 148 Falcon Road, London, Wandsworth, SW11 2LW"
Battersea Labour Club,"Club House 81 - 83 Falcon Road, London, Wandsworth, SW11 2PF"
Asparagus,"The Asparagus Public House 1 - 13 Falcon Road, London, Wandsworth, SW11 2PL"
Duke Of Cambridge,"Duke Of Cambridge 228 Battersea Bridge Road, London, Wandsworth, SW11 3AA"
Union,"109 Battersea Bridge Road, London, Wandsworth, SW11 3AT"
The Latchmere,"The Latchmere And Theatre 503 Battersea Park Road, London, Wandsworth, SW11 3BW"
Rhythm And Booze,"Rhythm And Booze 42 - 44 Battersea High Street, London, Wandsworth, SW11 3HX"
The Woodman,"The Woodman 60 Battersea High Street, London, Wandsworth, SW11 3HX"
Aspen & Meursault,"The Stag Bar 96 Westbridge Road, London, Wandsworth, SW11 3PH"
Paya & Horse,"181 Battersea Park Road, London, Wandsworth, SW11 4LB"
The Magic Garden,"231 Battersea Park Road, London, Wandsworth, SW11 4LG"
The Lighthouse,"The Lighthouse 441 Battersea Park Road, London, Wandsworth, SW11 4LR"
The Flag,"101 - 103 Culvert Road, London, Wandsworth, SW11 5AU"
Devas Club,"Devas Club 2A Stormont Road, London, Wandsworth, SW11 5EN"
The Crown,"Public House The Crown Hotel 102 Lavender Hill, London, Wandsworth, SW11 5RD"
Eagle Public House,"The Eagle 104 Chatham Road, London, Wandsworth, SW11 6HG"
Nine Elms Tavern,"Unit D3 The Nine Elms Tavern 3 Riverlight Quay, London, Wandsworth, SW11 8AY"
The River Bar,"29 Circus Road West, London, Wandsworth, SW11 8EZ"
Vagabond Wines,"12 Circus Road West, London, Wandsworth, SW11 8EZ"
The Regent,"21 Chestnut Grove, London, Wandsworth, SW12 8JB"
The Nightingale Public House,"The Nightingale 97 Nightingale Lane, London, Wandsworth, SW12 8NX"
The Grove PH,"39 Oldridge Road, London, Wandsworth, SW12 8PN"
Balham Bowls Club,"Balham Club 7 - 9 Ramsden Road, London, Wandsworth, SW12 8QX"
The Devonshire,"The Devonshire 39 Balham High Road, London, Wandsworth, SW12 9AN"
Henny's Wine Bar,"195C Balham High Road, London, Wandsworth, SW12 9BE"
The Bedford,"Public House The Bedford 77 Bedford Hill, London, Wandsworth, SW12 9HD"
Voodoo,"9 Hildreth Street, London, Wandsworth, SW12 9RQ"
The Brown Dog,"28 Cross Street, Barnes, Richmond Upon Thames, SW13 0AP"
The Bridge Tavern,"The Bridge 204 Castelnau, Barnes, Richmond Upon Thames, SW13 9DW"
The Sun Inn,"7 Church Road, Barnes, Richmond Upon Thames, SW13 9HE"
The Coach & Horses,"The Coach And Horses 27 Barnes High Street, Barnes, London, Richmond Upon Thames, SW13 9LW"
The Bull's Head,"373 Lonsdale Road, Barnes, Richmond Upon Thames, SW13 9PY"
The Watermans Arms,"375 Lonsdale Road, Barnes, Richmond Upon Thames, SW13 9PY"
Barnes Sports Club Ltd,"261 Lonsdale Road, Barnes, Richmond Upon Thames, SW13 9QL"
The Red Lion,"The Red Lion 2 Castelnau, Barnes, Richmond Upon Thames, SW13 9RU"
The Plough,"42 Christchurch Road, East Sheen, Richmond Upon Thames, SW14 7AF"
Sheen Lawn Tennis & Squash Club,"Sheen Lawn Tennis And Squash Club Parklands Close, East Sheen, Richmond Upon Thames, SW14 7EH"
The Jolly Gardeners,"The Jolly Gardener 36 Lower Richmond Road, Mortlake, Richmond Upon Thames, SW14 7EX"
The Tapestry,"The Tapestry 1 Lower Richmond Road, Mortlake, Richmond Upon Thames, SW14 7EZ"
Leonardo's Wine Bar,"1 Grand Parade, East Sheen, Richmond Upon Thames, SW14 7PS"
The Ship,"The Ship Thames Bank, Mortlake, Richmond Upon Thames, SW14 7QR"
The Victoria,"The Victoria 10 West Temple Sheen, East Sheen, Richmond Upon Thames, SW14 7RT"
Hare and Hounds,"Hare And Hounds 214 - 216 Upper Richmond Road West, East Sheen, Richmond Upon Thames, SW14 8AH"
Barnes Home Guard Association,"76A Richmond Park Road, East Sheen, Richmond Upon Thames, SW14 8LA"
The Pig & Whistle,"Pig And Whistle 86 Sheen Lane, East Sheen, Richmond Upon Thames, SW14 8LP"
PowerStation Youth Centre,"The Shoreline Area Centre 121 Mortlake High Street, Mortlake, Richmond Upon Thames, SW14 8SW"
Bricklayer's Arms,"32 Waterman Street, London, Wandsworth, SW15 1DD"
The Half Moon Inn,"Half Moon Inn 93 Lower Richmond Road, London, Wandsworth, SW15 1EU"
Hudsons Bar & Restaurant,"113 Lower Richmond Road, London, Wandsworth, SW15 1EX"
Putney Town Bowling Club,"Putney Town Bowling Club Commondale, London, Wandsworth, SW15 1HS"
Dukes Head,"8 Lower Richmond Road, London, Wandsworth, SW15 1JN"
Crabtree Boat Club,"Crabtree Boathouse Club Embankment, London, Wandsworth, SW15 1LB"
Imperial College Boat Club,"Imperial College Boat Club Embankment, London, Wandsworth, SW15 1LB"
London Rowing Club,"London Rowing Club Embankment, London, Wandsworth, SW15 1LB"
Ranelagh Sailing Club,"Ranelagh Sailing Club Embankment, London, Wandsworth, SW15 1LB"
Thames Rowing Club,"Thames Rowing Club Embankment, London, Wandsworth, SW15 1LB"
The Coat And Badge,"The Coat And Badge 8 Lacy Road, London, Wandsworth, SW15 1NL"
Jolly Gardeners,"Jolly Gardeners 61 - 63 Lacy Road, London, Wandsworth, SW15 1NR"
Spotted Horse,"120 - 122 Putney High Street, London, Wandsworth, SW15 1RG"
Tequila Mockingbird,"4 - 6 Putney High Street, London, Wandsworth, SW15 1SL"
Be At One,"30 Putney High Street, London, Wandsworth, SW15 1SQ"
Wagamama,"50 - 54 Putney High Street, London, Wandsworth, SW15 1SQ"
Hurlingham Yacht Club,"Hurlingham Yacht Club 43A Deodar Road, London, Wandsworth, SW15 2NP"
Putney Club,"63 Upper Richmond Road, London, Wandsworth, SW15 2RD"
Royal British Legion Club,"65 Upper Richmond Road, London, Wandsworth, SW15 2RD"
Fez Club,"200 Upper Richmond Road, London, Wandsworth, SW15 2SH"
Prince of Wales,"138 Upper Richmond Road, London, Wandsworth, SW15 2SP"
The Green Man,"The Green Man Putney Heath, London, Wandsworth, SW15 3NG"
Kings Head Public House,"Kings Head Public House 1 Roehampton High Street, London, Wandsworth, SW15 4HL"
Putney Lawn Tennis Club,"Putney Lawn Tennis Club Balmuir Gardens, London, Wandsworth, SW15 6NG"
Fox & Hounds Putney,"167 Upper Richmond Road, London, Wandsworth, SW15 6SE"
The Arab Boy,"Public House 289 Upper Richmond Road, London, Wandsworth, SW15 6SP"
The Railway,"202 Upper Richmond Road, London, Wandsworth, SW15 6TD"
Lisa's Kitchen,"The White Lion, 232 - 234 Streatham High Road, London, LONDON, SW16 1BB"
White Lion,"The White Lion, 232 - 234 Streatham High Road, London, SW16 1BB"
Taylors,"Taylors Public House, 78A-78B Streatham High Road, London, SW16 1BS"
The Five Bells,"68 - 70 Streatham High Road, London, SW16 1DA"
Holland Tringham,"107 - 109 Streatham High Road, London, SW16 1HJ"
The Leigham Well,"Leigham Arms, 1 - 3 Wellfield Road, London, SW16 2BT"
The Bull,"498 Streatham High Road, London, SW16 3QB"
The Moon Under Water,"1327 London Road, Norbury, London, SW16 4AU"
The Railway,"Railway Hotel Public House, 2 Greyhound Lane, London, SW16 5SD"
STREATHAM CONSERVATIVE CLUB,"111 Blegborough Road, London, Wandsworth, SW16 6DL"
Earl Ferrers,"Earl Ferrers Public House, 22 Ellora Road, London, SW16 6JF"
The Manor Arms,"Mitcham Lane, London, SW16 6LQ"
Club 99,"99 Mitcham Lane, London, Wandsworth, SW16 6LY"
The Furzedown,"The Furzedown 118 Mitcham Lane, London, Wandsworth, SW16 6NR"
Battersea Ironsides Sports Ground,"Battersea Ironsides Sports Ground Burntwood Lane, London, Wandsworth, SW17 0AW"
The Corner Pin,"The Corner Pin 10 Summerstown, London, Wandsworth, SW17 0AY"
The Selkirk,"60 Selkirk Road, London, Wandsworth, SW17 0ES"
The Leather Bottle,"538 Garratt Lane, London, Wandsworth, SW17 0NY"
The Castle,"The Castle Public House 38 Tooting High Street, London, Wandsworth, SW17 0RG"
The Blend Gin & Tequila Bar,"Unit E5 Broadway Market Tooting High Street, London, Wandsworth, SW17 0RJ"
The Tapas Room Ltd,"Unit 3-5 29 Broadway Market Tooting High Street, London, Wandsworth, SW17 0RJ"
J J Moons,"56A Tooting High Street, London, Wandsworth, SW17 0RN"
Trafalgar Arms,"Public House 148 - 156 Tooting High Street, London, Wandsworth, SW17 0RT"
The Little Taperia,"143 Tooting High Street, London, Wandsworth, SW17 0SY"
United Services Club Ltd,"268 Balham High Road, London, Wandsworth, SW17 7AJ"
Tooting Hub,"Tooting Hub St Peters Church Hall 7A Beechcroft Road, London, Wandsworth, SW17 7BU"
The Hope,"Bennet Court 1 Bellevue Road, London, Wandsworth, SW17 7EG"
The Kings Head,"84 Upper Tooting Road, London, Wandsworth, SW17 7PB"
Royal Mahal Banqueting,"28 Upper Tooting Road, London, Wandsworth, SW17 7PG"
Wheatsheaf,"The Wheatsheaf 2 Upper Tooting Road, London, Wandsworth, SW17 7PG"
Mayfair Tavern,"127 - 145 Upper Tooting Road, London, Wandsworth, SW17 7TJ"
Rose and Crown,"Rose And Crown 140 Tooting Bec Road, London, Wandsworth, SW17 8BH"
Tooting Conservative & Unionist Club,"12 Ashvale Road, London, Wandsworth, SW17 8PW"
London Snooker,"The Broadway Snooker Hall 2A Lynwood Road, London, Wandsworth, SW17 8SA"
The Ramble Inn,"223 Mitcham Road, London, Wandsworth, SW17 9JG"
Tooting Progressive Working Men's Club & Institute,"227 Mitcham Road, London, Wandsworth, SW17 9JG"
The Roohin Pub,"Gorringe Park Hotel 29 London Road, Tooting, Merton, SW17 9JR"
Graveney & Meadow,"Graveney And Meadow 40 Mitcham Road, London, Wandsworth, SW17 9NA"
The Antelope,"The Antelope Public House 76 Mitcham Road, London, Wandsworth, SW17 9NG"
Goldfinch,"145 Mitcham Road, London, Wandsworth, SW17 9PE"
The East Hill,"21 Alma Road, London, Wandsworth, SW18 1AA"
The Royal Standard,"The Royal Standard 1 Ballantine Street, London, Wandsworth, SW18 1AL"
3,"112 Dolphin House Smugglers Way, London, Wandsworth, SW18 1DG"
The Hop Pole,"64 Putney Bridge Road, London, Wandsworth, SW18 1HR"
Queen Adelaide,"35 Putney Bridge Road, London, Wandsworth, SW18 1NP"
The Cats Back,"Public House The Cats Back 86 - 88 Point Pleasant, London, Wandsworth, SW18 1PP"
Southfields Lawn Tennis Club,"Southfields Lawn Tennis Club Gressenhall Road, London, Wandsworth, SW18 1PQ"
Urban Oasis,"2 Armoury Way, London, Wandsworth, SW18 1SH"
The Ship,"The Ship 41 Jews Row, London, Wandsworth, SW18 1TB"
The Alma Tavern,"The Alma 499 Old York Road, London, Wandsworth, SW18 1TF"
The Waterfront,"Unit C Public House Baltimore House Juniper Drive, London, Wandsworth, SW18 1TS"
Boom Battle Bar Primary Licence,"9 & 11 Barley Walk, London, Wandsworth, SW18 1UL"
Sambrook's Brewery Tap,"Sambrooks Tap Room 40 Ram Street, London, Wandsworth, SW18 1UR"
The Roundhouse Public House,"The Roundhouse Public House 2 North Side Wandsworth Common, London, Wandsworth, SW18 2SS"
The Spencer Club,"The Spencer Lawn Tennis Club Fieldview, London, Wandsworth, SW18 3HF"
County Arms Public House,"County Arms Public House 345 Trinity Road, Wandsworth, London, Wandsworth, SW18 3SH"
The Old Sergeant,"The Old Sergeant 104 Garratt Lane, London, Wandsworth, SW18 4DJ"
The Garratt Tavern,"89 Garratt Lane, London, Wandsworth, SW18 4DW"
The Tir Na Nog,"Public House 107 Garratt Lane, London, Wandsworth, SW18 4DW"
The Jolly Gardeners,"Jolly Gardeners 214 Garratt Lane, London, Wandsworth, SW18 4EA"
Grosvenor Arms,"Grosvenor Arms 204 Garratt Lane, London, Wandsworth, SW18 4ED"
The Wandle of Earlsfield,"The Wandle 332 Garratt Lane, London, Wandsworth, SW18 4EJ"
Halfway House,"Public House Halfway House 521 - 523 Garratt Lane, London, Wandsworth, SW18 4SR"
Simul Place,"561 Garratt Lane, London, Wandsworth, SW18 4SR"
Earl Spencer Southfields,"The Earl Spencer 260 - 262 Merton Road, London, Wandsworth, SW18 5JL"
The Gardeners Arms,"266 - 268 Merton Road, London, Wandsworth, SW18 5JL"
Pig And Whistle,"Pig And Whistle 479 - 481 Merton Road, London, Wandsworth, SW18 5LD"
Old Fields,"20 Replingham Road, London, Wandsworth, SW18 5LS"
Southfields Club & Institute,"62 Standen Road, London, Wandsworth, SW18 5TG"
The Sultan Public House,"The Sultan 78 Norman Road, Colliers Wood, Merton, SW19 1BN"
Horse and Groom,"The Horse And Groom 131 Merton High Street, Colliers Wood, Merton, SW19 1DE"
New Wimbledon Theatre,"New Wimbledon Theatre 93 The Broadway, Wimbledon, Merton, SW19 1QG"
South Wimbledon Club,"6 Russell Road, Wimbledon, Merton, SW19 1QL"
Tunnel 267,"William Morris House 267 The Broadway, Wimbledon, Merton, SW19 1SD"
Hux at the Holden,"The Charles Holden 198 High Street Collier's Wood, Colliers Wood, Merton, SW19 2BH"
The Charles Holden,"The Charles Holden 198 High Street Collier's Wood, Colliers Wood, Merton, SW19 2BH"
The William Morris,"The William Morris 20 Watermill Way, Colliers Wood, Merton, SW19 2RD"
Prince of Wales,"The Prince Of Wales 98 Morden Road, Wimbledon, Merton, SW19 3BP"
Old Rutlishians Association,"Old Rutlishians Association Poplar Road, Wimbledon, Merton, SW19 3JS"
Wilton Lawn Tennis Club,"Wilton Lawn Tennis Club 28 Wilton Grove, Wimbledon, Merton, SW19 3QX"
Bill's Restaurant,"20 Hartfield Road, Wimbledon, Merton, SW19 3TA"
The Garratt And Gauge,"18 Hartfield Road, Wimbledon, Merton, SW19 3TA"
Wimbledon Racquets & Fitness Club Ltd,"Wimbledon Squash And Badminton Club 13 Cranbrook Road, Wimbledon, Merton, SW19 4HD"
Wimbledon Village Club,"26 Lingfield Road, Wimbledon, Merton, SW19 4QD"
Westside Lawn Tennis Club,"Westside Lawn Tennis Club 20 Woodhayes Road, Wimbledon, Merton, SW19 4RG"
The Rushmere,"The Rushmere 89 Ridgway, Wimbledon, Merton, SW19 4SU"
Royal Wimbledon Golf Club,"Royal Wimbledon Golf Club 29 Camp Road, Wimbledon, Merton, SW19 4UW"
Wimbledon Common Golf Club,"Club House Wimbledon Common Golf Club Camp Road, Wimbledon, Merton, SW19 4UW"
The Wimbledon Club,"The Wimbledon Club Church Road, Wimbledon, Merton, SW19 5AG"
Rose & Crown,"Rose And Crown 55 High Street, Wimbledon, Merton, SW19 5BA"
Hemingways,"57 High Street, Wimbledon, Merton, SW19 5EE"
All Bar One,"37 - 39 Wimbledon Hill Road, Wimbledon, Merton, SW19 7NA"
Hand & Racquet,"25 - 27 Wimbledon Hill Road, Wimbledon, Merton, SW19 7NE"
Walkers of Whitehall,"BASEMENT AND GROUND FLOOR 15 WHITEHALL, LONDON, SW1A 2DD"
The Duke Of York,"DUKE OF YORK 130 VICTORIA STREET, LONDON, SW1E 5LA"
Terminus Place LTD,"MARKET HALL VICTORIA 191 VICTORIA STREET, LONDON, SW1E 5NE"
Pineapple,"COLONIES 25 WILFRED STREET, LONDON, SW1E 6PR"
All Bar One,"60 VICTORIA STREET, LONDON, SW1E 6QW"
Curzon Cinemas Victoria Ltd,"58 VICTORIA STREET, LONDON, SW1E 6QW"
Lane 7,"THIRD FLOOR ZIG ZAG BUILDING 70 VICTORIA STREET, LONDON, SW1E 6SQ"
Hub By Premier Inn,"15 DACRE STREET, LONDON, SW1H 0DJ"
The Albert,"THE ALBERT 52 VICTORIA STREET, LONDON, SW1H 0NP"
Munich Cricket Club,"1 ABBEY ORCHARD STREET, LONDON, SW1P 2LU"
The Royal Oak,"2 REGENCY STREET, LONDON, SW1P 4BZ"
The Prince of Wales,"PRINCE OF WALES 91 WILTON ROAD, LONDON, SW1V 1DW"
Victoria Taps,"27 GILLINGHAM STREET, LONDON, SW1V 1HP"
The Circle,"43 VAUXHALL BRIDGE ROAD, LONDON, SW1V 2TA"
White Ferry House Pimlico,"WHITE FERRY 1A SUTHERLAND STREET, LONDON, SW1V 4LD"
Vagabond Wines,"77 BUCKINGHAM PALACE ROAD, LONDON, SW1W 0AJ"
Antelope,"PUBLIC HOUSE, 22-24 Eaton Terrace, LONDON, SW1W 8EZ"
Prince Arthur Belgravia,"11 PIMLICO ROAD, LONDON, SW1W 8NA"
Paxtons Head,"153 KNIGHTSBRIDGE, LONDON, SW1X 7PA"
Hennessy Concession/Hennessy Boutique,"Harrods, 87-135 Brompton Road, LONDON, SW1X 7XL"
The Wilton Arms,"WILTON ARMS 71 KINNERTON STREET, LONDON, SW1X 8ED"
Name to be confirmed,"Public House, 187 Sloane Street, LONDON, SW1X 9QR"
The Gloucester,"187 Sloane Street, LONDON, SW1X 9QR"
DC Venues Ltd,"ST ALBANS HOUSE 57-60 HAYMARKET, LONDON, SW1Y 4QX"
Luxe London,"HAYMARKET HOUSE 28-29 HAYMARKET, LONDON, SW1Y 4SP"
Dear Darling,"91 JERMYN STREET, LONDON, SW1Y 6JB"
Effra Social,"89 Effra Road, London, SW2 1DF"
Hootananny,"95 Effra Road, London, SW2 1DF"
Effra Hall Tavern,"38A Kellett Road, London, SW2 1EB"
"St Matthews Tenants Assoc, Bar And Social Club","10 St Matthew's Road, London, SW2 1NH"
The White Horse,"The White Horse Public House, 94 Brixton Hill, London, SW2 1QN"
Elm Park Tavern,"76 Elm Park, London, SW2 2UB"
Crown And Sceptre (Ltd),"The Crown And Sceptre, Streatham Hill, London, SW2 4AH"
The Sultan,"The Sultan Public House, 37-39 New Park Road, London, SW2 4DU"
The Hand In Hand,"61 New Park Road, London, SW2 4EN"
Porky's Wine Bar,"23 - 27 Sternhold Avenue, London, SW2 4PA"
Streatham Wine House,"53A Streatham Hill, London, SW2 4TS"
The Windmill,"Windmill Public House, Blenheim Gardens, London, SW2 5BZ"
Prince Of Wales,"Prince Of Wales Public House, 169-171 Lyham Road, London, SW2 5PY"
Hope & Anchor,"123 Acre Lane, London, SW2 5UA"
Colliers Wood United Football Club,"Robin Hood Way, Kingston Vale, SW20 0AA"
Wimbledon Rugby Club,"Wimbledon Rugby Club Barham Road, Wimbledon, Merton, SW20 0ET"
Raynes Park Tavern,"32 Coombe Lane, Raynes Park, Merton, SW20 0LA"
Bunch of Grapes,"Public House, 207 Brompton Road, LONDON, SW3 1LA"
The Beauchamp,"Public House, 43-44 Beauchamp Place, LONDON, SW3 1NX"
The Brompton Cross,"Public House, 279-283 Brompton Road, LONDON, SW3 2DY"
Jaks Bar Limited,"87-89 Walton Street, LONDON, SW3 2HP"
Admiral Codrington,"17 Mossop Street, LONDON, SW3 2LY"
Barts,"Ground Floor Rear and First Floor  Chelsea Cloisters, Sloane Avenue, LONDON, SW3 3EL"
Builders Arms PH,"Public House, 13 Britten Street, LONDON, SW3 3TY"
The Surprise,"Public House, 6 Christchurch Terrace, LONDON, SW3 4AJ"
The Phoenix Pub and Dining Room,"23 Smith Street, LONDON, SW3 4EE"
Chelsea Potter,"Public House, 119 King's Road, LONDON, SW3 4PL"
Chelsea Pensioners Club,"Royal Hospital, Royal Hospital Road, LONDON, SW3 4SR"
Azteca,"329 King's Road, LONDON, SW3 5ES"
Raffles Club,"287 King's Road, LONDON, SW3 5EW"
The Coopers Arms,"PUBLIC HOUSE, 87 Flood Street, LONDON, SW3 5TB"
The Rex Rooms,"151-153 King's Road, LONDON, SW3 5TX"
Jeroboams,"336 King's Road, LONDON, SW3 5UR"
Beaufort House,"354 King's Road, LONDON, SW3 5UZ"
The Hunter's Moon,"Public House, 86 Fulham Road, LONDON, SW3 6HR"
The Crown,"Public House, 153 Dovehouse Street, LONDON, SW3 6LB"
The Sydney Arms,"70 Sydney Street, LONDON, SW3 6NJ"
Venn Street Records,"78 Venn Street, London, SW4 0AT"
Old Town Tavern,"29 North Street, London, SW4 0HJ"
No32 The Old Town,"32 The Pavement, London, SW4 0JE"
Rose & Crown,"Rose Crown Public House, 2 The Polygon, London, SW4 0JG"
The Sun,"47 Old Town, London, SW4 0JL"
Apollo Arms,"13 - 19 Old Town, London, SW4 0JT"
Prince Of Wales,"The Prince Of Wales Public House, 38 Old Town, London, SW4 0LB"
The Bobbin,"1 - 3 Lillieshall Road, London, SW4 0LN"
British Legion,"154 Victoria Rise, London, SW4 0NW"
The Stonhouse,"165 Stonhouse Street, London, SW4 6BJ"
Bridge Wine Bar,"Arch 644, 8 Voltaire Road, London, SW4 6DH"
D Vine Cellars,"1 Voltaire Road, London, SW4 6DQ"
Bread & Roses,"The Bread And Roses Public House, 68 Clapham Manor Street, London, SW4 6DZ"
The Clapham Tap,"128 Clapham Manor Street, London, SW4 6ED"
Doghouse Distillery Bar,"Business, 10 Clapham Common South Side, London, SW4 7AA"
Red Vine,"9 Clapham Common South Side, London, SW4 7AA"
The Alexandra,"The Alexandra Public House, 14 Clapham Common South Side, London, SW4 7AA"
The Belle Vue,"1 Clapham Common South Side, London, SW4 7AA"
The Rattlin Bog,"Business, 4 Clapham Common South Side, London, SW4 7AA"
The King & Co.,"The Kings Head, 100 Clapham Park Road, London, SW4 7BZ"
The Coach & Horses,"The Coach And Horses, 173 - 175 Clapham Park Road, London, SW4 7EX"
The Falcon,"33 Bedford Road, London, SW4 7SQ"
Simmons Bar,"165 Clapham High Street, London, SW4 7SS"
Mosquito Bar,"5 Clapham High Street, London, SW4 7TS"
O Neills,"196 Clapham High Street, London, SW4 7UD"
Two Brewers,"The Two Brewers, 114 Clapham High Street, London, SW4 7UJ"
The Ox,"50 Clapham High Street, London, SW4 7UL"
Afters,"38 Clapham High Street, London, SW4 7UR"
The Railway Tavern,"18 Clapham High Street, London, SW4 7UR"
Tropix,"10 Clapham High Street, London, LONDON, SW4 7UT"
The Windmill Public House,"The Windmill On The Common, Windmill Drive, London, SW4 9DE"
Perky Nel,"7-8 Cavendish Parade, Clapham Common South Side, London, SW4 9DW"
Duke of Clarence,"148 Old Brompton Road, LONDON, SW5 0BE"
Drayton Arms,"153 Old Brompton Road, LONDON, SW5 0LJ"
Kings Head,"Public House, 17 Hogarth Place, LONDON, SW5 0QT"
Blackbird,"Public House, 209-211 Earl's Court Road, LONDON, SW5 9AN"
Courtfield Public House,"Public House, 187 Earl's Court Road, LONDON, SW5 9AN"
The Pembroke,"Public House, 261 Old Brompton Road, LONDON, SW5 9JA"
The Earls Court Tavern,"Public House, 123 Earl's Court Road, LONDON, SW5 9RL"
Prince of Teck,"PUBLIC HOUSE, 161 Earl's Court Road, LONDON, SW5 9RQ"
The Broadway Bar And Grill,"Broadway Bar And Grill, 474 - 476 Fulham Road, London, SW6 1BY"
Walham Green,"472 Fulham Road, London, SW6 1BY"
Kona Kai,"515 Fulham Road, London, SW6 1HD"
Butchers Hook,"The Butcher's Hook, 477 Fulham Road, London, SW6 1HL"
Cock Tavern,"360 North End Road, London, SW6 1LY"
Simmons Bar,"374 North End Road, London, SW6 1LY"
The Goose,"248 North End Road, London, SW6 1NL"
Sixes Cricket Club,"Wahleeah Public House, 18 Farm Lane, London, SW6 1PP"
Harwood Arms,"Walham Grove, London, SW6 1QP"
The Atlas,"16 Seagrave Road, London, SW6 1RX"
The Prince,"14 Lillie Road, London, SW6 1TU"
The Lillie Langtry,"19 Lillie Road, London, SW6 1UE"
The Rose,"1 Harwood Terrace, London, SW6 2AF"
Queen Elizabeth Hostel,"Queen Elizabeth, 58 Bagley's Lane, London, SW6 2BH"
Tommy Tucker,"The Tommy Tucker, 22 Waterford Road, London, SW6 2DR"
Eleusis Club,"614 King's Road, London, SW6 2DU"
Caddi Club Chelsea,"29 Imperial Road, London, SW6 2FR"
Fulham Arms,"The Sands End, 135 - 137 Stephendale Road, London, SW6 2PR"
Waterside,"Unit 2, Riverside Tower, The Boulevard, London, SW6 2SU"
Frenchmen Wines Ltd,"275 Wandsworth Bridge Road, London, SW6 2TX"
The Parsons Green Sports & Social Club,"Parsons Green Sports And Social Club, 31 Broomhouse Lane, London, SW6 3DP"
The Golden Lion,"Golden Lion, 57 Fulham High Street, London, SW6 3JJ"
Eight Bells,"89 Fulham High Street, London, SW6 3JS"
The Temperance,"90 Fulham High Street, London, SW6 3LF"
Andrew Robson Bridge Club,"31 Parsons Green Lane, London, SW6 4HH"
Kings Arms,"Larrik, 425 New King's Road, London, SW6 4RN"
Brook House,"Public House, 65 New King's Road, London, SW6 4SG"
White Horse,"1 - 3 Parsons Green, London, SW6 4UL"
Duke On The Green,"235 New King's Road, London, SW6 4XG"
Little Blue Door,"Fulham Wine Rooms, 871 - 873 Fulham Road, London, SW6 5HP"
The Redback,"The Slug, 490 - 492 Fulham Road, London, SW6 5NH"
The Brown Cow,"Munster House, 676 Fulham Road, London, SW6 5SA"
The Durell,"704 Fulham Road, London, SW6 5SB"
"Riverside L3, L4- Lighthouse Social Members Club","Craven Cottage, Stevenage Road, London, SW6 6HH"
The Fulham Mitre,"The Mitre, 81 Dawes Road, London, SW6 7DU"
Elephant And Barrel,"The Rylston, 197 Lillie Road, London, SW6 7LW"
The Captain Cook,"The Wilton Arms, 203 - 205 Dawes Road, London, SW6 7QY"
The Bedford Arms,"204 Dawes Road, London, SW6 7RQ"
"Union Bar, Fivesixeight, Beit Bars","BEIT HALL IMPERIAL COLLEGE PRINCE CONSORT ROAD, LONDON, SW7 2BB"
Hoop & Toy,"34 Thurloe Place, LONDON, SW7 2HQ"
Dolce Kensington Club,"17A Harrington Road, LONDON, SW7 3ES"
Zetland Arms PH,"PUBLIC HOUSE, 2-4 Bute Street, LONDON, SW7 3EX"
B London & Cubanista,"92B Old Brompton Road, LONDON, SW7 3LQ"
Anglesea Arms,"Public House 15 Selwood Terrace, Onslow Gardens, LONDON, SW7 3QG"
Coco Momo,"Public House, 25 Gloucester Road, LONDON, SW7 4PL"
Gloucester Arms,"Public House, 34 Gloucester Road, LONDON, SW7 4RB"
Stanhope Arms (The),"Adam Court, 97 Gloucester Road, LONDON, SW7 4SS"
Hereford Arms (The),"PUBLIC HOUSE, 127 Gloucester Road, LONDON, SW7 4TE"
The Queen's Arms,"30 Queen's Gate Mews, LONDON, SW7 5QL"
Fentiman Arms,"The Fentiman Arms, 64 Fentiman Road, London, SW8 1LA"
Fire,"Arches 39-44 Parry Street, London, SW8 1RT"
Estrela Bar,"111-115 South Lambeth Road, London, SW8 1UZ"
The Canton Arms,"The Canton Arms Public House, 177 South Lambeth Road, London, SW8 1XP"
Cavendish Arms,"The Cavendish Arms, Hartington Road, London, SW8 2HJ"
The Riverside  (Unit 14),"5 St George Wharf, London, SW8 2LE"
The Nott Bar,"The Nottingham Castle Public House, 257 Wandsworth Road, London, SW8 2NB"
Priory Arms,"The Priory Arms Public House, 83 Lansdowne Way, London, SW8 2PB"
The Surprise,"The Surprise Public House, 16 Southville, London, SW8 2PP"
Feeleys Free House,"Feelys Free House, 99 Union Road, London, SW8 2RF"
Mawbey Arms,"Mawbey Arms Public House, 7 Mawbey Street, London, SW8 2TT"
Nolan's Freehouse,"33 Wilcox Road, London, SW8 2XA"
The Victoria,"The Victoria Public House 166 Queenstown Road, London, Wandsworth, SW8 3QH"
Masons Arms,"Masons Arms 169 Battersea Park Road, London, Wandsworth, SW8 4BT"
Duchess Belle,"Duchess Of York 101 Battersea Park Road, London, Wandsworth, SW8 4DS"
Crown & Anchor,"The Crown And Anchor, 246 Brixton Road, London, SW9 6AQ"
West Indian Ex Service Association,"165-167 Clapham Manor Street, London, SW9 6DB"
Brixton Jamm,"261 Brixton Road, London, SW9 6LH"
Phonox,"418 Brixton Road, London, SW9 7AY"
The Beehive,"The Beehive Public House, 407 Brixton Road, London, SW9 7DG"
The Duke Of Edinburgh,"Duke Of Cambridge Public House, 204 Ferndale Road, London, SW9 8AG"
The Jerk Valley Of London,"Duke Of Edinburgh, 204 Ferndale Road, London, SW9 8AG"
Trinity Arms,"The Trinity Arms, 45 Trinity Gardens, London, SW9 8DR"
The Ferndale,"250 Ferndale Road, London, SW9 8FR"
The Prince,"469 Brixton Road, London, SW9 8HH"
Prince Albert,"The Prince Albert, 418 Coldharbour Lane, London, SW9 8LF"
BrewDog,"419-423 Coldharbour Lane, London, SW9 8LH"
Paddy's Yard,"443 - 445 Coldharbour Lane, London, SW9 8LN"
Satay Bar,"447 Coldharbour Lane, London, SW9 8LP"
The Craft Beer Co,"11-13 Brixton Station Road, London, SW9 8PA"
Brixton Brew Bar,"S06, Pop Brixton, 49 Brixton Station Road, London, SW9 8PQ"
Freight Line,"S11 To S12, Pop Brixton, 49 Brixton Station Road, London, SW9 8PQ"
South West Saloon,"S11, Pop Brixton, 49 Brixton Station Road, London, SW9 8PQ"
Specialist Cellar,"S15, Pop Brixton, 49 Brixton Station Road, London, SW9 8PQ"
Taproom,"43 - 44 Granville Arcade, Coldharbour Lane, London, SW9 8PR"
The Shrub & Shutter,"336 Coldharbour Lane, London, SW9 8QH"
Brixton Immortals Domino Club,"297 - 299 Coldharbour Lane, London, SW9 8RP"
The Phoenix,"348 Clapham Road, London, SW9 9AR"
The Swan,"2A Stockwell Road, London, SW9 9BF"
The Clapham North,"409 Clapham Road, London, SW9 9BT"
The Landor,"The Landor Public House, 70 Landor Road, London, SW9 9PH"
Marquis Of Lorne,"Marquis Of Lorne Public House, Dalyell Road, London, SW9 9SB"
Twickenham District Masonic Council,"150 London Road, Twickenham, Richmond Upon Thames, TW1 1HD"
The Turk's Head,"The Turks Head 28 Winchester Road, Twickenham, Richmond Upon Thames, TW1 1LF"
The Ailsa Tavern,"Ailsa Tavern 263 St Margarets Road, Twickenham, Richmond Upon Thames, TW1 1NJ"
St Margaret's Tavern,"St Margarets Tavern 107 St Margarets Road, Twickenham, Richmond Upon Thames, TW1 2LJ"
The Crown Inn,"The Crown 174 Richmond Road, Twickenham, Richmond Upon Thames, TW1 2NH"
The Rising Sun,"The Rising Sun 277 Richmond Road, Twickenham, Richmond Upon Thames, TW1 2NP"
Cambridge Park Bowling Club,"Cambridge Park Bowling & Sports Club Ltd Cambridge Park, Twickenham, Richmond Upon Thames, TW1 2PG"
The Royal Oak,"The Royal Oak 13 Richmond Road, Twickenham, Richmond Upon Thames, TW1 3AB"
Twickenham Rowing Club,"Twickenham Rowing Club Eel Pie Island, Twickenham, Richmond Upon Thames, TW1 3DY"
The Bear Tavern,"26 - 28 York Street, Twickenham, Richmond Upon Thames, TW1 3LJ"
The Eel Pie,"9 - 11 Church Street, Twickenham, Richmond Upon Thames, TW1 3NJ"
The Twickenham Club,"7 Church Street, Twickenham, Richmond Upon Thames, TW1 3NJ"
The Fox,"The Fox 39 Church Street, Twickenham, Richmond Upon Thames, TW1 3NR"
The George,"The George 32 King Street, Twickenham, Richmond Upon Thames, TW1 3SN"
The Cabbage Patch,"The Cabbage Patch 67 London Road, Twickenham, Richmond Upon Thames, TW1 3SZ"
The Three Kings,"Three Kings 42 Heath Road, Twickenham, Richmond Upon Thames, TW1 4BZ"
The Albany,"The Albany 1 Queens Road, Twickenham, Richmond Upon Thames, TW1 4EZ"
Royal British Legion Club,"95 Popes Grove, Twickenham, Richmond Upon Thames, TW1 4JT"
The Dukes Head,"The Dukes Head 42 The Vineyard, Richmond, Richmond Upon Thames, TW10 6AZ"
The White Horse,"The White Horse 14 - 16 Worple Way, Richmond, Richmond Upon Thames, TW10 6DF"
The Marlborough,"The Marlborough 46 Friars Stile Road, Richmond, Richmond Upon Thames, TW10 6NH"
The Roebuck,"130 Richmond Hill, Richmond, Richmond Upon Thames, TW10 6RN"
The Victoria Inn,"78 Hill Rise, Richmond, Richmond Upon Thames, TW10 6UB"
Be At One,"7A Petersham Road, Richmond, Richmond Upon Thames, TW10 6UH"
Viva Club,"3 Hill Rise, Richmond, Richmond Upon Thames, TW10 6UQ"
Rose of York,"Rose Of York Petersham Road, Richmond, Richmond Upon Thames, TW10 6UY"
The Dysart Petersham,"135 Petersham Road, Petersham, Richmond Upon Thames, TW10 7AA"
The Fox & Duck,"Fox And Duck 194 Petersham Road, Petersham, Richmond Upon Thames, TW10 7AD"
The Richmond Golf Club,"Richmond Park Golf Club Sudbrook Park Sudbrook Lane, Petersham, Richmond Upon Thames, TW10 7AT"
The New Inn,"Flat At The New Inn 345 Petersham Road, Ham, Richmond Upon Thames, TW10 7DB"
Thames Young Mariners,"Thames Young Mariners Base Riverside Drive, Ham, Richmond Upon Thames, TW10 7RX"
The Adelaide,"The Adelaide 57 Park Road, Teddington, Richmond Upon Thames, TW11 0AU"
NPL Sports Club,"N P L Sports Club Pavilion Road, Teddington, Richmond Upon Thames, TW11 0EL"
The Teddington Arms,"The Teddington Arms 38 - 40 High Street, Teddington, London, Richmond Upon Thames, TW11 8EW"
The Abercorn Arms,"Abercorn Arms 76 - 78 Church Road, Teddington, Richmond Upon Thames, TW11 8EY"
Royal British Legion Club Ltd,"135 High Street, Teddington, London, Richmond Upon Thames, TW11 8HH"
The Masons' Arms,"41 Walpole Road, Teddington, Richmond Upon Thames, TW11 8PJ"
The Hogarth,"The Hogarth 58 Broad Street, Teddington, Richmond Upon Thames, TW11 8QY"
Teddington Constitutional Club,"5 Stanley Road, Teddington, Richmond Upon Thames, TW11 8TP"
The Red Lion,"The Red Lion 164 Stanley Road, Teddington, Richmond Upon Thames, TW11 8UD"
The Builders Arms,"The Builders Arms 38 Field Lane, Teddington, Richmond Upon Thames, TW11 9AS"
The Lion,"The Lion 27 Wick Road, Teddington, Richmond Upon Thames, TW11 9DN"
The Tide End Cottage,"Tide End Cottage 8 Ferry Road, Teddington, Richmond Upon Thames, TW11 9NN"
The Anglers,"Anglers Hotel 3 Broom Road, Teddington, Richmond Upon Thames, TW11 9NR"
Tamesis Club,"The Tamesis Club Trowlock Way, Teddington, Richmond Upon Thames, TW11 9QY"
The Roebuck,"72 Hampton Road, Hampton Hill, Richmond Upon Thames, TW12 1JN"
Fulwell Golf Club Limited,"Fulwell Golf Club Wellington Road, Hampton, Richmond Upon Thames, TW12 1JY"
The Duke Of Clarence,"147 High Street, Hampton Hill, Richmond Upon Thames, TW12 1NJ"
Hampton Hill Cricket Club,"The Pavilon Bushy Park Cricket Lane, Hampton Hill, Richmond Upon Thames, TW12 1PA"
The Worlds End,"88 Station Road, Hampton, Richmond Upon Thames, TW12 2AX"
Hampton and Richmond Football Club,"Hampton Football Club Station Road, Hampton, Richmond Upon Thames, TW12 2BX"
The Bell Inn,"The Bell Inn 8 Thames Street, Hampton, Richmond Upon Thames, TW12 2EA"
Hampton Social Club,"Hampton Social Club 26 Ashley Road, Hampton, Richmond Upon Thames, TW12 2JA"
The Inspired Hub,"The Bungalow 3 Ashley Road, Hampton, Richmond Upon Thames, TW12 2JA"
The Royal Oak,"45 Oak Avenue, Hampton, Richmond Upon Thames, TW12 3NR"
The Hampton Pub,"The Hampton Pub 31 Tangley Park Road, Hampton, Richmond Upon Thames, TW12 3YH"
KTM ROX,"49 High Street, Feltham, TW13 4AB"
Moon on the Square,"Unit 30 The Centre, High Street, Feltham, TW13 4AU"
Royal Antediluvian Order Of Buffaloes Hall,"Royal Antediluvian Order Of Buffaloes Adjacent 1 To 8 Sunbury Crescent, Sunbury Road, Feltham, TW13 4PE"
Feltham Constitutional Club,"Feltham Constitutional Club, 30 Hanworth Road, Feltham, TW13 5AB"
Everest Spice Lounge,"Kitchen @ The Airman, Hanworth Road, Feltham, TW13 5AX"
The Airman,"The Airman, Hanworth Road, Feltham, TW13 5AX"
Hanworth Royal Naval Association Club,"Royal Naval Association Club, Park Road, Hanworth, TW13 6PP"
Eddies Social Club,"Eddies Social Club, Hounslow Road, Hanworth, TW13 6PX"
Royal British Legion Club Ltd,"22 Cross Road, Feltham, TW13 6QW"
General Roy,"2 Poplar Way, Feltham, TW13 7AB"
Staines Rugby Football Club Main Kitchen,"Staines Rugby Football Club, Snakey Lane, Feltham, TW13 7NB"
The Green Man,"Green Man, Green Man Lane, Feltham, TW14 0PZ"
Royal British Legion Club,"72 New Road, Bedfont, TW14 8HT"
The Bell on the Green,"661 Staines Road, Bedfont, TW14 8PA"
The Beehive Albinuta Restaurant,"Flat The Beehive, 333 Staines Road, Feltham, TW14 9HF"
Duke of Wellington,"Duke Of Wellington, 331 Hatton Road, Feltham, TW14 9QS"
The Freeman Arms,"Hungry Horse, 77 Feltham Road, Ashford, TW15 1BS"
Kings Head,"The Kings Head Public House, 4 Feltham Road, Ashford, TW15 2EB"
Kings Fairway,"91 Fordbridge Road, Ashford, Middx, TW15 2SS"
Phoenix Project Spelthorne CIC,"Ashford Youth Centre, Kenilworth Road, Ashford, TW15 3EL"
Sri Sathya Sai Organisation UK CIO,"Ashford Youth Centre, Kenilworth Road, Ashford, TW15 3EL"
The District Arms,"District Arms Public House, 180 Woodthorpe Road, Ashford, Surrey, TW15 3LQ"
The Grey Horse,"Grey Horse Public House, 63 Staines Road East, Sunbury On Thames, TW16 5AA"
Sunbury Sports Assocation,"Sunbury Sports Association, Lower Hampton Road, Sunbury On Thames, TW16 5PS"
The White Horse Public House,"69 Thames Street, Sunbury-on-Thames, TW16 5QF"
The Flower Pot,"Thames Street, Sunbury On Thames, TW16 6AA"
Magpie,"The Magpie Hotel, 64 Thames Street, Sunbury On Thames, Surrey, TW16 6AF"
The Phoenix,"The Phoenix Public House, 26 - 28 Thames Street, Sunbury On Thames, TW16 6AF"
The Grizzly Bear,"The Grizzly Bear Public House, 101 Nursery Road, Sunbury On Thames, TW16 6LU"
Sunbury Conservative Club,"Green Street, Sunbury On Thames, Surrey, TW16 6RA"
The Admiral Hawke,"Admiral Hawke Public House, 81 Green Street, Sunbury-on-Thames, TW16 6RD"
The Three Fishes,"Three Fishes Public House, 35 Green Street, Sunbury On Thames, TW16 6RE"
Royal British Legion Club,"The Royal British Legion, 41A The Parade, Staines Road West, Sunbury On Thames, TW16 7AB"
Running Horse,"Running Horse Public House, Groveley Road, Sunbury On Thames, TW16 7LB"
Meadhurst Club,"Chertsey Road, Sunbury-on-Thames, TW16 7LL"
The Hare And Hounds,"The Hare And Hounds Public House, 132 Vicarage Road, Sunbury-on-Thames, TW16 7QX"
The Barley Mow,"The Barley Mow Public House, 67 Watersplash Road, Shepperton, TW17 0EE"
Littleton Sailing Club,"Littleton Lane, Shepperton, TW17 0NF"
The Harrow Inn,"Harrow Inn, 140 - 142 Charlton Road, Shepperton, TW17 0RJ"
Shepperton Sports & Soc.,"1a Station Approach, Shepperton, Middx, TW17 8AR"
The Bell Inn,"85 Old Charlton Road, Shepperton, TW17 8BT"
The Goat - Stonehouse Pizza & Carvery,"The Goat Public House, 47 Upper Halliford Road, Shepperton, TW17 8RX"
The Three Horseshoes,"The Three Horseshoes Public House, 131 High Street, Shepperton, TW17 9BL"
Red Lion,"Red Lion Inn, Russell Road, Shepperton, TW17 9HX"
Shepperton Cricket Club,"Cricket Club, Manor Park, Russell Road, Shepperton, TW17 9JS"
Thames Court Hotel,"Thames Court, Towpath, Shepperton, TW17 9LJ"
Weybridge Mariners Club,"Clubhouse, Lock Island, Shepperton, Surrey, TW17 9LW"
Jolly Butcher,"Jolly Butcher Public House, 174 Kingston Road, Staines-upon-Thames, TW18 1PE"
Turks Head,"The Turks Head Public House, The Broadway, Laleham, Staines-upon-Thames, TW18 1SB"
The Three Horseshoes,"Three Horseshoes Public House, 25 Shepperton Road, Laleham, Staines-upon-Thames, TW18 1SE"
The Beehive,"35 Edgell Road, Staines-upon-Thames, Middx, TW18 2EP"
The Wheatsheaf & Pigeon,"Wheatsheaf And Pigeon Public House, Penton Road, Staines-upon-Thames, TW18 2LL"
The Retreat,"Staines Road, Laleham, Staines-upon-Thames, TW18 2RT"
The Swan Hotel,"The Hythe, Staines-Upon-Thames, TW18 3JB"
Staines Boat Club,"Staines Boat Club, 28 Riverside Drive, Egham, TW18 3JN"
JamaicaDeli,"The Three Tuns Public House, 63 London Road, Staines-upon-Thames, TW18 4BN"
Three Tuns Public House,"The Three Tuns Public House, 63 London Road, Staines-upon-Thames, TW18 4BN"
Slug & Lettuce,"The Slug And Lettuce, Units 3 And 4, Thames Edge Court, Clarence Street, TW18 4BU"
The George,"The George Public House, 2 - 8 High Street, Staines-upon-Thames, TW18 4EE"
Turtle Bay,"24 - 26 High Street, Staines-upon-Thames, TW18 4EE"
London Stone,"14 Church Street, Staines-upon-Thames, TW18 4EP"
The Old Red Lion,"Leacroft, Staines-upon-Thames, TW18 4PB"
Staines & District Conservative Club,"Staines Conservative Club, Market Square, Staines-upon-Thames, TW18 4RH"
The Bells,"The Bells Public House, 124 Church Street, Staines-upon-Thames, TW18 4ZB"
The Perseverance,"2 High Street, Wraysbury, Staines, TW19 5DB"
The George,"29 Windsor Road, Wraysbury, Staines, TW19 5DE"
Wraysbury Village Club,"39 The Green, Wraysbury, Staines, TW19 5NA"
The Anchor,"The Anchor Public House, Horton Road, Stanwell Moor, Staines-upon-Thames, TW19 6AQ"
Ashford Town Football Club,"Ecclesford Sports Club, Short Lane, Stanwell, Staines-upon-Thames, TW19 7BH"
Five Bells,"The Five Bells Public House, 54 High Street, Stanwell, Staines-upon-Thames, TW19 7JS"
The Swan Public House,"The Swan Inn, 16 - 18 High Street, Stanwell, Staines-upon-Thames, TW19 7JS"
Rising Sun,"The Rising Sun Public House, 108 - 110 Oaks Road, Stanwell, Staines-upon-Thames, TW19 7LB"
The Sir John Gibson,"Sir John Gibson PH, 68 Clare Road, Stanwell, Staines-upon-Thames, TW19 7QT"
The Prince Blucher,"The Prince Blucher 124 The Green, Twickenham, Richmond Upon Thames, TW2 5AG"
The Bloomsbury,"The Bloomsbury 209 Staines Road, Twickenham, Richmond Upon Thames, TW2 5BB"
The Sussex Arms,"The Sussex Arms 15 Staines Road, Twickenham, Richmond Upon Thames, TW2 5BG"
The Rifleman,"The Rifleman 7 Fourth Cross Road, Twickenham, Richmond Upon Thames, TW2 5EL"
David Lloyd Hampton,"David Lloyd Staines Road, Twickenham, Richmond Upon Thames, TW2 5JD"
Brouge,"The Old Goat 241 Hampton Road, Twickenham, Richmond Upon Thames, TW2 5NG"
Prince Albert,"Prince Albert 30 Hampton Road, Twickenham, Richmond Upon Thames, TW2 5QB"
Thai @The Albert,"Prince Albert 30 Hampton Road, Twickenham, Richmond Upon Thames, TW2 5QB"
Prince Of Wales,"Prince Of Wales 136 Hampton Road, Twickenham, Richmond Upon Thames, TW2 5QR"
Strawberry Hill Golf Club,"Strawberry Hill Golf Club Wellesley Road, Twickenham, Richmond Upon Thames, TW2 5SD"
The Winning Post,"The Winning Post Chertsey Road, Twickenham, Richmond Upon Thames, TW2 6LS"
The Admiral Nelson,"The Admiral Nelson 123 Nelson Road, Twickenham, Richmond Upon Thames, TW2 7BB"
Duke Of Cambridge,"Duke Of Cambridge Kneller Road, Twickenham, Richmond Upon Thames, TW2 7DT"
The White Hart,"White Hart Inn 121 Kneller Road, Twickenham, Richmond Upon Thames, TW2 7DY"
The Prince Albert,"The Prince Albert 54 - 56 Hounslow Road, Twickenham, Richmond Upon Thames, TW2 7EX"
Harlequins RFC,"Twickenham Stoop Stadium Langhorn Drive, Twickenham, Richmond Upon Thames, TW2 7SX"
The Packhorse,"Egham Hill, Egham, TW20 0BQ"
The Holly Tree,"5 St Judes Road, Englefield Green, TW20 0DB"
Medicine Bar,"Royal Holloway University of London, Egham Hill, Egham, TW20 0EX"
The Bailiwick Freehouse,"The Bailiwick Restaurant, Wick Road, Englefield Green, TW20 0HN"
The Beehive,"Middle Hill, Englefield Green, TW20 0JL"
The Barley Mow,"Barley Mow Road, Englefield Green, TW20 0NX"
The Happy Man,"12 Harvest Road, Englefield Green, TW20 0QS"
Armstrong Gun,"The Armstrong Gun, Victoria Street, Englefield Green, TW20 0QX"
The Fox and Hounds,"Bishopsgate Road, Englefield Green, TW20 0XU"
The Egham & Hythe Club,"British Legion Hall, Pooley Green Road, Egham, TW20 8AP"
The Robin Hood,"The Robin Hood, 142 Thorpe Lea Road, Egham, TW20 8HA"
Egham Town Football Club Ltd,"Egham Town Football Club, Tempest Road, Egham, TW20 8HX"
Egham Cricket Club,"Egham Cricket Club, Vicarage Road, Egham, TW20 8NP"
Rose & Crown,"Green Road, Thorpe, TW20 8QL"
The Red Lion,"The Red Lion, Village Road, Thorpe, TW20 8UE"
The Kings Arms,"5-6 High Street, Egham, TW20 9EA"
The Red Lion,"52 High Street, Egham, TW20 9EW"
Egham Constitutional Club,"159 High Street, Egham, TW20 9HP"
The White Lion,"115 High Street, Egham, TW20 9HQ"
Egham Band Social Club,"Band Hall, Band Lane, Egham, TW20 9LN"
Egham United Services Club,"Egham United Services Club Ltd, Spring Rise, Egham, TW20 9PE"
The Bulstrode Pub,"55 Lampton Road, Hounslow, TW3 1JG"
The Hanworth,"The Sun, 148 Hanworth Road, Hounslow, TW3 1UG"
The George,"The Lord Clyde, 77 Inwood Road, Hounslow, TW3 1XH"
The Dandelions,"69 Whitton Road, Hounslow, TW3 2DG"
Isleworth Lions Club,"93 Heath Road, Hounslow, TW3 2NP"
Hounslow Sports & Social Club,"60 Grove Road, Hounslow, TW3 3FX"
The Bell,"The Bell, 2 Staines Road, Hounslow, TW3 3JS"
Lamplighter,"66 Staines Road, Hounslow, TW3 3LF"
Moon Under Water,"84-86 Staines Road, Hounslow, TW3 3LF"
Haniya Lounge,"45 Bell Road, Hounslow, TW3 3NX"
Royal Albion Public House,"The Royal Albion, 58 Hibernia Road, Hounslow, TW3 3RP"
The Cross Lances,"Cross Lances, 236 Hanworth Road, Hounslow, TW3 3TU"
The White Bear,"198 Kingsley Road, Hounslow, TW3 4AR"
Banquetting by Wainwright,"Hounslow Conservative Club, Gresham Road, Hounslow, TW3 4BX"
The Black Horse,"The Black Horse, 203 Lampton Road, Hounslow, TW3 4EZ"
The Honeycombe,"The Honeycombe, 417 Staines Road, Hounslow, TW4 5AR"
African Queen,"The African Queen, 315-317 Wellington Road South, Hounslow, TW4 5HL"
Keg & Cask Pub,"Keg And Cask Pub, 286 Bath Road, Hounslow, TW4 7DN"
Heston Catholic Social Club,"Heston Catholic Club, Eton Avenue, Hounslow, TW5 0HB"
Royal British Legion Club Ltd,"79 New Heston Road, Hounslow, TW5 0LG"
Rose and Crown,"220 Heston Road, Hounslow, TW5 0RH"
Queens Head,"The Queens Head, 123 High Street, Cranford, TW5 9PB"
David Lloyd Club,"David Lloyd Leisure Plc, 10 Southall Lane, Southall, TW5 9PE"
London's Pride (airside),"Commercial Unit D13 Terminal 2 The Queen's Terminal Departures Level, Inner Ring East, London Heathrow Airport, TW6 1EW"
Aura Bar,"Terminal 3, Canberra Road, London Heathrow Airport, TW6 1QG"
The Curator,"Terminal 3 Departures Level, Canberra Road, London Heathrow Airport, TW6 1QG"
The Oceanic,"Terminal 3 Departures Level, Canberra Road, London Heathrow Airport, TW6 1QG"
The Three Magpies,"The Three Magpies, Bath Road, Heathrow, TW6 2AU"
Crown Rivers,"(airside) Terminal 5, Wellington Road, London Heathrow Airport, TW6 2GA"
Diageo World Duty Free Bar,"Commercial Unit Dcl15 Terminal 5 Departures Level, Wellington Road, London Heathrow Airport, TW6 2GA"
The Globe (Landside departure level T5),"Departures Level Terminal 5, Wellington Road, London Heathrow Airport, TW6 2GA"
The Star Light,"Departures Level Terminal 4, Stratford Road, London Heathrow Airport, TW6 3XA"
The Queens Arms,"Terminal 2 The Queen's Terminal, Inner Ring East, London Heathrow Airport, TW69 1EW"
Milford Arms,"The Milford Arms, 574 London Road, Isleworth, TW7 4EY"
Indian Gymkhana Club,"Indian Gymkhana Club Ltd, Thornbury Avenue, Isleworth, TW7 4NQ"
The Rising Sun,"The Rising Sun, 407 London Road, Isleworth, TW7 5AQ"
Thistleworth Tennis Club,"Thisleworth Tennis And Social Club, 129 Ridgeway Road North, Isleworth, TW7 5LX"
Wycombe House Cricket & Tennis,"385 Jersey Road, Isleworth, TW7 5PJ"
The Hare and Hounds,"Hare And Hounds, Windmill Lane, Isleworth, TW7 5PR"
Goals Soccer Centre,"Goals Soccer Centre, Syon Lane, Isleworth, TW7 5PT"
London Apprentice,"The London Apprentice, 62 Church Street, Isleworth, TW7 6BG"
Royal British Legion Club,"5-6 North Street, Isleworth, TW7 6BT"
Royal Oak,"The Royal Oak, 128 Worton Road, Isleworth, TW7 6EP"
The Woodlands Tavern,"The Woodlands Tavern, 29 St Johns Road, Isleworth, TW7 6NY"
The Red Lion,"92-94 Linkfield Road, Isleworth, TW7 6QJ"
The Castle,"Castle Inn, 18 Upper Square, Isleworth, TW7 7BN"
The Victoria Tavern,"The Victoria, 56 Worple Road, Isleworth, TW7 7HU"
The Watermans Arms,"The Watermans Arms, 1 Ferry Lane, Brentford, TW8 0AW"
Express Tavern,"The Express Tavern, 56 Kew Bridge Road, Brentford, TW8 0EW"
One Over the Ait,"One Over The Ait Kew Bridge Piazza, 8 Kew Bridge Road, Brentford, TW8 0FH"
The Beehive,"The Beehive, 227 High Street, Brentford, TW8 0JG"
The Royal Horse Guardsmen,"Royal Horseguardsman, 23 Ealing Road, Brentford, TW8 0JU"
Black Dog Beer House,"Albany Arms, 17 Albany Road, Brentford, TW8 0NF"
The Griffin Pub,"57 Brook Road South, Brentford, TW8 0NP"
The Brook,"38 New Road, Brentford, TW8 0NU"
New Inn,"The New Inn, 1 New Road, Brentford, TW8 0NX"
The Brewery Tap,"The Brewery Tap, 47 Catherine Wheel Yard, Brentford, TW8 8BD"
Inverness Lodge Social Club Ltd,"9 Boston Manor Road, Brentford, TW8 8DW"
The Kings Arms,"The Kings Arms, 19 Boston Manor Road, Brentford, TW8 8EA"
The Weir Bar & Dining Room,"The Weir, 24 Market Place, Brentford, TW8 8EQ"
Six Bells,"The Six Bells, 148 High Street, Brentford, TW8 8EW"
The Magpie and Crown,"The Magpie And Crown, 128 High Street, Brentford, TW8 8EW"
Northumberland Arms,"11 London Road, Brentford, TW8 8JB"
The Globe,"The Globe, 104 Windmill Road, Brentford, TW8 9NA"
The Lord Nelson,"The Lord Nelson, 9-11 Enfield Road, Brentford, TW8 9NY"
The Railway Tavern,"The Red Lion 28 - 29 The Quadrant, Richmond, Richmond Upon Thames, TW9 1DN"
Tap Tavern,"Richmond Tap Tavern Princes Street, Richmond, Richmond Upon Thames, TW9 1ED"
The Britannia,"The Britannia 5 Brewers Lane, Richmond, Richmond Upon Thames, TW9 1HH"
No1A Duke Street,"Staff Flat 1A Duke Street, Richmond, Richmond Upon Thames, TW9 1HP"
The Angel & Crown,"The Angel And Crown 5 Church Court, Richmond, Richmond Upon Thames, TW9 1JL"
The Cricketers,"The Cricketers The Green, Richmond, Richmond Upon Thames, TW9 1LX"
The Princes Head,"The Princes Head 27 - 28 The Green, Richmond, Richmond Upon Thames, TW9 1LX"
HMO The Old Ship,"The Old Ship 3 King Street, Richmond, Richmond Upon Thames, TW9 1ND"
The White Swan,"The White Swan 25 Old Palace Lane, Richmond, Richmond Upon Thames, TW9 1PG"
The Slug & Lettuce,"The Slug And Lettuce Water Lane, Richmond, Richmond Upon Thames, TW9 1TJ"
The Waterman's Arms,"10 Water Lane, Richmond, Richmond Upon Thames, TW9 1TJ"
The Mitre,"The Mitre 20 St Marys Grove, Richmond, Richmond Upon Thames, TW9 1UY"
The Red Cow,"The Red Cow 59 Sheen Road, Richmond, Richmond Upon Thames, TW9 1YJ"
The Crown,"The Crown 128 Lower Mortlake Road, Richmond, Richmond Upon Thames, TW9 2JZ"
The Orange Tree,"The Orange Tree 45 Kew Road, Richmond, Richmond Upon Thames, TW9 2NQ"
The Shaftesbury Arms,"The Shaftesbury Arms 121 - 123 Kew Road, Richmond, Richmond Upon Thames, TW9 2PN"
The Sun Inn,"The Sun Inn 17 Parkshot, Richmond, Richmond Upon Thames, TW9 2RG"
Royal Mid Surrey Golf Club,"Royal Mid Surrey Golf Club Old Deer Park Twickenham Road, Richmond, Richmond Upon Thames, TW9 2SB"
St Anne's Parish Church,"St Annes Church Kew Green, Kew, Richmond Upon Thames, TW9 3AA"
The Cricketers,"The Cricketers 79 Kew Green, Kew, Richmond Upon Thames, TW9 3AH"
The Greyhound,"The Greyhound 82 Kew Green, Kew, Richmond Upon Thames, TW9 3AP"
The Coach And Horses,"The Coach And Horses 8 Kew Green, Kew, Richmond Upon Thames, TW9 3BH"
Tap on the Line,"Kew Gardens Railway Station Station Parade, Richmond, Richmond Upon Thames, TW9 3PZ"
Putney Town Rowing Club,"Putney Town Rowing Club Kew Meadow Path, Richmond, Richmond Upon Thames, TW9 4EN"
Brilliant Gastro,"Unit 10, 1 SEVA DRIVE, SOUTHALL, UB1 1GH"
Merkur Slots,"12 The Broadway, Southall, UB1 1PS"
The Plough,"The Plough Public House, 89 North Road, Southall, UB1 2JN"
The Terrace,"The Red Lion, 96 - 100 High Street, Southall, UB1 3DN"
West Middlesex Golf Club (Bar Only),"West Middlesex Golf Club, Greenford Road, Southall, UB1 3EE"
The Vine Inn,"The Vine Inn, 121 Hillingdon Hill, Uxbridge, UB10 0JQ"
Hillingdon Golf Club Bar,"Hillingdon Golf Club, 18 Dorset Way, Uxbridge, UB10 0JR"
The Royal British Legion,"The Royal British Legion, Uxbridge Road, Uxbridge, UB10 0LQ"
Hillingdon Manor Cricket Club,"Coney Green, Uxbridge Road, UB10 0PN"
Hole 19 Ltd,"Uxbridge Golf Course, The Drive, Ickenham, UB10 8AQ"
Thai Nawa,"The Tichenham Inn, 11 Swakeleys Road, Ickenham, UB10 8DF"
The Tichenham Inn,"The Tichenham Inn, 11 Swakeleys Road, Ickenham, UB10 8DF"
The Tichenham Inn,"11 Swakeleys Road, Ickenham, UB10 8DF"
Coach & Horses,"2-4 High Road, Ickenham, UB10 8LJ"
Home and Bar Restaurant,"The Fox And Geese, 16 High Road, Ickenham, UB10 8LJ"
Ickenham Cricket Club,"Ickenham Cricket Club Pavilion, Oak Avenue, Ickenham, UB10 8UT"
Swallow Inn,"The Swallow Ph, Long Lane, Hillingdon, UB10 9NR"
RNA Uxbridge,"Rna Uxbridge Branch Club House, 388b Long Lane, Hillingdon, UB10 9PG"
Royal Naval Association,"Rear Of 388, Long Lane, UB10 9PG"
Bar@Stockley,"Club House Stockley Park Golf Course, Bennetsfield Road, West Drayton, UB11 1AQ"
Monsoon Banqueting Suite (Bar Only),"100 The Green, Southall, UB2 4BG"
Merkur Slots,"37 King Street, Southall, UB2 4DQ"
Lavish Lounge,"The Wolf Inn, Norwood Road, Southall, UB2 4JS"
The Plough,"The Plough Inn, Tentelow Lane, Southall, UB2 4LG"
The Scotsman Pub & Restaurant,"The Scotsman, 96 Scotts Road, Southall, UB2 5DE"
Prince Of Wales Southall,"Prince Of Wales, 202 Western Road, Southall, UB2 5ED"
The Old Oak Tree Pub,"The Old Oak Tree, The Common, Southall, UB2 5PJ"
Captain Morgans,"Captain Morgans, 9 Clayton Road, Hayes, UB3 1AX"
Inhibitions Night Club,"The Woolpack Ph, Dawley Road, Hayes, UB3 1EJ"
Woolpack,"The Woolpack Ph, Dawley Road, Hayes, UB3 1EJ"
Goals Soccer Centre Heathrow,"Goals Soccer Centre, Shepiston Lane, Hayes, UB3 1LL"
The Great Western,"The Great Western, Dawley Road, Hayes, UB3 1NF"
The Music Box (Pub),"The Music Box, Bourne Avenue, Hayes, UB3 1QT"
Hayes Bowls Club,"The Pavilion, Central Avenue, Hayes, UB3 2FB"
Hayes & Harlington Conservative Asso,"Hayes Conservative Club, 141 Church Road, Hayes, UB3 2LE"
Hayes Cricket Club (Bar),"Hayes Cricket Club Pavillion The Green, Wood End, Hayes, UB3 2RJ"
The Botwell Inn,"The Botwell Inn, 23-29 Coldharbour Lane, Hayes, UB3 3EB"
Hayes Working Mens Club,"Hayes Working Mens Club And Institute Limited, Pump Lane, Hayes, UB3 3NB"
The Old Crown,"The Old Crown, 81 Station Road, Hayes, UB3 4BG"
Hayes & Harlington Community Associa,"Albert Road, Hayes, UB3 4HR"
Airport Bowl - Barcelos - Airport Lounge Bar,"Airport Bowl, Bath Road, Heathrow, UB3 5AL"
White Hart,"The White Hart, 158 High Street, Harlington, UB3 5DP"
The Pheasant PH,"The Pheasant Ph, 98 West End Lane, Hayes, UB3 5LX"
Goals Soccer Centre,"Goals Soccer Centre, Springfield Road, Hayes, UB4 0LP"
Five Rivers Bar,"Ye Olde Crowne, 1090 Uxbridge Road, Hayes, UB4 0RJ"
Brook House Football Club,"Brook House Football Club, Kingshill Avenue, Hayes, UB4 8BZ"
Hayes Rugby Football Club,"Kingshill Avenue Rugby Club, Kingshill Avenue, Hayes, UB4 8BZ"
The Brookhouse,"Kingshill Avenue, Hayes, UB4 8BZ"
The Wishing Well - wet pub only,"The Wishing Well Ph, 1256 Uxbridge Road, Hayes, UB4 8JF"
Charville Social Club,"Charville Community Centre, Bury Avenue, Hayes, UB4 8LF"
Hillingdon Abbots RFC,"Sports Ground Pavilion, Gainsborough Road, Hayes, UB4 8PS"
Yeading Community Centre,"Yeading Community Centre, 2 Ditchfield Road, Hayes, UB4 9BH"
Barnhill Community Centre,"Barnhill Community Centre, Ayles Road, Hayes, UB4 9HG"
The Greenwood Hotel,"The Greenwood, 674 Whitton Avenue West, Northolt, UB5 4LA"
2023The Mandeville Arms Harvester,"The Harvester, 57 - 59 Mandeville Road, Northolt, UB5 4LU"
The Office,"17 Oldfields Circus, Northolt, UB5 4RR"
Blue Dubai,"266 Church Road, Northolt, UB5 5AW"
Crown Northolt,"The Crown Inn, Ealing Road, Northolt, UB5 6AA"
West London Golf Centre,"London Golf Centre, Ruislip Road, Northolt, UB5 6RD"
The Railway Hotel,"Railway Hotel, 390 Oldfield Lane North, Greenford, UB6 0AP"
Moloneys,"1286 Greenford Road, Greenford, UB6 0HH"
Piwnica Na Pietrze,"Part Ground And First Floor, 1261 - 1265 Greenford Road, Greenford, UB6 0HY"
Tiffty's Tavern,"1271 Greenford Road, Greenford, UB6 0HY"
North Greenford United Football Club,"North Greenford Utd F.c, Berkeley Fields, Berkeley Avenue, Greenford, UB6 0NX"
Tir Chonaill Gaels @ The Pavilion,"Tir Chonaill Gaels Rugby Club Horsenden Hill West, Berkeley Avenue, Greenford, UB6 0NX"
Horsenden Hill Activity Centre,"Club House, Horsenden Hill Golf Course, Woodland Rise, Greenford, UB6 0RD"
The Ballot Box,"The Ballot Box, Horsenden Lane North, Greenford, UB6 7QL"
Perivale Residents Association,"Ealing Central Sports Ground, Horsenden Lane South, Perivale, UB6 8GP"
London Marathon Playing Field,"Birkbeck College Sports Ground, Oldfield Lane North, Greenford, UB6 8PN"
Greenford Conservative Club,"Greenford Conservative Club, Courthope Road, Greenford, UB6 8PY"
The Bridge Hotel,"The Bridge Hotel, Western Avenue, Greenford, UB6 8ST"
Myllet Arms,"The Myllet Arms, Western Avenue, Perivale, Ealing, UB6 8TE"
Ealing Golf Club,"Club House, Ealing Golf Course, Perivale Lane, Perivale, UB6 8TS"
Merkur Slots,"424 Greenford Road, Greenford, UB6 9AH"
Royal British Legion Club,"182 Oldfield Lane South, Greenford, Middlesex, UB6 9JS"
The Three Wishes,"5 The Broadway, Greenford, UB6 9PH"
The Raging Ball,"Snooker Club, 33 - 35 The Broadway, Greenford, UB6 9PN"
Greenford Arms,"The Wishing Well, 10 The Broadway, Greenford, UB6 9PR"
Dicey Reillys,"2 Ruislip Road, Greenford, UB6 9QN"
Greenford Tennis Club,"Greenford Tennis Club, 76 Ravenor Park Road, Greenford, UB6 9QY"
The Hare And Hounds,"The Hare And Hounds, 229 Ruislip Road, Greenford, UB6 9RZ"
The Crown,"The Crown, High Street, Harmondsworth, UB7 0AJ"
The Five Bells,"The Five Bells, High Street, Harmondsworth, UB7 0AQ"
White Horse Inn,"White Horse Inn, 530 Bath Road, Longford, UB7 0EE"
King William IV,"King William Iv Ph, 392 Sipson Road, Sipson, UB7 0HT"
The Plough,"The Plough Ph, 239 Sipson Road, Sipson, UB7 0HW"
George & Dragon,"George And Dragon Ph, 176 High Street, Yiewsley, UB7 7BE"
Ivy Leaf Club,"Ivy Leaf Club, Wimpole Road, West Drayton, UB7 7RJ"
The Cat & Fiddle Public House,"The Cat And Fiddle Ph, 162 Rowan Road, West Drayton, UB7 7UF"
Uxbridge Football Club Bar,"Uxbridge Football Club, Horton Road, Yiewsley, UB7 8HX"
The Fig Tree,"The Fig Tree Ph, 49 Windsor Street, Uxbridge, UB8 1AB"
The Metropolitan,"Metropolitan Tavern, 8-9 Windsor Street, Uxbridge, UB8 1AB"
The Queens Head,"Queens Head Ph, 54 Windsor Street, Uxbridge, UB8 1AB"
Three Tuns,"Three Tuns Ph, 24 High Street, Uxbridge, UB8 1JN"
Bar Italia,"Bar Italia, 120 High Street, Uxbridge, UB8 1JT"
The Good Yarn,"The Good Yarn Ph, 132 High Street, Uxbridge, UB8 1JX"
Whelan's Pub,"Whelans, 135 High Street, Uxbridge, UB8 1JX"
Millers Tap,"Millers Tap Ph, 219-221 High Street, Uxbridge, UB8 1LB"
Crown & Treaty,"Crown And Treaty House, 90 Oxford Road, Uxbridge, UB8 1LU"
Uxbridge Sports Club,"Uxbridge Cricket Club, Park Road, Uxbridge, UB8 1NR"
Uxbridge And District Conservative Club,"46 Harefield Road, Uxbridge, UB8 1PJ"
Ivy Leaf Memorial Club,"Ivy Leaf Club, 8 Wellington Road, Uxbridge, UB8 2AP"
The 3 Steps,"The 3 Steps Ph, High Street, Cowley, UB8 2DX"
The Malt Shovel Ph,"Malt Shovel, 69 Iver Lane, Uxbridge, UB8 2JE"
The Crown Public House,"The Crown Public House, High Street, Cowley, UB8 2NL"
The Loft,"33 Villier Street, Uxbridge, UB8 2PU"
Hillingdon Canal Club,"Hillingdon Canal Club, Waterloo Road, Uxbridge, UB8 2QX"
The Dolphin Pub,"The Dolphin, Rockingham Road, Uxbridge, UB8 2UB"
General Elliott,"The General Elliott, St John's Road, Uxbridge, UB8 2UR"
The Hut PH,"The Hut Ph, 2 Old Orchard Close, Uxbridge, UB8 3LH"
Loco's bar,"Ground Floor Hamilton Centre Brunel University, Kingston Lane, Uxbridge, UB8 3PH"
The Venue,"The Union of Brunel Students, Hamilton Centre Brunel University, UB8 3PH"
Toby Carvery,"The Toby Carvery, Oxford Road, Denham, Buckinghamshire, UB9 4LJ"
The King Denham,"Cheapside Lane, Denham, Buckinghamshire, UB9 5AE"
The Falcon Inn,"The Falcon, Village Road, Denham, Buckinghamshire, UB9 5BE"
The Swan Inn,"Village Road, Denham, Buckinghamshire, UB9 5BH"
Harefield Community Accociation,"Harefield Community Centre, Priory Avenue, Harefield, UB9 6AP"
Kings Arms,"The Kings Arms, 6 Park Lane, Harefield, UB9 6BJ"
The Kings Arms wet pub,"The Kings Arms, 6 Park Lane, Harefield, UB9 6BJ"
The Harefield,"The Harefield, 41 High Street, Harefield, UB9 6BY"
The Coy Carp,"Coy Carp Public House, Coppermill Lane, West Hyde, Uxbridge, UB9 6HZ"
Harefield Hospital Bowling Club,"The Bowls Pavilion, Hill End Road, UB9 6LD"
Breakspear Arms,"Breakspear Arms, Breakspear Road South, Ickenham, UB9 6LT"
Harefield Cricket Club,"Harefield Cricket Club, Breakspear Road North, Harefield, UB9 6NE"
Harefield United Football Club,"Harefield United Football Club, Breakspear Road North, Harefield, UB9 6NE"
The River Garden,"Moorhall Road, Harefield, UB9 6PE"
Paradise By Way of Kensal Green,"19 Kilburn Lane, North Kensington, London, W10 4AE"
The Eagle Pub,"Public House, 250 Ladbroke Grove, LONDON, W10 5LP"
Sporting Club De Londres,"27 Elkstone Road, LONDON, W10 5NT"
Bertie Blossoms,"323 Portobello Road, LONDON, W10 5SY"
The Knight of Notting Hill Pub,"Public House, 139 Ladbroke Grove, LONDON, W10 6HJ"
Garden Bar and Grill,"41 Bramley Road, LONDON, W10 6SZ"
Pig & Whistle PH,"92-94 Bramley Road, LONDON, W10 6UG"
The Quiet Night Inn,"60 GREAT WESTERN ROAD, LONDON, W11 1AB"
The Pelican,"Public House, 45 All Saints Road, LONDON, W11 1HE"
The Castle,"Public House, 225 Portobello Road, LONDON, W11 1LU"
The Elgin,"96 Ladbroke Grove, LONDON, W11 1PY"
The Globe,"103 Talbot Road, LONDON, W11 2AT"
Portobello Star Public House,"Public House, 171 Portobello Road, LONDON, W11 2DY"
Duke of Wellington PH,"179 Portobello Road, LONDON, W11 2ED"
Earl of Lonsdale,"Public House, 277-281 Westbourne Grove, LONDON, W11 2QA"
Franklin's Wines,"Basement and Ground Floor, 305 Westbourne Grove, LONDON, W11 2QA"
The Cock & Bottle,"COCK AND BOTTLE 17 NEEDHAM ROAD, LONDON, W11 2RP"
Larry King Limted,"2-4 Lambton Place, LONDON, W11 2SH"
Sun in Splendour,"PUBLIC HOUSE, 7 Portobello Road, LONDON, W11 3DA"
Prince Albert,"11 Pembridge Road, LONDON, W11 3HQ"
Notting Hill Arts Club,"19-21 Notting Hill Gate, LONDON, W11 3JQ"
Coronet Cinema and Print Room at the Coronet,"103-111 Notting Hill Gate, LONDON, W11 3LB"
Ladbroke Arms Public House,"54 Ladbroke Road, LONDON, W11 3NW"
The Mitre,"PUBLIC HOUSE, 40 Holland Park Avenue, LONDON, W11 3QY"
Stewart Arms PH,"26 Norland Road, LONDON, W11 4TR"
Castle PH,"Public House, 100 Holland Park Avenue, LONDON, W11 4UA"
The Pavilion,"Wood Lane, London, W12 0HQ"
Queen Adelaide,"412 Uxbridge Road, London, W12 0NR"
The Hawthorn,"British Queen, 434 Uxbridge Road, London, W12 0NS"
The Broadcaster,"Pavilion Building, 89 Wood Lane, London, W12 7FX"
The Bull,"Unit 1033, Westfield London Shopping Centre, Ariel Way, London, W12 7GA"
Little Moons,"Unit K1208, Westfield London Shopping Centre, Ariel Way, London, W12 7HT"
The Green Public House,"172 - 174 Uxbridge Road, London, W12 7JP"
Queens Tavern,"51 South Africa Road, London, W12 7PA"
Defectors Weld,"170 Uxbridge Road, London, W12 8AA"
The Hawks Nest-Sugo,"190 Railway Arches, Shepherd's Bush Market, London, W12 8DF"
Shepherds Bush Club,"205 Goldhawk Road, London, W12 8EP"
Sulgrave Club,"287 Goldhawk Road, London, W12 8EU"
The Shepherd & Flock,"Shepherd And Flock, 84 Goldhawk Road, London, W12 8HA"
The Escape,"O'Donaghue's, 174 Goldhawk Road, London, W12 8HJ"
The White Horse,"White Horse, 31 Uxbridge Road, London, W12 8LH"
Belushi's,"13 - 15 Shepherd's Bush Green, London, W12 8PH"
Central Bar,"West 12, The Broadway, Shepherd's Bush Green, London, W12 8PP"
Sainsbury's Supermarkets Ltd,"18 - 19 The Broadway, The Concord Shopping Centre, Shepherd's Bush Green, London, W12 8PP"
The Sindercombe Social,"Sindercombe Social, 2 Goldhawk Road, London, W12 8QD"
Shepherds Bush Empire,"Shepherd's Bush Green, London, W12 8TT"
The Eagle,"215 Askew Road, London, W12 9AZ"
The Orchard Tavern,"Orchard Tavern, 136 Askew Road, London, W12 9BP"
Princess Victoria,"217 Uxbridge Road, London, W12 9DH"
Acton Vale Working Mens Club,"265 - 267 Uxbridge Road, London, W12 9DS"
The Askew,"269 Uxbridge Road, London, W12 9DS"
Crown & Sceptre,"Crown And Sceptre, 57 Melina Road, London, W12 9HY"
Coningham Arms,"191 Uxbridge Road, London, W12 9RA"
Trailfinders Sports Club East Stand Bar,"Trailfinders Sports Club, Vallis Way, West Ealing, W13 0DD"
West Middlesex Lawn Tennis Club,"West Middlesex Lawn Tennis Club, 6 Berners Drive, West Ealing, W13 0JS"
Kitchen Paradise @ The Old Hat,"The Old Hat, 128 Broadway, West Ealing, W13 0SY"
The Old Hat (Bar Only),"The Old Hat, 128 Broadway, West Ealing, W13 0SY"
Som Lounge,"First Floor, 1 - 9 Chignell Place, West Ealing, W13 0TJ"
The Leather Saddle,"Ground Floor, 138 Broadway, West Ealing, W13 0TL"
Duke Of Kent,"The Duke Of Kent, Scotch Common, West Ealing, W13 8DL"
Star & Scorpion,"94 Uxbridge Road, West Ealing, W13 8RA"
The Castlebar,"The Castlebar, 84 Uxbridge Road, West Ealing, W13 8RA"
O'Briens,"Obriens, 137 Uxbridge Road, West Ealing, W13 9AU"
Prince Arthur,"Prince Arthur, 123 Uxbridge Road, West Ealing, W13 9AU"
Angels Club,"Basement, 25 Broadway, West Ealing, W13 9DA"
Merkur Slots,"25 Broadway, West Ealing, W13 9DA"
The Forester Ealing (Bar Only),"The Forester, 2 Leighton Road, West Ealing, W13 9EP"
West London Masonic Centre,"Churchfield House, Churchfield Road, West Ealing, W13 9NF"
Ealing Wine Co,"66 Northfield Avenue, West Ealing, W13 9RR"
The Owl & The Pussycat,"106 Northfield Avenue, West Ealing, W13 9RT"
Players Wine Bar,"184 Northfield Avenue, West Ealing, W13 9SB"
Ealing Wine Co,"230 Northfield Avenue, West Ealing, W13 9SJ"
West Ealing Bowls And Social Club,"West Ealing Bowls Club, Mervyn Road, West Ealing, W13 9UW"
Beaconsfield,"The Beaconsfield, 24 Blythe Road, London, W14 0HA"
The Keep Of Brook Green,"The Jameson, 43 Blythe Road, London, W14 0HR"
Bird In Hand,"88 Masbro' Road, London, W14 0LR"
The Havelock Tavern,"The Havelock, 57 Masbro' Road, London, W14 0LS"
The Albion,"121 Hammersmith Road, London, W14 0QL"
Chatpata,"160 Warwick Road, LONDON, W14 8PS"
Warwick Arms,"160 Warwick Road, LONDON, W14 8PS"
Cumberland Arms P H,"Cumberland Arms, 29 North End Road, London, W14 8SZ"
Hand And Flower,"1 Hammersmith Road, London, W14 8XJ"
The Curtains Up,"28A Comeragh Road, London, W14 9HR"
Famous Three Kings,"171 North End Road, London, W14 9NL"
Teds Place,"305A North End Road, London, W14 9NS"
Swing Jazz Bar,"232 - 234 North End Road, London, W14 9NU"
The Clarence,"148 North End Road, London, W14 9PP"
The Starman,"15-17 HEDDON STREET, LONDON, W1B 4BF"
The Little Violet Door,"9-11 KINGLY STREET, LONDON, W1B 5PH"
Disrepute,"4 KINGLY COURT, LONDON, W1B 5PW"
Blue Posts Public House,"18 KINGLY STREET, LONDON, W1B 5PX"
Boom Battle Bar,"70-88 OXFORD STREET, LONDON, W1D 1BP"
The Toucan,"19 CARLISLE STREET, LONDON, W1D 3BY"
Simmons Bar Greek Street,"BASEMENT TO FIRST FLOOR 7 GREEK STREET, LONDON, W1D 4DF"
The Coach & Horses,"COACH AND HORSES 2 OLD COMPTON STREET, LONDON, W1D 4TA"
Mr Fogg's Pawnbrokers,"50 DEAN STREET, LONDON, W1D 5BQ"
Genting Casino,"CURZON SOHO WINGATE HOUSE 93-107 SHAFTESBURY AVENUE, LONDON, W1D 5DY"
Below Stone Nest,"136 SHAFTESBURY AVENUE, LONDON, W1D 5EZ"
Piana Vyshnia,"10 MOOR STREET, LONDON, W1D 5NF"
Duke Of Wellington Public House,"77 WARDOUR STREET, LONDON, W1D 6QA"
The Friendly Society,"BASEMENT 79 WARDOUR STREET, LONDON, W1D 6QB"
Box,"21-23 SHAFTESBURY AVENUE, LONDON, United Kingdom, W1D 7ED"
The Devonshire,"17 DENMAN STREET, LONDON, W1D 7HW"
Be At One Cocktail Lounge & Late Bar Piccadilly,"20 GREAT WINDMILL STREET, LONDON, W1D 7LA"
Underbelly Boulevard,"6 WALKER'S COURT, LONDON, W1F 0BT"
THE BLUE POSTS,"22 BERWICK STREET, LONDON, W1F 0QA"
Sophisticats Soho,"5-7 BREWER STREET, LONDON, W1F 0RF"
The Ganton Arms,"18-22 GANTON STREET, LONDON, W1F 7BU"
The House Party,"61 POLAND STREET, LONDON, W1F 7NU"
The Shaston Arms,"4-6 GANTON STREET, LONDON, W1F 7QL"
Mr Fogg?s Hat Tavern and Gin Club,"22 GREAT CHAPEL STREET, LONDON, W1F 8FR"
Nq64,"53-54 BERWICK STREET, LONDON, W1F 8SJ"
Concoctions,"187 WARDOUR STREET, LONDON, W1F 8ZB"
Simmons Bar,"201-203 WARDOUR STREET, LONDON, W1F 8ZH"
Cirque Du Soir,"BASEMENT 15-21 GANTON STREET, LONDON, W1F 9BN"
Simmons Bar,"GROUND FLOOR 4 GOLDEN SQUARE, LONDON, W1F 9HT"
Nightjar Carnaby,"49-51 CARNABY STREET, LONDON, W1F 9PY"
Clays,"77 BREWER STREET, LONDON, W1F 9ZN"
Maroto,"4 VERE STREET, LONDON, W1G 0DH"
Be At One,"94 WIMPOLE STREET, LONDON, W1G 0EH"
New Explorer,"23 GREAT CASTLE STREET, LONDON, W1G 0JA"
Moyagi,"5 CAVENDISH PLACE, LONDON, W1G 0QA"
Home Grown,"44-48 GREAT CUMBERLAND PLACE, LONDON, W1H 7BS"
Justerini & Brooks,"41 BURLINGTON ARCADE, LONDON, W1J 0QE"
Caviar Kaspia London,"1A CHESTERFIELD STREET, LONDON, W1J 5JG"
Coach And Horses Public House,"COACH AND HORSES 5 HILL STREET, LONDON, W1J 5LD"
"Tosi, Gorgonzola Bar","46 BRUTON PLACE, LONDON, W1J 6PD"
Shepherd Market Wine House,"21 SHEPHERD MARKET, LONDON, W1J 7PN"
5 Hertford Street,"2-5 HERTFORD STREET, LONDON, W1J 7RW"
Curzon Cinema,"BASEMENT AND GROUND FLOOR 38 CURZON STREET, LONDON, W1J 7TU"
Park Lane Club (Casino),"LONDON HILTON 22 PARK LANE, LONDON, W1K 1BE"
Mr Fogg's Apothecary,"34 BROOK STREET, WEST END, LONDON, W1K 5DN"
Barley Mow,"82 DUKE STREET, LONDON, W1K 6JF"
BeBeMe,"ST MARK'S CHURCH NORTH AUDLEY STREET, LONDON, W1K 6ZA"
Karaoke Box Mayfair,"12-14 MADDOX STREET, LONDON, W1S 1PH"
Maddox Club And Restaurant,"3-5 MILL STREET, LONDON, W1S 2AU"
Maison Estelle,"6 GRAFTON STREET, LONDON, W1S 4EQ"
Oswalds,"BASEMENT TO SECOND FLOOR 25-26 ALBEMARLE STREET, WEST END, LONDON, W1S 4HX"
The Goat Tavern,"3 STAFFORD STREET, LONDON, W1S 4RP"
Black Horse,"6 RATHBONE PLACE, LONDON, W1T 1HL"
Wheatsheaf,"The Wheatsheaf, 25 Rathbone Place, London, W1T 1JB"
Bourne & Hollingsworth,"28 Rathbone Place, London, W1T 1JF"
Bricklayers Arms,"31 Gresse Street, London, W1T 1QS"
The Hidden Society,"BASEMENT 61 GOODGE STREET, LONDON, W1T 1TL"
Fitzroy Tavern,"16A Charlotte Street, London, W1T 2LY"
The Fitzrovia,"Flat A, 18 Goodge Street, London, W1T 2QD"
Reverend J W Simpson,"32-34 Goodge Street, W1T 2QJ"
The Carpenters Arms,"68-70 Whitfield Street, London, W1T 4EY"
One Tun,"58-60 Goodge Street, London, W1T 4ND"
The Court,"108A Tottenham Court Road, London, W1T 5AA"
Bermondsey Pub Company Limited,"Northumberland Arms, 119 Tottenham Court Road, London, W1T 5AW"
The Grafton Arms,"72 Grafton Way, London, W1T 5DU"
Vault 139,"139-143 Whitfield Street, London, W1T 5EP"
Prince Of Wales Feathers,"8 Warren Street, London, W1T 5LD"
Lore Of The Land,"4 Conway Street, London, W1T 6BB"
Simmons Bar,"28 Maple Street, London, W1T 6HP"
Dominion Theatre,"The Dominion Theatre, 268-269 Tottenham Court Road, London, W1T 7AQ"
Spearmint Rhino,"161 Tottenham Court Road, London, W1T 7NN"
Fitzrovia Belle,"174 Tottenham Court Road, W1T 7NT"
TCR Lounge Bar,"183 Tottenham Court Road, London, W1T 7PE"
Jack Horner,"235-236 Tottenham Court Road, London, W1T 7QN"
Harry's Bar,"30-34 JAMES STREET, MARYLEBONE HIGH STREET, LONDON, W1U 1EP"
Burlock and Fam Bar,"31 DUKE STREET, LONDON, W1U 1LG"
Concept Club,"37 DUKE STREET, LONDON, W1U 1LN"
Angelique's Wine House,"GROUND FLOOR 18-19 ST CHRISTOPHER'S PLACE, LONDON, W1U 1NL"
ANGELIQUES WINE HOUSE,"18-19 ST CHRISTOPHER'S PLACE, LONDON, W1U 1NN"
The Golden Eagle,"THE GOLDEN EAGLE 59 MARYLEBONE LANE, LONDON, W1U 2NY"
Cock & Lion,"62 WIGMORE STREET, LONDON, W1U 2SA"
Clarette,"44 BLANDFORD STREET, MARYLEBONE HIGH STREET, LONDON, W1U 7HS"
Lucky Saint,"58 DEVONSHIRE STREET, LONDON, W1W 5EA"
iGOLI BAR LTD,"23-25 EASTCASTLE STREET, LONDON, W1W 8DF"
Whistle Punks,"52-53 EASTCASTLE STREET, LONDON, W1W 8ED"
The London Cocktail Club,"PORTLAND HOUSE 4 GREAT PORTLAND STREET, LONDON, W1W 8QJ"
The Sir Alexander Fleming,"UNIT 53 5 MERCHANT SQUARE, HYDE PARK, LONDON, W2 1AS"
Lockhouse Pub,"3 MERCHANT SQUARE, HYDE PARK, LONDON, W2 1AZ"
Market Halls Paddington,"1 PADDINGTON SQUARE, WESTMINSTER, LONDON, W2 1DL"
The Bear,"27-29 SPRING STREET, LONDON, W2 1JA"
Brewdog Paddington,"UNIT 1 WEST END QUAY SOUTH WHARF ROAD, LONDON, W2 1JX"
Heist Bank,"CONCESSION NORTH WHARF ROAD, LONDON, W2 1LF"
The Beer House,"PADDINGTON STATION CONCOURSE PRAED STREET, LONDON, W2 1RH"
The Heron,"THE HERON NORFOLK CRESCENT, LONDON, W2 2DN"
The Stablehand,"4 BATHURST STREET, LONDON, W2 2SD"
Phoenix,"51 MOSCOW ROAD, LONDON, W2 4AL"
The Champion,"Public House 1 Wellington Terrace, Notting Hill Gate, LONDON, W2 4LW"
The Hayden Pub & Rooms,"65 WESTBOURNE GROVE, LONDON, W2 4UJ"
The Princess Royal,"47 HEREFORD ROAD, LONDON, W2 5AH"
The Good Oak,"137 WESTBOURNE PARK ROAD, LONDON, W2 5QL"
Shamrock Sports & Social Club,"307A Horn Lane, Acton, W3 0BP"
Acton Village Social Club,"The Pavilion, Alwyn Gardens, Acton, Ealing, W3 0JH"
A Pint Of Hops,"Ground Floor Shop, 73 Churchfield Road, Acton, W3 6AX"
The Rocket,"The Rocket, 11 - 13 Churchfield Road, Acton, W3 6BD"
The Station House,"Station House, Churchfield Road, Acton, W3 6BQ"
Vindinista,"74 Churchfield Road, Acton, W3 6DH"
The Foundry Bar,"Unit 2, Woodward Buildings, 1 Victoria Road, Acton, W3 6FA"
The Windmill,"The Windmill, 50 High Street, Acton, W3 6LG"
Merkur Slots,"157 - 159 High Street, Acton, W3 6LP"
West London Trades Union Club,"Hall, 33 - 35 High Street, Acton, W3 6ND"
Mendes Sheepwalk,"Sheepwalk Tavern, Market Place, Acton, W3 6QS"
Appose UK At Shepherds Bush Cricket Club,"Shepherds Bush Cricket Club, 38 Bromyard Avenue, Acton, W3 7BP"
Gunnersbury Sports and Social Club,"Club Gunnersbury Sports And Social Ground, Park Place, Acton, W3 8JY"
Gunnersbury Triangle Sports & Social Club,"The Pavilion, The Ridgeway, Acton, W3 8LN"
Red Lion And Pineapple,"Red Lion And Pineapple, 281 High Street, Acton, W3 9BP"
George & Dragon (Bar Only),"George And Dragon, 183 High Street, Acton, W3 9DJ"
Sabai @ George & Dragon,"George And Dragon, 183 High Street, Acton, W3 9DJ"
The Kings Head Restaurant & Pub,"The Kings Head, 214 High Street, Acton, W3 9NX"
Wasps FC (Bar Only),"The Brian Wood Pavilion, Acton Sports Ground, Twyford Avenue, Acton, W3 9QA"
The Tabard,"The Tabard, 2 Bath Road, Chiswick, W4 1LW"
The Hound Public House,"210 Chiswick High Road, Chiswick, W4 1PD"
The Roebuck,"The Roebuck, 122 Chiswick High Road, Chiswick, W4 1PU"
Chiswick Catholic Centre,"The Catholic Centre, 2 Dukes Avenue, Chiswick, W4 2AE"
Chiswick Old Fire Station,"All Bar One, 197-199 Chiswick High Road, Chiswick, W4 2DR"
The George IV,"George Iv Public House, 185 Chiswick High Road, Chiswick, W4 2DR"
The Packhorse and Talbot,"The Pack Horse And Talbot, 145 Chiswick High Road, Chiswick, W4 2DT"
Chiswick Memorial Club Association,"Chiswick Memorial Club, Bourne Place, Chiswick, W4 2EL"
The Duke of York,"107 Devonshire Road, Chiswick, W4 2HU"
George and Devonshire,"The George And Devonshire, 8 Burlington Lane, Chiswick, W4 2QE"
Will to Win Tennis Centre,"Chiswick House Grounds, Burlington Lane, Chiswick, W4 2RP"
Dukes Meadow Golf and Tennis Club,"1 Great Chertsey Road, Chiswick, W4 2RX"
Chiswick Rugby Football Club,"Chiswick Rfu Ltd The Club House, Riverside Drive, Chiswick, W4 2SH"
Masonian Bowling club,"Masonian Bowls Club, Riverside Drive, Chiswick, W4 2SH"
Chiswick Cricket Club,"12 Riverside Drive, Chiswick, W4 2SP"
King’s House School Sports Ground,"Break Point Kings House Sports Ground, Riverside Drive, Chiswick, W4 2SP"
The Copper Cow,"2 Fauconberg Road, Chiswick, W4 3JY"
City Barge,"Flat The City Barge, 27 Strand-On-The-Green, Chiswick, W4 3PH"
The Bell and Crown,"11 Thames Road, Chiswick, W4 3PL"
The Bulls Head,"The Bulls Head, Strand-On-The-Green, Chiswick, W4 3PQ"
The Steam Packet,"85 Strand-On-The-Green, Chiswick, W4 3PU"
The Pilot,"56 Wellesley Road, Chiswick, W4 4BZ"
Crown & Anchor,"The Crown And Anchor, 374 Chiswick High Road, Chiswick, W4 4HH"
Queens Head,"Queens Head, 12 Sutton Lane North, Chiswick, W4 4LD"
The Lamb,"The Lamb Brewery, 9 Barley Mow Passage, Chiswick, W4 4PH"
The Stag Public House,"The Stag, 177 Acton Lane, Chiswick, W4 5DA"
The Swan,"The Swan, 119 Acton Lane, Chiswick, W4 5HH"
Duke Of Sussex,"The Duke Of Sussex, 75 South Parade, Chiswick, W4 5LF"
The Gunnersbury,"The Gunnersbury, 590 Chiswick High Road, Chiswick, W4 5RP"
The Old Pack Horse,"The Old Pack Horse, 434 Chiswick High Road, Chiswick, W4 5TF"
Connolly's Bar,"Connollys Bar, 450 Chiswick High Road, Chiswick, W4 5TT"
The Union,"Building 5, 566 Chiswick High Road, Chiswick, W4 5YA"
The Fox And Goose,"The Fox And Goose, Hanger Lane, Ealing, W5 1DP"
Brentham Club & Perry Cafe,"Brentham Club, 38A Meadvale Road, Ealing, W5 1NP"
Village Inn,"124 Pitshanger Lane, Ealing, W5 1QP"
Benet Club,"St Benedicts Parish Office, 2 Marchwood Crescent, Ealing, W5 2DZ"
St Benedicts Mens Club,"Welsby Court, Eaton Rise, Ealing, W5 2EY"
Ealing Cricket & Social Club,"Ealing Cricket Club, Corfton Road, Ealing, W5 2HS"
The Haven Arms (Bar Only),"Haven Arms, 33 Haven Lane, Ealing, W5 2HZ"
The Wheatsheaf,"The Wheatsheaf, 41 Haven Lane, Ealing, W5 2HZ"
The Wheatsheaf Ealing,"The Wheatsheaf, 41 Haven Lane, Ealing, W5 2HZ"
Beerkat,"38-39 The Broadway, Ealing, W5 2NP"
Red Room,"Basement, 42 The Broadway, Ealing, W5 2NP"
Shanakee,"The Shanakee, 9 - 10 Central Buildings, The Broadway, Ealing, W5 2NT"
Stack,"4 The Mall, Ealing, W5 2PJ"
Eden Fitness,"Eden Fitness, Cavalier House, 46 - 50 Uxbridge Road, Ealing, W5 2SP"
Ealing Ex-Servicemen's Club,"Ealing Ex Servicemens Club Ltd, 3 Craven Road, Ealing, W5 2UA"
8 Lebanese Grill,"8 Hanger Green, Ealing, W5 3EL"
Bar 8,"8 Hanger Green, Ealing, W5 3EL"
The Greystoke,"The Greystoke, 7 Queens Parade, Hanger Lane, Ealing, W5 3HU"
Jono's Freehouse,"13 Station Parade, Uxbridge Road, Ealing, W5 3LD"
New Ashbourne,"1 - 3 Ashbourne Parade, Ealing, W5 3QS"
Springfield Acton Bowls,"25 Western Gardens, Ealing, W5 3RS"
Ealing Lawn Tennis Club,"Ealing Lawn Tennis Club, Daniel Road, Ealing, W5 3RY"
The Lodge Tavern,"The Lodge Tavern, 53 The Mall, Ealing, W5 3TA"
Sir Michael Balcon,"Sir Michael Balcon, 46 - 47 The Mall, Ealing, W5 3TJ"
The Grange Pub & Dining Room,"Grange Hotel, Warwick Road, Ealing, W5 3XH"
Roddy's Bar,"Roddy's Bar, 4 The Quadrant, Little Ealing Lane, Ealing, W5 4EE"
Rose & Crown,"Rose And Crown, 1 Church Place, Ealing, W5 4HN"
Actonians Sports Club,"Old Actonians Sports Club, Gunnersbury Drive, Ealing, W5 4LL"
The Ealing Oak Pub,"West Five Ph, Popes Lane, Ealing, W5 4NB"
Ryans Bar,"282-284 Northfield Avenue, Ealing, W5 4UB"
The Plough,"The Plough, 297 Northfield Avenue, Ealing, W5 4XB"
Teatro Hall,"61 New Broadway, Ealing, W5 5AH"
Crispins Wine Bar,"14 The Green, Ealing, W5 5DA"
Gutterball,"Unit 4A, Ealing Broadway Centre, The Broadway, Ealing, W5 5DB"
The Drapers Arms,"Drapers Arms, 24 - 25 High Street, Ealing, W5 5DB"
Kings Arms,"The Kings Arms, 55 The Grove, Ealing, W5 5DX"
The Castle,"The Castle, 36 St Marys Road, Ealing, W5 5EU"
New Inn,"New Inn, 62 St Marys Road, Ealing, W5 5EX"
South Ealing Conservative Club,"94 St Marys Road, Ealing, W5 5EX"
Ealing Picturehouse,"8 Filmworks Walk, Ealing, Ealing, W5 5FA"
Merkur Slots,"49 The Broadway, Ealing, W5 5JN"
The North Star,"North Star, 43 The Broadway, Ealing, W5 5JN"
Grove,"The Grove, Ealing Green, Ealing, W5 5QX"
Andover Arms,"57 Aldensley Road, London, W6 0DL"
The Swan,"46 Hammersmith Broadway, London, W6 0DZ"
The Thatched House,"Thatched House, 115 Dalling Road, London, W6 0ET"
Prince Of Wales,"The Rooks Nest, 73 Dalling Road, London, W6 0JD"
The Stonemasons Arms,"Stonemasons Arms, 54 Cambridge Grove, London, W6 0LA"
The Dartmouth Castle,"Dartmouth Castle, 26 Glenthorne Road, London, W6 0LS"
The Grove Bar And Restaurant,"The Grove, 83 Hammersmith Grove, London, W6 0NQ"
The William Morris,"2 - 4 King Street, London, W6 0QA"
The Salutation,"154 King Street, London, W6 0QU"
The Raven,"375 Goldhawk Road, London, W6 0SA"
Anglesea Arms,"35 Wingate Road, London, W6 0UR"
The Duchess W6,"The Duchess Of Cambridge, 320 Goldhawk Road, London, W6 0XF"
Belushi's And St Christopher's,"Hammersmith Broadway, London, W6 7AB"
Be At One,"14A Hammersmith Broadway, London, W6 7AL"
The Queens Head,"Queens Head, 13 Brook Green, London, W6 7BL"
Deluxe Coffeeworks 219,"Carnegie House, 219 Shepherd's Bush Road, London, W6 7JS"
The Richmond Arms,"The Richmond, 55 Shepherd's Bush Road, London, W6 7LU"
The Duke Of Hammersmith,"Draft House, 238 Shepherd's Bush Road, London, W6 7NL"
Brook Green Hotel,"170 Shepherd's Bush Road, London, W6 7PB"
Latymers,"157 Hammersmith Road, London, W6 8BS"
Carpenter's Arms,"89 - 91 Black Lion Lane, London, W6 9BG"
Cross Keys,"The Cross Keys, 57 Black Lion Lane, London, W6 9BG"
The Old City Arms,"107 Hammersmith Bridge Road, London, W6 9DA"
Hammersmith Club,"Hammersmith Club Society, 11 Rutland Grove, London, W6 9DH"
Blue Anchor,"13 Lower Mall, London, W6 9DJ"
The Rutland,"15 Lower Mall, London, W6 9DJ"
Blue Boat,"The Blue Boat, Distillery Wharf, Parr's Way, London, W6 9GD"
The Crabtree,"Crabtree Public House, Rainville Road, London, W6 9HJ"
The Hop Poles,"Hop Poles, 17 - 19 King Street, London, W6 9HR"
The Hammersmith Ram,"81 King Street, London, W6 9HW"
Distillers,"Distillers Arms, 64 Fulham Palace Road, London, W6 9PH"
Duke Of Cornwall,"48 Fulham Palace Road, London, W6 9PH"
Eventim Apollo,"Hammersmith Apollo, Queen Caroline Street, London, W6 9QH"
The Chancellors,"25 Crisp Road, London, W6 9RL"
London Corinthian Club,"Linden House, 60 Upper Mall, London, W6 9TA"
The Dove,"19 Upper Mall, London, W6 9TA"
The Old Ship,"Old Ship, 25 Upper Mall, London, W6 9TD"
The Black Lion PH,"The Black Lion, 2 South Black Lion Lane, London, W6 9TJ"
The Craft Beer Co,"Unit 17-18, Broadway Shopping Centre, Hammersmith Broadway, London, W6 9YD"
Harvester Royal,"The Royal, Boston Road, Hanwell, W7 2AX"
Grosvenor Public House,"The Grosvenor, 127 Oaklands Road, Hanwell, W7 2DT"
The Village Inn,"The Village Inn, 66 Boston Road, Hanwell, W7 2ET"
The Fox,"The Fox Inn, Green Lane, Hanwell, W7 2PJ"
Brent Valley Golf Club,"Golf Club, Brent Valley Municipal Golf Course, 138 Church Road, Hanwell, W7 3BE"
Everyone Active,"Brent Valley Municipal Golf Course, 138 Church Road, Hanwell, W7 3BE"
Hanwell Conservative Club,"Club House, 40 Uxbridge Road, Hanwell, W7 3PP"
The Duke Of York,"The Duke Of York, 161 Uxbridge Road, Hanwell, W7 3SP"
The Duke Of York,"The Duke Of York, 161 Uxbridge Road, Hanwell, W7 3SP"
Lavins Irish Bar,"Lavin's, 97 Uxbridge Road, Hanwell, W7 3ST"
Kings Arms,"Kings Arms, 110 Uxbridge Road, Hanwell, W7 3SU"
St Josephs Social Club,"Church Of Our Lady And St Joseph, 52 Uxbridge Road, Hanwell, W7 3SU"
The Viaduct Pub,"The Viaduct Inn, 221 Uxbridge Road, Hanwell, W7 3TD"
Prince Of Wales,"Prince Of Wales, 62 Boston Road, Hanwell, W7 3TR"
The Dodo Micropub,"52 Boston Road, Hanwell, W7 3TR"
Old Swan,"Public House, 206 Kensington Church Street, LONDON, W8 4DP"
Prince Of Wales,"Public House, 8 Kensington Church Street, LONDON, W8 4EP"
Elephant & Castle,"Public House, 40-42 Holland Street, LONDON, W8 4LT"
The Mall Tavern,"Public House, 71-73 Palace Gardens Terrace, LONDON, W8 4RU"
Greyhound Public House,"Public House, 1 Kensington Square, LONDON, W8 5EP"
Amaro Bar,"Ground Floor, 15 Kensington High Street, LONDON, W8 5NP"
The Goat Tavern,"PUBLIC HOUSE, 3A Kensington High Street, LONDON, W8 5NP"
The Holland,"PUBLIC HOUSE, 25 Earl's Court Road, LONDON, W8 6EB"
Drop Kensington,"37 Earl's Court Road, LONDON, W8 6ED"
The Hansom Cab,"84 Earl's Court Road, LONDON, W8 6EG"
The Scarsdale,"Public House, 23A Edwardes Square, LONDON, W8 6HE"
Devonshire Arms,"Public House  The, 37 Marloes Road, LONDON, W8 6LA"
The Britannia,"Public House, 1 Allen Street, LONDON, W8 6UX"
Windsor Castle,"Public House, 114 Campden Hill Road, LONDON, W8 7AR"
Churchill Arms,"PUBLIC HOUSE, 119 Kensington Church Street, LONDON, W8 7LN"
The Hillgate,"24 Hillgate Street, LONDON, W8 7SR"
The Uxbridge Arms,"13 Uxbridge Street, LONDON, W8 7TQ"
The Uxbridge Arms,"Public House, 13 Uxbridge Street, LONDON, W8 7TQ"
Cuvee Cru,"BASEMENT AND GROUND FLOOR 10 CLIFTON ROAD, LONDON, W9 1SS"
The Hero,"55 SHIRLAND ROAD, LONDON, W9 2JD"
The Old Crown (sep sublet kitchen),"33 New Oxford Street, London, WC1A 1BH"
The Crown PH,"51 New Oxford Street, London, WC1A 1BL"
Flight Club Darts LTD,"Albion House, 55-59 New Oxford Street, London, WC1A 1BS"
All Bar One,"108 New Oxford Street, London, WC1A 1HB"
The Plough,"27 Museum Street, London, WC1A 1LH"
Truckles Wine Bar,"Pied Bull Court, Galen Place, London, WC1A 2JR"
Museum Tavern,"49 Great Russell Street, London, WC1B 3BA"
The Montague on the Gardens,"15 Montague Street, London, WC1B 5BJ"
Simmons Bar (Jeremy Bentham),"31 University Street, London, WC1E 6JL"
Amelie's Wine House,"37 Store Street, London, WC1E 7BS"
Marlborough Arms,"36 Torrington Place, London, WC1E 7HJ"
George Birkbeck Bar,"University Of London Birkbeck College, Malet Street, WC1E 7HX"
The Library Bar,"University Of London Union, Malet Street, London, WC1E 7HY"
Phineas,"25 Gordon Street, London, WC1H 0AH"
The Boot,"116 Cromer Street, London, WC1H 8BS"
The Harrison,"28 Harrison Street, London, WC1H 8JF"
The Place Theatre Bar,"The Place Theatre, 17 Duke's Road, London, WC1H 9AB"
Mabel's Tavern,"9 Mabledon Place, London, WC1H 9AZ"
The Dolphin Public House,"47 Tonbridge Street, London, WC1H 9DW"
Norfolk Arms,"28 Leigh Street, London, WC1H 9EP"
Skinners Arms,"114 Judd Street, London, WC1H 9NT"
Hare & Tortoise,"11-13 Brunswick Centre, London, WC1N 1AF"
New Bloomsbury Set,"76 Marchmont Street, London, WC1N 1AG"
Lord John Russell P.H.,"91-93 Marchmont Street, London, WC1N 1AL"
Marquis Cornwallis,"31 Marchmont Street, London, WC1N 1AP"
The Friend at Hand,"2-4 Herbrand Street, London, WC1N 1HX"
The Lady Ottoline,"11a Northington Street, London, WC1N 2JF"
The Duke of York,"7 Roger Street, London, WC1N 2PB"
The Swan,"7 Cosmo Place, London, WC1N 3AP"
The Queens Larder,"1 Queen Square, London, WC1N 3AR"
GRAVITY DRINKS,"Offices And Premises At 1st Floor, 21-27 Lamb's Conduit Street, London, WC1N 3GS"
The Lamb,"94 Lamb's Conduit Street, London, WC1N 3LZ"
The Perseverance,"63 Lamb's Conduit Street, London, WC1N 3NB"
The Bountiful Cow,"47-51 Eagle Street, London, WC1R 4AP"
The Dolphin,"44 Red Lion Street, London, WC1R 4PF"
The Enterprise,"38 Red Lion Street, London, WC1R 4PN"
The Old Nick,"21-22 Sandland Street, London, WC1R 4PZ"
Horse & Wig,"Cromwell House, 14 Fulwood Place, London, WC1V 6HZ"
The Old Red Lion,"72 High Holborn, London, WC1V 6LS"
The Square Pig,"30-32 Procter Street, London, WC1V 6NZ"
The Craft Beer Co ( Covent Garden ) Ltd,"168 High Holborn, WC1V 7AA"
Princess Louise,"208 High Holborn, London, WC1V 7BW"
The Polish Bar (Na Zdrowie),"6 Little Turnstile, London, WC1V 7DX"
Penderel's Oak,"New Penderel House, 283-287 High Holborn, London, WC1V 7HP"
Queen's Head,"Queen's Head, 22 Easton Street, London, WC1X 0DS, WC1X 0DS"
The Water Rats,"328 Gray's Inn Road, London, WC1X 8BZ"
Calthorpe Arms,"252 Gray's Inn Road, London, WC1X 8JR"
Yorkshire Grey,"2 Theobald's Road, London, WC1X 8PN"
Lucas Arms,"245A Gray's Inn Road, London, WC1X 8QY"
The Queens Head,"64 Theobald's Road, London, WC1X 8SF"
Union Tavern Public House,"Union Tavern Public House, 52 Lloyd Baker Street, London, WC1X 9AA, WC1X 9AA"
The Northumberland Arms,"141 King's Cross Road, London, WC1X 9BJ"
Quills Brunch Bar based,"149 King's Cross Road, London, WC1X 9BN"
Jamboree,"6 St Chad's Place, London, WC1X 9HH"
Crowne Plaza Kings Cross,"1 King's Cross Road, London, WC1X 9HX"
Queen's Head,"66 Acton Street, London, WC1X 9NB"
The Pregnant Man,"40 Chancery Lane, London, WC2A 1JA"
The Three Tuns,"LONDON SCHOOL OF ECONOMICS EAST BUILDING HOUGHTON STREET, LONDON, WC2A 2AE"
Three Tuns Bar and Venue,"SAW SWEE HOCK CENTRE 1 SHEFFIELD STREET, LONDON, WC2A 2AP"
The Seven Stars,"53-54 Carey Street, London, WC2A 2JB"
The Ship Tavern,"12 Gate Street, London, WC2A 3HP"
Philomena’s,"40 Great Queen Street, London, WC2B 5AA"
The Hercules Pillars,"18 Great Queen Street, London, WC2B 5DG"
The Red Rooms,"4 Great Queen Street, London, WC2B 5DG"
The George,"8 Great Queen Street, London, WC2B 5DH"
Dovetail Bar - Covent Garden,"9 RUSSELL STREET, LONDON, WC2B 5HZ"
The Top Secret Comedy Club,"170 Drury Lane, London, WC2B 5PD"
White Hart,"191 Drury Lane, London, WC2B 5QD"
The Sun,"21 Drury Lane, London, WC2B 5RH"
Club Soda Tasting Rooms,"39 DRURY LANE, LONDON, WC2B 5RR"
Shakespeare's Head,"Africa House, 64-78 Kingsway, London, WC2B 6BD"
All Bar One,"58 Kingsway, London, WC2B 6DX"
Simmons Bar,"109 Kingsway, London, WC2B 6PP"
Plume Wine Bar,"BASEMENT AND GROUND FLOOR 26 WELLINGTON STREET, LONDON, WC2E 7DD"
London Pub Grub Co,"21-22 MAIDEN LANE, LONDON, WC2E 7NA"
Lady Of The Grapes,"16 MAIDEN LANE, LONDON, WC2E 7NJ"
TEQUILA MOCKINGBIRD,"3-5 BURLEIGH STREET, LONDON, WC2E 7PX"
All Bar One,"BASEMENT AND GROUND FLOOR 19 HENRIETTA STREET, LONDON, WC2E 8QH"
Punch And Judy Public House,"THE PUNCH AND JUDY 40 THE MARKET, COVENT GARDEN, LONDON, WC2E 8RF"
Dalla Terra Wine Bar,"25 SLINGSBY PLACE, LONDON, WC2E 9AB"
Blame Gloria,"20 BEDFORD STREET, LONDON, WC2E 9HP"
Concert Artistes Association Bar,"FIRST FLOOR 20 BEDFORD STREET, LONDON, WC2E 9HP"
Three Lanterns Leicester Square,"5 LISLE STREET, LONDON, WC2H 7BF"
404 Club Not Found,"1 LEICESTER PLACE, LONDON, WC2H 7BP"
U9,"SUB-BASEMENT BASEMENT PART AND GROUND FLOOR PART CLAREVILLE HOUSE 47 WHITCOMB STREET, LONDON, WC2H 7DH"
Covent Garden Social Club,"THE ARTS THEATRE 6-7 GREAT NEWPORT STREET, LONDON, WC2H 7JB"
The Arts Theatre,"THE ARTS THEATRE 6-7 GREAT NEWPORT STREET, LONDON, WC2H 7JB"
Market Place Leicester Square,"20-21 LEICESTER SQUARE, LONDON, WC2H 7JX"
"Rocket Room, Leicester Square","20-21 LEICESTER SQUARE, LONDON, WC2H 7JX"
Simmons Bar Leicester Square,"28A LEICESTER SQUARE, LONDON, WC2H 7LE"
The Casino At The Empire,"5-6 LEICESTER SQUARE, LONDON, WC2H 7NA"
The London Cocktail Club,"224a Shaftesbury Avenue, WC2H 8EB"
Bloomsbury Tavern,"236 Shaftesbury Avenue, London, WC2H 8EG"
Brewdog,"142 Shaftesbury Avenue, London, WC2H 8HJ"
The Angel Public House,"61 St Giles High Street, London, WC2H 8LE"
THIRTEEN LDN,"03-Jan, Denmark Street, London, WC2H 8LP"
Cross Keys,"31 Endell Street, London, WC2H 9BA"
The Crown,"43 Monmouth Street, London, WC2H 9DD"
Two Brewers,"40 Monmouth Street, London, WC2H 9EP"
Guinness Open Gate Brewery London,"1 MERCER WALK, WESTMINSTER, LONDON, WC2H 9FA"
The Cambridge Theatre,"Cambridge Theatre, Earlham Street, London, WC2H 9HU"
Ambassadors Theatre,"Ambassadors Theatre, West Street, London, WC2H 9ND"
New Ambassadors Theatre,"Ambassadors Theatre, West Street, London, WC2H 9ND"
St Martin's Theatre,"St Martins Theatre, West Street, London, WC2H 9NG"
Crown & Anchor,"22 Neal Street, London, WC2H 9PS"
Tequila Mockingbird,"40-42 WILLIAM IV STREET, LONDON, WC2N 4DD"
Mr Fogg's Tavern,"58 ST MARTIN'S LANE, LONDON, WC2N 4EA"
Liu Xiaomian Charing Cross @ The Stranded,"430 STRAND, LONDON, WC2R 0QN"
Pad Thai Boys,"CHESHIRE CHEESE PUBLIC HOUSE 5 LITTLE ESSEX STREET, LONDON, WC2R 3LD"
