pub_name,address
Crown Rivers,"(airside) Terminal 5, Wellington Road, London Heathrow Airport TW6 2GA"
Thirteen Ldn,"03-jan, Denmark Street, London WC2H 8LP"
Blue Junction,"1 - 2 Crown Parade Crown Lane, Morden, Merton SM4 5DA"
New Ashbourne,"1 - 3 Ashbourne Parade, Ealing W5 3QS"
The Bobbin,"1 - 3 Lillieshall Road, London SW4 0LN"
White Horse,"1 - 3 Parsons Green, London SW6 4UL"
Munich Cricket Club,"1 Abbey Orchard Street, London SW1P 2LU"
Oyster Shed,"1 Angel Lane, London EC4R 3AB"
The Wonder,"1 Batley Road, Enfield EN2 0JG"
The Saint,"1 Bow Churchyard, London EC4M 9DQ"
The Queen's Head,"1 Bridge Road, Weybridge, Surrey KT13 8XS"
Lyttleton Arms,"1 Camden High Street, London NW1 7JE"
The Campbell Arms,"1 Campbell Road, Gravesend, Kent DA11 0JZ"
"Punjabi Bagicha Restaurant, Catering & Events","1 Canal Road, Gravesend, Kent DA12 2RS"
All Bar One,"1 Chicheley Street, London SE1 7PY"
The Belle Vue,"1 Clapham Common South Side, London SW4 7AA"
The Morgan,"1 Clydesdale Way, Belvedere, Kent DA17 6FD"
Prosecco House,"1, Crown Square, London SE1 2SE"
Ye Olde Leather Bottle,"1 Dover Road, Northfleet, Kent DA11 9PH"
Number 1 Bar Limited,"1, Duke Street Hill, London SE1 2SW"
Ye Olde Mitre,"1 Ely Court, London EC1N 6SJ"
Empress,"1 Empress Court 130a Lauriston Road, Hackney, London E9 7LH"
Hampstead Theatre Ltd,"1 Eton Avenue, London NW3 3EL"
The Ewell Tap Room Ltd,"1 Ewell House Parade, Epsom Road, Ewell, Surrey KT17 1NP"
The Roisin,"1 Fryent Way, London NW9 9ER"
The Albert Arms,"1, Gladstone Street, London SE1 6EY"
Leonardo's Wine Bar,"1 Grand Parade, East Sheen, Richmond Upon Thames SW14 7PS"
Dukes Meadow Golf And Tennis Club,"1 Great Chertsey Road, Chiswick W4 2RX"
The Argyle,"1 Greville Street, London EC1N 8PQ"
Laboratory Spa & Health Club,1 Hall Lane London NW4 4TJ
The Bricklayers Arms,"1 Hamilton Road, London SE27 9RZ"
Hand And Flower,"1 Hammersmith Road, London W14 8XJ"
The Rose,"1 Harwood Terrace, London SW6 2AF"
The Cressy Arms,"1 Hawley Road, Dartford, Kent DA1 1NP"
The White Hart,"1 High Street, Hampton Wick, Richmond Upon Thames KT1 4DA"
Chicago Deep Dish Ltd,"1 Hoxton Square, Hackney, London N1 6NU"
The Hoppers Hut,"1 Invicta Parade, Sidcup High Street, Sidcup, Kent DA14 6ER"
Br3wery,"1 Kelsey Park Road, Beckenham BR3 6LH"
Crowne Plaza Kings Cross,"1 King's Cross Road, London WC1X 9HX"
404 Club Not Found,"1 Leicester Place, London WC2H 7BP"
Babel Beerhouse,"1 Lewis Cubitt Walk, London N1C 4DL"
The Old Fox And Hounds,"1 London Road, Croydon CR0 2RE"
The Spring Tavern,"1 London Road, Ewell, Surrey KT17 2AY"
East Dulwich Tavern,"1, Lordship Lane, London SE22 8EW"
Dirty Martini Monument,"1 Lovat Lane, London EC3R 8DT"
The Jolly Drayman Pub & Hotel,"1 Love Lane, Wellington Street, Gravesend, Kent DA12 1JA"
The Fiddlers Elbow,"1 Malden Road, London NW5 3HS"
Old Oak Hampstead,"1 Mansfield Road, London NW3 2JD"
The Furze Wren,"1 Mayplace Road West, Bexleyheath, Kent DA7 4JB"
Guinness Open Gate Brewery London,"1 Mercer Walk, Westminster, London WC2H 9FA"
Balls Brothers - Minster Court,"1 Minster Pavement, London EC3R 7PP"
"The Hydrant, Equitable House","1 Monument Street, London EC3R 8BG"
Victoria Stakes,"1 Muswell Hill, Hornsey, London N10 3TH"
The Two Brewers,"1 Northaw Road West, Northaw, Hertfordshire EN6 4NW"
Old Prince Of Orange,"1 Old Road East, Gravesend, Kent DA12 1NJ"
Market Halls Paddington,"1 Paddington Square, Westminster, London W2 1DL"
The Rose,"1 Perry Street, Northfleet, Kent DA11 8RA"
Crystals,"1 Pop In Commercial Centre, South Way, Wembley HA9 0HF"
The Queens Larder,"1 Queen Square, London WC1N 3AR"
The Rose Inn,"1 Rose Street, Northfleet, Gravesend, Kent DA11 9EQ"
National Reserve & Social Club,"1 Simplemarsh Road, Addlestone KT15 1QH"
Steam Wine Bar,"1 St George's Lane, London EC3R 8DJ"
Exmouth Arms Euston,"1 Starcross Street, London NW1 2HR"
"Puttshack, Ground Floor Reception","1 The Concourse, 1 Poultry, London EC2R 8EJ"
East Ham South Conservative Club,"1 Vicarage Lane, East Ham, London E6 6AD"
D Vine Cellars,"1 Voltaire Road, London SW4 6DQ"
Minel Meze & Grill,"1 Wellington House, Wrotham Road, Meopham, Gravesend DA13 0QB"
Outpost,"1 Westfield Avenue, Stratford, London E20 1HZ"
Champagne + Fromage,"1 Westow Street, Upper Norwood, London SE19 3RY"
The Mug House,"1-3, Tooley Street, London SE1 2PF"
Torch Public House,"1-5 Bridge Road, Wembley HA9 9AB"
Tropix,"10 Clapham High Street, London, London SW4 7UT"
The Somerset Arms,"10 Darnley Road, Gravesend, Kent DA11 0RU"
Back To Mine,"10 Exchange Square, London EC2A 2BR"
Piana Vyshnia,"10 Moor Street, London W1D 5NF"
Slug & Lettuce,"10 Park Lane, Croydon CR0 1JA"
"St Matthews Tenants Assoc, Bar And Social Club","10 St Matthew's Road, London SW2 1NH"
Mason's Bar,"10 Stoneleigh Broadway, Stoneleigh, Surrey KT17 2HU"
Be At One,"10 The Derby Square, High Street, Epsom, Surrey KT19 8AG"
Ten Trinity Square Private Club,"10 Trinity Square, London EC3N 4AJ"
The Waterman's Arms,"10 Water Lane, Richmond, Richmond Upon Thames TW9 1TJ"
Balls Brothers Austin Friars,"10-11 Austin Friars, London EC2N 2HG"
The Boot & Flogger,"10-20, Redcross Way, London SE1 1TA"
The Bird And Barrell,"100 Barnehurst Road, Bexleyheath, Kent DA7 6HG"
The Camden Head,100 Camden High Street NW1 0LU
The Roundhouse,"100 Chalk Farm Road, London NW1 8EP"
The Three Wishes,"100 High Street, Wealdstone HA3 7AH"
Oakleigh Lawn Tennis & Squash Club | Oakleigh Park School Of Swimming,100 Oakleigh Road North London N20 9EZ
The Belfry,"100 Plumstead High Street, Plumstead, Greenwich SE18 1SJ"
Monsoon Banqueting Suite (bar Only),"100 The Green, Southall UB2 4BG"
Railway,"100 West End Lane, London NW6 2LU"
Hainault Forest Community Centre,"100b Manford Way, Chigwell IG7 4DF"
The Flag,"101 - 103 Culvert Road, London, Wandsworth SW11 5AU"
The Angel At Rotherhithe,"101, Bermondsey Wall East, London SE16 4NB"
Ayra,"101 Brentwood Road, Romford RM1 2EH"
Hillbilly Social At 101,"101 Myddleton Road, Wood Green, London N22 8NE"
Black Horse,"1018 Harrow Road, Wembley HA0 2QP"
Maggies Bar,"102 Chamberlayne Road, London NW10 3JN"
Camden Road Arms,"102-106 Camden Road, London NW1 9EA"
The Globe,"103 Talbot Road, London W11 2AT"
Coronet Cinema And Print Room At The Coronet,"103-111 Notting Hill Gate, London W11 3LB"
Coombe Lodge,"104 Coombe Road, Croydon CR0 5RB"
North Star,"104 Finchley Road, London NW3 5JJ"
The Village Inn,"104 Nuxley Road, Belvedere, Kent DA17 5LD"
The Minnow,"104 Thames Street, Weybridge, Surrey KT13 8NG"
The Duke Of Buckingham,"104 Villiers Road, Kingston Upon Thames KT1 3BB"
The Nest,"104-106 Windermere Avenue, Wembley HA9 8RB"
Clissold Arms,"105 Fortis Green, Hornsey, London N2 9HR"
J D Wetherspoon The Star,"105 High Street, Hoddesdon, Hertfordshire EN11 8TN"
The Forester Public House,"105-107 Burrow Road, Chigwell IG7 4NH"
Slug & Lettuce,"105-111 South Street, Romford RM1 1NX"
The Foley,"106 Hare Lane, Claygate, Esher, Surrey KT10 0LZ"
Elephants Head,"106 London Road, Northfleet, Kent DA11 9LZ"
The Owl & The Pussycat,"106 Northfield Avenue, West Ealing W13 9RT"
Green Note Ltd,"106 Parkway, London NW1 7AN"
Holland Tringham,"107 - 109 Streatham High Road, London SW16 1HJ"
The Cricketers,"107 Addiscombe Road, Croydon CR0 6SG"
The Berrylands,"107 Chiltern Drive, Surbiton KT5 8LS"
The Queens Arms,"107 Church Road, Addlestone KT15 1SF"
The Duke Of York,"107 Devonshire Road, Chiswick W4 2HU"
The Old City Arms,"107 Hammersmith Bridge Road, London W6 9DA"
The Olde Apple Tree,"107, Sumner Road, London SE15 6JU"
Catford Fairytop,"108 - 110 Rushey Green, London SE6 4HW"
Salvation Army Church And Community Centre,"108 Church Road, Addlestone KT15 1SG"
Sidcup And Footscray United Services Club,"108 Main Road, Sidcup, Kent DA14 6NG"
Sir Robert Peel,"108 Malden Road, London NW5 4DA"
All Bar One,"108 New Oxford Street, London WC1A 1HB"
Atik,"108 South Street, Romford RM1 1SS"
The Court,"108a Tottenham Court Road, London W1T 5AA"
The Lighterman Pub,"109 Bastable Avenue, Barking IG11 0NX"
Union,"109 Battersea Bridge Road, London, Wandsworth SW11 3AT"
Cannick Tapps,"109 Cannon Street, London EC4N 5AD"
The Fatling,"109 High Street, Hornchurch RM11 1TX"
Simmons Bar,"109 Kingsway, London WC2B 6PP"
The Old School Yard,"109, Long Lane, London SE1 4PH"
O'neills,"109 Station Road, Ilford IG1 4DW"
Karadeniz Social Club,"109a Green Lanes, Hackney, London N16 9BX"
Caterham Club,"10a Croydon Road, Caterham, Surrey CR3 6QB"
The Stag & Lantern,"11 - 12 The Broadway, Chingford, London E4 9LQ"
Prince Of Wales Ph,"11 Cambridge Gardens, London NW6 5AE"
Rm5 Bar & Restaurant,"11 Clockhouse Lane, Romford RM5 3PH"
Vortex Jazz Club,"11 Gillett Square, Hackney, London N16 8AZ"
Goodsway,"11 Goods Way, London N1C 4DP"
Wishing Well,"11 Hall Lane, Chingford, London E4 8HH"
Northumberland Arms,"11 London Road, Brentford TW8 8JB"
Viktor Wynd Limited T/a The Last Tuesday Society,"11 Mare Street, Hackney, London E8 4RP"
Prince Albert,"11 Pembridge Road, London W11 3HQ"
Prince Arthur Belgravia,"11 Pimlico Road, London SW1W 8NA"
Whelan's Free House,"11, Rotherhithe Old Road, London SE16 2PP"
The Tichenham Inn,"11 Swakeleys Road, Ickenham UB10 8DF"
The Ship Public House,"11 Talbot Court, London EC3V 0BP"
The Bell And Crown,"11 Thames Road, Chiswick W4 3PL"
The Union Regent’s Place,11 Triton Street NW1 3TS
The Sail Loft,"11 Victoria Parade, Greenwich SE10 9FR"
The Door Hinge,"11 Welling High Street, Welling, Kent DA16 1TR"
The Craft Beer Co,"11-13 Brixton Station Road, London SW9 8PA"
Hare & Tortoise,"11-13 Brunswick Centre, London WC1N 1AF"
Pearl,"11-13 Prince Edward Road, Hackney, London E9 5LX"
Earth Venue,"11-17 Stoke Newington Road, Hackney, London N16 8BH"
The Drift,"110 Bishopsgate, London EC2N 4AY"
The Hufflers Arms,"110 Lower Hythe Street, Dartford, Kent DA1 1BN"
Swanscombe Senior Lunch Club,"110 Swanscombe Street, Swanscombe, Kent DA10 0JZ"
The Ship,"110 West Street, Erith, Kent DA8 1AN"
The Long Pond,"110 Westmount Road, Eltham, Greenwich SE9 1UT"
The Kings Gate,"110-112 Chase Side, Southgate N14 5PH"
Streatham Conservative Club,"111 Blegborough Road, London, Wandsworth SW16 6DL"
The Tankard,"111 Kennington Road, London SE11 6SF"
The Blues Kitchen,"111-113 Camden High Street, London NW1 7JN"
Estrela Bar,"111-115 South Lambeth Road, London SW8 1UZ"
3,"112 Dolphin House Smugglers Way, London, Wandsworth SW18 1DG"
The Black Dog,"112 Vauxhall Walk, London SE11 5ER"
The Eva Hart Public House,"1128 High Road, Chadwell Heath RM6 4AH"
Bishops Wine Bar,"1129 Whitgift Centre, Croydon CR0 1UZ"
Community Kitchen,"113 Culvers Avenue, Carshalton SM5 2FJ"
Hudsons Bar & Restaurant,"113 Lower Richmond Road, London, Wandsworth SW15 1EX"
Old Manor Inn,"113 Manor Road, Walton-on-thames, Surrey KT12 2NZ"
Ivy Tree,"113-117 South Street, Romford RM1 1NX"
The Great Spoon Of Ilford,"114 Cranbrook Road, Ilford IG1 4LZ"
Turkish Social Club,"114 Green Lanes, Hackney, London N16 9EH"
Skinners Arms,"114 Judd Street, London WC1H 9NT"
Lots Road Pub & Dining Room,"114 Lots Road, London SW10 0RJ"
The White Lion,"115 High Street, Egham TW20 9HQ"
Royal Standard,"116 Albert Road, North Woolwich, London E16 2NQ"
The Boot,"116 Cromer Street, London WC1H 8BS"
Leyton Star,"116 High Road Leyton, Stratford, London E15 2BX"
The Golden Lion Ph Ltd,"116 Sydenham Road, London SE26 5JX"
The Golden Crane,"117 Avon Road, Upminster RM14 1RQ"
The Prince Of Wales,"117 Ewell Road, Surbiton KT6 6AL"
Bar 117,"117 High Road, London NW10 2SL"
Dalston Superstore,"117 Kingsland High Street, Hackney, London E8 2PB"
The Mayflower,"117, Rotherhithe Street, London SE16 4NF"
The Three Blackbirds Public House,"118 Blendon Road, Bexley, Kent DA5 1BX"
Fox Fine Wines,"118 London Wall, London EC2Y 5JA"
Flower Of Kent Social Club,"118 Maidstone Road, Sidcup, Kent DA14 5HS"
Duke Of Wellington,"119 Balls Pond Road, Hackney, London N1 4BL"
Zodiac Bar,"119 Hampstead Road, London NW1 3EE"
Leytonstone Tavern/tavern Events,"119 Harrow Road, Leytonstone, London E11 3PX"
Winchesters,"119-121 Cross Road, Mawneys RM7 8EA"
The Lady Ottoline,"11a Northington Street, London WC1N 2JF"
South West Ham Labour Club,"11a St Andrews Road, Plaistow, London E13 8QD"
Angie's Bar,"11a-13a Walm Lane, London NW2 5SJ"
Tooting Conservative & Unionist Club,"12 Ashvale Road, London, Wandsworth SW17 8PW"
Vagabond Wines,"12 Circus Road West, London, Wandsworth SW11 8EZ"
Griffin Sports Club,"12, Dulwich Village, London SE21 7AL"
The Bolthole,"12 Falconwood Parade, Welling, Kent DA16 2PL"
The Ship Tavern,"12 Gate Street, London WC2A 3HP"
The Happy Man,"12 Harvest Road, Englefield Green TW20 0QS"
Coach And Horses,"12 High Street, Carshalton SM5 3AG"
The Park Inn,"12 Palace Gates Road, Wood Green, London N22 7BN"
The Barley Mow,"12 Pikes Hill, Epsom, Surrey KT17 4EA"
Chiswick Cricket Club,"12 Riverside Drive, Chiswick W4 2SP"
Merkur Slots,"12 The Broadway, Southall UB1 1PS"
J J Moons,"12 Victoria Road, Ruislip HA4 0AA"
Sugar & Spice- The Spice Lounge,"12-13 Queensbury Station Parade, Edgware HA8 5NR"
Karaoke Box Mayfair,"12-14 Maddox Street, London W1S 1PH"
The Breakfast Club,"12-16 Artillery Lane, London E1 7LS"
The Pembroke,"12-16 Chipstead Valley Road, Coulsdon CR5 2RA"
Spotted Horse,"120 - 122 Putney High Street, London, Wandsworth SW15 1RG"
Royal British Legion,"120 Collier Row Lane, Romford RM5 3DT"
The Rocket,"120 Euston Road, London NW1 2AL"
The Good Reader,"120 Park Road, Hornsey, London N8 8JP"
Ex Blues Club,"120 Pickhurst Rise, West Wickham BR4 0AW"
Parish Bar,"120 Wembley Park Drive, Wembley HA9 8HP"
Jam Circus,"120-122 Deptford High Street, London SE8 4NS"
Bohem Tap Room,"120a Myddleton Road, Wood Green, London N22 8NQ"
St Christopher's,"121, Borough High Street, London SE1 1NP"
The Albion,"121 Hammersmith Road, London W14 0QL"
Bounce,"121 Holborn, London EC1N 2TD"
The Chequers,"121 North Street, Hornchurch RM11 1ST"
The Dolphin,"121 Sydenham Road, London SE26 5HB"
The Wembley Tavern,"121 Wembley Park Drive, Wembley HA9 8HG"
The Temple Fortune Club,122 Bridge Lane London NW11 9JS
The Victoria,"122 Victoria Road, Romford RM1 2PA"
The Horse And Stables,"122 Westminster Bridge Road, London SE1 7RW"
The Hop Inn,"122-124 North Street, Hornchurch RM11 1SU"
Hope & Anchor,"123 Acre Lane, London SW2 5UA"
The Island,"123 College Road, London NW10 5HA"
The Corner Shop,"123 Shoreditch High Street, Hackney, London E1 6JE"
The Ardleigh,"124 Ardleigh Green Road, Hornchurch RM11 2SH"
Abbey Tavern,124 Kentish Town Road NW1 9QB
Village Inn,"124 Pitshanger Lane, Ealing W5 1QP"
Harvester,"125 Abbs Cross Lane, Hornchurch RM12 4XS"
The Griffin,"125 Clerkenwell Road, London EC1R 5DB"
The Libertine,"125, Great Suffolk Street, London SE1 1PQ"
The Juniper Brasserie & Bar,"125 Kilburn High Road, London NW6 6JH"
The One Tun,"125 Saffron Hill, London EC1N 8QS"
Stadium Sports Bar -first Class Sports Bar Ltd,"125 Wembley Park Drive, Wembley HA9 8HQ"
Astronomer,"125-129 Middlesex Street, London E1 7JF"
The Standard,"126 High Road, Loughton, Essex IG10 4BE"
The Yellow House,"126, Lower Road, London SE16 2UF"
Viaduct Tavern Public House,"126 Newgate Street, London EC1A 7AA"
The Railway Tavern Public House,"126 Snakes Lane East, Woodford Green IG8 7HY"
The Shoreditch Arms/bar Kick,"126-127 Shoreditch High Street, Hackney, London E1 6JE"
Mayfair Tavern,"127 - 145 Upper Tooting Road, London, Wandsworth SW17 7TJ"
Angie's,"127 High Street, London NW10 4TR"
Tiffty's Tavern,"1271 Greenford Road, Greenford UB6 0HY"
Blarneys Free House,128 Burnt Oak Broadway Edgware HA8 0BB
The Clapham Tap,"128 Clapham Manor Street, London SW4 6ED"
The Jolly Badger,128 Hale Lane Edgware HA8 9RZ
Moloneys,"1286 Greenford Road, Greenford UB6 0HH"
Alaska Waterloo,"129 Alaska Street, London SE1 8XE"
The Bull,"129 High Street, Wanstead E11 2RL"
The Beer Rebellion,"129, Queens Road, London SE15 2NB"
The Clf Art Lounge,"12a, Station Way, London SE15 4RX"
Belushi's,"13 - 15 Shepherd's Bush Green, London W12 8PH"
Apollo Arms,"13 - 19 Old Town, London SW4 0JT"
Ye Olde Black Bull,"13 Broadway, Stratford, London E15 4BQ"
The Crown & Crooked Billet P H,"13 Cross Road, Woodford Green IG8 8BN"
Gunmakers Arms,13 Eyre Street Hill EC1R 5ET
The Little Windsor,"13 Greyhound Road, Sutton SM1 4BY"
Blue Anchor,"13 Lower Mall, London W6 9DJ"
New Dartford Sports Bar,"13 Spital Street, Dartford, Kent DA1 2DQ"
Jono's Freehouse,"13 Station Parade, Uxbridge Road, Ealing W5 3LD"
The Uxbridge Arms,"13 Uxbridge Street, London W8 7TQ"
Merchant House,"13 Well Court, London EC4M 9DN"
Smash Burger Box (at Whelans) | Whelans,"13-15 Selsdon Road, South Croydon CR2 6PW"
The Steel Yard,"13-16 Allhallows Lane, London EC4R 3UL"
The Volunteer,"130 - 132 Plumstead High Street, Plumstead, Greenwich SE18 1JQ"
Bizim Mekan Social Club,"130 Clarence Road, Hackney, London E5 8DY"
Maddens Bar,130 High Road London N2 9ED
The Harrow,"130 Hornchurch Road, Hornchurch RM11 1DP"
The Roebuck,"130 Richmond Hill, Richmond, Richmond Upon Thames TW10 6RN"
The Royal George,"130-132 Hersham Road, Hersham, Walton-on-thames, Surrey KT12 5QJ"
The Florence,"131 - 133 Dulwich Road, London SE24 0NG"
The Hour Glass,"131, Beaconsfield Road, London SE17 2BX"
The Volunteer,"131 Chesnut Road, Tottenham, London N17 9EU"
North Pole Bar & Restaurant,"131 Greenwich High Road, Greenwich SE10 8JA"
The Oval Tavern,"131 Oval Road, Croydon CR0 6BR"
The River Ale House,"131 Woolwich Road, Greenwich SE10 0RJ"
Iona Social Club,"131-133 Hornchurch Road, Hornchurch RM12 4SY"
The Moon Under Water,"1327 London Road, Norbury, London SW16 4AU"
Gunmakers Arms,"133 Chester Road, Loughton, Essex IG10 2LJ"
Jim & Tonic - Restaurant & Pub,"133 High Street, Stratford, London E15 2RB"
Sundridge Park Working Men's Club,"134 Burnt Ash Lane, Bromley BR1 5AF"
Cricklewood Trades Hall Club And Institute,134 Cricklewood Lane London NW2 2DP
Mccaffertys,"134 High Street, Epsom, Surrey KT19 8BT"
Dharun Superstore,134 Pinner Road HA1 4JE
Matchbox,"134-135 Shoreditch High Street, Hackney, London E1 6JE"
The Pavillion Sports & Leisure Club,"135 Footscray Road, Eltham, Greenwich SE9 2SY"
Royal British Legion Club Ltd,"135 High Street, Teddington, London, Richmond Upon Thames TW11 8HH"
The Dysart Petersham,"135 Petersham Road, Petersham, Richmond Upon Thames TW10 7AA"
Wood Street Bear,"135 Wood Street, Walthamstow, London E17 3LX"
Raob Gle Club,"136 Church Road, Addlestone KT15 1SQ"
Horse & Groom Harvester,"136 Main Road, Sidcup, Kent DA14 6NZ"
Below Stone Nest,"136 Shaftesbury Avenue, London W1D 5EZ"
The Greyhound,"136 West Ham Lane, Stratford, London E15 4PT"
Roman Urn,"137 Crossbrook Street, Cheshunt, Hertfordshire EN8 8LY"
Crown & Anchor,"137 Drummond Street, London NW1 2HL"
The Rising Sun,137 Marsh Lane London NW7 4EY
The Good Oak,"137 Westbourne Park Road, London W2 5QL"
The White Bear,"138 Kennington Park Road, London SE11 4DJ"
The Crouch Oak,"138 Station Road, Addlestone KT15 2BE"
Prince Of Wales,"138 Upper Richmond Road, London, Wandsworth SW15 2SP"
Phoenix Bar,"138-139 Shoreditch High Street, Hackney, London E1 6JE"
Cork N Cask Bromley,"139 Masons Hill, Bromley BR2 9HW"
Badger Badger,"139-141 Deptford High Street, London SE8 3NU"
Vault 139,"139-143 Whitfield Street, London W1T 5EP"
Prince Of Wales Public House,"13a Woolwich Road, Belvedere, Kent DA17 5EE"
London Stone,"14 Church Street, Staines-upon-thames TW18 4EP"
The Royal British Legion,"14 Constance Street, North Woolwich, London E16 2DQ"
The Glasshouse,"14 Coombe Road, New Malden KT3 4QE"
The Flask Public House,"14 Flask Walk, London NW3 1HE"
The Prince,"14 Lillie Road, London SW6 1TU"
Bunch Of Grapes,"14 Lime Street, London EC3M 7AN"
Piano Smithfield,"14 Long Lane, London EC1A 9PN"
Georgie's Coffee House And Wine Bar,"14 Manor Road North, Esher, Surrey KT10 0SH"
Mystique Uk Ltd (prince Of Wales),"14, Ruby Street, London SE15 1LL"
The Garden Gate,"14 South End Road, London NW3 2QE"
Coach And Horses,"14 St Anns Road, Chertsey KT16 9DG"
Royal British Legion Club,"14 Station Hill, Hayes, Bromley BR2 7DJ"
The Dog House,"14 The Broadway, Beddington CR0 4QR"
Crispins Wine Bar,"14 The Green, Ealing W5 5DA"
The Ship Inn,"14 The Street, Cobham, Kent DA12 3BN"
Leyton Cross Social Club,"14 Tredegar Road, Wilmington, Kent DA2 7AZ"
Traitors Gate,"14 Trinity Square, London EC3N 4AA"
The Lord Nelson,14 West End Lane Barnet EN5 2SA
Flowers Of The Forest,"14, Westminster Bridge Road, London SE1 7QX"
Kings Stores Public House,"14 Widegate Street, London E1 7HP"
The Rake,"14, Winchester Walk, London SE1 9AG"
Station Hotel,"14-16 Staplehurst Road, London SE13 5NB"
The Sutton Arms,"14-16 Station Lane, Hornchurch RM12 6NJ"
The Holly Bush,"140 High Road, Loughton, Essex IG10 4BE"
The Manor Club,"140, Walworth Road, London SE17 1JL"
Bricklayers Arms,"141 - 143 Masons Hill, Bromley BR2 9HW"
Spread Eagle,"141 Albert Street, London NW1 7NB"
The Northumberland Arms,"141 King's Cross Road, London WC1X 9BJ"
Brewdog,"142 Shaftesbury Avenue, London WC2H 8HJ"
The Duchess Of Kent,"143 Brook Street, Erith, Kent DA8 1JE"
The Blue Sea Fish Bar,"143 Queen's Crescent, London NW5 4ED"
The Goose,"143 South Street, Romford RM1 1PL"
The Little Taperia,"143 Tooting High Street, London, Wandsworth SW17 0SY"
The Douglas Fir,"144 Anerley Road, Penge, London SE20 8DL"
Queens Head,"144 Richmond Road, Kingston Upon Thames KT2 5HA"
The Golden Lion,"144 Stanley Road, Croydon CR0 3QB"
Goldfinch,"145 Mitcham Road, London, Wandsworth SW17 9PE"
The Golden Goose,"146 - 148 Camberwell New Road, London SE5 0RR"
Assembly Rooms,"147 - 153 High Street, Epsom, Surrey KT19 8EH"
Spicy Basil Bar & Restaurant,"147 Cricklewood Broadway, London NW2 3HY"
The Duke Of Clarence,"147 High Street, Hampton Hill, Richmond Upon Thames TW12 1NJ"
Old Ignatian Association Ltd,"147 Turkey Street, Enfield EN1 4NW"
The Butchers Arms,148 High Street Barnet EN5 5XP
The Clarence,"148 North End Road, London W14 9PP"
Duke Of Clarence,"148 Old Brompton Road, London SW5 0BE"
The Havering Well,"148 Rush Green Road, Romford RM7 0QA"
Queen Victoria,"148, Southwark Park Road, London SE16 3RP"
Quills Brunch Bar Based,"149 King's Cross Road, London WC1X 9BN"
Be At One,"14a Hammersmith Broadway, London W6 7AL"
Boxpark Trading Ltd (inc. Dining Area.and Bars),"15 Boxpark Wembley, 18 Olympic Way, Wembley HA9 0JT"
Whyteleafe Sports Centre,"15 Church Road, Whyteleafe CR3 0AR"
Hub By Premier Inn,"15 Dacre Street, London SW1H 0DJ"
The Foresters Public House,"15 Great Queen Street, Dartford, Kent DA1 1TJ"
The Leather Exchange,"15, Leathermarket Street, London SE1 3HN"
Horse And Groom,"15 Leyton Cross Road, Wilmington, Kent DA2 7AP"
The Rutland,"15 Lower Mall, London W6 9DJ"
Salt Woolwich,"15 Major Draper Street, Woolwich, Greenwich SE18 6GD"
Tj's,"15 Milton Road, Gravesend, Kent DA12 2RF"
The Montague On The Gardens,"15 Montague Street, London WC1B 5BJ"
The Roebuck,"15 Pond Street, London NW3 2PN"
The Lord Stanley,"15 St Marys Road, Plaistow, London E13 9AE"
Seasons Events And Catering,"15 The Broadway, Woodford Green IG8 0HL"
Brewery Inn,"15 The Street, Ashtead KT21 2AD"
Townend Social Club,"15 Town End, Caterham, Surrey CR3 5UJ"
Crate Wood Wharf,"15 Water Street, London E14 5GX"
The Starman,"15-17 Heddon Street, London W1B 4BF"
The Limping Fox,"15-17 Rushett Road, Thames Ditton, Surrey KT7 0UX"
Thurrock Irish Association,"150 - 152 Dock Road, Tilbury, Essex RM18 7BS"
Erin's,"150 - 156 High Street, Beckenham BR3 1EA"
"Bar, Market Place St Pauls","150 Cheapside, London EC2V 6ET"
The Pembroke Castle,"150 Gloucester Avenue, London NW1 8JA"
Twickenham District Masonic Council,"150 London Road, Twickenham, Richmond Upon Thames TW1 1HD"
Tulse Hill Hotel,"150 Norwood Road, London SE24 9AY"
The Forresters Arms,"150 Parrock Street, Gravesend, Kent DA12 1ER"
The Village Club,"151 Addington Road, South Croydon CR2 8LH"
Ivi Club,"151 Broadway, Bexleyheath, Kent DA6 7EZ"
The Rex Rooms,"151-153 King's Road, London SW3 5TX"
The Sir Julian Huxley,"152 - 154 Addington Road, South Croydon CR2 8LB"
The Portland Arms,"152 Portland Road, South Norwood, London SE25 4PT"
The Wooden Cross,"153 Crouch Hill, Hornsey, London N8 9QH"
Smugglers Cove - Wet Pub,"153 High Street, Ruislip HA4 8JY"
Paxtons Head,"153 Knightsbridge, London SW1X 7PA"
The Grapes,"153 Milton Road, Gravesend, Kent DA12 2RG"
Drayton Arms,"153 Old Brompton Road, London SW5 0LJ"
Kings Tun,"153-157 Clarence Street, Kingston Upon Thames KT1 1QT"
Bonnie Rogues Pub - Kingston | Circuit - Kingston,"154 - 166 Clarence Street, Kingston Upon Thames KT1 1QP"
The Salutation,"154 King Street, London W6 0QU"
Glentworth Club,"154 Lowfield Street, Dartford, Kent DA1 1JB"
The Willow Tree,"154 Vale Road, Worcester Park, Surrey KT4 7ED"
British Legion,"154 Victoria Rise, London SW4 0NW"
South End Green Social,"154-156 Fleet Road, London NW3 2QX"
Monty's Bar,"155 Billet Lane, Hornchurch RM11 1UR"
Doyle's,"155 Bramley Road, London N14 4XA"
Sudbury Hill Express,155 Greenford Road HA1 3QN
Baroon,"155 Kilburn High Road, London NW6 7HU"
Neza Caffe Bar Ltd,"155 Lordship Lane, Tottenham, London N17 6XE"
Five Bells,"155 New Cross Road, London SE14 5DJ"
The Clerk And Well,"156 Clerkenwell Road, London EC1R 5DU"
Aces And Eights Saloon Bar,156-158 Fortess Road NW5 2HP
Merkur Slots,"157 - 159 High Street, Acton W3 6LP"
The Eagle Public House,"157 Chobham Road, Stratford, London E15 1LX"
Latymers,"157 Hammersmith Road, London W6 8BS"
Dirty Martini,"158 Bishopsgate, London EC2M 4LX"
Montrose Park Club,"158 Hurst Road, Sidcup, Kent DA15 9AJ"
Egham Constitutional Club,"159 High Street, Egham TW20 9HP"
Spotted Dog,"15a Longbridge Road, Barking IG11 8TN"
The Railway,"16 Blackheath Village, London SE3 9LE"
The Wine Room,"16 Bridge Road, East Molesey, Surrey KT8 9HA"
Norbiton | The Norbiton,"16 Clifton Road, Kingston Upon Thames KT2 6PW"
Lokma Meze & Grill,"16 College Road, Harrow HA1 1BE"
Rising Sun,"16 Craylands Lane, Swanscombe, Kent DA10 0LP"
The Golden Anchor,"16, Evelina Road, London SE15 2DX"
Colab Tavern | Rpg Taverns,"16, Harper Road, London SE1 6AD"
Lady Of The Grapes,"16 Maiden Lane, London WC2E 7NJ"
The Atlas,"16 Seagrave Road, London SW6 1RX"
The Sun,"16 Swanscombe Street, Swanscombe, Kent DA10 0BG"
The Bedford Tavern,"16 Sydenham Road, Croydon CR0 2EF"
Glue Wine Bar & Gallery,"16, West Lane, London SE16 4NY"
Surdoc Social Club Ltd,"16-19, Cope Street, London SE16 2UJ"
Chatpata | Warwick Arms,"160 Warwick Road, London W14 8PS"
Preston Public House,"161 Preston Road, Wembley HA9 8NG"
Dicey Rileys Public House,"161 Silver Street, London N18 1PY"
Spearmint Rhino,"161 Tottenham Court Road, London W1T 7NN"
Belushis & St Christophers Village,"161-165, Borough High Street, London SE1 1HR"
Crown Hotel,"162 Old Nazeing Road, Nazeing, Broxbourne, Waltham Abbey EN10 6QT"
The Lauriston Pub,"162 Victoria Park Road, Hackney, London E9 7JN"
Old Salt Quay,"163, Rotherhithe Street, London SE16 5QU"
Coopers Arms,"164 Kilburn High Road, London NW6 4JD"
Simmons Bar,"165 Clapham High Street, London SW4 7SS"
Halfway Public House,"165 Lower Road, Belvedere, Kent DA17 6DQ"
Silver Hall Social Club,"165 New Road, Rainham RM13 8SH"
Victoria Tavern,"165 Smarts Lane, Loughton, Essex IG10 4BP"
The Stonhouse,"165 Stonhouse Street, London SW4 6BJ"
West Indian Ex Service Association,"165-167 Clapham Manor Street, London SW9 6DB"
Golden Fleece,"166 Capel Road, Manor Park, London E12 5DB"
Status Bexleyheath,"167 Broadway, Bexleyheath, Kent DA6 7ES"
The Windmill,"167 Upminster Road, Hornchurch RM14 2RB"
Fox & Hounds Putney,"167 Upper Richmond Road, London, Wandsworth SW15 6SE"
Annie's Freehouse,168 Ballards Lane London N3 2PA
Lemon And Thyme @ Westwood Masonic Centre,"168 Bellegrove Road, Welling, Kent DA16 3RD"
Good Choice ( Micro Pub ),"168 Bexley Road, Eltham, Greenwich SE9 2PH"
The Craft Beer Co ( Covent Garden ) Ltd,168 High Holborn WC1V 7AA
The Bull And Last Pub,"168 Highgate Road, London NW5 1QS"
The Green Man Public House & Sunset Restaurant,"168 Wickham Street, Welling, Kent DA16 3NL"
Sidcup Working Men's Social Club And Institute,"169 Main Road, Sidcup, Kent DA14 6PD"
Priory Conservative Club,"169 Picardy Road, Belvedere, Kent DA17 5QL"
Cousins Professional Snooker Club Ltd,"169-171 Fore Street, London N18 2XB"
Fitzroy Tavern,"16a Charlotte Street, London W1T 2LY"
All Good Beer (& Plenty Of Wine.),"17 Amhurst Terrace, Hackney, London E8 2BT"
Coppa Club,"17 Between Streets, Cobham, Surrey KT11 1AA"
Hackney Church Brewery Co,"17 Bohemia Place, Hackney, London E8 1DU"
The Arena Club,17 Central Circus London NW4 3AS
The Southgate Club,"17 Chase Side, London N14 5BP"
The Devonshire,"17 Denman Street, London W1D 7HW"
Eyva Lounge & Snooker Club,"17 Goodmayes Road, Goodmayes IG3 9UH"
The Mole Hole Micropub,"17 High Street, Gravesend, Kent DA11 0BA"
Walthamstow Trade Hall & Institute,"17 Hoe Street, Walthamstow, London E17 4SB"
Admiral Codrington,"17 Mossop Street, London SW3 2LY"
The Office,"17 Oldfields Circus, Northolt UB5 4RR"
Ye Olde Red Lion,"17 Park Road, Cheam SM3 8QB"
Popworld,"17 Watling Street, London EC4M 9BB"
Farrs School Of Dancing,"17-19 Dalston Lane, Hackney, London E8 3DF"
Vertigo Lounge,"17-19 Station Lane, Hornchurch RM12 6JL"
The Top Secret Comedy Club,"170 Drury Lane, London WC2B 5PD"
The One Bell,"170 Old Road, Crayford, Dartford, Kent DA1 4DY"
Brook Green Hotel,"170 Shepherd's Bush Road, London W6 7PB"
Defectors Weld,"170 Uxbridge Road, London W12 8AA"
Famous Three Kings,"171 North End Road, London W14 9NL"
The Green Public House,"172 - 174 Uxbridge Road, London W12 7JP"
The World's End,"174 Camden High Street, London NW1 0NE"
Purkins Wine Bar,"174 Streatham Road, Mitcham, Merton CR4 2AF"
Fitzrovia Belle,174 Tottenham Court Road W1T 7NT
Peppe Restaurant,"174 Tudor Drive, Kingston Upon Thames KT2 5QG"
Brookgate,"175 Blackstock Road, Hackney, London N4 2JS"
The Royal Bell,"175 High Street, Bromley BR1 1NN"
The Walker Cricket Ground,"175 Waterfall Road, London N14 7JZ"
One75,"175 West End Lane, London NW6 2LH"
One75,175 West End Lane NW6 2LH
The Victoria,"177 Grove Street, London SE8 3QQ"
Helgi's,"177 Mare Street, Hackney, London E8 3RH"
Earl Grey,"177 Vale Road, Northfleet, Kent DA11 8BP"
Thrift Taco,"178 Hoxton Street, Hackney, London N1 5LH"
Comfort Bites,"178 Stoke Newington High Street, Hackney, London N16 7JL"
The Alfred,"178 Sydenham Road, London SE26 5RP"
Rose Public House,"179 Broadway, Bexleyheath, Kent DA6 7ES"
Duke Of Wellington Ph,"179 Portobello Road, London W11 2ED"
Silks,"179-181 Rushey Green, London SE6 4BD"
Dolce Kensington Club,"17a Harrington Road, London SW7 3ES"
Earth Theatre,"17b 17 Stoke Newington Road, Hackney, London N16 8BH"
Sainsbury's Supermarkets Ltd,"18 - 19 The Broadway, The Concord Shopping Centre, Shepherd's Bush Green, London W12 8PP"
The 1 Bar,"18 Appold Street, Hackney, London EC2A 2AS"
The Tiger,"18, Camberwell Green, London SE5 7AA"
The Rafa Club,"18 Carlton Road, Romford RM2 5AA"
The Railway Tavern,"18 Clapham High Street, London SW4 7UR"
The Lucky Anchor Ale House,"18 Deptford High Street, London SE8 4AF"
Pure Gym,18 East Barnet Road Barnet EN4 8RW
The Monument Public House,"18 Fish Street Hill, London EC3R 6DB"
The Hercules Pillars,"18 Great Queen Street, London WC2B 5DG"
The Garratt And Gauge,"18 Hartfield Road, Wimbledon, Merton SW19 3TA"
The Tav,"18 High Street, Hornsey, London N8 7PB"
Hop And Vine Bar Ruislip,"18 High Street, Ruislip HA4 7AN"
The Orange Tree,"18 Highfield Road, London N21 3HA"
Blue Posts Public House,"18 Kingly Street, London W1B 5PX"
The Craft Beer Cabin,"18 London Road, Bromley BR1 3QR"
Magpie & Stump,"18 Old Bailey, London EC4M 7EP"
Brewdog Upminster,"18 Station Road, Upminster RM14 2UB"
Vault And Vine,"18 Station Square, Petts Wood, Orpington BR5 1NA"
Berry & Barrel Limited,"18 Well Hall Parade, Eltham, Greenwich SE9 6SP"
Angeliques Wine House,"18-19 St Christopher's Place, London W1U 1NN"
The Ganton Arms,"18-22 Ganton Street, London W1F 7BU"
Paya & Horse,"181 Battersea Park Road, London, Wandsworth SW11 4LB"
The Brook,"181 Central Road, Worcester Park KT4 8DR"
Ryans' N16,"181 Stoke Newington Church Street, Hackney, London N16 0UL"
The Barley Mow,"181 The Street, West Horsley, Surrey KT24 6HR"
Robert Pocock,"181 Windmill Street, Gravesend, Kent DA12 1AH"
Royal British Legion Club,"182 Oldfield Lane South, Greenford, Middlesex UB6 9JS"
Tcr Lounge Bar,"183 Tottenham Court Road, London W1T 7PE"
The Sourcing Table,"184, Bellenden Road, London SE15 4BW"
The Brockley Barge,"184 Brockley Road, Crofton Park, London SE4 2RR"
The Electric Ballroom,"184 Camden High Street, London NW1 8QP"
Champers,"184 Field End Road, Eastcote HA5 1RF"
The Watchman,"184 High Street, New Malden KT3 4ES"
Players Wine Bar,"184 Northfield Avenue, West Ealing W13 9SB"
The Tommyfield,"185 Kennington Lane, London SE11 4EZ"
Surrey Docks,"185, Lower Road, London SE16 2LW"
Yapalak Fc,"185a Lea Bridge Road, Leyton, London E10 7PN"
Golden Beer Ark Micropub,"186 Addington Road, South Croydon CR2 8LB"
The Gloucester,"187 Sloane Street, London SW1X 9QR"
Buckley's,"187 Streatfield Road, Harrow HA3 9DA"
Concoctions,"187 Wardour Street, London W1F 8ZB"
The Halfway House,"188c Halfway Street, Sidcup, Kent DA15 8DJ"
Pelham Arms,"189 Old Road West, Gravesend, Kent DA11 0LT"
Hither Green Railway Club,"19 Beacon Road, Hither Green, London SE13 6EQ"
Railway Telegraph,"19 Brigstock Road, Thornton Heath CR7 7JJ"
The New Inn,"19 Burnt Oak Broadway, Edgware HA8 5LD"
The Toucan,"19 Carlisle Street, London W1D 3BY"
Boom Battle Bar Aldgate East,"19 Chaucer Gardens, London E1 8QG"
The Regent,"19 Church Street, Walton-on-thames, Surrey KT12 2QP"
Wilf Slack Sports Club,19 East End Road London N3 2SU
Scottish Malt Whisky Society | The Bleeding Heart Tavern,"19 Greville Street, London EC1N 8SQ"
Cask And Stillage,"19 High Street, Potters Bar, Hertfordshire EN6 5AJ"
Paradise By Way Of Kensal Green,"19 Kilburn Lane, North Kensington, London W10 4AE"
The Lillie Langtry,"19 Lillie Road, London SW6 1UE"
The Park Tavern,"19 New Road, Kingston Upon Thames KT2 6AP"
The 19 Club,"19 North Parade, Mollison Way HA8 5QH"
The Faltering Fullback,"19 Perth Road, Hornsey, London N4 3HB"
The Fold,"19 Sidcup High Street, Sidcup, Kent DA14 6EN"
Bexley & Sidcup Conservative Club,"19 Station Road, Sidcup, Kent DA15 7EB"
The Dove,"19 Upper Mall, London W6 9TA"
Silver Avenue,"19 Upton Lane, Forest Gate, London E7 9PA"
Notting Hill Arts Club,"19-21 Notting Hill Gate, London W11 3JQ"
The Gallery,"190 Broadhurst Gardens, London NW6 3AY"
The Hawks Nest-sugo,"190 Railway Arches, Shepherd's Bush Market, London W12 8DF"
Mambo 190 Bar And Lounge,"190-192, Old Kent Road, London SE1 5TY"
Globe Lawn Tennis Club Bar,"190a Haverstock Hill, London NW3 2AL"
White Hart,"191 Drury Lane, London WC2B 5QD"
The Hobo Club,"191 High Road, Loughton, Essex IG10 4LN"
Coningham Arms,"191 Uxbridge Road, London W12 9RA"
Maison Arslan / The Green Ribbon,"193 Fleet Street, London EC4A 2AH"
Gravesend Conservative Club,"193 Parrock Street, Gravesend, Kent DA12 1EW"
Old Bank Of England,"194 Fleet Street, London EC4A 2LT"
Archers,"194-204 Main Road, Romford RM2 5HA"
Henny's Wine Bar,"195c Balham High Road, London, Wandsworth SW12 9BE"
O Neills,"196 Clapham High Street, London SW4 7UD"
Grub Club,"196 Ripple Road, Barking IG11 7PR"
Pommeler's Rest,"196-198, Tower Bridge Road, London SE1 2UN"
The Clockhouse,"196a, Peckham Rye, London SE22 9QA"
Beehive Public House,"197 St Johns Hill, London, Wandsworth SW11 1TH"
V Bar,"197a High Street, Hornchurch RM11 3XT"
The Artful Duke,"198 High Street, Bromley BR1 1HE"
The White Bear,"198 Kingsley Road, Hounslow TW3 4AR"
The Red Cow,"198 Windmill Lane, Cheshunt, Hertfordshire EN8 9AF"
The Watch House,"198-204 Lewisham High Street, London SE13 6JP"
Caviar Kaspia London,"1a Chesterfield Street, London W1J 5JG"
Princess Of Wales,"1a Montpelier Row, Blackheath, London SE3 0RL"
Shepperton Sports & Soc.,"1a Station Approach, Shepperton, Middx TW17 8AR"
Bridge Bar,"2 - 4 High Street, Beckenham BR3 1AZ"
The William Morris,"2 - 4 King Street, London W6 0QA"
The New Inn,"2 Allitsen Road, Regent's Park, London NW8 6LA"
Urban Oasis,"2 Armoury Way, London, Wandsworth SW18 1SH"
The Bishop,"2 Bishops Hall, Kingston Upon Thames KT1 1PY"
The Hawley Arms,"2 Castlehaven Road, London NW1 8QU"
Bacchus Late Bar & Venue,"2 Church Street, Kingston Upon Thames KT1 1RJ"
Red Lion,"2 Crete Hall Road, Northfleet, Kent DA11 9AA"
London Cocktail Club,"2 Eastcheap, London EC3M 1AE"
The Jolly Farmers,"2 Enfield Road, Enfield EN2 7QS"
The Copper Cow,"2 Fauconberg Road, Chiswick W4 3JY"
The Freemasons,"2 Flamstead End Road, Cheshunt, Hertfordshire EN8 0HH"
Pixie's,"2 Georgian Village 100 Wood Street, Walthamstow, London E17 3HX"
Ship & Whale Public House,"2, Gulliver Street, London SE16 7LT"
Leytonstone Ex Servicemens Club,"2 Harvey Road, Leytonstone, London E11 3DB"
The Enterprise,"2 Haverstock Hill, London NW3 2BL"
The Beaufort,2 Heritage Avenue London NW9 5AA
Queens Head Public House,2 High Roadbyfleetwest Byfleetsurrey KT14 7QG
The Golden Lion,"2 High Street, Romford RM1 1HR"
The Perseverance,"2 High Street, Wraysbury, Staines TW19 5DB"
All Bar One,"2 Hill Road, Sutton SM1 1DZ"
The Maypole,"2 Hook Road, Surbiton KT6 5BH"
Camden Eye,"2 Kentish Town Road, London NW1 9NX"
Escape Bar & Restaurant,"2 Lidlington Place, London NW1 2JU"
De Lounge,"2 Linton Road, Barking IG11 8HG"
Bear & Ragged Staff,"2 London Road, Crayford, Kent DA1 4BH"
Maltsters Arms Ph,"2 London Road, Romford, Lambourne, Essex RM4 1UX"
The Corn Exchange,"2 Minster Court, London EC3R 7BB"
The Sheephaven Bay,"2 Mornington Street, London NW1 7QD"
Man Of Kent,"2, Nunhead Green, London SE15 3QF"
Tina We Salute You,"2 Olympic Park Avenue, Stratford, London E20 1FT"
The Fox At Crouch End,"2 Park Road, Hornsey, London N8 8TD"
Belvedere North Conservative Club,"2 Paroma Road, Belvedere, Kent DA17 5AA"
The Joiner On Worship,"2 Paul Street, Hackney, London EC2A 4JH"
Perry Street Conservative Club,"2 Perry Street, Northfleet, Kent DA11 8QU"
The Buccaneer / Blackbeard Pizza,"2 Plaistow Grove, Stratford, London E15 3ER"
General Roy,"2 Poplar Way, Feltham TW13 7AB"
The Paternoster,"2 Queen's Head Passage, London EC4M 7DZ"
The Albion,"2 Rainham Road, Rainham RM13 8SS"
The Royal Oak,"2 Regency Street, London SW1P 4BZ"
Dicey Reillys,"2 Ruislip Road, Greenford UB6 9QN"
Feed The Yak,"2, Sayer Street, London SE17 1FG"
Inn On The Park,"2 Solar Way, Enfield EN3 7XY"
Dave's Wine Bar,"2 St James's Passage, London EC3A 5DH"
Bunch Of Grapes,"2, St Thomas Street, London SE1 9RS"
The Green Dragon,"2 St. Albans Road, Barnet, Hertfordshire EN5 4RE"
Railway Tavern,"2 Station Road, Longfield, Kent DA3 7QD"
The Old Plough,"2 Station Road, Stoke D'abernon, Cobham KT11 3BN"
Yorkshire Grey,"2 Theobald's Road, London WC1X 8PN"
The Talbot,"2 Tyrwhitt Road, London SE4 1QG"
The Victoria,"2 Victoria Street, Belvedere, Kent DA17 5LN"
The Sparrowhawk,"2 Westow Hill, Upper Norwood, London SE19 1RX"
The Black Heart & Ld's Kitchen,"2-3 Greenland Place, London NW1 0AP"
The Friend At Hand,"2-4 Herbrand Street, London WC1N 1HX"
Coach & Horses,"2-4 High Road, Ickenham UB10 8LJ"
The Prince George,"2-4 High Street, Thornton Heath CR7 8LE"
Larry King Limted,"2-4 Lambton Place, London W11 2SH"
Canterbury Arms,"2-4, Maddock Way, London SE17 3NH"
The Corner House,"2-4 Slough Lane, London NW9 8QL"
5 Hertford Street,"2-5 Hertford Street, London W1J 7RW"
On The Corner Bar Ltd,"20 Ashfield Parade, London N14 5EJ"
Blame Gloria,"20 Bedford Street, London WC2E 9HP"
Be At One Cocktail Lounge & Late Bar Piccadilly,"20 Great Windmill Street, London W1D 7LA"
Bill's Restaurant,"20 Hartfield Road, Wimbledon, Merton SW19 3TA"
Kent Cocktail Bar,"20 High Street, Gravesend, Kent DA11 0BA"
1885 Lounge,"20 High Street, South Norwood, London SE25 6EZ"
Thyme Tavern,"20 London Street, Chertsey KT16 8AA"
Mot Venue Ltd,"20 Orion Business Centre, Surrey Canal Road, London SE14 5RT"
The White Horse,"20, Peckham Rye, London SE15 4JR"
The Grafton,"20 Prince Of Wales Road, London NW5 3LG"
Old Fields,"20 Replingham Road, London, Wandsworth SW18 5LS"
Whelans,"20 Richmond Road, Kingston Upon Thames KT2 5EB"
Ales On The Green,"20 The Green, Warlingham, Surrey CR6 9NA"
The Woodman & Olive,"20 West End Road, Wormley West End, Broxbourne, Hertfordshire EN10 7QN"
"Market Place Leicester Square | Rocket Room, Leicester Square","20-21 Leicester Square, London WC2H 7JX"
Enoteca Da Luca,"20-21 Watling Street, London EC4M 9BR"
The Meeting Point,"200 - 202 High Street North, East Ham, London E6 2JA"
Fez Club,"200 Upper Richmond Road, London, Wandsworth SW15 2SH"
The Fox And Hounds,"201 - 203 Lowfield Street, Dartford, Kent DA1 1JJ"
The Two Towers,"201 Gipsy Road, London SE27 9QY"
The Acorn,"201-203 Longbridge Road, Barking IG11 8UF"
Simmons Bar,"201-203 Wardour Street, London W1F 8ZH"
Dirty Dicks Public House,"202 Bishopsgate, London EC2M 4NR"
Bucks Head,"202 Camden High Street, London NW1 8QR"
The Railway,"202 Upper Richmond Road, London, Wandsworth SW15 6TD"
Trinity,"202-206, Borough High Street, London SE1 1JX"
The Bedford Arms,"204 Dawes Road, London SW6 7RQ"
Black Horse | Hello Meals Limited,"204 London Road, Kingston Upon Thames KT2 6QP"
Jolly Butchers (stoke Newington) Limited,"204 Stoke Newington High Street, Hackney, London N16 7HU"
Shepherds Bush Club,"205 Goldhawk Road, London W12 8EP"
The Greyhound,"205 High Street, Bromley BR1 1NY"
Royal British Legion Club,"205 High Street, Hornchurch RM11 3XT"
Winchester Hall Tavern,"206 Archway Road, Hornsey, London N6 5BA"
Whyteleafe Tavern,"208 Godstone Road, Whyteleafe, Surrey CR3 0EE"
Princess Louise,"208 High Holborn, London WC1V 7BW"
One Inn The Wood - Micro Pub,"209 Petts Wood Road, Petts Wood, Orpington BR5 1LA"
Anchor Tap,"20a, Horselydown Lane, London SE1 2LN"
The East Hill,"21 Alma Road, London, Wandsworth SW18 1AA"
Spit & Sawdust,"21, Bartholomew Street, London SE1 4AL"
The Regent,"21 Chestnut Grove, London, Wandsworth SW12 8JB"
The Clifton Arms,"21 Clifton Road, South Norwood, London SE25 6NJ"
The Sun,"21 Drury Lane, London WC2B 5RH"
Amar Hall,"21 East Hill, Dartford, Kent DA1 1RX"
Shepherd Market Wine House,"21 Shepherd Market, London W1J 7PN"
Wanstead House Community Assoc,"21 The Green, Wanstead E11 2NT"
Simmons Bar,"21 Widegate Street, London E1 7HP"
London Pub Grub Co,"21-22 Maiden Lane, London WC2E 7NA"
The Old Nick,"21-22 Sandland Street, London WC1R 4PZ"
Box,"21-23 Shaftesbury Avenue, London, United Kingdom W1D 7ED"
The Hound Public House,"210 Chiswick High Road, Chiswick W4 1PD"
Houlihans Freehouse,"210 Field End Road, Eastcote HA5 1RD"
Farriers Arms,"214, Lower Road, London SE8 5DJ"
The Eagle,"215 Askew Road, London W12 9AZ"
Two 1 Five,"215 Broadway, Bexleyheath, Kent DA6 7EJ"
Beefs And Babes,"217 London Road, Stone, Kent DA9 9DQ"
Princess Victoria,"217 Uxbridge Road, London W12 9DH"
The Ship,"218 Main Road, Sutton At Hone, Kent DA4 9HP"
The Raven,"218, Tower Bridge Road, London SE1 2UP"
Walton Working Mens Club,"21a Church Street, Walton-on-thames, Surrey KT12 2QP"
The Blue Posts,"22 Berwick Street, London W1F 0QA"
The Brewers Arms,"22 Brook Street, Erith, Kent DA8 1JQ"
Princess Of Wales,"22 Chalcot Road, London NW1 8LL"
Blackheath & Newbridge,"22 Charlton Road, Charlton, Greenwich SE3 7HG"
Royal British Legion Club Ltd,"22 Cross Road, Feltham TW13 6QW"
Mr Fogg?s Hat Tavern And Gin Club,"22 Great Chapel Street, London W1F 8FR"
White Hart,"22, Great Suffolk Street, London SE1 0UG"
The Holly Bush,"22 Holly Mount, London NW3 6SG"
Crown & Anchor,"22 Neal Street, London WC2H 9PS"
The Southwark Tavern,"22, Southwark Street, London SE1 1TU"
Sahibs,"22 The Broadway, Joel Street, Northwood HA6 1PF"
Williams Ale And Cider House,"22-24 Artillery Lane, London E1 7LS"
Kbo2 Venue Hire,"220 Green Lanes, London N13 5XS"
Rose And Crown,"220 Heston Road, Hounslow TW5 0RH"
The Castle Inn,"222 Brox Road, Ottershaw KT16 0LW"
The Ramble Inn,"223 Mitcham Road, London, Wandsworth SW17 9JG"
The Elephants Head,"224 Camden High Street, London NW1 8QR"
The Spread Eagle (rdhc Ltd),"224 Homerton High Street, Hackney, London E9 6AS"
The London Cocktail Club,224a Shaftesbury Avenue WC2H 8EB
Clarendon Arms,"225, Camberwell New Road, London SE5 0TH"
Unicorn Public House,"225 Clayhall Avenue, Clayhall IG5 0NY"
Kabul City Restaurant,"225-227 Edgware Road, Kingsbury, London NW9 6LU"
The Unicorn,"227 Camden Road, London NW1 9AA"
Tooting Progressive Working Men's Club & Institute,"227 Mitcham Road, London, Wandsworth SW17 9JG"
Wickham Park Sports Club (bar Only),"228 Pickhurst Rise, West Wickham BR4 0AU"
Porky's Wine Bar,"23 - 27 Sternhold Avenue, London SW2 4PA"
Di' Vino Bar & Pizzeria,"23 Ashfield Parade, London N14 5EH"
The Duke Of Sussex,"23 Baylis Road, London SE1 7AY"
Prince Of Wales,"23 Bridge Road, East Molesey, Surrey KT8 9EU"
The Crock Of Gold,"23 Bridge Road, Wembley HA9 9AB"
"Pelt Trader, Arch 3","23 Dowgate Hill, London EC4R 2SU"
East Barnet Valley United Services Club,23 East Barnet Road Barnet EN4 8RN
New Explorer,"23 Great Castle Street, London W1G 0JA"
Power's Bar,"23 Hay Lane, London NW9 0NH"
The Golden Lion,"23 High Street, Hoddesdon, Hertfordshire EN11 8SX"
23 Paul Street,"23 Paul Street, 23-25 Paul Street, London, Ec2a 4ju EC2A 4JU"
The Cock Tavern,"23 Phoenix Road, London NW1 1HB"
Blakes,"23 Queen Street, Gravesend, Kent DA12 2EQ"
The Phoenix Pub And Dining Room,"23 Smith Street, London SW3 4EE"
The Surrey Cricketers,"23 West Street, Croydon CR0 1DJ"
Richmal Crompton - J D Wetherspoon,"23 Westmoreland Place, Bromley BR1 1DS"
Crocker's Folly,"23-24 Aberdeen Place, London NW8 8JR"
Igoli Bar Ltd,"23-25 Eastcastle Street, London W1W 8DF"
"The Goose Aka Ktown; Fluster Cluck; Locked & Loaded; 88th St, Value Mighty; Sin City Burger","23-25 King Street, Gravesend, Kent DA12 2DU"
The Duke Of Hamilton,"23-25 New End, London NW3 1JD"
Foots Cray Social Club,"23-27 Cray Road, Sidcup, Kent DA14 5BY"
Ealing Wine Co,"230 Northfield Avenue, West Ealing W13 9SJ"
The Woodhouse,230 Woodhouse Road London N12 0RS
The Magic Garden,"231 Battersea Park Road, London, Wandsworth SW11 4LG"
The Avenues Social Club Limited,"231 Dagenham Road, Rush Green RM7 0TH"
Simon The Tanner,"231, Long Lane, London SE1 4PR"
The Nags Head,"231-235, Rye Lane, London SE15 4TP"
Swing Jazz Bar,"232 - 234 North End Road, London W14 9NU"
Prodigy Lounge,"232 Church Lane, London NW9 8SN"
Carlton Lounge/tiger Bay,"232-234 Kingsbury Road, London NW9 0BH"
The Hawke,"233-235 Victoria Park Road, Hackney, London E9 7HD"
The Wrong' Un,"234-236 Broadway, Bexleyheath, Kent DA6 8AS"
Duke On The Green,"235 New King's Road, London SW6 4XG"
The Harrow Inn,"235 Stansted Road, Caterham, Surrey CR3 6AJ"
The Gun,"235 Well Street Hackney, Hackney, London E9 6FE"
Jack Horner,"235-236 Tottenham Court Road, London W1T 7QN"
Piano Bar 2,"236 Green Lanes, London N13 5UD"
Gidea Park Micropub,"236 Main Road, Romford RM2 5HA"
Bloomsbury Tavern,"236 Shaftesbury Avenue, London WC2H 8EG"
Barretts,"239 Cricklewood Broadway, London NW2 3HP"
Ye Olde Kings Head,"24 - 26 Church Street, Epsom, Surrey KT17 4QB"
Turtle Bay,"24 - 26 High Street, Staines-upon-thames TW18 4EE"
Peckham Liberal Club,"24, Elm Grove, London SE15 5DE"
The Waverley Inn,"24 Heath Road, Weybridge, Surrey KT13 8TH"
The Hillgate,"24 Hillgate Street, London W8 7SR"
The Beehive Ph,"24 Little Bury Street, London N9 9JZ"
The Echo,"24 Old Road East, Gravesend, Kent DA12 1NR"
The Plough Inn,"24 Riverside, Eynsford, Kent DA4 0AE"
Eadn London,"24 Stephenson Street, Canning Town, London E16 4SA"
Sylvan Post,"24-28 Dartmouth Road, London SE23 3XZ"
The Cocktail Bar South Norwood At No. 241 Norwood,"241 Selhurst Road, South Norwood, London SE25 6XP"
Nags Head P H,"242, Camberwell Road, London SE5 0DP"
Bird In Hand,"242 Dartford Road, Dartford, Kent DA1 3EY"
Crown And Pepper,"242 High Street, Croydon CR0 1NF"
The Lord Nelson,"243, Union Street, London SE1 0LR"
Boulevard Club,"243a Kenton Lane, Harrow HA3 8RP"
The Hand And Marigold,"244, Bermondsey Street, London SE1 3UH"
Club Marina,"244-246 Kingsbury Road, London NW9 0BG"
The North End Tavern,"245 Cheam Common Road, Worcester Park KT4 8ST"
Lucas Arms,"245a Gray's Inn Road, London WC1X 8QY"
Arcadia Lounge Bar,"247 Broadway, Bexleyheath, Kent DA6 8DB"
Bell & Gate,"248 Collier Row Lane, Romford RM5 3JB"
The Goose,"248 North End Road, London SW6 1NL"
Unikat - 2 B6 Restaurant,"248a Green Lanes, London N13 5TU"
Tiffty Tom's,"249 Neasden Lane, London NW10 1QG"
Faber Fox,"25 - 27 Westow Hill, London SE19 1TQ"
Hand & Racquet,"25 - 27 Wimbledon Hill Road, Wimbledon, Merton SW19 7NE"
Cr1,"25 - 29 South End, Croydon CR0 1BE"
The Windjammer,"25 Admiralty Avenue, Silvertown, London E16 2PN"
Merkur Slots,"25 Broadway, West Ealing W13 9DA"
Stormbird,"25, Camberwell Church Street, London SE5 8TR"
The Chancellors,"25 Crisp Road, London W6 9RL"
Painters Ash Public House,"25 Dene Holm Road, Northfleet, Kent DA11 8LF"
Milton Ale Shades,"25 East Milton Road, Gravesend, Kent DA12 2JL"
The Moniker,"25 Fenchurch Avenue, London EC3M 5AD"
Phineas,"25 Gordon Street, London WC1H 0AH"
Rising Sun,"25 Harlesden Road, London NW10 2BY"
Harrow School Staff Sports Club,"25 High Street, Harrow HA1 3HT"
The Shawl,"25 High Street, London NW10 4NE"
Cargo Canary Wharf,"25 North Colonnade, London E14 5HZ"
Hornchurch Conservative Club,"25 North Street, Hornchurch RM11 1RS"
Kingston Working Mens Club,"25 Old London Road, Kingston Upon Thames KT2 6ND"
Whispering Moon,"25 Ross Parade, Wallington SM6 8QF"
The Kings Arms,"25 Roupell Street, London SE1 8TB"
Dalla Terra Wine Bar,"25 Slingsby Place, London WC2E 9AB"
Ye Olde Coach And Horses Inn,"25 The Hill, Northfleet, Gravesend, Kent DA11 9EU"
Springfield Acton Bowls,"25 Western Gardens, Ealing W5 3RS"
The Gravesend Masonic Hall | The Three Pillars,"25 Wrotham Road, Gravesend, Kent DA11 0PA"
Basing House,"25-27 Kingsland Road, Hackney, London E2 8AA"
The Bishop,"25-27, Lordship Lane, London SE22 8EW"
The Ferndale,"250 Ferndale Road, London SW9 8FR"
The George,"250 Haverstock Hill, London NW3 2AE"
The Moon And Sixpence Ph,"250 Uxbridge Road, Hatch End HA5 4NY"
The Old Eagle Public House,"251 Royal College Street, London NW1 9LU"
The Blue Anchor P H,"251, Southwark Park Road, London SE16 3TS"
Calthorpe Arms,"252 Gray's Inn Road, London WC1X 8JR"
Triangle Club,"252 High Street, London NW10 4TD"
The Shanakee,"253 Edgware Road, Kingsbury, London NW9 6LU"
The Old English Gentleman,"253 Turners Hill, Cheshunt, Hertfordshire EN8 9DG"
Social Club,"254 Fore Street, London N18 2QD"
Metropolis,"256 High Street, Bromley BR1 1PG"
Blondies Taproom,"258 Church Road, Leyton, London E10 7JQ"
The Bear Tavern,"26 - 28 York Street, Twickenham, Richmond Upon Thames TW1 3LJ"
Queens,"26 Broadway Parade, Tottenham Lane, Hornsey, London N8 9DE"
Lounge 4:04,26 Cricklewood Lane London NW2 1HB
Harrild And Sons,"26 Farringdon Street, London EC4A 4AB"
The Albion,"26 High Street, South Norwood, London SE25 6HA"
Wimbledon Village Club,"26 Lingfield Road, Wimbledon, Merton SW19 4QD"
Stewart Arms Ph,"26 Norland Road, London W11 4TR"
Golden Lion,"260 Broadway, Bexleyheath, Kent DA6 8BE"
Brixton Jamm,"261 Brixton Road, London SW9 6LH"
The Royal Oak,"261 Ewell Road, Surbiton KT6 7AA"
Barnes Sports Club Ltd,"261 Lonsdale Road, Barnes, Richmond Upon Thames SW13 9QL"
The Conquering Hero,"262 Beulah Hill, Upper Norwood, London SE19 3HF"
The Goose,"264 Hoe Street, Walthamstow, London E17 3AX"
Acton Vale Working Mens Club,"265 - 267 Uxbridge Road, London W12 9DS"
Oxford Arms,"265 Camden High Street, London NW1 7BU"
The Winning Post,"265 High Street, Sutton SM1 1LD"
K K Mccools,"265 West Green Road, Tottenham, London N15 3BH"
The Gardeners Arms,"266 - 268 Merton Road, London, Wandsworth SW18 5JL"
Blue Dubai,"266 Church Road, Northolt UB5 5AW"
United Services Club Ltd,"268 Balham High Road, London, Wandsworth SW17 7AJ"
The Askew,"269 Uxbridge Road, London W12 9DS"
Salt Lounge,"269 West End Lane, London NW6 1QS"
The George,"269-271 Station Road, Harrow HA1 2TB"
Mother Kellys E20,"27 - 30 Victory Parade, Stratford, London E20 1FS"
The Untraditional Pub,"27 Crate Building 35 St James Street, Walthamstow, London E17 7FY"
Sporting Club De Londres,"27 Elkstone Road, London W10 5NT"
Victoria Taps,"27 Gillingham Street, London SW1V 1HP"
The Plough,"27 Museum Street, London WC1A 1LH"
The Bear,"27-29 Spring Street, London W2 1JA"
Belvedere Social Club,"27-35 Nuxley Road, Belvedere, Kent DA17 5JQ"
The Royal Oak Public House,"270 Bexley Road, Erith, Kent DA8 3HB"
The North Star,"271 Hook Road, Chessington KT9 1EQ"
In Vino Veritas,"271 Well Street, Hackney, London E9 6RG"
Queen Adelaide,"272 Kingston Road, Ewell, Surrey KT19 0SH"
The Venue N10,"272 Muswell Hill Broadway, Hornsey, London N10 2QR"
The Rose Inn,"272 New Cross Road, London SE14 5UL"
George Staples,"273 Blackfen Road, Sidcup, Kent DA15 8PR"
The Bat And Ball,"275 Court Road, Eltham, Greenwich SE9 4TH"
Frenchmen Wines Ltd,"275 Wandsworth Bridge Road, London SW6 2TX"
Scala,"275-277 Pentonville Road, London N1 9NL"
The London & South Western - Jd Wetherspoons,"276 - 288 Lavender Hill, London, Wandsworth SW11 1LJ"
Twomey's Irish Bar,"278 Preston Road, Harrow HA3 0QA"
The Last Drop Inn,"279 Eltham High Street, Eltham, Greenwich SE9 1TY"
The Arbitrager,"27a Throgmorton Street, London EC2N 2AN"
Hermits Cave,"28, Camberwell Church Street, London SE5 8QU"
Pitcher & Piano,"28 Cornhill, London EC3V 3ND"
The Brown Dog,"28 Cross Street, Barnes, Richmond Upon Thames SW13 0AP"
Three Cranes,"28 Garlick Hill, London EC4V 2BA"
Riff Raffs,"28 George Street, Croydon CR0 1PB"
The Harrison,"28 Harrison Street, London WC1H 8JF"
The Victoria,"28 High Street, Plaistow, London E13 0AJ"
Be At One,"28 King William Street, London EC4R 9AT"
Norfolk Arms,"28 Leigh Street, London WC1H 9EP"
Simmons Bar,"28 Maple Street, London W1T 6HP"
Romford United Services Club,"28 Mawney Road, Romford RM7 7HB"
The Fox Public House,"28 Paul Street, Hackney, London EC2A 4LB"
Bourne & Hollingsworth,"28 Rathbone Place, London W1T 1JF"
Waltz,"28 Scrutton Street, Hackney, London EC2A 4RP"
The Tiger,"28 St Albans Road, Dartford, Kent DA1 1TF"
Royal Mahal Banqueting,"28 Upper Tooting Road, London, Wandsworth SW17 7PG"
The Victoria,"28 Victoria Road, Surbiton KT6 4JT"
The Crown Inn,"28 Wickham Road, Croydon CR0 8BA"
The Good Mixer,"28-30 Inverness Street, London NW1 7HJ"
Castle Public House,"280, Crystal Palace Road, London SE22 9JJ"
Greenacres Sports & Social Club,"282 Limpsfield Road, Warlingham CR6 9RE"
The Dc Lion,"282 Mare Street, Hackney, London E8 1HE"
Ancient Foresters,"282, Southwark Park Road, London SE16 2HB"
Ryans Bar,"282-284 Northfield Avenue, Ealing W5 4UB"
Alice House,"283-285 West End Lane, London NW6 1RD"
The Crown,"285 High Street, Sutton SM1 1LD"
Sulgrave Club,"287 Goldhawk Road, London W12 8EU"
Raffles Club,"287 King's Road, London SW3 5EW"
The Old Farmhouse,"289-291 Kentish Town Road, London NW5 2JS"
The Curtains Up,"28a Comeragh Road, London W14 9HR"
Simmons Bar Leicester Square,"28a Leicester Square, London WC2H 7LE"
The White Hart,"29 - 30 Cornwall Road, London SE1 8TJ"
The River Bar,"29 Circus Road West, London, Wandsworth SW11 8EZ"
Caddi Club Chelsea,"29 Imperial Road, London SW6 2FR"
Old Town Tavern,"29 North Street, London SW4 0HJ"
Bar Esteban,"29 Park Road, Hornsey, London N8 8TE"
The Crown,"29 Perry Street, Northfleet, Kent DA11 8RA"
Mary Maddens Bar,"29 Silver Street, Enfield EN1 3EF"
Slug And Lettuce,"29 St Mary Axe, London EC3A 8AA"
Frankie's Wine Bar,"29 Station Lane, Hornchurch RM12 6JL"
The George,"29 Windsor Road, Wraysbury, Staines TW19 5DE"
The Walton Village,"29-31 High Street, Walton-on-thames, Surrey KT12 1DG"
The Craft Beer Company,"29-31 Mitre Street, London EC3A 5BU"
The Assembly House,"292-294 Kentish Town Road, London NW5 2TG"
The Bull,"293 London Road, Stone, Kent DA9 9DA"
Joyce,"294 - 296 Brockley Road, Crofton Park, London SE4 2RA"
Knowles Of Norwood,"294 - 298 Norwood Road, London SE27 9AF"
The Black Lion,295 West End Lane NW6 1RD
The Bear,"296a, Camberwell New Road, London SE5 0RP"
Brixton Immortals Domino Club,"297 - 299 Coldharbour Lane, London SW9 8RP"
Ahir Lorenzo's Bar Restaurant,298 Nether Street London N3 1RJ
The Indian Poet,"298 West End Road, Ruislip HA4 6LS"
The Cricketers Public House,"299-301 High Road, Woodford Green IG8 9HQ"
Cocktail Akademia,"29a Widmore Road, Bromley BR1 1RW"
Friends Social Club,"2a Gloucester Road, London N18 1HL"
The Swan,"2a Stockwell Road, London SW9 9BF"
Vino Tap,"2a Winchester Road, Chingford, London E4 9LN"
2northdown,"2northdown, Ground First And Second Floors, 2 Northdown Street, London N1 9BG"
South East London Masonic Club,"3 Avenue Road, Beckenham SE20 7RT"
The Malt Shovel,"3 Darenth Road, Dartford, Kent DA1 1LP"
O'neills,"3 Eden Street, Kingston Upon Thames KT1 1BQ"
White Lion,"3 Farleigh Road, Warlingham, Surrey CR6 9EG"
The Hat & Tun,"3 Hatton Wall, London EC1N 8HX"
Viva Club,"3 Hill Rise, Richmond, Richmond Upon Thames TW10 6UQ"
Spread Eagle,"3 Kingsland Road, Hackney, London E2 8AA"
The Great North Wood,"3 Knight's Hill, London SE27 0HS"
The Druids Head,"3 Market Place, Kingston Upon Thames KT1 1JT"
Lockhouse Pub,"3 Merchant Square, Hyde Park, London W2 1AZ"
The Rusty Bucket Pub,"3 Mill Row, Bexley High Street, Bexley, Kent DA5 1LA"
Tank & Paddle,"3 Minster Court, London EC3R 7DD"
The Bridge Theatre,"3 Potters Fields Park, Potters Fields, London SE1 2SG"
The Goat Tavern,"3 Stafford Street, London W1S 4RP"
The Bodhran Ph,3 Vivian Avenue London NW4 3UT
The Penny Farthing,"3 Waterside, Crayford, Dartford, Kent DA1 4JJ"
Stansfeld Oxford & Bermondsey Club,"3, Webb Street, London SE1 4RP"
Tap Sidcup,"3 Wellington Parade, Blackfen Road, Sidcup, Kent DA15 9NB"
Tequila Mockingbird,"3-5 Burleigh Street, London WC2E 7PX"
Maddox Club And Restaurant,"3-5 Mill Street, London W1S 2AU"
The Mad Hatter Hotel,"3-7, Stamford Street, London SE1 9NY"
The Bear Public House,"30 Bridge Street, Walton-on-thames, Surrey KT12 1AH"
The Dart,"30 Chastilian Road, Dartford, Kent DA1 3JJ"
El Vino Co Ltd,"30 New Bridge Street, London EC4V 6BJ"
Be At One,"30 Putney High Street, London, Wandsworth SW15 1SQ"
The Queen's Arms,"30 Queen's Gate Mews, London SW7 5QL"
Georgios Sports Bar,"30 St James Street, Walthamstow, London E17 7PF"
The Stage Door Public House,"30 Webber Street, London SE1 8QA"
The Wells Tavern,"30 Well Walk, London NW3 1BX"
The Square Pig,"30-32 Procter Street, London WC1V 6NZ"
Harry's Bar,"30-34 James Street, Marylebone High Street, London W1U 1EP"
The Black Prince,"300 Woodham Lane, Addlestone KT15 3NT"
No 8 Public House And Hostel,"305 High Road, London NW10 2JT"
Teds Place,"305a North End Road, London W14 9NS"
Finchley United Services Club,307 Ballards Lane London N12 8LY
Shamrock Sports & Social Club,"307a Horn Lane, Acton W3 0BP"
The Broken Drum,"308 Westwood Lane, Sidcup, Kent DA15 9PT"
Chandos Arms,31 Colindale Avenue London NW9 5DS
Burlock And Fam Bar,"31 Duke Street, London W1U 1LG"
Cross Keys,"31 Endell Street, London WC2H 9BA"
Bricklayers Arms,"31 Gresse Street, London W1T 1QS"
The Cuckfield Public House,"31 High Street, Wanstead E11 2AA"
The Lion,"31 Houndsditch, London EC3A 7DB"
Marquis Cornwallis,"31 Marchmont Street, London WC1N 1AP"
The Rose & Crown Public House,"31 Mill Lane, Woodford Green IG8 0UG"
Andrew Robson Bridge Club,"31 Parsons Green Lane, London SW6 4HH"
Simmons Bar (jeremy Bentham),"31 University Street, London WC1E 6JL"
Copper House Blackfen,"31 Wellington Parade, Blackfen Road, Sidcup, Kent DA15 9NB"
The Invicta Bar,"31 Windmill Street, Gravesend, Kent DA12 1AS"
The Lucky Rover,"312 Hook Road, Chessington KT9 1NY"
Genting Casino - Terrace Bar,"312 The Loft, Westfield Stratford City, Montfichet Road, Stratford E20 1ET"
The Corner House,"313 Harrow Road, Wembley HA9 6BA"
The Greyhound,"313-315 Kirkdale, London SE26 4QB"
The Rookwood Village,"314 - 316 Cann Hall Road, Leytonstone, London E11 3NW"
The Duke Of Richmond,"316 Queensbridge Road, Hackney, London E8 3NH"
Royal British Legion,"316 St Mary's Lane, Upminster RM14 3HL"
The Alfred Herring,"316-322 Green Lanes, London N13 5TT"
The Royal Oak,"317 Walton Road, West Molesey, Surrey KT8 2QG"
Smugglers Inn,"318 - 320 Chipstead Valley Road, Coulsdon CR5 3BE"
Tavern On The Hill,"318 Higham Hill Road, Walthamstow, London E17 5RG"
Queens Head & Artichoke,"32 Albany Street, London NW1 4EA"
New Eltham Social Club,"32 Avery Hill Road, Avery Hill, Greenwich SE9 2BD"
Raynes Park Tavern,"32 Coombe Lane, Raynes Park, Merton SW20 0LA"
The Birds Nest,"32 Deptford Church Street, London SE8 4RZ"
Freemasons Arms,"32 Downshire Hill, London NW3 1NT"
The Crown And Pepper,"32 Godstone Road, Caterham, Surrey CR3 6RA"
The Mill,"32 Mill Lane, London NW6 1NR"
The Cricketers,"32 Row Town, Addlestone KT15 1EY"
The Cherry Tree,"32 Station Road, South Norwood, London SE25 5AG"
The Railway,"32 Station Way, Cheam SM3 8SQ"
No32 The Old Town,"32 The Pavement, London SW4 0JE"
The Rose And Crown,"32 The Street, Shorne, Gravesend, Kent DA12 3EA"
Bricklayer's Arms,"32 Waterman Street, London, Wandsworth SW15 1DD"
The Bridge Tap,"32-34, Borough High Street, London SE1 1XU"
Reverend J W Simpson,32-34 Goodge Street W1T 2QJ
Dream Bags Jaguar Shoes,"32-36 Kingsland Road, Hackney, London E2 8DA"
The Shawl Public House,"320 Northolt Road, South Harrow HA2 8EE"
The Duke Of Northumberland,"322 Bexley Road, Erith, Kent DA8 3HB"
Marquis Of Granby,"322 New Cross Road, London SE14 6AG"
New Cross Inn,"323 New Cross Road, London SE14 6AS"
Bertie Blossoms,"323 Portobello Road, London W10 5SY"
The Arch Wembley,"324 Harrow Road, Wembley HA9 6LL"
Old Dispensary,"325, Camberwell New Road, London SE5 0TF"
The Pavilion,"325 Kirkdale, London SE26 4QB"
The Hare And Hounds,"325 Purley Way, Croydon CR0 4NU"
Friends Lounge,"326 Green Lanes, London N13 5TW"
The Horseshoe Bar,"326-326a Eastcote Lane, South Harrow HA2 9AJ"
The Cricklewood Club (london Midland Railway Club),"327 Edgware Road, Cricklewood, London NW2 6JP"
The Water Rats,"328 Gray's Inn Road, London WC1X 8BZ"
Brondes Age,328 Kilburn High Road NW6 2QN
Nachley,"328a Rayners Lane, Harrow HA5 5ED"
Azteca,"329 King's Road, London SW3 5ES"
Rangers Bar Lounge And Restaurant,"33 - 35 High Street, Sutton SM1 1DJ"
The Falcon,"33 Bedford Road, London SW4 7SQ"
The Lord Palmerston,"33 Dartmouth Park Hill, London NW5 1HU"
Bromley Common Social And Athletic Club,"33 Great Elms Road, Bromley BR2 9NF"
United Service Club,"33 London Road, Bromley BR1 1DG"
The Old Crown (sep Sublet Kitchen),"33 New Oxford Street, London WC1A 1BH"
Claret Wine Bar,"33 The Broadway, Cheam SM3 8BL"
The Loft,"33 Villier Street, Uxbridge UB8 2PU"
Nolan's Freehouse,"33 Wilcox Road, London SW8 2XA"
The Ship Aground Public House,"33, Wolseley Street, London SE1 2BP"
The Crumpled Horn,"33-37 Corbets Tey Road, Upminster RM14 2AJ"
Crofton Park Tavern,"332 Brockley Road, London SE4 2BT"
Goat,"333 Fulham Road, London SW10 9QL"
The Shrub & Shutter,"336 Coldharbour Lane, London SW9 8QH"
Jeroboams,"336 King's Road, London SW3 5UR"
The Arnos Arms,"338 Bowes Road, London N11 1AN"
Studio 338,"338 Tunnel Avenue, Greenwich SE10 0PF"
Aldersbrook Bowls Club Limited,"34 Aldersbrook Road, Wanstead E12 5DY"
Mr Fogg's Apothecary,"34 Brook Street, West End, London W1K 5DN"
The King And Queen,"34 High Street, Caterham, Surrey CR3 5UA"
The Ram,"34 High Street, Kingston Upon Thames KT1 1HL"
Wheatsheaf Inn,"34 Kingston Road, Ewell, Surrey KT17 2AA"
The Anchor Bankside,"34, Park Street, London SE1 9EF"
Milton Social Club,"34 Raphael Road, Gravesend, Kent DA12 2PW"
The Victoria,"34 Scotland Green, Tottenham, London N17 9TT"
All Bar One,"34, Shad Thames, London SE1 2YG"
Jameson's Bar,"34 South Parade, Mollison Way HA8 5QL"
The Surbiton Club,"34 St James Road, Surbiton KT6 4QL"
Somali Social Society,"34 Standard Road, Park Royal NW10 6EU"
Hoop & Toy,"34 Thurloe Place, London SW7 2HQ"
Albion Hotel,"34-36 Bridge Road, East Molesey, Surrey KT8 9HA"
The Banqueting Suite,"34-38 Steele Road, London NW10 7AS"
The Royal British Legion,"34-40, Braganza Street, London SE17 3RJ"
Buzz Bingo,"341 - 353 High Street, Stratford, London E15 4QZ"
Ox & Gate Pub / Real Lahore - Crystal Pro Limited,"341 Oxgate Lane, London NW2 7HS"
Heathcote & Star,"344 Grove Green Road, Leytonstone, London E11 4EA"
The Purley Arms,"345 Brighton Road, South Croydon CR2 6ER"
Rivoli Ballroom,"346-350 Brockley Road, Crofton Park, London SE4 2BY"
The Phoenix,"348 Clapham Road, London SW9 9AR"
The Rose,"35 Albert Embankment, London SE1 7TL"
The Hangar Welling,"35 Bellegrove Road, Welling, Kent DA16 3PB"
The Botanist,"35 Broadgate Circle, London EC2M 2QS"
Lock Tavern,"35 Chalk Farm Road, London NW1 8AJ"
Spice Rack,"35 Church Road, Stanmore HA7 4AR"
The Palm,"35 Croydon Road, West Wickham BR4 9HZ"
"Simmons, Unit 5","35 Eastcheap, London EC3M 1DT"
The Beehive,"35 Edgell Road, Staines-upon-thames, Middx TW18 2EP"
Queen Adelaide,"35 Putney Bridge Road, London, Wandsworth SW18 1NP"
Anglesea Arms,"35 Wingate Road, London W6 0UR"
The High Cross,"350 High Road, Tottenham, London N17 9HT"
Katie's,"350 Neasden Lane, London NW10 0AD"
Beaufort House,"354 King's Road, London SW3 5UZ"
The Jolly Farmer,"354 Lewisham High Street, London SE13 6LE"
Tony's Freehouse,"356-360 High Road, London NW10 2EG"
Upton Park Snooker Centre,"358 - 362 Green Street, Upton Park, London E13 9AP"
Royal British Legion Club Ltd,"35a Maylands Avenue, Hornchurch RM12 5BB"
Flying Boat,"36 - 42 Spital Street, Dartford, Kent DA1 2DT"
Grafton Club,"36 Grafton Road, New Malden KT3 3AA"
The Rose,"36 Overy Street, Dartford, Kent DA1 1UP"
The Anchor And Hope,"36 The Cut, London SE1 8LP"
Marlborough Arms,"36 Torrington Place, London WC1E 7HJ"
Hennessys Bar,"36 Victoria Road, Ruislip HA4 0AG"
The Crown,"360 Hornchurch Road, Hornchurch RM12 4TW"
Cock Tavern,"360 North End Road, London SW6 1LY"
Peoples Park Tavern,"360 Victoria Park Road, Hackney, London E9 7BT"
Peggies Bar,"362 Neasden Lane North, London NW10 0BT"
Earl Beatty,"365 West Barnes Lane, New Malden, Merton KT3 6JF"
Queen Of The South,"367 Norwood Road, London SE27 9BQ"
All Bar One,"37 - 39 Wimbledon Hill Road, Wimbledon, Merton SW19 7NA"
Jono's Freehouse,"37 Cranbrook Road, Ilford IG1 4PA"
Concept Club,"37 Duke Street, London W1U 1LN"
Drop Kensington,"37 Earl's Court Road, London W8 6ED"
O'neills,"37 High Street, Sutton SM1 1DJ"
The Angel Inn,"37 Highgate High Street, London N6 5JT"
Stage Door,"37 Hythe Street, Dartford, Kent DA1 1BE"
Merkur Slots,"37 King Street, Southall UB2 4DQ"
Amelie's Wine House,"37 Store Street, London WC1E 7BS"
The Hangar Sidcup,"37 The Oval, Sidcup, Kent DA15 9ER"
Nags Head,"37 Welling High Street, Welling, Kent DA16 1TR"
The Bull's Head,"373 Lonsdale Road, Barnes, Richmond Upon Thames SW13 9PY"
Simmons Bar,"374 North End Road, London SW6 1LY"
The Raven,"375 Goldhawk Road, London W6 0SA"
North London Tavern,"375 Kilburn High Road, London NW6 7QB"
The Watermans Arms,"375 Lonsdale Road, Barnes, Richmond Upon Thames SW13 9PY"
Windsor Castle,"378 Carshalton Road, Carshalton SM5 3PT"
The Railway Tavern,"38 Bexley High Street, Bexley, Kent DA5 1AH"
Afters,"38 Clapham High Street, London SW4 7UR"
The Rising Sun Public House,"38 Cloth Fair, London EC1A 7JQ"
The Old Blue Last,"38 Great Eastern Street, Hackney, London EC2A 3ES"
The Old Bell,"38 Kilburn High Road, London NW6 5UA"
The Brook,"38 New Road, Brentford TW8 0NU"
The George,"38 Queen Street, Gravesend, Kent DA12 2EE"
The Enterprise,"38 Red Lion Street, London WC1R 4PN"
Beerkat,"38-39 The Broadway, Ealing W5 2NP"
The Spot,"380 Ripple Road, Barking IG11 9RS"
Trinity,"380 Station Road, Harrow HA1 2DE"
The Plough,"381, Lordship Lane, London SE22 8JJ"
Blue Ginger,"383 Kenton Road, Harrow HA3 0XS"
Wycombe House Cricket & Tennis,"385 Jersey Road, Isleworth TW7 5PJ"
St Gabriel's Social Club,"388 Northolt Road, South Harrow HA2 8EX"
Bull And Gate,389 Kentish Town Road NW5 2TJ
Effra Hall Tavern,"38a Kellett Road, London SW2 1EB"
All Good N1,"39 Balls Pond Road, Hackney, London N1 4BW"
Northfleet & District Traders Association,"39 Dover Road, Northfleet, Gravesend, Kent DA11 9PH"
Club Soda Tasting Rooms,"39 Drury Lane, London WC2B 5RR"
Blacksmiths Arms Ph,"39 High Street, Caterham, Surrey CR3 5UE"
Pyrotechnist Arms,"39, Nunhead Green, London SE15 3QF"
The Grove Ph,"39 Oldridge Road, London, Wandsworth SW12 8PN"
Wraysbury Village Club,"39 The Green, Wraysbury, Staines TW19 5NA"
J J Moons,"397 High Road, Wembley HA9 6AA"
The Robin,"397a High Road, Wembley HA9 6AA"
Harrow Sports Bar,"399 Northolt Road, South Harrow HA2 8JE"
Tequila Mockingbird,"4 - 6 Putney High Street, London, Wandsworth SW15 1SL"
The Stablehand,"4 Bathurst Street, London W2 2SD"
The Bell,"4 Bell Road, East Molesey, Surrey KT8 0SS"
Jazz Bar,"4 Bradbury Street, Hackney, London N16 8JN"
The Cow,"4 Chestnut Plaza, Westfield Stratford City, Montfichet Road, Stratford E20 1GL"
Lore Of The Land,"4 Conway Street, London W1T 6BB"
Stir Bar & Lounge,"4 East Street, Epsom, Surrey KT17 1HH"
The Red Rooms,"4 Great Queen Street, London WC2B 5DG"
Avenue Club 2,"4 Green Lanes, London N13 6JT"
Bannatyne Health Club,"4 Greville Road, London NW6 5HZ"
Disrepute,"4 Kingly Court, London W1B 5PW"
Sir Christopher Hatton,"4 Leather Lane, London EC1N 7RA"
"Walton, Hersham & Oatlands Cons Club","4 Manor Road, Walton-on-thames, Surrey KT12 2PB"
The Sun,"4 North Street, Carshalton SM5 2HU"
Eltham Gpo,"4 Passey Place, Eltham, Greenwich SE9 5DQ"
The Cockpit,"4 Royal Parade, Chislehurst BR7 6NR"
Orpington Conservative Club - Bar,"4 Sevenoaks Road, Orpington BR6 9JJ"
Stack,"4 The Mall, Ealing W5 2PJ"
William Garland,"4 The Square, Caterham, Surrey CR3 6QA"
Maroto,"4 Vere Street, London W1G 0DH"
The White Horse,"4 Wembley Park Boulevard, Wembley HA9 0HP"
Marquis Of Granby,"4 West Street, Epsom, Surrey KT18 7RJ"
The Shaston Arms,"4-6 Ganton Street, London W1F 7QL"
The Pregnant Man,"40 Chancery Lane, London WC2A 1JA"
The Wheatsheaf,"40 Esher Green, Esher, Surrey KT10 8AG"
Dartford Working Men's Club & Institute | Dartford Working Mens Club,"40 Essex Road, Dartford, Kent DA1 2AU"
Philomena’s,"40 Great Queen Street, London WC2B 5AA"
Two Brewers,"40 Monmouth Street, London WC2H 9EP"
Royal British Legion Club,"40 Ravenswood Crescent, West Wickham BR4 0JJ"
The Two Brewers,"40 Scotland Green, Tottenham, London N17 9TT"
The Darnley Arms,"40 The Street, Cobham, Kent DA12 3BZ"
The George,"40, Tower Bridge Road, London SE1 4TR"
Asylum Tavern,"40-42, Asylum Road, London SE15 2RL"
Tequila Mockingbird,"40-42 William Iv Street, London WC2N 4DD"
The Drill Hotel,"400 Brentwood Road, Romford RM2 5TD"
Railway Tavern,"401 Southend Lane, Bellingham, London SE26 5BH"
Frosty's Bar,"404 Kenton Road, Harrow HA3 9DW"
Elm And Eden,"404 Upper Elmers End Road, Beckenham BR3 3HG"
Red Lion,"407, Walworth Road SE17 2AW"
The Clapham North,"409 Clapham Road, London SW9 9BT"
The Steam Engine,"41 - 42 Cosser Street, London SE1 7BU"
Garden Bar And Grill,"41 Bramley Road, London W10 6SZ"
Summer In The City,"41 Broadgate Circle, London EC2M 2QS"
Justerini & Brooks,"41 Burlington Arcade, London W1J 0QE"
The Folly,"41 Gracechurch Street, London EC3V 0BT"
The Masons' Arms,"41 Walpole Road, Teddington, Richmond Upon Thames TW11 8PJ"
Queens Public House,"410 Green Street, Upton Park, London E13 9JJ"
Bretons Community Association & Social Club,"411 Rainham Road, Rainham RM13 7LP"
Queen Adelaide,"412 Uxbridge Road, London W12 0NR"
The Fox Ph,"413 Green Lanes, London N13 4JD"
The New Moon Public House,"413 Lordship Lane, Tottenham, London N17 6AG"
The Woodman,"414 Archway Road, Hornsey, London N6 5UA"
Phonox,"418 Brixton Road, London SW9 7AY"
Stanley Arms Public House,"418, Southwark Park Road, London SE16 2ET"
Brewdog,"419-423 Coldharbour Lane, London SW9 8LH"
The Plough,"42 Christchurch Road, East Sheen, Richmond Upon Thames SW14 7AF"
Macs Sports And Social Bar,"42 Farm Hill Road, Waltham Abbey, Essex EN9 1NJ"
Queen Elizabeth P H,"42, Merrow Street, London SE17 2NH"
Bebeme,"42, Newington Causeway, London SE1 6DR"
Bonne Route,"42 Quernmore Road, Hornsey, London N4 4QP"
The Lion And Unicorn,"42-44 Gaisford Street, London NW5 2ED"
The Shy Horse,"423 Leatherhead Road, Chessington KT9 2NQ"
Merkur Slots,"424 Greenford Road, Greenford UB6 9AH"
The Victoria,"427 Woodham Lane, Addlestone KT15 3QE"
Maloney's,"429 High Road, London NW10 2JN"
Taproom,"43 - 44 Granville Arcade, Coldharbour Lane, London SW9 8PR"
Ganleys Irish Bar,"43 - 47 London Road, Morden, Merton SM4 5HT"
The Montpelier,"43, Choumert Road, London SE15 4AR"
Ye Olde Black Horse,"43 Halfway Street, Sidcup, Kent DA15 8LH"
The Crown,"43 Monmouth Street, London WC2H 9DD"
Dartford & District Irish Association,"43 Overy Street, Dartford, Kent DA1 1UP"
The Plough,"43 Plough Hill, Potters Bar, Hertfordshire EN6 4DW"
Waggon & Horses Addlestone,"43 Simplemarsh Road, Addlestone KT15 1QH"
Project Orange,"43 St Johns Hill, London, Wandsworth SW11 1TT"
The Circle,"43 Vauxhall Bridge Road, London SW1V 2TA"
The Rose And Crown,"43 West Hill, Dartford, Kent DA1 2HJ"
Liu Xiaomian Charing Cross @ The Stranded,"430 Strand, London WC2R 0QN"
Purple Flame,"437 Honeypot Lane, Stanmore HA7 1JJ"
The Green Goddess,"43a Vanbrugh Park, Blackheath, Greenwich SE3 7AA"
Clarette,"44 Blandford Street, Marylebone High Street, London W1U 7HS"
The Windmill,"44 Lambeth High Street, London SE1 7JS"
Mawney Arms,"44 Mawney Road, Romford RM7 7HT"
The Dolphin,"44 Red Lion Street, London WC1R 4PF"
The Eardley Arms,"44 Woolwich Road, Belvedere, Kent DA17 5EN"
Home Grown,"44-48 Great Cumberland Place, London W1H 7BS"
Paddy's Yard,"443 - 445 Coldharbour Lane, London SW9 8LN"
Satay Bar,"447 Coldharbour Lane, London SW9 8LP"
Haniya Lounge,"45 Bell Road, Hounslow TW3 3NX"
Old Kings Head,"45, Borough High Street, London SE1 1NA"
The Royal Oak,"45 Oak Avenue, Hampton, Richmond Upon Thames TW12 3NR"
Be At One,"45 Old Broad Street, London EC2N 1HT"
The Drift Bar,"45 Selborne Walk, Walthamstow, London E17 7JR"
The Windmill Tavern,"45 Shrubbery Road, Gravesend, Kent DA12 1JW"
New Inn,"45 Squirrels Heath Lane, Hornchurch RM2 6DP"
The Running Mare,"45 Tilt Road, Cobham, Surrey KT11 3EZ"
The Wheatsheaf,"45 Wheatsheaf Road, Romford RM1 2HD"
Ned's Bar,"458 Church Lane, London NW9 8UA"
Bad Habits Club,"46 Battersea Rise, London, Wandsworth SW11 1EE"
"Tosi, Gorgonzola Bar","46 Bruton Place, London W1J 6PD"
The Swan,"46 Hammersmith Broadway, London W6 0DZ"
Uxbridge And District Conservative Club,"46 Harefield Road, Uxbridge UB8 1PJ"
The Crown In Sundridge,"46 Plaistow Lane, Bromley BR1 3PA"
The Grey Horse,"46 Richmond Road, Kingston Upon Thames KT2 5EE"
Ponders End Working Mens Social Club Limited,"46 South Street, Enfield EN3 4LB"
Olfaclub,"46 St James Street, Walthamstow, London E17 7PE"
Art & Craft Cr0,"46 Surrey Street, Croydon CR0 1RJ"
Royal Albert,"460 New Cross Road, London SE14 6TJ"
Ruby M's,"466-468 Alexandra Avenue, Harrow HA2 9TL"
The Prince,"469 Brixton Road, London SW9 8HH"
The Hoop & Grapes,"47 Aldgate High Street, London EC3N 1AL"
The Cricketers,"47 Arthur Street, Gravesend, Kent DA11 0PR"
The Star,"47 Chester Road, London N19 5DF"
El Vino Co Ltd,"47 Fleet Street, London EC4Y 1BJ"
Builders Arms,"47 Heath Road, Potters Bar, Hertfordshire EN6 1LR"
The Princess Royal,"47 Hereford Road, London W2 5AH"
Craft Metropolis,"47 High Street, Penge, London SE20 7HW"
The Sun,"47 London Road, Romford RM7 9QA"
Paternoster Tavern,"47 Ludgate Hill, London EC4M 7JZ"
Esher Cricket Club,"47 New Road, Esher, Surrey KT10 9NU"
The Railway Tavern,"47 North Street, Carshalton SM5 2HG"
The Sun,"47 Old Town, London SW4 0JL"
Green Ariana,"47 Station Road, London NW10 4UP"
The Brunel,"47, Swan Road, London SE16 4JN"
The Dolphin Public House,"47 Tonbridge Street, London WC1H 9DW"
Willoughby Arms,"47 Willoughby Road, Kingston Upon Thames KT2 6LN"
The Tailor's Chalk,"47-49 Sidcup High Street, Sidcup, Kent DA14 6ED"
The Bountiful Cow,"47-51 Eagle Street, London WC1R 4AP"
Walham Green,"472 Fulham Road, London SW6 1BY"
The Railway Guard Public House,"48 Church Road, Epsom, Surrey KT17 4DZ"
Duke Of Cornwall,"48 Fulham Palace Road, London W6 9PH"
The Mansion House,"48 Kennington Park Road, London SE11 4RS"
Rolling Stock,"48 Kingsland Road, Hackney, London E2 8DA"
Leg Of Mutton And Cauliflower (ph),"48 The Street, Ashtead KT21 1AZ"
The Hope,"48 West Street, Carshalton SM5 2PR"
Belushi's,"48-50 Camden High Street, London NW1 0LT"
Bar Lotus,"480 Kingsland Road, Hackney, London E8 4AE"
Belmeis,"488 Muswell Hill Broadway, Hornsey, London N10 1BT"
Minima Yacht Club,"48a High Street, Kingston Upon Thames KT1 1HN"
The Jolly Gardeners,"49 - 51 Black Prince Road, London SE11 6AB"
The Canbury Arms,"49 Canbury Park Road, Kingston Upon Thames KT2 6LQ"
The Camden Assembley,"49 Chalk Farm Road, London NW1 8AN"
Museum Tavern,"49 Great Russell Street, London WC1B 3BA"
Ktm Rox,"49 High Street, Feltham TW13 4AB"
The Queens,"49 Regent's Park Road, London NW1 8XD"
Ridley Road Market Bar,"49 Ridley Road, Hackney, London E8 2NP"
Merkur Slots,"49 The Broadway, Ealing W5 5JN"
Nightjar Carnaby,"49-51 Carnaby Street, London W1F 9PY"
The Travellers Friend Public House,"496-498 High Road, Woodford Green IG8 0PN"
The Bull,"498 Streatham High Road, London SW16 3QB"
Hector’s London,"49a Ardleigh Road, Hackney, London N1 4HS"
Queens Head,"5 - 7 West Ham Lane, Stratford, London E15 4PH"
Cheers Bar & Lounge,"5 - 9 Leytonstone Road, Stratford, London E15 1JA"
Harry's Bar,"5 Abchurch Yard, London EC4N 7BA"
Claret & Ale,"5 Bingham Corner, Lower Addiscombe Road, Croydon CR0 7AA"
Moyagi,"5 Cavendish Place, London W1G 0QA"
Mosquito Bar,"5 Clapham High Street, London SW4 7TS"
Buzz Bingo,"5 Dearsley Road, Enfield EN1 3FB"
The Rifleman,"5 East Street, Epsom, Surrey KT17 1BB"
The Horseshoe,"5 Farleigh Road, Warlingham, Surrey CR6 9EG"
Foundry Walthamstow,"5 Forest Road, Walthamstow, London E17 6ZJ"
Patrick's,"5 High Street, Beckenham BR3 1AZ"
Whispers Bar,"5 High Street, Purley CR8 2AF"
Three Lanterns Leicester Square,"5 Lisle Street, London WC2H 7BF"
The Lamb,"5 Market Place, Romford RM1 3AB"
Webrew Kingston,"5 Ram Passage, Kingston Upon Thames KT1 1HH"
Big Belly Comedy Club,"5, Reach Walk, London SE1 9GE"
Parlour,"5 Regent Street, London NW10 5LG"
The Riverside (unit 14),"5 St George Wharf, London SW8 2LE"
The Holly Tree,"5 St Judes Road, Englefield Green TW20 0DB"
Teddington Constitutional Club,"5 Stanley Road, Teddington, Richmond Upon Thames TW11 8TP"
The Three Wishes,"5 The Broadway, Greenford UB6 9PH"
The Kings Arms,"5-6 High Street, Egham TW20 9EA"
The Casino At The Empire,"5-6 Leicester Square, London WC2H 7NA"
Royal British Legion Club,"5-6 North Street, Isleworth TW7 6BT"
Sophisticats Soho,"5-7 Brewer Street, London W1F 0RF"
The Joiners Arms,"50 - 52 Woodside Green, South Norwood, London SE25 5EU"
Wagamama,"50 - 54 Putney High Street, London, Wandsworth SW15 1SQ"
The Ox,"50 Clapham High Street, London SW4 7UL"
Mr Fogg's Pawnbrokers,"50 Dean Street, London W1D 5BQ"
The Washington,"50 England's Lane, London NW3 4UE"
The Roebuck,"50, Great Dover Street, London SE1 4YG"
"Brewdog, Unit 3","50 Great Tower Street, London EC3R 5AB"
Bar Lula's,"50 High Road, London NW10 2QA"
The Sun Wharf,"50 London Bridge Station, Tooley Street, London SE1 2TF"
The Swan,"50 Manor Road, Walton-on-thames, Surrey KT12 2PF"
Salusbury Pub And Dining Room,"50-52 Salusbury Road, London NW6 6NN"
Jj Moon's,"50-54 High Street, Hornchurch RM12 4UN"
The Beaten Docket,"50-56 Cricklewood Broadway, London NW2 3ET"
The Gilpins Bell,"50-56 Fore Street, London N18 2SS"
The Elbow Room,"503-505 High Road, Tottenham, London N17 6QA"
The Joiners,51 Ballards Lane N3 1XP
Vagabond Wines,"51 Gracechurch Street, London EC3V 0EH"
Binch,"51 Greenwood Road, Hackney, London E8 1NT"
Thieves,"51 Lavender Gardens, London, Wandsworth SW11 1DJ"
The Pineapple Public House,"51 Leverton Street, London NW5 2NX"
Phoenix,"51 Moscow Road, London W2 4AL"
The Crown Ph,"51 New Oxford Street, London WC1A 1BL"
Nightingale On The Green,"51 Nightingale Lane, Wanstead E11 2EY"
Queens Tavern,"51 South Africa Road, London W12 7PA"
Prince Of Wales,"51, St Georges Road, London SE1 6ER"
King Harold,"51 Station Road, Harold Wood RM3 0BS"
Kona Kai,"515 Fulham Road, London SW6 1HD"
Hummings,"51b High Street, Esher, Surrey KT10 9RQ"
Welling Snooker And Pool Club,"52 - 54 Bellegrove Road, Welling, Kent DA16 3PY"
Vagabond Wines,"52 - 54 Gracechurch Street, London EC3V 0EH"
The Dodo Micropub,"52 Boston Road, Hanwell W7 3TR"
The Red Lion,"52 High Street, Egham TW20 9EW"
Founders Arms,"52, Hopton Street, London SE1 9JH"
O'neills,"52 Tranquil Vale, Blackheath, London SE3 0BD"
Whistle Punks,"52-53 Eastcastle Street, London W1W 8ED"
The Dukes Head,"53 Crayford High Street, Crayford, Kent DA1 4EJ"
Wood Street Bar And Restaurant,"53 Fore Street, London EC2Y 5EJ"
The Bricklayers Arms,"53 Hawks Road, Kingston Upon Thames KT1 3DS"
The Foresters Arms,"53 Perry Vale, London SE23 2NE"
Blakesley Arms,"53 Station Road, Manor Park, London E12 5BP"
Nq64,"53-54 Berwick Street, London W1F 8SJ"
The Seven Stars,"53-54 Carey Street, London WC2A 2JB"
The Leather Bottle,"538 Garratt Lane, London, Wandsworth SW17 0NY"
Streatham Wine House,"53a Streatham Hill, London SW2 4TS"
Ladbroke Arms Public House,"54 Ladbroke Road, London W11 3NW"
The Leather Bottle,"54 The Street, Cobham, Kent DA12 3BZ"
Royal British Legion Club,"54 Western Road, Romford RM1 3LP"
Hopscotch Taprooms,"54 Westow Hill, Upper Norwood, London SE19 1RX"
Colley Rowe Inn,"54-56 Collier Row Road, Romford RM5 3PA"
Royal British Legion Club,"541 Becontree Avenue, Dagenham RM8 3JP"
New Cross Turnpike,"55 Bellegrove Road, Welling, Kent DA16 3PB"
Be At One Limited,"55 Camden High Street, London NW1 7JH"
Conservative Club,"55 Croydon Road, Penge, London SE20 7TG"
The Bulstrode Pub,"55 Lampton Road, Hounslow TW3 1JG"
Earl Of Camden,"55 Parkway, London NW1 7PN"
The Hero,"55 Shirland Road, London W9 2JD"
The Real Ale Way,"55 Station Approach, Hayes, Bromley BR2 7EB"
The Crouch End Cellars,"55 The Broadway, Hornsey, London N8 8DT"
Waterloo Tavern,"55 Wellington Street, Gravesend, Kent DA12 1JQ"
Wood Green Afs Association,"55 White Hart Lane, Wood Green, London N22 5SL"
Nonsuch Inn,"552 - 556 London Road, North Cheam SM3 9AA"
J J Moons,"553 Kingsbury Road, London NW9 9EL"
Amiga,"56 Battersea Rise, London, Wandsworth SW11 1EG"
Chandos,"56 Brockley Rise, London SE23 1LN"
Steins,"56 High Street, Kingston Upon Thames KT1 1HN"
The Fighting Cocks,"56 Old London Road, Kingston Upon Thames KT2 6QA"
Tola,"56, Peckham High Street, London SE15 5DP"
The Pilot,"56 Wellesley Road, Chiswick W4 4BZ"
56 Ws Wine Bar & Shop,"56 West Smithfield, London EC1A 9DS"
Simul Place,"561 Garratt Lane, London, Wandsworth SW18 4SR"
The Horse & Well Public House,"566-568 High Road, Woodford Green IG8 0PS"
J J Moons,"56a Tooting High Street, London, Wandsworth SW17 0RN"
Andover Arms,"57 Aldensley Road, London W6 0DL"
Green Village Deli,"57 Belsize Road, London NW6 4BE"
The Griffin Pub,"57 Brook Road South, Brentford TW8 0NP"
The Windmill Guest House Bar,"57 Cricklewood Broadway, London NW2 3JX"
The Elderfield,"57 Elderfield Road, Hackney, London E5 0LF"
The Plough,"57 Flamstead End Road, Cheshunt, Hertfordshire EN8 0JB"
Hemingways,"57 High Street, Wimbledon, Merton SW19 5EE"
The Albert Arms,"57 Kingston Hill, Kingston Upon Thames KT2 7PX"
Edinboro Castle,"57 Mornington Terrace, London NW1 7RU"
The Papermakers Arms Public House,"57 Roden Street, Ilford IG1 2AA"
The Royal Oak,"57 Spital Street, Dartford, Kent DA1 2DX"
Station 57,"57 Station Road, Harlesden, London NW10 4UX"
Club Gascon,"57 West Smithfield, London EC1A 9DS"
Junction House,"578 Kingsland Road, Hackney, London E8 4AH"
The Black Lion,"58 Brighton Road, Surbiton KT6 5PL"
The Griffin,"58 Common Road, Claygate, Esher, Surrey KT10 0HW"
Lucky Saint,"58 Devonshire Street, London W1W 5EA"
The Anthologist,"58 Gresham Street, London EC2V 7BB"
The Old Ship Inn,"58 High Street, Aveley, Essex RM15 4AD"
All Bar One,"58 Kingsway, London WC2B 6DX"
Mr Fogg's Tavern,"58 St Martin's Lane, London WC2N 4EA"
Sportsman,"58 Station Road, London NW10 4UA"
Curzon Cinemas Victoria Ltd,"58 Victoria Street, London SW1E 6QW"
One Tun,"58-60 Goodge Street, London W1T 4ND"
Camden People's Theatre,"58-60 Hampstead Road, London NW1 2PY"
Patch Bar,"58-62 Carter Lane, London EC4V 5EA"
La Mia Mamma,"59 Northcote Road, London, Wandsworth SW11 1NP"
The Auctioneer,"596 Lea Bridge Road, Leyton, London E10 7DN"
Home Bar,"5a Ravey Street, Hackney, London EC2A 4QW"
The Rosy Hue,"6, Ash Avenue, London SE17 1GQ"
The Alchemist,"6 Bevis Marks, London EC3A 7BA"
The Black Prince,"6 Black Prince Road, London SE11 6HS"
Spiritual Bar,6 Ferdinand Street NW1 8ER
Maison Estelle,"6 Grafton Street, London W1S 4EQ"
Konak Lounge,"6 Green Lanes, London N13 6JR"
The Orange Tree,"6 Hawley Road, Dartford, Kent DA1 1NR"
The Woodman,"6 High Street, Carshalton SM5 3AG"
Without Papers Bar,"6 Kingsland Road, Hackney, London E2 8DA"
The Lamb And Trotter,"6 Little Britain, London EC1A 7BX"
The Polish Bar (na Zdrowie),"6 Little Turnstile, London WC1V 7DX"
Dukes Head Hotel,"6 Manor Road, Wallington SM6 0AA"
Black Horse,"6 Rathbone Place, London W1T 1HL"
South Wimbledon Club,"6 Russell Road, Wimbledon, Merton SW19 1QL"
Jamboree,"6 St Chad's Place, London WC1X 9HH"
The Wheatsheaf,"6, Stoney Street, London SE1 9AA"
Surbiton Masonic Hall Limited,"6 The Crescent, Surbiton KT6 4BN"
Underbelly Boulevard,"6 Walker's Court, London W1F 0BT"
Cosy Bar,"6 Weald Lane, Harrow HA3 5ES"
The Summerfield Pub,"60 Baring Road, London SE12 0PS"
The Kennington,"60 Camberwell New Road, London SE5 0RS"
The Quiet Night Inn,"60 Great Western Road, London W11 1AB"
Hounslow Sports & Social Club,"60 Grove Road, Hounslow TW3 3FX"
The Fable,"60 Holborn Viaduct, London EC1A 2FD"
The Selkirk,"60 Selkirk Road, London, Wandsworth SW17 0ES"
Miraflores Bar & Lounge,"60, Southwark Street, London SE1 1UN"
All Bar One,"60 Victoria Street, London SW1E 6QW"
The Sutton Arms,"60-62 High Street, Sutton SM1 1EZ"
Charlton Park Rugby Club,"60a Broad Walk, Kidbrooke, Greenwich SE3 8NB"
The Sun Of Camberwell,"61 - 63 Coldharbour Lane, London SE5 9NS"
Teatro Hall,"61 New Broadway, Ealing W5 5AH"
The Hand In Hand,"61 New Park Road, London SW2 4EN"
The House Party,"61 Poland Street, London W1F 7NU"
The Angel Public House,"61 St Giles High Street, London WC2H 8LE"
The Lord Raglan,"61 St Martin's-le-grand, London EC1A 4ER"
Tanyard Lane Bar & Kitchen,"61-63 Bexley High Street, Bexley, Kent DA5 1AA"
Barrel & Corner,"610-612 High Road, Wembley HA0 2AF"
The Bluecoats Pub,"614 High Road, Tottenham, London N17 9TA"
Eleusis Club,"614 King's Road, London SW6 2DU"
Pitch,"62 Bishopsgate, London EC2N 4AW"
The Wheatsheaf,"62 New Road, Gravesend, Kent DA11 0AE"
Southfields Club & Institute,"62 Standen Road, London, Wandsworth SW18 5TG"
Cock & Lion,"62 Wigmore Street, London W1U 2SA"
Black Horse Public House,"63 Albert Road, Bexley, Kent DA5 1NT"
The Prince Of Wales Public House,"63 Green Lane, Ilford IG1 1XJ"
The Perseverance,"63 Lamb's Conduit Street, London WC1N 3NB"
Plaistow Park Community Centre,"63 Queens Road West, Plaistow, London E13 0PE"
St Peter's Social Club,63 Somerset Road Barnet EN5 1RF
Putney Club,"63 Upper Richmond Road, London, Wandsworth SW15 2RD"
Off Broadway,"63-65 Broadway Market, Hackney, London E8 4PH"
William The Conqueror,"630 Romford Road, Manor Park, London E12 5AQ"
The Elm Tree,"64 - 65 Victoria Road, Surbiton KT6 4NQ"
The Jolly Sailor,"64 High Street, South Norwood, London SE25 6EB"
The Gladstone,"64, Lant Street, London SE1 1QN"
The Hop Pole,"64 Putney Bridge Road, London, Wandsworth SW18 1HR"
Smoking Goat,"64 Shoreditch High Street, Hackney, London E1 6JJ"
The Queens Head,"64 Theobald's Road, London WC1X 8SF"
Duke Of York,"64-65 Victoria Road, Surbiton KT6 4NQ"
The Whippet Inn,"64-66 Chamberlayne Road, London NW10 3JJ"
King George V Public House,"645 Cranbrook Road, Ilford IG2 6SX"
Black Horse,"65 Blackhorse Lane, South Mimms, Potters Bar, Hertfordshire EN6 3PS"
The Brookmill Pub,"65 Cranbrook Road, London SE8 4EJ"
The Engineer,"65 Gloucester Avenue, London NW1 8JH"
The Kings Arms Public House,"65, Newcomen Street, London SE1 1YT"
The Rosendale,"65 Rosendale Road, London, London SE21 8EZ"
Royal British Legion Club,"65 Upper Richmond Road, London, Wandsworth SW15 2RD"
The Hayden Pub & Rooms,"65 Westbourne Grove, London W2 4UJ"
Goffs Oak Comrades Club,"652 Goffs Lane, Goffs Oak, Hertfordshire EN7 5ET"
Enfield Highway Conservative Club,"652 Hertford Road, Enfield EN3 6LZ"
Goals Soccer Centre,"656 London Road, North Cheam SM3 9BZ"
Queen's Head,"66 Acton Street, London WC1X 9NB"
Belvedere Working Men's Club,"66 Gilbert Road, Belvedere, Kent DA17 5DA"
Ealing Wine Co,"66 Northfield Avenue, West Ealing W13 9RR"
Lamplighter,"66 Staines Road, Hounslow TW3 3LF"
Vfd,"66 Stoke Newington Road, Hackney, London N16 7XB"
Balfour St Bart's,"66 West Smithfield, London EC1A 9DY"
The Lighthouse,"66-68 Rivington Street, Hackney, London EC2A 3AY"
The Bell On The Green,"661 Staines Road, Bedfont TW14 8PA"
The Three Stags,"67 - 69 Kennington Road, London SE1 7PZ"
The Stag,"67 Fleet Road, London NW3 2QU"
Shinner And Sudtone,"67 High Street, Sutton SM1 1DT"
Romford Conservative & Constitutional Club,"67 Main Road, Romford RM2 5EH"
Orange Tree,"67 Orange Tree Hill, Havering-atte-bower RM4 1PJ"
The Cavalier | The Kitch At The Cav,67 Russell Lane London N20 0BB
68 & Shanghai,"68 & Shanghai, 76 Commercial Street, London E1 6LY"
The Five Bells,"68 - 70 Streatham High Road, London SW16 1DA"
Ship,"68, Borough Road, London SE1 1DX"
The Royal Oak,"68 Mount Road, Bexleyheath, Kent DA6 8JS"
Crown Manor Pub,"68 Victoria Road, Ruislip HA4 0AH"
British Legion,"68-70 Amwell Street, Hoddesdon, Hertfordshire EN11 8UA"
The Carpenters Arms,"68-70 Whitfield Street, London W1T 4EY"
The Finchley Tavern,686 High Road London N12 9PT
Spots & Stripes Sports Club,"69 - 70 New Road, Gravesend, Kent DA11 0AE"
Slatterys Bar,"69 Camden Road, London NW1 9EU"
The Prince Regent,"69 Dulwich Road, London SE24 0NJ"
Diddy's Bar,"69 Mare Street, Hackney, London E8 4RG"
The White Horse Public House,"69 Thames Street, Sunbury-on-thames TW16 5QF"
The Dandelions,"69 Whitton Road, Hounslow TW3 2DG"
Royal British Legion,"69-75 Central Road, Worcester Park KT4 8EG"
Mccafferty's,"697-699 High Road, Seven Kings IG3 8RH"
Dover Castle Ph,"6a, Great Dover Street, London SE1 4XW"
Hill Top Tap,"7 - 8 Elm Parade, Main Road, Sidcup, Kent DA14 6NF"
Growler Stop,"7 - 8 Westgate House, Spital Street, Dartford, Kent DA1 2EH"
The Sun Inn,"7 Church Road, Barnes, Richmond Upon Thames SW13 9HE"
The Twickenham Club,"7 Church Street, Twickenham, Richmond Upon Thames TW1 3NJ"
The Swan,"7 Cosmo Place, London WC1N 3AP"
Lucky 7 - Wine Bar,7 Cricklewood Lane London NW2 1ET
The Signal,"7 Devonshire Road, London SE23 3HE"
Walton Comrades Club,"7 Franklyn Road, Walton-on-thames, Surrey KT12 2LF"
Crosse Keys Ph,"7 Gracechurch Street, London EC3V 0DR"
Scorpion Lounge,"7 Hall Lane, Chingford, London E4 8HH"
Tap East,"7 International Square, Westfield Stratford City, Montfichet Road, Stratford E20 1EE"
The Charlie Chaplin,"7, Langdale Close, London SE17 3UF"
The Compass Alehouse,"7 Manor Road, Gravesend, Kent DA12 1AA"
Holmesdale Football Club,"7 Oakley Road, Bromley BR2 8HQ"
The Depot,"7 Pegler Square, Kidbrooke, Greenwich SE3 9FW"
The Duke Of York,"7 Roger Street, London WC1N 2PB"
The Heron Club,"7 Silk Street, London EC2Y 8AL"
Sahara Lounge,"7 Stanmore Hill, Stanmore HA7 3DP"
Orpington Liberal Club,"7 Station Road, Orpington BR6 0RZ"
The Three Daws,"7 Town Pier, Gravesend, Kent DA11 0BJ"
Perky Nel,"7-8 Cavendish Parade, Clapham Common South Side, London SW4 9DW"
Simmons,"7-9 Kentish Town Road, London NW1 8NH"
Weybridge Conservative Club,"70 Church Street, Weybridge, Surrey KT13 8DL"
Huntsman & Hound,"70, Elsted Street, London SE17 1QG"
The Junction,"70 Station Road, Upminster RM14 2TD"
The Sydney Arms,"70 Sydney Street, London SW3 6NJ"
Mcglynn's Bar,"70 Willesden Lane, Kilburn, London NW6 7SX"
The George Public House,"70-74 High Road, South Woodford E18 2QL"
Boom Battle Bar,"70-88 Oxford Street, London W1D 1BP"
The Durell,"704 Fulham Road, London SW6 5SB"
East London Rugby Club,"71 Holland Road, Stratford, London E15 3BP"
Ray Mekhis Limited,"71-73 Torriano Avenue, London NW5 2SG"
Rose And Crown,71-73 Torriano Avenue NW5 2SG
The Kentish Drovers,"71-79, Peckham High Street, London SE15 5RS"
The Ivy Leaf,"72 Darenth Road, Dartford, Kent DA1 1LS"
The Fenchurch,"72 Fenchurch Street, London EC3M 4BR"
The Grafton Arms,"72 Grafton Way, London W1T 5DU"
The Roebuck,"72 Hampton Road, Hampton Hill, Richmond Upon Thames TW12 1JN"
The Old Red Lion,"72 High Holborn, London WC1V 6LS"
Royal British Legion Club,"72 New Road, Bedfont TW14 8HT"
The Rainbow Sports Bar,"72 Shoreditch High Street, Hackney, London E1 6JJ"
Le Bar A Vin,"72 Tranquil Vale, Blackheath, London SE3 0BN"
Oddfellows Arms,"72 West Hill, Dartford, Kent DA1 2EU"
The Lamb Inn,"73 Brighton Road, Surbiton KT6 5NF"
Pete Kastanis,"73 Cheshire Street, London E2 6EG"
The Aspen Tree,"73 Gobions Avenue, Romford RM5 3SP"
Toby Carvery (eagle),"73 Hollybush Hill, Wanstead E11 1PE"
O'neill's,"73-77 Euston Road, London NW1 2QS"
The Corner Pin,"732 High Road, Tottenham, London N17 0AG"
The Three Jolly Wheelers,"735 Chigwell Road, Woodford Green, Chigwell, Essex IG8 8AS"
The Three Jolly Wheelers,"735 Chigwell Road, Woodford Green, Chigwell, Essex IG8 8AU"
The George,"74 Bexley High Street, Bexley, Kent DA5 1AJ"
Vindinista,"74 Churchfield Road, Acton W3 6DH"
The Bull,"74 High Road, Broxbourne, Hertfordshire EN10 7DZ"
Rainham Working Mens Club,"74 Upminster Road South, Rainham RM13 9AA"
The Bull,"74-76 Market Place, Romford RM1 3ER"
The Tally Ho Pub,749 High Road London N12 0BP
The Seven Harrow,"749 Kenton Lane, Harrow HA3 6AW"
Corners,"75 Maple Road, Surbiton KT6 4AG"
Villa Country Club,"75 Park Parade, London NW10 4HT"
Oatlands Park Village Club,"75 St Marys Road, Weybridge, Surrey KT13 9PZ"
The Real Ale Way,"75 Station Road, West Wickham BR4 0PX"
Elm Park Tavern,"76 Elm Park, London SW2 2UB"
New Bloomsbury Set,"76 Marchmont Street, London WC1N 1AG"
Royal British Legion,"76 Northolt Road, South Harrow HA2 0DW"
The Ridgeway Tavern,"76 The Ridgeway, Enfield EN2 8JF"
Cocktail Embassy,"76 Westow Hill, Upper Norwood, London SE19 1SB"
The Bohemia,762 High Road London N12 9QH
On Broadway,"765 Green Lanes, London N21 3SA"
Barnes Home Guard Association,"76a Richmond Park Road, East Sheen, Richmond Upon Thames SW14 8LA"
Clays,"77 Brewer Street, London W1F 9ZN"
Vagabond Wines,"77 Buckingham Palace Road, London SW1W 0AJ"
Duke Of Sussex,"77, Friary Road, London SE15 1QS"
Slawek Kitchen,"77 Hampstead High Street, London NW3 1RE"
Flask Tavern,"77 Highgate West Hill, London N6 6BU"
Kilburn Bridge Pub,"77 Kilburn High Road, London NW6 6HY"
Duke Of Wellington Public House,"77 Wardour Street, London W1D 6QA"
Prince Of Wales,"777 High Road Leyton, Leyton, London E10 5AB"
Bromley Bowling Club,"77a Plaistow Lane, Bromley BR1 3JF"
The Sportsman,"78 - 102 Broadway, Stratford, London E15 1NG"
The Victoria Inn,"78 Hill Rise, Richmond, Richmond Upon Thames TW10 6UB"
The Eight Bells,"78 Kingston Road, Ewell, Surrey KT17 2DU"
Robin Hood & Little John,"78 Lion Road, Bexleyheath, Kent DA6 8PF"
The Tree House,"78 South End, Croydon CR0 1DP"
Venn Street Records,"78 Venn Street, London SW4 0AT"
St. Cedd's Catholic Club,"783a High Road, Goodmayes IG3 8RW"
The William,"786 Harrow Road, London NW10 5JX"
Break Lounge,"788 High Road Leyton, Leyton, London E10 6AE"
The Swan,"789 Harrow Road, Wembley HA0 2LP"
Barking United Services Club,"79 Blake Avenue, Barking IG11 9SF"
The Great Southern,"79 Gipsy Hill, London SE19 1QH"
Royal British Legion Club Ltd,"79 New Heston Road, Hounslow TW5 0LG"
The Duke,"79 Nightingale Lane, Wanstead E11 2EY"
The Fox,"79 Nuxley Road, Belvedere, Kent DA17 5JU"
Boyles' Bar Sidcup,"79 Station Road, Sidcup, Kent DA15 7DN"
Westow House,"79 Westow Hill, London SE19 1TX"
The Ministry,"79-81, Borough Road, London SE1 1DN"
Be At One,"7a Petersham Road, Richmond, Richmond Upon Thames TW10 6UH"
Kings Sports Bar,"8 - 9 King Street, Gravesend, Kent DA12 2EB"
The Foxley Hatch,"8 - 9 Russell Parade, Russell Hill Road, Purley CR8 2LE"
Barrow Boy & Banker,"8, Borough High Street, London SE1 9QQ"
Tottenham Trades Club,"8 Bruce Grove, Tottenham, London N17 6RA"
Ealing Picturehouse,"8 Filmworks Walk, Ealing, Ealing W5 5FA"
The George,"8 Great Queen Street, London WC2B 5DH"
8 Lebanese Grill | Bar 8,"8 Hanger Green, Ealing W5 3EL"
The George,"8 High Street, Hoddesdon, Hertfordshire EN11 8BL"
Dukes Head,"8 Lower Richmond Road, London, Wandsworth SW15 1JN"
Aveley Village Social Club,"8 Mill Road, Aveley, Essex RM15 4SJ"
North Heath Social Club,"8 Mill Road, Erith, Kent DA8 1HN"
The Kentish Belle,"8 Pickford Lane, Bexleyheath, Kent DA7 4QW"
Prince Of Wales Feathers,"8 Warren Street, London W1T 5LD"
Misty Bar & Lounge,"8-10 Silver Street, Enfield EN1 3ED"
Dagenham Conservative & Social Club,"8-12 Salisbury Road, Dagenham RM10 8TT"
Royal George,"8-14 Eversholt Street, London NW1 1DG"
The Barrel Project/ta London Beer Company,"80, Druid Street, London SE1 2HQ"
Hoop & Grapes,"80 Farringdon Street, London EC4A 4BL"
The Wat Tyler,"80 High Street, Dartford, Kent DA1 1DE"
The Red Lion,"80 High Street South, East Ham, London E6 6ET"
The Vinegar Yard,"80-82, St Thomas Street, London SE1 3QU"
A Bar (the Alabar Lounge),"807 High Road, Tottenham, London N17 8ER"
N16 Adana Spor F.c,"80a Stoke Newington Road, Hackney, London N16 7XB"
The Cricketers,"81 Clayton Road, Chessington KT9 1NQ"
St. Thomas The Apostle Church (licensed Bar),"81, Evelina Road, London SE15 3HL"
The Hammersmith Ram,"81 King Street, London W6 9HW"
The Ranelagh Arms,"82 Bounds Green Road, Wood Green, London N11 2EU"
Barley Mow,"82 Duke Street, London W1K 6JF"
The Albert Arms,"82 High Street, Esher, Surrey KT10 9QS"
Craft Beer Company,"82 Leather Lane, London EC1N 7TR"
Hampstead Golf Club,82 Winnington Road London N2 0TU
The Chamberlayne,"83 Chamberlayne Road, London NW10 3ND"
The Plough,"83 Front Lane, Upminster RM14 1XL"
The Old Crown,"83 Thames Street, Weybridge, Surrey KT13 8LP"
The Euston Flyer,"83-87 Euston Road, London NW1 2RA"
Lord Nelson,"837 London Road, North Cheam SM3 9DR"
Caterham Arms Bar,"83a Coulsdon Road, Caterham, Surrey CR3 5NF"
The Hansom Cab,"84 Earl's Court Road, London W8 6EG"
Amigos Bar Services Limited,"84 St Anns Road, Harrow HA1 1JX"
The Kings Head,"84 Upper Tooting Road, London, Wandsworth SW17 7PB"
The Surbiton Flyer,"84 Victoria Road, Surbiton KT6 4NS"
The Jolly Coopers,"84 Wheelers Lane, Epsom, Surrey KT18 7SD"
Moon Under Water,"84-86 Staines Road, Hounslow TW3 3LF"
Be At One,"85 Battersea Rise, London, Wandsworth SW11 1HW"
Broomfield Club,"85 Hedge Lane, London N13 5SZ"
The Red Lion,"85 High Street, Thames Ditton, Surrey KT7 0SF"
The Bell Inn,"85 Old Charlton Road, Shepperton TW17 8BT"
The Steam Packet,"85 Strand-on-the-green, Chiswick W4 3PU"
The Royal George,"85 Tanners Hill, London SE8 4QD"
Lechevalier Winebar And Shop,"85, Tower Bridge Road, London SE1 4TW"
The Poyntz Arms,"85 Walton Road, East Molesey, Surrey KT8 0DP"
The Crown,"86 Highgate High Street, Hornsey, London N6 5HX"
The Vine,"86 Highgate Road, London NW5 1PB"
The Windmill,"86 The Cut, London SE1 8LW"
Acol Bridge Club,"86 West End Lane, London NW6 2LX"
Toolans,866 High Road London N12 9RH
The Furlong,87 Colney Hatch Lane London N10 1LR
The Railway Bell Public House,"87 George Lane, South Woodford E18 1JJ"
The Antelope,"87 Maple Road, Surbiton KT6 4AW"
Miller & Carter Steakhouse,"87 Muswell Hill Broadway, Hornsey, London N10 3HA"
Rum Puncheon,"87 West Street, Gravesend, Kent DA11 0BL"
Crowning Angel,"87-89 South Street, Romford RM1 1NX"
Jaks Bar Limited,"87-89 Walton Street, London SW3 2HP"
Southgate Masonic Centre,"88 High Street, London N14 6EB"
Bird In Hand,"88 Masbro' Road, London W14 0LR"
The Golden Lion,"88 Royal College Street, London NW1 0TH"
The Worlds End,"88 Station Road, Hampton, Richmond Upon Thames TW12 2AX"
Shipwrights Arms,"88, Tooley Street, London SE1 2TF"
Blame Gloria,"89 - 91 Battersea Rise, London, Wandsworth SW11 1HW"
Carpenter's Arms,"89 - 91 Black Lion Lane, London W6 9BG"
Beckenham Social Club,"89 - 91 Churchfields Road, Beckenham BR3 4QQ"
Effra Social,"89 Effra Road, London SW2 1DF"
Eight Bells,"89 Fulham High Street, London SW6 3JS"
The Garratt Tavern,"89 Garratt Lane, London, Wandsworth SW18 4DW"
Plough Public House,"89 St Johns Hill, London, Wandsworth SW11 1SY"
The Mulberry Bush,"89 Upper Ground, London SE1 9PP"
Merchant & Weaver,"8a Lamb Street, London E1 6EA"
Prosecco Caffe,"8a The Arcade, Westfield Stratford City, Montfichet Road, Stratford E20 1EH"
Boom Battle Bar Primary Licence,"9 & 11 Barley Walk, London, Wandsworth SW18 1UL"
The Eel Pie,"9 - 11 Church Street, Twickenham, Richmond Upon Thames TW1 3NJ"
"Jin Bo Law, 14th Flr, Dorsett City H","9 Aldgate High Street, London EC3N 1AH"
Inverness Lodge Social Club Ltd,"9 Boston Manor Road, Brentford TW8 8DW"
Red Vine,"9 Clapham Common South Side, London SW4 7AA"
Devonshire Terrace,"9 Devonshire Square, London EC2M 4YF"
The Grove,"9 Grove Road, Surbiton KT6 4BX"
The Pelican Pub,"9 Hamm Moor Lane, Addlestone KT15 2SB"
Voodoo,"9 Hildreth Street, London, Wandsworth SW12 9RQ"
Enfield Cricket Club,"9 Lincoln Road, Enfield EN1 2RY"
Mabel's Tavern,"9 Mabledon Place, London WC1H 9AZ"
The Kings Head,"9 Market Place, Enfield EN2 6LL"
Silver Fox Micro Pub,"9 Montpelier Avenue, Bexley, Kent DA5 3AP"
Olivers,"9 Nevada Street, Greenwich SE10 9JL"
Dovetail Bar - Covent Garden,"9 Russell Street, London WC2B 5HZ"
Ancestrel,"9 Stanstead Road, London SE23 1HG"
Hit King,"9 Stoney Lane, London E1 7BH"
The Market Porter,"9, Stoney Street, London SE1 9AA"
The Bridge Tavern,9 The Broadway London NW7 3LN
Planet Of The Grapes,"9-10 Bulls Head Passage, London EC3V 1LU"
The Little Violet Door,"9-11 Kingly Street, London W1B 5PH"
The Pembury Tavern,"90 Amhurst Road, Hackney, London E8 1JH"
Bellegrove Social Club,"90 Bellegrove Road, Welling, Kent DA16 3QD"
The Actress,"90, Crystal Palace Road, London SE22 9EY"
The Temperance,"90 Fulham High Street, London SW6 3LF"
The Lansdowne,"90 Gloucester Avenue, London NW1 8HX"
Number 90 Ltd,"90 Wallis Road, Hackney, London E9 5LN"
The Greyhound Public House,"900 High Road, Chadwell Heath RM6 4HU"
The Pear Tree Purley,"908 Brighton Road, Purley CR8 2LN"
Kings Fairway,"91 Fordbridge Road, Ashford, Middx TW15 2SS"
Trude,"91 High Street, South Norwood, London SE25 6EA"
Dear Darling,"91 Jermyn Street, London SW1Y 6JB"
Harvester Gidea Park,"91 Main Road, Romford RM2 5EL"
Array Brasserie & Grill,"91 Shepherds Hill, Romford RM3 0NP"
Lord John Russell P.h.,"91-93 Marchmont Street, London WC1N 1AL"
The Refectory,911 Finchley Road London NW11 7PE
The Ship Public House,"92 Dartford Road, Dartford, Kent DA1 3ER"
Pig & Whistle Ph,"92-94 Bramley Road, London W10 6UG"
The Red Lion,"92-94 Linkfield Road, Isleworth TW7 6QJ"
The Little Green Dragon Enfield,"928 Green Lanes, London N21 2AD"
B London & Cubanista,"92b Old Brompton Road, London SW7 3LQ"
93 Feet East,"93 Feet East, 150 Brick Lane, London E1 6RU"
Isleworth Lions Club,"93 Heath Road, Hounslow TW3 2NP"
The Griffin,"93 Leonard Street, Hackney, London EC2A 4RD"
The Ship,"93 Main Road, Romford RM2 5EL"
Degusto,"94 Camden Road, London NW1 9EA"
Royal British Legion (addlestone),"94 Church Road, Addlestone KT15 1SG"
Haverstock Tavern,"94 Haverstock Hill, London NW3 2BD"
The Lamb,"94 Lamb's Conduit Street, London WC1N 3LZ"
The Dublin Castle,"94 Parkway, London NW1 7AN"
South Ealing Conservative Club,"94 St Marys Road, Ealing W5 5EX"
Star & Scorpion,"94 Uxbridge Road, West Ealing W13 8RA"
Be At One,"94 Wimpole Street, London W1G 0EH"
Matapan,"945 Green Lane, Dagenham RM8 1DJ"
Hootananny,"95 Effra Road, London SW2 1DF"
Gertie Brownes,95 High Road London N2 8AG
The White Swan,"95 High Street, Hoddesdon, Hertfordshire EN11 8TN"
Royal Oak,"95 High Street, London NW10 4TS"
Royal British Legion Club,"95 Popes Grove, Twickenham, Richmond Upon Thames TW1 4JT"
Cobham Cricket Club,"95 The Street, Cobham, Kent DA12 3BL"
The White Hart,"96 Church Road, Upper Norwood, London SE19 2EZ"
The Elgin,"96 Ladbroke Grove, London W11 1PY"
Crayford Arrows Sports Club,"96 Perry Street, Crayford, Dartford, Kent DA1 4RJ"
The Royal British Legion Club (social Club),"97, Barry Road, London SE22 0HR"
Catering Sir Richard Steele | Sir Richard Steele Pub,"97 Haverstock Hill, London NW3 4RL"
Ninety Seven Wine & Cocktail Bar,"97 Main Road, Sidcup, Kent DA14 6ND"
Kilburn Arms,"97-101 Willesden Lane, Kilburn, London NW6 7SD"
Ninetyeight Bar And Lounge,"98 Curtain Road, Hackney, London EC2A 3AF"
Ye Olde Swiss Cottage,"98 Finchley Road, London NW3 5EL"
The Wrestlers,"98 North Road, Hornsey, London N6 4AA"
The Oak,"98 Richmond Road, Kingston Upon Thames KT2 5EN"
The Three Compasses,"99 Dalston Lane, Hackney, London E8 1NH"
Bodens,99 East Barnet Road Barnet EN4 8RF
Club 99,"99 Mitcham Lane, London, Wandsworth SW16 6LY"
Beer Merchants Tap,"99 Wallis Road, Hackney, London E9 5LN"
Moon & Stars,"99-103 South Street, Romford RM1 1NX"
Rio Nightclub,"9a The Broadway, Wood Green, London N22 6DS"
Munich Cricket Club,"9a-9b Crutched Friars, London EC3N 2AU"
Chalet - Outdoor Bar | Dance Pods Bars | Main Concourse Bars | Tunnel Bars,"Abba Arena, 1 Pudding Mill Lane, Stratford, London E15 2RU"
Abbey Arms,"Abbey Arms 31 Wilton Road, Abbey Wood, Greenwich SE2 9RH"
Abbey Arms,"Abbey Arms Public House, 384 Barking Road, Plaistow, London E13 8HL"
Abbeywood Childrens Centre,"Abbey Church Centre Abbey Farmhouse, Abbey Gardens, Crooked Mile, Waltham Abbey EN9 1XQ"
Bush Hill Park Bowls Tennis And Social Club,"Abbey Road, Enfield EN1 2QP"
C.o.l. Hotboxes,"Abbeymoor Golf Club, Green Lane, Addlestone KT15 2XU"
The Abercorn Arms,"Abercorn Arms 76 - 78 Church Road, Teddington, Richmond Upon Thames TW11 8EY"
Abridge Golf & Country Club,"Abridge Golf And Country Club Epping Lane, Theydon Mount, Romford, Epping RM4 1ST"
Stanhope Arms (the),"Adam Court, 97 Gloucester Road, London SW7 4SS"
Mynd Spirit,"Addiscombe Cricket Club, The Sandilands Club, Sandilands, Croydon CR0 5DB"
The Admiral Hawke,"Admiral Hawke Public House, 81 Green Street, Sunbury-on-thames TW16 6RD"
Shakespeare's Head,"Africa House, 64-78 Kingsway, London WC2B 6BD"
The Ailsa Tavern,"Ailsa Tavern 263 St Margarets Road, Twickenham, Richmond Upon Thames TW1 1NJ"
Airport Bowl - Barcelos - Airport Lounge Bar,"Airport Bowl, Bath Road, Heathrow UB3 5AL"
Alan Pullinger Youth Cntr,"Alan Pullinger Centre, 1 John Bradshaw Road, London N14 6BT"
Albanian Association,Albanian Association Summers Lane London N12 0PD
Black Dog Beer House,"Albany Arms, 17 Albany Road, Brentford TW8 0NF"
The Dittons Skiff & Punting Club,"Albany Cottage, 1 Albany Reach, Queens Road, Thames Ditton KT7 0QH"
Albert,"Albert Public House, 74 St Stephens Road, London E3 5JL"
Hayes & Harlington Community Associa,"Albert Road, Hayes UB3 4HR"
Flight Club Darts Ltd,"Albion House, 55-59 New Oxford Street, London WC1A 1BS"
Pure,"Albion Road, Bexleyheath, Kent DA6 7LS"
Miller & Carter At The Dick Turpin,"Aldborough Road North, Newbury Park IG2 7TD"
Ford Sports & Social Club (essex),"Aldborough Road South, Seven Kings IG3 8HG"
Core,"Aldermary House, 15 Queen Street, London EC4N 1TX"
Surbiton Croquet Club,"Alexandra Drive, Surbiton KT5 9AA"
Alfie's Bar Locale,"Alfie's Bar Locale, 125-127 Bethnal Green Road, London E2 7DG"
All Bar One,"All Bar One, 127 Finsbury Pavement, London, Ec2a 1ns EC2A 1NS"
Chiswick Old Fire Station,"All Bar One, 197-199 Chiswick High Road, Chiswick W4 2DR"
Alleyns Head,"Alleyns Head, 75, Alleyn Park, London SE21 8BW"
Almeida Theatre,"Almeida Theatre, Almeida Theatre, 1a-1b Almeida Street, London N1 1TA"
Alwyne Castle Public House,"Alwyne Castle Public House, 83 St Paul's Road, London, N1 2ly N1 2LY"
Ambassadors Theatre | New Ambassadors Theatre,"Ambassadors Theatre, West Street, London WC2H 9ND"
The Sun,"Amwell Street, Hoddesdon, Hertfordshire EN11 8TX"
The Anchor,"Anchor, 165 Lewisham Road, Ladywell, London SE13 7PY"
"Lady Abercorn, Andaz Hotel","Andaz Hotel, 40 Liverpool Street, London EC2M 7QN"
Anerley Arms,"Anerley Arms 2 Ridsdale Road, Penge, London SE20 8AB"
Angel & Crown,"Angel And Crown Public House, 170 Roman Road, London E2 0RY"
The Angel Inn,"Angel Inn, Angel Road, Thames Ditton, Surrey KT7 0AU"
The Anglers,"Anglers Hotel 3 Broom Road, Teddington, Richmond Upon Thames TW11 9NR"
Anglesea Arms,"Anglesea Arms 91 Woolwich New Road, Woolwich, Greenwich SE18 6EF"
Anjuman - E Shehabi (east London),"Anjuman-e-shehabi Chigwell Row United Reform, Chapel Lane, Chigwell, Essex IG7 6JJ"
Antwerp Arms Association | The Antwerp Arms,"Antwerp Arms, 168 Church Road, Tottenham, London N17 8AS"
Apples And Pears,"Apples And Pears, 26 Osborn Street, London E1 6TD"
Approach Tavern,"Approach Tavern Public House, 47a Approach Road, London E2 9LY"
Aquarius Golf Club (licensed Bar),"Aquarius Golf Club, Marmora Road, London SE22 0RY"
3 Locks Brewery,"Arch 14 & 15, Water Lane, London NW1 8NZ"
Chop Shop Tavern,"Arch 141 Tilbury Road, Leyton, London E10 6RE"
Leyton Calling,"Arch 145 Tilbury Road, Leyton, London E10 6RE"
Waterloo Tap,"Arch 147, Sutton Walk, London SE1 7ES"
Swirl E10,"Arch 148 Tilbury Road, Leyton, London E10 6RE"
Gravity Well Taproom Limited,"Arch 155 Midland Road, Leyton, London E10 6JT"
Pretty Decent Beer Co,"Arch 340 Sheridan Road, Forest Gate, London E7 9EF"
Joyau,"Arch 353 Winchelsea Road, Forest Gate, London E7 0AQ"
Malt,"Arch 46 Ropewalk, Maltby Street, London SE1 3PA"
Jars Bar,"Arch 6 4, Market Yard, Deptford, London SE8 4BX"
Bridge Wine Bar,"Arch 644, 8 Voltaire Road, London SW4 6DH"
Off The Cuff Bar,"Arch 645 Rear Of 301 To 303, Railton Road, London SE24 0JN"
Mother Kelly's,"Arch 76 Albert Embankment, London SE11 5AW"
Old Tenisonians Sports Club,"Archbishop Tenison's School Sports Ground Arthur Road, New Malden, Merton KT3 6LX"
Fire,"Arches 39-44 Parry Street, London SW8 1RT"
Metropolis London Bar,"Arches 72 To 73, Goding Street, London SE11 5AW"
Ashtar Lounge,"Arches 80 To 81, Albert Embankment, London SE1 7TP"
Archway Tavern And Live Room,"Archway Tavern And Live Room, Ground Floor, 1 Navigator Square, London N19 3TD"
Army & Navy Public House,"Army & Navy Public House, 1-3 Matthias Road, London, N16 8nn N16 8NN"
Around,"Around, Basement And Ground Floor, 27 Exmouth Market, London EC1R 4QL"
Artillery Arms Public House,"Artillery Arms Public House, 102 Bunhill Row, London, Ec1y 8nd EC1Y 8ND"
Ashburnham Arms,"Ashburnham Arms 25 Ashburnham Grove, Greenwich SE10 8UH"
Phoenix Project Spelthorne Cic | Sri Sathya Sai Organisation Uk Cio,"Ashford Youth Centre, Kenilworth Road, Ashford TW15 3EL"
Walton On Thames Cricket Club,"Ashley Park Pavilion, 197 Ashley Park Avenue, Walton-on-thames, Surrey KT12 1ET"
Ashley Park,"Ashley Park Public House, Ashley Park Road, Walton-on-thames, Surrey KT12 1JP"
William Camden Public House,"Avenue Road, Bexleyheath, Kent DA7 4EQ"
Erith Leisure Centre,"Avenue Road, Erith, Kent DA8 3AT"
Backyard Bar,"Backyard Bar, 231-237 Cambridge Heath Road, London E2 0EL"
Bakers Arms,"Bakers Arms Public House, Sewardstone Road, Waltham Abbey, Essex EN9 3QF"
The Bald Faced Stag,Bald Faced Stag 69 High Road London N2 8AB
Balham Bowls Club,"Balham Club 7 - 9 Ramsden Road, London, Wandsworth SW12 8QX"
Bancroft Arms,"Bancroft Arms, 410 Mile End Road, London E1 4RQ"
Bancroft Rugby Football Club,"Bancroft Rugby Football Club, Buckhurst Way, Buckhurst Hill IG9 6JD"
Egham Band Social Club,"Band Hall, Band Lane, Egham TW20 9LN"
The Function Room,"Bank Buildings 3a The Avenue, Chingford, London E4 9LE"
Bank Of Friendship Ph,"Bank Of Friendship Ph, 224 Blackstock Road, London, N5 1ea N5 1EA"
Bar Italia,"Bar Italia, 120 High Street, Uxbridge UB8 1JT"
Bar With No Name,"Bar With No Name, 69 Colebrooke Row, London, N1 8ab N1 8AB"
Barbican Bars,"Barbican Arts And Conference Centre, Silk Street, London EC2Y 8DS"
Barking Football Club,"Barking Football Club, Lodge Avenue, Dagenham RM8 2JR"
Gblimited Limited @ The Barley Mow | The Barley Mow,"Barley Mow, 67 Molesey Road, Hersham, Walton-on-thames KT12 4RS"
The Barley Mow,"Barley Mow Road, Englefield Green TW20 0NX"
Barnehurst Golf Club,"Barnehurst Golf Course, Mayplace Road East, Bexleyheath, Kent DA7 6JU"
The Red Barn,"Barnehurst Road, Bexleyheath, Kent DA7 6HG"
Barnet Elizabethans Rugby Football Club,Barnet Rugby Football Club Byng Road Barnet EN5 4NS
Barnet Table Tennis Club,Barnet Table Tennis Centre Barnet Lane Barnet EN5 2DN
Barnhill Community Centre,"Barnhill Community Centre, Ayles Road, Hayes UB4 9HG"
Barrett's Ph,"Barratts Public House, 9 Masons Avenue HA3 5AH"
Barrel & Horn,"Barrel & Horn 204 High Street, Bromley BR1 1PW"
Lounge Bohemia,"Basement 1 Great Eastern Street, Hackney, London EC2A 3EJ"
Cirque Du Soir,"Basement 15-21 Ganton Street, London W1F 9BN"
The Sir John Balcombe Pub,"Basement 21 Balcombe Street, London NW1 6HE"
Angels Club,"Basement, 25 Broadway, West Ealing W13 9DA"
Red Room,"Basement, 42 The Broadway, Ealing W5 2NP"
Jaks,"Basement, 531-533 King's Road, London SW10 0TZ"
The Hidden Society,"Basement 61 Goodge Street, London W1T 1TL"
Agl Airsoft,"Basement, 61 Gowers Walk, London E1 8BS"
The Cocktail Club,"Basement 63 Worship Street, Hackney, London EC2A 4JH"
The Friendly Society,"Basement 79 Wardour Street, London W1D 6QB"
Cuvee Cru,"Basement And Ground Floor 10 Clifton Road, London W9 1SS"
Walkers Of Whitehall,"Basement And Ground Floor 15 Whitehall, London SW1A 2DD"
All Bar One,"Basement And Ground Floor 19 Henrietta Street, London WC2E 8QH"
Plume Wine Bar,"Basement And Ground Floor 26 Wellington Street, London WC2E 7DD"
Kapture,"Basement And Ground Floor 267 High Road Leyton, Leyton, London E10 5QL"
Franklin's Wines,"Basement And Ground Floor, 305 Westbourne Grove, London W11 2QA"
Curzon Cinema,"Basement And Ground Floor 38 Curzon Street, London W1J 7TU"
Nodoby Asked Me,"Basement And Ground Floor Front 88 Chatsworth Road, Hackney, London E5 0LS"
Be At One,"Basement And Ground Floor Retail Unit Edward House, 16-18 Brushfield Street, London E1 6AN"
Eight Club (1 Change Alley),"Basement Members Club, 24 Cornhill, London EC3V 9AZ"
Mnm,"Basement Retail Unit, 141 Fenchurch Street, London EC3M 6BL"
London Cocktail Club,"Basement Retail Unit, 206-210 Bishopsgate, London EC2M 4NR"
City Of London Distillery,"Basement Retail Unit, 24 Bride Lane, London EC4Y 8DT"
The Bootlegger's Club Ltd,"Basement Retail Unit, 25-26 Lime Street, London EC3M 7HR"
Simmons Bar Greek Street,"Basement To First Floor 7 Greek Street, London W1D 4DF"
Oswalds,"Basement To Second Floor 25-26 Albemarle Street, West End, London W1S 4HX"
"Basil's, Thames Ditton Sports & Squash Ltd","Basil's; Thames Ditton Sports & Squash Ltd, St Nicholas Road, Thames Ditton, Surrey KT7 0PW"
Gravesend Cricket Club,"Bat And Ball Ground, Wrotham Road, Gravesend, Kent DA11 0QP"
Gravesend Bowls Club,"Bat And Ball Sports Ground, Wrotham Road, Gravesend, Kent DA11 0QP"
Battersea Ironsides Sports Ground,"Battersea Ironsides Sports Ground Burntwood Lane, London, Wandsworth SW17 0AW"
David Lloyd Leisure,"Baugh Road, Sidcup, Kent DA14 5ED"
The Baxters Court,"Baxter Court 282 Mare Street, Hackney, London E8 1HE"
Be At One,"Be At One, 12 Upper Street, London, N1 0pq N1 0PQ"
Be At One Farringdon,"Be At One Farringdon, Basement And Ground Floor Lindsey House, 40-42 Charterhouse Street, London EC1M 6JN"
The Bear,"Bear Inn, Leatherhead Road, Oxshott, Leatherhead KT22 0JE"
The Beaverwood Sports And Social Club,"Beaverwood Lodge Sports And Leisure Club Beaverwood Road, Chislehurst BR7 6HF"
Beckenham Sports Club,"Beckenham Cricket Club 19 Foxgrove Road, Beckenham BR3 5AS"
Beckenham Rugby Football Club,"Beckenham Rugby Football Club Balmoral Avenue, Beckenham BR3 3RD"
Beckenham Town Football Club,"Beckenham Town Football Club Eden Park Avenue, Beckenham BR3 3JL"
Beckton Arms,"Beckton Arms Public House, 1 Beckton Road, Canning Town, London E16 1PY"
Berneliu Uzeiga - Shepherds Inn,"Beckton Tavern, 16 Mary Rose Mall, Beckton, London E6 5LX"
Bedford Tavern,"Bedford Tavern, Ground Floor, 160 Seven Sisters Road, London N7 7PT"
Hadley Wood Golf Club,"Beech Hill, Barnet EN4 0JJ"
The Beehive Harvester,"Beehive Lane, Gants Hill IG4 5DR"
The Beehive,"Beehive Public House, 51 Durham Street, London SE11 5JA"
"Union Bar, Fivesixeight, Beit Bars","Beit Hall Imperial College Prince Consort Road, London SW7 2BB"
Bellingham Ex-servicemen's Club,"Bellingham Club, Allerford Road, London SE6 3DD"
Belushi's,"Belushis 189 Greenwich High Road, Greenwich SE10 8JA"
The Hope,"Bennet Court 1 Bellevue Road, London, Wandsworth SW17 7EG"
Bethnal Green Tavern,"Bethnal Green Tavern, 456 Bethnal Green Road, London E2 0EA"
Bethnal Green Working Mens Club,"Bethnal Green Working Mens Club, 42-46 Pollard Row, London E2 6NB"
Old Bexley Ex Servicemans Club,"Bexley High Street, Bexley, Kent DA5 1AB"
Bexley Park Sports And Social Club,"Bexley Park, Calvert Drive, Dartford, Kent DA2 7AG"
Bickley Park Cricket Club,"Bickley Park Cricket Club Bickley Park Road, Bickley, Bromley BR1 2AS"
Big Red,"Big Red, The Big Red Pub The Arcade, 385 Holloway Road, London N7 0RY"
Langtons Hall,"Billet Lane, Hornchurch RM11 1XJ"
Birchwood Park Golf Club (catering),"Birchwood Road, Wilmington, Kent DA2 7HJ"
Bird In The Hand,"Bird In Hand 62 Gravel Road, Bromley BR2 8PF"
Bird In Hand,"Bird In Hand, Bird In Hand, 35 Dartmouth Road, London SE23 3HN"
London Marathon Playing Field,"Birkbeck College Sports Ground, Oldfield Lane North, Greenford UB6 8PN"
The Fox And Hounds,"Bishopsgate Road, Englefield Green TW20 0XU"
Black Boy Public House,"Black Boy Southspring, Avery Hill, Greenwich DA15 8EA"
The Black Bull,"Black Bull, Victoria Road, Ruislip HA4 0EF"
The Black Horse,"Black Horse Public House, 40 Leman Street, London E1 8EU"
The Black Lion,"Black Lion Public House, 59-61 High Street, Plaistow, London E13 0AD"
The Blackfriar,"Blackfriars Tavern, 174 Queen Victoria Street, London EC4V 4EG"
Blackstock Public House,"Blackstock Public House, Ground Floor, 284 Seven Sisters Road, London N4 2HY"
The Blue Ball,"Blue Ball Public House, Deans Lane, Walton On The Hill, Surrey KT20 7UE"
New Boar,"Blue Boar, The Blue Boar Public House, Market Place, Abridge RM4 1UA"
Blue Nile,"Blue Nile, Ground Floor, 182 Seven Sisters Road, London N7 7PX"
The Boleyn,"Boleyn Tavern, 1 Barking Road, East Ham, London E6 1PW"
Loughton Synagogue,"Borders Lane, Loughton, Essex IG10 1TE"
Boston Arms,"Boston Arms, 178-180 Junction Road, London, N19 5qq N19 5QQ"
Botley Hill Farmhouse,"Botley Hill Farm Limpsfield Road, Warlingham, Surrey CR6 9QH"
Boulebar,"Boulebar, 7 Frying Pan Alley, London E1 7HS"
Bourne & Hollingsworth Buildings,"Bourne & Hollingsworth Buildings, Basement To First, 42 Northampton Road, London EC1R 0HU"
Dartfordians Community Sports Club,"Bourne Road, Bexley, Kent DA5 1LW"
Dead Pedro's | The Bow Bells,"Bow Bells Public House, 116 Bow Road, London E3 3AA"
Brackendale Lawn Tennis Club,"Brackendale Sports Ground, Brackendale, London N21 3DH"
Roding Valley Cricket Club,"Bradwell Road, Buckhurst Hill, Essex IG9 6BY"
Saracens Amateur Rugby F/ball Club,"Bramley Sports Ground, Chase Side, Southgate N14 4AB"
Brandon Groves (soh) Community Club,"Brandon Groves Community Hall, Brandon Groves Avenue, South Ockendon, Essex RM15 6SB"
Bread Street Kitchen - Limehouse,"Bread Street Kitchen - Limehouse, 44 Narrow Street, London E14 8DJ"
King’s House School Sports Ground,"Break Point Kings House Sports Ground, Riverside Drive, Chiswick W4 2SP"
Breakspear Arms,"Breakspear Arms, Breakspear Road South, Ickenham UB9 6LT"
The Windsor,"Breffini Arms, 888, Old Kent Road, London SE15 1NQ"
Brent School Old Boys Social Club,"Brent Old Boys Social Club, London Road, Stone, Kent DA2 6AS"
Everyone Active,"Brent Valley Municipal Golf Course, 138 Church Road, Hanwell W7 3BE"
Brentham Club & Perry Cafe,"Brentham Club, 38a Meadvale Road, Ealing W5 1NP"
Dog And Partridge,"Brentwood Road, Orsett, Essex RM16 3HU"
Brickfields,"Brickfields Bar, 293 Brockley Road, London SE4 2SA"
The Bricklayers Arms,"Bricklayers Arms, 189 Dartmouth Road, London SE26 4QY"
Bricklayers Arms,"Bricklayers Arms 237 High Street, Beckenham BR3 1BN"
The Bricklayers Arms,"Bricklayers Arms, 6 Queens Road, Hersham, Walton-on-thames KT12 5LS"
St Bride Foundation,"Bridewell Theatre, 14 Bride Lane, London EC4Y 8EQ"
Bridge House Tavern,"Bridge House Tavern 2 High Street, Penge, London SE20 8RZ"
Burgh Heath Comrades And Social Club,"Brighton Road, Burgh Heath, Surrey KT20 6BW"
Kingswood Village Club,"Brighton Road, Lower Kingswood, Surrey KT20 6SZ"
Britannia Public House,"Britannia Public House, 94 Ironmonger Row, London, Ec1v 3qr EC1V 3QR"
Royal British Legion,"British Legion Club, Brooker Road, Waltham Abbey, Essex EN9 1HW"
Royal British Legion Club Surbiton,"British Legion Club, Hollyfield Road, Surbiton KT5 9AL"
Royal British Legion Club,"British Legion Hall 7 Church Hill, Orpington BR6 0HE"
The Egham & Hythe Club,"British Legion Hall, Pooley Green Road, Egham TW20 8AP"
Eastcote Royal British Legion,"British Legion Hall, Southbourne Gardens, Ruislip HA4 9SQ"
Royal British Legion,"British Legion, Muswell Hill Road, Hornsey, London N10 3NG"
British Oak,"British Oak 109 Old Dover Road, Blackheath, Greenwich SE3 8SU"
The British Queen,"British Queen 427 Crofton Road, Orpington BR6 8NL"
The Hawthorn,"British Queen, 434 Uxbridge Road, London W12 0NS"
The Broadway Bar And Grill,"Broadway Bar And Grill, 474 - 476 Fulham Road, London SW6 1BY"
The Phoenix,"Broadway, Rainham RM13 9YW"
Brockenhurst Recreational & Social Club | Naturist Foundation - Tea Pot Cafe,"Brockenhurst Sheepcote Lane, Orpington BR5 4ET"
The Grove Sports Club,"Bromley Common Cricket Club Oakley Road, Bromley BR2 8HQ"
Bromley Sports Club / Bromley Cricket Club,"Bromley Cricket Club Plaistow Lane, Bromley BR1 3AS"
Bromley Football Club - Broomfields,"Bromley Football Club Hayes Lane, Hayes, Bromley BR2 9EF"
Bromley Golf Centre,"Bromley Golf Centre Magpie Hall Lane, Bromley BR2 8JF"
Bromley Lawn Tennis And Squash Club,"Bromley Lawn Tennis And Squash Club Sandford Road, Bromley BR2 9AN"
Bromley Tennis Centre,"Bromley Tennis Centre Avebury Road, Orpington BR6 9SA"
Bromley Town Bowling Club,"Bromley Town Bowling And Squash Club Hayes Lane, Hayes, Bromley BR2 9EF"
Brondesbury Cricket Tennis Bowls & Squash Club,Brondesbury Cricket Tennis And Squash Club 5 Harman Drive London NW2 2EB
Brook House Football Club,"Brook House Football Club, Kingshill Avenue, Hayes UB4 8BZ"
The Hare Public House,"Brookshill, Harrow Weald HA3 6SD"
Brown Bear,"Brown Bear Public House, 139 Leman Street, London E1 8EY"
Bounds Green Bowls And Tennis Club,"Brownlow Road, London N11 2BS"
Broxbourne Sailing Club,"Broxbourne Sailing Club Meadgate Road, Nazeing, Waltham Abbey, Essex EN9 2PB"
Broxbourne Borough Football Club,"Broxbourne Youth Football Club V And E Club, Goffs Lane, Cheshunt, Hertfordshire EN7 5QN"
Woodlands Edge,"Broxburn Drive, South Ockendon, Essex RM15 5RD"
Buckhurst Hill Cricket And Lacrosse Club,"Buckhurst Hill Cricket And Lacrosse Club, Roding Lane, Buckhurst Hill, Essex IG9 6BJ"
Buckhurst Hill Sports And Social Club,"Buckhurst Hill Sports And Leisure, 50a Queens Road, Buckhurst Hill, Essex IG9 5BY"
Monkhams Inn,"Buckhurst Way, Buckhurst Hill, Essex IG9 6HY"
Lower Kingswood Social Club,"Buckland Road, Lower Kingswood, Tadworth, Surrey KT20 7DN"
Builders Arms,Builders Arms 3 Albert Road Barnet EN4 9SH
The Builders Arms,"Builders Arms, 65 Leslie Park Road, Croydon CR0 6TP"
Stapleford Flying Club,"Building 2 Stapleford Flying Club, Stapleford Airfield, Ongar Road, Romford RM4 1SJ"
The Union,"Building 5, 566 Chiswick High Road, Chiswick W4 5YA"
Bull & Bush,"Bull And Bush, North End Way, London NW3 7HE"
Bulls Head Hotel,"Bulls Head Hotel Royal Parade, Chislehurst BR7 6NR"
Burhill Golf Club,"Burhill, Hersham, Walton-on-thames, Surrey KT12 4BX"
Ludo's,"Bus Cafe, Car Park, River Park Road, Wood Green N22 7TB"
Bush Hill Park Golf Club 1895 Limited,"Bush Hill Park Golf Club, Bush Hill, London N21 2BU"
Doghouse Distillery Bar,"Business, 10 Clapham Common South Side, London SW4 7AA"
The Rattlin Bog,"Business, 4 Clapham Common South Side, London SW4 7AA"
Byfleet Bowling Club,Byfleet Recreation Groundstream Closebyfleetwest Byfleetsurrey KT14 7LZ
Chingford Rugby Club Bar,"Cafe Chingford Golf Driving Range 293 Waltham Way, Chingford, London E4 8AQ"
Cafe Kick,"Cafe Kick, Shop, 43 Exmouth Market, London EC1R 4QL"
Callaghans,"Callaghans, 55 Chrisp Street, London E14 6LP"
Cambridge Park Bowling Club,"Cambridge Park Bowling & Sports Club Ltd Cambridge Park, Twickenham, Richmond Upon Thames TW1 2PG"
The Cambridge Theatre,"Cambridge Theatre, Earlham Street, London WC2H 9HU"
Camden Head Public House,"Camden Head Public House, Ground Floor, 2 Camden Walk, London N1 8DY"
Chislehurst Golf Club - Nourish Catering,"Camden Place Camden Park Road, Chislehurst BR7 5HJ"
The Camel & Artichoke,"Camel And Artichoke, 121 Lower Marsh, London SE1 7AE"
Off Piste,"Canada Park Square, London E14 5AB"
Cannons - The Factory,"Cannons - The Factory, 223a Blackstock Road, London, N5 2ll N5 2LL"
Waltham Abbey Football Club,"Capershotts, Sewardstone Road, Waltham Abbey, Essex EN9 1LU"
Captain Kidd,"Captain Kidd Public House, 108 Wapping High Street, London E1W 2NE"
Captain Morgans,"Captain Morgans, 9 Clayton Road, Hayes UB3 1AX"
Deluxe Coffeeworks 219,"Carnegie House, 219 Shepherd's Bush Road, London W6 7JS"
Carpenters Arms | Goppa @ The Carpenters Arms,"Carpenters Arms Public House, 73 Cheshire Street, London E2 6EG"
Carpenters Arms,"Carpenters Arms Public House, 99 Smarts Lane, Loughton, Essex IG10 4BP"
Old Walcountian Association,"Carshalton Road, Banstead, Surrey SM7 3HU"
The Castle,"Castle Inn, 18 Upper Square, Isleworth TW7 7BN"
The Castle Tavern Amma’s Fare,"Castle Tavern 179 Powis Street, Woolwich, Greenwich SE18 6JL"
The Catcher In The Rye,Catcher In The Rye 317 Regents Park Road London N3 1DP
Catford Bridge Tavern,"Catford Bridge Tavern Pub, Catford Road, London SE6 4RE"
Orange Buffalo,"Catford Bridge Tavern Station Approach, Catford Road, London SE6 4RE"
The Catford House,"Catford Broadway, London SE6 4SP"
Cc Lounge,"Cc Lounge, Basement And Ground Floors, 3 Chapel Market, London N1 9EZ"
Dagenham Rugby Club,"Central Park Lodge, Rainham Road North, Dagenham RM10 7EJ"
Central Station Public House,"Central Station Public House, 37 Wharfdale Road, London, N1 9se N1 9SE"
Central Ward Residents Club,"Central Ward Residents Club Ashridge Way, Morden, Merton SM4 4ED"
Tunnel Vision,"Centurion House, 37 Jewry Street, London EC3N 2ER"
Chadwell Working Mens Club,"Chadwell St Mary Working Mens Club, River View, Chadwell St Mary, Essex RM16 4DH"
Champagne Route,"Champagne Route, 30 Gauging Square, London E1W 2AE"
Change Of Horses,"Change Of Horses 87 High Street, Farnborough, Orpington BR6 7BB"
Chapel Bar,"Chapel Bar, 29 Penton Street, London, N1 9px N1 9PX"
Chapter House Student Living Bar,"Chapter House Student Living Bar, 9 Frying Pan Alley, London E1 7HS"
Charles 1 Public House,"Charles 1 Public House, 55-57 Northdown Street, London, N1 9bl N1 9BL"
Hollywood Bowl,"Charrington Bowl, Kingston Road, Tolworth KT5 9PB"
Charville Social Club,"Charville Community Centre, Bury Avenue, Hayes UB4 8LF"
Chatterton Arms,"Chatterton Arms 41 Chatterton Road, Bromley BR2 9QW"
The King Denham,"Cheapside Lane, Denham, Buckinghamshire UB9 5AE"
Chelsfield Lakes Golf Centre,"Chelsfield Lakes Golf Centre Court Road, Orpington BR6 9BX"
The Bull Inn,"Chelshem Common, Chelsham, Surrey CR6 9PB"
The Chequers,"Chequers Lane, Walton On The Hill, Tadworth, Surrey KT20 7SF"
Chertsey Cricket Club,"Chertsey Cricket Club, Grove Road, Chertsey KT16 9DL"
Meadhurst Club,"Chertsey Road, Sunbury-on-thames TW16 7LL"
Chertsey Social Club,"Chertsey Social Club, Pyrcroft Road, Chertsey KT16 9HN"
Chertsey Town Football Club,"Chertsey Town Football Club, Alwyns Lane, Chertsey KT16 9DW"
Pad Thai Boys,"Cheshire Cheese Public House 5 Little Essex Street, London WC2R 3LD"
Cheshunt&waltham Cross Conservative,"Cheshunt And Waltham Cross Conservative Club, Eleanor Cross Road, Waltham Cross, Hertfordshire EN8 7LF"
Cheshunt Park Golf Club,"Cheshunt Park Golf Club(private) The Old Club, Cheshunt Park, Park Lane, Cheshunt EN7 6QD"
Cheshunt Royal British Legion Club L,"Cheshunt Royal British Legion Club, 37 Crossbrook Street, Cheshunt, Hertfordshire EN8 8LR"
The Chessington Oak,"Chessington Oak, 116 Moor Lane, Chessington KT9 1HX"
Northwood Town Cricket Club,"Chestnut Avenue, Northwood HA6 1HR"
Chiave Shoreditch,"Chiave Shoreditch, 36 Redchurch Street, London E2 7DP"
Chigwell Hall Metropolitan Police,"Chigwell Sports Club, High Road, Chigwell, Essex IG7 6BD"
Chiltern Church Club,"Chiltern Church, 83 Chiltern Road, Sutton SM2 5QY"
The Well House Inn,"Chipstead Lane, Chipstead, Surrey CR5 3SQ"
Will To Win Tennis Centre,"Chiswick House Grounds, Burlington Lane, Chiswick W4 2RP"
Chiswick Memorial Club Association,"Chiswick Memorial Club, Bourne Place, Chiswick W4 2EL"
Chiswick Rugby Football Club,"Chiswick Rfu Ltd The Club House, Riverside Drive, Chiswick W4 2SH"
Sidcup Recreation Club,"Church Avenue, Sidcup, Kent DA14 6BU"
The Cock Inn,"Church Lane, Headley, Surrey KT18 6LE"
Wormley Sports Club,"Church Lane, Wormley, Hertfordshire EN10 7QE"
St Josephs Social Club,"Church Of Our Lady And St Joseph, 52 Uxbridge Road, Hanwell W7 3SU"
The Faraday/ktown/fluster Cluck/locked & Loaded/88th St,"Church Street, Epsom, Surrey KT17 4NY"
West London Masonic Centre,"Churchfield House, Churchfield Road, West Ealing W13 9NF"
Churchill Theatre,"Churchill Theatre High Street, Bromley BR1 1HA"
Churchill's,"Churchills Public House 151 St Johns Hill, London, Wandsworth SW11 1TQ"
City Pride Public House,"City Pride Public House, 28 Farringdon Lane, London, Ec1r 3au EC1R 3AU"
The Clapton Hart,"Clapton Hart 231 Lower Clapton Road, Hackney, London E5 8EG"
Clays,"Clays Unit B1, 1 Cabot Square, London E14 4QJ"
Clerkenwell & Social,"Clerkenwell & Social, Ground And Lower Ground Floors, 2-5 St John's Square, London EC1M 4DE"
Clissold Park Tavern,"Clissold Park Tavern, 177 Green Lanes, London, N16 9db N16 9DB"
Gencler Birligi Fc,"Club, 12 White Hart Lane, Tottenham, London N17 8DP"
Zefi Bar,"Club, 531-533 King's Road, London SW10 0TZ"
Langham Working Mens Club,"Club, 600 Green Lanes, Hornsey, London N8 0RY"
The 800 Club,"Club 800 800 - 806 Lea Bridge Road, Walthamstow, London E17 9DN"
Gunnersbury Sports And Social Club,"Club Gunnersbury Sports And Social Ground, Park Place, Acton W3 8JY"
Malden Wanderers Cricket & Lawn Tennis Club,"Club House, 20 Cambridge Avenue, New Malden KT3 4LE"
Hanwell Conservative Club,"Club House, 40 Uxbridge Road, Hanwell W7 3PP"
Battersea Labour Club,"Club House 81 - 83 Falcon Road, London, Wandsworth SW11 2PF"
Golf Club Kitchen,"Club House, Crews Hill Golf Club, Cattlegate Road, Enfield EN2 8AZ"
Ealing Golf Club,"Club House, Ealing Golf Course, Perivale Lane, Perivale UB6 8TS"
Horsenden Hill Activity Centre,"Club House, Horsenden Hill Golf Course, Woodland Rise, Greenford UB6 0RD"
Bar@stockley,"Club House Stockley Park Golf Course, Bennetsfield Road, West Drayton UB11 1AQ"
Weybridge Rowing Club,"Club House, Thames Lock, Jessamy Road KT13 8LG"
Wimbledon Common Golf Club,"Club House Wimbledon Common Golf Club Camp Road, Wimbledon, Merton SW19 4UW"
Club Oops,"Club Oops, 30 Alie Street, London E1 8DA"
Whiteley Village Cricket Club,"Clubhouse, Coombe Lane, Whiteley Village Hersham, Walton-on-thames KT12 4EL"
Weybridge Mariners Club,"Clubhouse, Lock Island, Shepperton, Surrey TW17 9LW"
Farleigh Rovers Football Club,"Clubhouse Parsonage Field Green Lane, Warlingham, Surrey CR6 9EY"
John Fisher Sports Club,"Clubhouse Sports Ground Limpsfield Road, Warlingham, Surrey CR6 9RD"
Walthamstow Cricket&lawntennis Club,"Clubhouse Walthamstow Cricket Club 48a Greenway Avenue, Walthamstow, London E17 3QN"
Woodbine Sports & Social Club,"Clubhouse, Woodbine Close Caravan Park, Woodbine Close, Waltham Abbey EN9 3RQ"
The Coach & Horses,"Coach And Horses 13 Greenwich Market, Greenwich SE10 9HZ"
The Coach & Horses,"Coach And Horses 2 Old Compton Street, London W1D 4TA"
Coach And Horses Public House,"Coach And Horses 5 Hill Street, London W1J 5LD"
The Coach & Horses,"Coach And Horses, 860-862 High Road, Tottenham, London N17 0EY"
Coach And Horses - Kitchen,"Coach And Horses Burnhill Road, Beckenham BR3 3LA"
Cobham Rugby & Sports Association,"Cobham Rugby Club, Old Surbitonians Sports Club, Fairmile Lane, Cobham KT11 2BU"
Cobham Village Club,"Cobham Village Club, 16 Portsmouth Road, Cobham, Surrey KT11 1HZ"
The Cock & Bottle,"Cock And Bottle 17 Needham Road, London W11 2RP"
Cockfosters Bowling Club | Cockfosters Football Club,"Cockfosters Sports Ground, Chalk Lane, Barnet EN4 9JG"
The Colby Arms,"Colby Arms, 132, Gipsy Hill, London SE19 1PW"
The Crocodile,"College Road, Cheshunt, Hertfordshire EN8 9NQ"
The Bowl Bar (city Pavilion),"Collier Row Road, Romford RM5 2BH"
Pineapple,"Colonies 25 Wilfred Street, London SW1E 6PR"
Fishmongers Arms,"Commercial Premises, Public House, Winchmore Hill Road, London N14 6AD"
Commercial Tavern,"Commercial Tavern Public House, 142-144 Commercial Street, London E1 6NU"
London's Pride (airside),"Commercial Unit D13 Terminal 2 The Queen's Terminal Departures Level, Inner Ring East, London Heathrow Airport TW6 1EW"
Diageo World Duty Free Bar,"Commercial Unit Dcl15 Terminal 5 Departures Level, Wellington Road, London Heathrow Airport TW6 2GA"
Black Swan Ph,"Common Road, Nazeing, Waltham Abbey, Essex EN9 2DF"
Crystals Of London Bar & Restaurant,"Community Centre, Crystal House, 2 Agate Close, London NW10 7FJ"
Piglets Parent And Toddler Group,"Community Church Chadwell, Defoe Parade, Chadwell St Mary, Grays RM16 4QR"
Heist Bank,"Concession North Wharf Road, London W2 1LF"
Hillingdon Manor Cricket Club,"Coney Green, Uxbridge Road UB10 0PN"
Connolly's Bar,"Connollys Bar, 450 Chiswick High Road, Chiswick W4 5TT"
Walthamstow Conservative Club,"Conservative Carlton Club 76 Church Lane, Walthamstow, London E17 9RW"
North Enfield Conservative Club Bar,"Conservative Club, 278 Baker Street, Enfield EN1 3LD"
Conway Lawn Tennis Club,"Conway Road Recreation Ground, Conway Road, London N14 7BD"
Mecca Bingo Club,"Cook Road, Dagenham RM9 6UQ"
Crouch End Vampires Football Club,"Coppetts Road, Hornsey, London N10 1JP"
Corinthian Sports Club,"Corinthian Sports Club Ltd, Valley Road, Fawkham, Kent DA3 8LY"
Corner Flag Ph,"Corner Flag Ph, 472 Hornsey Road, London, N19 4ef N19 4EF"
County Arms Public House,"County Arms Public House 345 Trinity Road, Wandsworth, London, Wandsworth SW18 3SH"
Namco Funscape,"County Hall Riverside Building, Westminster Bridge Road, London SE1 7PB"
Coupette,"Coupette, 423 Bethnal Green Road, London E2 0AN"
Cousin's Professional Snooker Club,"Cousin's Professional Snooker Club, First And Second Floors, 8-14 Seven Sisters Road, London N7 6AH"
The Coy Carp,"Coy Carp Public House, Coppermill Lane, West Hyde, Uxbridge UB9 6HZ"
Crabtree Boat Club,"Crabtree Boathouse Club Embankment, London, Wandsworth SW15 1LB"
The Crabtree,"Crabtree Public House, Rainville Road, London W6 9HJ"
"Riverside L3, L4- Lighthouse Social Members Club","Craven Cottage, Stevenage Road, London SW6 6HH"
The Chequers,"Cray Road, Crockenhill, Kent BR8 8LP"
Crayford Social Club,"Crayford Way, Crayford, Dartford, Kent DA1 4JA"
Swanscombe Leisure Centre,"Craylands Lane, Swanscombe, Kent DA10 0LP"
The Trinity Bell,"Cree House, 20 Creechurch Lane, London EC3A 5AY"
Shepperton Cricket Club,"Cricket Club, Manor Park, Russell Road, Shepperton TW17 9JS"
Northwood Cricket Club,"Cricket Ground, Rickmansworth Road HA6 2NP"
Botany Bay Cricket Club,"Cricket Pavilion, East Lodge Lane, Enfield EN2 8AS"
Meopham Cricket Club,"Cricket Pavilion, Meopham Green, Meopham, Gravesend DA13 0PZ"
The Cricketers,"Cricketers Inn, Downside Common, Downside, Cobham KT11 3NX"
The Cricketers,"Cricketers Inn Public House, 1 Stamford Green Road, Epsom, Surrey KT18 7SR"
New Ifield Cricket Club,"Crispin Cricket Ground, Priestwood Road, Meopham, Gravesend DA13 0DJ"
Crofton Albion Sports & Social Club,"Crofton Albion Sports And Social Club Weigall Road, Kidbrooke, Greenwich SE12 8HF"
The Croham Arms,"Croham Arms, Croham Road, South Croydon CR2 7PB"
Horse & Wig,"Cromwell House, 14 Fulwood Place, London WC1V 6HZ"
Toby Carvery At Crook Log Public House,"Crook Log, Bexleyheath, Kent DA6 8EQ"
The Crooked Billet,"Crooked Billet 38 Middle Street, Nazeing, Waltham Abbey, Essex EN9 2LD"
Crooked Billet,"Crooked Billet 99 High Street, Penge, London SE20 7DT"
The Cross Lances,"Cross Lances, 236 Hanworth Road, Hounslow TW3 3TU"
The Old Guinea,"Crossoaks Lane, Ridge, Potters Bar, Hertfordshire EN6 3LH"
Crown & Pepper Farringdon,"Crown & Pepper Farringdon, Unit 5 Cowcross Place, Cowcross Street, London EC1M 5UG"
Crown And Manor Boys Club,"Crown And Manor Boys Club Wiltshire Row, Hackney, London N1 5DH"
Crown & Sceptre,"Crown And Sceptre, 57 Melina Road, London W12 9HY"
Crown And Sceptre,"Crown And Sceptre Public House, 32 Junction Road, South Croydon CR2 6RB"
The Crown And Sugar Loaf,"Crown And Sugarloaf Public House, 26 Bride Lane, London EC4Y 8DT"
Crown & Treaty,"Crown And Treaty House, 90 Oxford Road, Uxbridge UB8 1LU"
Crown Inn,"Crown Hotel School Road, Chislehurst BR7 5PQ"
Crown Of Bromley,"Crown Of Bromley 14 Masons Hill, Bromley BR2 9JG"
Crown Public House,"Crown Public House, 622 Holloway Road, London, N19 3pa N19 3PA"
Croydon Rugby Club,"Croydon Rugby Football Club 135 Addington Road, West Wickham BR4 9BF"
Hartley Country Club,"Culvey Close, Hartley, Kent DA3 8BS"
Cumberland Arms P H,"Cumberland Arms, 29 North End Road, London W14 8SZ"
Genting Casino,"Curzon Soho Wingate House 93-107 Shaftesbury Avenue, London W1D 5DY"
The Dacre Arm's,"Dacre Arms, 11 Kingswood Place, London SE13 5BU"
Dagenham Trades Hall,"Dagenham Trades Hall, Charlotte Road, Dagenham RM10 8TD"
Dame Alice Owen Public House,"Dame Alice Owen Public House, Ground Floor, 292-294 St John Street, London EC1V 4PA"
Danson Stables,"Danson Park, Danson Road, Bexleyheath, Kent DA6 8HL"
Carshalton Darby And Joans Club,"Darby And Joan Club, 18 Cooper Crescent, Carshalton SM5 2DL"
The Chequers,"Darenth Road, Darenth, Kent DA2 7QT"
The Admiral Byng,"Darkes Lane, Potters Bar, Herts EN6 1AB"
Champions Bar,"Dartford Football Club, Stadium, Princes Park, Grassbanks DA1 1RT"
The Dartmouth Castle,"Dartmouth Castle, 26 Glenthorne Road, London W6 0LS"
Lawns Bar & Restaurant,"David Lloyd Club, 180 Carterhatch Lane, Enfield EN1 4LF"
David Lloyd Leisure Ltd,"David Lloyd Club, Roding Lane, Buckhurst Hill, Chigwell IG9 6BJ"
David Lloyd Club,David Lloyd Leisure Centre Leisure Way London N12 0QZ
David Lloyd Club,"David Lloyd Leisure Plc, 10 Southall Lane, Southall TW5 9PE"
David Lloyd Leisure,"David Lloyd Leisure Stanhope Grove, Beckenham BR3 3HL"
David Lloyd Hampton,"David Lloyd Staines Road, Twickenham, Richmond Upon Thames TW2 5JD"
Daylight Inn,"Daylight Inn Station Square, Petts Wood, Orpington BR5 1LZ"
Dean Swift,"Dean Swift, 10, Gainsford Street, London SE1 2NE"
Walton Heath Artisans Golf Club,"Deans Lane, Walton On The Hill, Tadworth, Surrey KT20 7TP"
Debden Sports Club,"Debden Sports Club, Chigwell Lane, Loughton, Essex IG10 3TP"
Goals Soccer Centre,"Deckers Sports Ground, Kingston Road, Tolworth KT5 9NT"
Highgate Golf Club,"Denewood Road, Hornsey, London N6 4AH"
The Star Light,"Departures Level Terminal 4, Stratford Road, London Heathrow Airport TW6 3XA"
The Globe (landside Departure Level T5),"Departures Level Terminal 5, Wellington Road, London Heathrow Airport TW6 2GA"
Derby Arms,"Derby Arms Road, Epsom, Surrey KT18 5LE"
Harvel Cricket Club,"Desmond Wood Ground, David Street, Meopham, Gravesend DA13 0DE"
Devas Club,"Devas Club 2a Stormont Road, London, Wandsworth SW11 5EN"
Upminster Masonic Hall Co Ltd,"Deyncourt Gardens, Upminster RM14 1DF"
Dial Arch,"Dial Arch No 1 Street, Woolwich, Greenwich SE18 6GH"
Dickens Inn,"Dickens Inn St Katharines Docks, St Katharines Way, London E1W 1LB"
Distillers,"Distillers Arms, 64 Fulham Palace Road, London W6 9PH"
The District Arms,"District Arms Public House, 180 Woodthorpe Road, Ashford, Surrey TW15 3LQ"
The Ship,"Dock Road, Grays, Essex RM17 6EX"
The Dockers Inn,"Dockers Inn, 97 Wapping Lane, London E1W 2RW"
The Dog & Bell,"Dog And Bell, 116 Prince Street, London SE8 3JD"
Dog & Truck,"Dog And Truck Public House, 72 Back Church Lane, London E1 1LX"
Doggetts Coat & Badge,"Doggetts Coat And Badge Black, Blackfriars Road, London SE1 9UD"
Gravesend Rugby Football Club,"Donald Biggs Drive, Gravesend, Kent DA12 2TL"
The Grumpy Mole,"Dorking Road, Walton On The Hill, Surrey KT20 5RX"
Blue Anchor | The Dukes Head,"Dorking Road, Walton On The Hill, Surrey KT20 5SL"
Dorset Estate Social Club,"Dorset Social Club Above Dorset Library, Ravenscroft Street, London E2 7QX"
The Downham Tavern,"Downham Tavern, Downham Way, Bromley BR1 5HS"
Cobham Football Club,"Downside Bridge Road, Cobham, Surrey KT11 1AF"
Doyles Tavern,"Doyles Tavern, 379 Caledonian Road, London, N7 9dq N7 9DQ"
The Duke Of Hammersmith,"Draft House, 238 Shepherd's Bush Road, London W6 7NL"
The Sandmartin,"Drake Road, Chafford Hundred, Grays, Essex RM16 6PP"
The Drapers Arms,"Drapers Arms, 24 - 25 High Street, Ealing W5 5DB"
Drapers Arms Bar & E1 Venue Bar,"Drapers Arms Bar & E1 Venue Bar, 432 Bancroft Road, London E1 4DH"
The Draughts P.h,"Draughts 34 Eltham High Street, Eltham, Greenwich SE9 1BT"
Duchess Of Kent,"Duchess Of Kent, 441 Liverpool Road, London, N7 8pr N7 8PR"
Duchess Belle,"Duchess Of York 101 Battersea Park Road, London, Wandsworth SW8 4DS"
Duke Of Cambridge,"Duke Of Cambridge 228 Battersea Bridge Road, London, Wandsworth SW11 3AA"
Duke Of Cambridge,"Duke Of Cambridge Kneller Road, Twickenham, Richmond Upon Thames TW2 7DT"
The Duke Of Edinburgh,"Duke Of Cambridge Public House, 204 Ferndale Road, London SW9 8AG"
The Jerk Valley Of London,"Duke Of Edinburgh, 204 Ferndale Road, London SW9 8AG"
Duke Of Edinburgh,"Duke Of Edinburgh Public House, 394 Lee High Road, London SE12 8RW"
K-town & Chik Box; Locked And Loaded; Duke Of Somerset,"Duke Of Somerset Public House, 15 Little Somerset Street, London E1 8AH"
Duke Of Wellington,"Duke Of Wellington, 12-14 Toynbee Street, London E1 7NE"
Duke Of Wellington,"Duke Of Wellington, 331 Hatton Road, Feltham TW14 9QS"
The Duke Of York,"Duke Of York 130 Victoria Street, London SW1E 5LA"
Duke Of York,"Duke Of York 2 St Ann's Terrace, London NW8 6PJ"
The Dukes Head,"Dukes Head, 16 Highgate High Street, Hornsey, London N6 5JG"
Dulwich Hamlet Fc Clubhouse,"Dulwich Hamlet Football Club, Dog Kennel Hill, London SE22 8BD"
Wood House,"Dulwich Wood House, 39, Sydenham Hill, London SE26 6RS"
The Dundee Arms,"Dundee Arms Public House, 339 Cambridge Heath Road, London E2 9LH"
Eagle Public House,"Eagle Public House, 159 Farringdon Road, London, Ec1r 3al EC1R 3AL"
Perivale Residents Association,"Ealing Central Sports Ground, Horsenden Lane South, Perivale UB6 8GP"
Ealing Cricket & Social Club,"Ealing Cricket Club, Corfton Road, Ealing W5 2HS"
Ealing Ex-servicemen's Club,"Ealing Ex Servicemens Club Ltd, 3 Craven Road, Ealing W5 2UA"
Ealing Lawn Tennis Club,"Ealing Lawn Tennis Club, Daniel Road, Ealing W5 3RY"
Earl Ferrers,"Earl Ferrers Public House, 22 Ellora Road, London SW16 6JF"
The Earl Of Chatham,"Earl Of Chatham 15 Thomas Street, Woolwich, Greenwich SE18 6HU"
Earl Of Derby,"Earl Of Derby, 87 Dennetts Road, London SE14 5LW"
Earl Of Essex Public House,"Earl Of Essex Public House, 25 Danbury Street, London, N1 8le N1 8LE"
East Finchley Constitutional Club,East Finchley Constitutional Club The Walks London N2 8DE
East India Arms,"East India Arms Public House, 67 Fenchurch Street, London EC3M 4BR"
Eastbrook Pub,"Eastbrook Pub, Dagenham Road, Dagenham RM10 7UP"
Eastcote Cricket Club,"Eastcote Cricket Club, Southill Lane, Eastcote HA5 2EG"
Ashford Town Football Club,"Ecclesford Sports Club, Short Lane, Stanwell, Staines-upon-thames TW19 7BH"
Eddies Social Club,"Eddies Social Club, Hounslow Road, Hanworth TW13 6PX"
Eden Fitness,"Eden Fitness, Cavalier House, 46 - 50 Uxbridge Road, Ealing W5 2SP"
Edo Izakaya,"Edo Izakaya, 154 Old Street, London, Ec1v 9bw EC1V 9BW"
Egham Cricket Club,"Egham Cricket Club, Vicarage Road, Egham TW20 8NP"
The Packhorse,"Egham Hill, Egham TW20 0BQ"
Egham Town Football Club Ltd,"Egham Town Football Club, Tempest Road, Egham TW20 8HX"
Egham United Services Club,"Egham United Services Club Ltd, Spring Rise, Egham TW20 9PE"
El Comandante Public House,"El Comandante Public House, 10 Annette Road, London, N7 6et N7 6ET"
Eleanor Arms,"Eleanor Arms, 460 Old Ford Road, London E3 5JP"
Electrowerkz,"Electrowerkz, 7 Torrens Street, London, Ec1v 1nq EC1V 1NQ"
Elements Bar,"Elements Bar, 207 Lee High Road, London SE13 5PQ"
Elephant And Castle,"Elephant And Castle 18 Greens End, Woolwich, Greenwich SE18 6JY"
The Elephant And Castle,"Elephant And Castle Public House, 121, Newington Causeway, London SE1 6BN"
Elephant Inn,Elephant Inn 283 Ballards Lane London N12 8NR
Chipstead Bowling Club,"Elmore Road, Chipstead, Surrey CR5 3SG"
Eltham Hill Club & Instit,"Eltham Hill Club And Institute 85 Eltham Road, Eltham, Greenwich SE9 5SU"
The Oaks (eltham Town Football Club),"Eltham Town Fc Starbuck Close, Eltham, Greenwich SE9 2TF"
Enderby House,"Enderby House 23 Telegraph Avenue, Greenwich SE10 0TH"
Enfield Chase Tennis Club,"Enfield Chase Tenis Club, Mortimer Drive, Enfield EN1 2LH"
Enfield Town Conservative Club,"Enfield Town Club, 8 Old Park Avenue, Enfield EN2 6PR"
Enkel Arms,"Enkel Arms, 34-36 Seven Sisters Road, London, N7 6aa N7 6AA"
Enoteca Super Tuscan,"Enoteca Super Tuscan, 8a Artillery Passage, London E1 7LJ"
The Robin Hood Public House,"Epping New Road, Loughton, Essex IG10 4AA"
"The Exchange, Erith","Erith Library, Walnut Tree Road, Erith, Kent DA8 1RS"
Clubhouse Solutions,"Esher Lawn Tennis Club, 7 Milbourne Lane, Esher, Surrey KT10 9DU"
Esher Rugby Club,"Esher Rugby Football Club, 369 Molesey Road, Walton-on-thames, Surrey KT12 3PF"
Eureka Sun Club,"Eureka, Manor Lane, Fawkham, Longfield DA3 8ND"
Doric Arch,"Euston Station, Unit 50 Eversholt Street, London NW1 2HS"
Everest Spice The Honeypot,"Everest Spice The Honeypot, Honeypot Lane, Stanmore HA7 1EE"
Edgware Ex-servicemans Club,"Ex Servicemans Club, 303 Burnt Oak Broadway HA8 5ED"
Exit Bar,"Exit Bar, 174 Brick Lane, London E1 6RU"
The Pearl Lounge,"F3, Bang Bang Oriental Food Hall, Unit C, 399 Edgware Road NW9 0FH"
Fabric,"Fabric, Basement And Ground Floor, 77a Charterhouse Street, London EC1M 6BN"
Barkingside Buzz Bingo,"Fairlop Road, Barkingside IG6 2EF"
Fairlop Waters With Bar & Marquee,"Fairlop Waters Country Park, Forest Road, Hainault IG6 3HN"
Falconwood Private Members' Club,"Falconwood Avenue, Welling, Kent DA16 2SG"
Bexley Deaf Club,"Falconwood Community Centre, 31 - 39 Falconwood Parade, Welling, Kent DA16 2PG"
Famous Cock Tavern Public House,"Famous Cock Tavern Public House, 259 Upper Street, London, N1 1ru N1 1RU"
Famous Cocktail Bar,"Famous Cocktail Bar, 259 Upper Street, London, N1 1ru N1 1RU"
Fangrove Residents Club,"Fangrove Caravan Park, Lyne Lane, Chertsey KT16 0BN"
Farnborough Sports Club,"Farnborough Sports Club Farrow Fields High Street, Farnborough, Orpington BR6 7BA"
Sir John Oldcastle,"Farringdon Point, 29-35 Farringdon Road, London EC1M 3JF"
Long Valley Sport And Social Club,"Fawkham Road, Longfield, Kent DA3 7QP"
Feeleys Free House,"Feelys Free House, 99 Union Road, London SW8 2RF"
Feltham Constitutional Club,"Feltham Constitutional Club, 30 Hanworth Road, Feltham TW13 5AB"
The Ferry House,"Ferry House Public House, 26 Ferry Street, London E14 3DT"
Festival Inn,"Festival Inn Public House, 71 Grundy Street, London E14 6AD"
The Fighting Cocks,"Fighting Cocks, The Street, Horton Kirby, Kent DA4 9BY"
Finch's Ph,"Finch's Ph, Ground Floor Planet House, 12a Finsbury Square, London EC2A 1AN"
Finchley Bowling Club,Finchley Bowling Club Etchingham Park Road London N3 2DT
Finchley Lawn Tennis Club,Finchley Lawn Tennis Club Brent Way London N3 1AJ
"Finchley Manor Lawn Tennis, Squash And Health Club",Finchley Manor Lawn Tennis And Squash Rackets Club Lyndhurst Gardens London N3 1TD
Finchley Rugby Club,Finchley Rugby Football Club Summers Lane London N12 0PD
The Finsbury,"Finsbury Park Hotel 336 Green Lanes, Hackney, London N4 1BY"
Som Lounge,"First Floor, 1 - 9 Chignell Place, West Ealing W13 0TJ"
Concert Artistes Association Bar,"First Floor 20 Bedford Street, London WC2E 9HP"
Lant Street,"First Floor, 59-61, Lant Street, London SE1 1QN"
Fish & Eels,"Fish And Eels Dobbs Weir Road, Roydon, Hoddesdon, Harlow EN11 0AY"
The Alice,"Five Acre Square, 133-137 Houndsditch, London EC3A 7BX"
The Five Bells,Five Bells 165 East End Road London N2 0LZ
The Five Bells,"Five Bells Church Road, Chelsfield, Orpington BR6 7RE"
The Fitzrovia,"Flat A, 18 Goodge Street, London W1T 2QD"
The Crown,"Flat At The Crown, 117 Burnt Ash Hill, London SE12 0AJ"
The General Napier,"Flat At The General Napier, 73 Bovill Road, London SE23 1EX"
The Lord Northbrook,"Flat At The Lord Northbrook, 116 Burnt Ash Road, London SE12 8PU"
The New Inn,"Flat At The New Inn 345 Petersham Road, Ham, Richmond Upon Thames TW10 7DB"
The Beehive Albinuta Restaurant,"Flat The Beehive, 333 Staines Road, Feltham TW14 9HF"
City Barge,"Flat The City Barge, 27 Strand-on-the-green, Chiswick W4 3PH"
Apo Restobar,"Flat The Meyrick Arms 148 Falcon Road, London, Wandsworth SW11 2LW"
Fleetdown Bar And Catering Ltd,"Fleetdown United Football Club, Heath Lane, Dartford, Kent DA1 2QH"
Old Gravesendians Sports Association,"Fleetway Sports Ground, Bronte View, Gravesend, Kent DA12 1PX"
Flight Club,"Flight Club, Basement And Ground Floors, 56 Upper Street, London N1 0NY"
The Florist Arms,"Florists Arms Public House, 255 Globe Road, London E2 0JD"
Haringey Borough Football Club,"Football Club, Coles Park, White Hart Lane, Tottenham N17 7JP"
The Seven Stars Public House,"Foots Cray High Street, Sidcup, Kent DA14 5HJ"
Footscray Rugby Sports Athletics Club,"Footscray Playing Fields 239a Footscray Road, Eltham, Greenwich SE9 2EL"
For Your Eyes Only,"For Your Eyes Only, 23 City Road, London, Ec1y 1ag EC1Y 1AG"
Watson's General Telegraph,"Forest Hill Tavern, 108, Forest Hill Road, London SE22 0RS"
Slade Green Railway Club,"Forest Road, Erith, Kent DA8 2NX"
Ilford Wanderers Rugby Football | Powerleague,"Forest Road, Hainault IG6 3HJ"
The Foresters Arms,"Foresters Arms, 15 Baldwins Hill, Loughton, Essex IG10 1SF"
The Foresters Arms,"Foresters Arms 45 High Street, Hampton Wick, Richmond Upon Thames KT1 4DG"
Star Of Greenwich,"Former Star And Garter 60 Old Woolwich Road, Greenwich SE10 9NY"
The Worlds End,"Fort Road, Tilbury, Essex RM18 7NR"
The Fox & Duck,"Fox And Duck 194 Petersham Road, Petersham, Richmond Upon Thames TW10 7AD"
The Fox & Firkin,"Fox And Firkin, 316 Lewisham High Street, London SE13 6JZ"
Fox & Hounds,"Fox And Hounds 57 Plumstead Common Road, Plumstead, Greenwich SE18 3AS"
Fox And Hounds,"Fox And Hounds 66 - 68 Latchmere Road, London, Wandsworth SW11 2JU"
Fox's,"Fox And Hounds, Fox & Hounds, 150 Kirkdale, London SE26 4BB"
The Dog House,"Fox And Hounds Public House, 62 Walton Street, Walton On The Hill, Surrey KT20 7RU"
Fox At Excel Bar & Restaurant,"Fox At Excel, Warehouse K, 2 Western Gateway, Canning Town E16 1DR"
Fox On The Green,"Fox On The Green, 1 Islington Green, London, N1 2xh N1 2XH"
The Fox On The Hill,"Fox On The Hill, 149-153, Denmark Hill, London SE5 8EH"
Fox Under The Hill,"Fox Under The Hill 286 Shooters Hill Road, Blackheath, Greenwich SE18 4LT"
Baldwyns Freeholders Association & Club,"Freeholders Association, Baldwyns Park, Bexley, Kent DA5 2BA"
Freelands Tavern,"Freelands Tavern 31 Freelands Road, Bromley BR1 3HZ"
Friary Park Bowling Club,Friary Park Friary Road London N20 0NR
The Dove,"Friday Hill, Chingford, London E4 6EL"
Little Blue Door,"Fulham Wine Rooms, 871 - 873 Fulham Road, London SW6 5HP"
Fulwell Golf Club Limited,"Fulwell Golf Club Wellington Road, Hampton, Richmond Upon Thames TW12 1JY"
Mcgovern Park,"Gaelic Athletic Association, West End Road, Ruislip HA4 6QX"
Barking Rugby Union Football Club,"Gale Street, Dagenham RM9 4TX"
The Wharf,"Galleon Boulevard, Crossways Business Park, Dartford, Kent DA2 6QE"
Galvaniser's Ph,"Galvaniser's Ph, 2 Devas Street, London E3 3FD"
The Duke Of York,"Ganwick Corner, Barnet Road, Barnet, Hertfordshire EN5 4SG"
The Gardeners Arms,"Gardeners Arms 107 London Road, Mitcham, Merton CR4 2JA"
The Archer,"Garron Lane, South Ockendon, Essex RM15 5JU"
George And Dragon,"George & Dragon George And Dragon Public, High Street, Thames Ditton, Surrey KT7 0RY"
George & Dragon (bar Only) | Sabai @ George & Dragon,"George And Dragon, 183 High Street, Acton W3 9DJ"
George & Dragon,"George And Dragon 2 Blackheath Hill, Greenwich SE10 8DE"
George And Dragon,"George And Dragon 26 High Street, Downe, Orpington BR6 7UT"
George & Dragon,"George And Dragon Ph, 176 High Street, Yiewsley UB7 7BE"
George Public House,"George, Church Lane, London NW9 8SN"
The George Inn,"George Inn, 75-77, Borough High Street, London SE1 1NH"
George Iv Woolwich,"George Iv 120 Rectory Place, Woolwich, Greenwich SE18 5BY"
The George Iv,"George Iv Public House, 185 Chiswick High Road, Chiswick W4 2DR"
Mad George Tavern,"George Tavern, 373 Commercial Road, London E1 0LA"
Moon On The Hill,"Georgian Mansions, 5-9 Hill Road, Sutton SM1 1DZ"
Glebe Football Club,"Glebe Football Club Foxbury Avenue, Chislehurst BR7 6SD"
St Johns Community Association Social Club,"Glengall Grove, London E14 3NE"
Cambridge Harriers,"Glenhurst Avenue, Bexley, Kent DA5 3QW"
Goals Soccer Centre,"Goals Soccer Centre Elmers End Road, Beckenham BR3 4EJ"
Goals Soccer Centre Heathrow,"Goals Soccer Centre, Shepiston Lane, Hayes UB3 1LL"
Goals Soccer Centre,"Goals Soccer Centre, Springfield Road, Hayes UB4 0LP"
Goals Soccer Centre,"Goals Soccer Centre, Syon Lane, Isleworth TW7 5PT"
Godet,"Godet, Ground Floor, 382 Essex Road, London N1 3PF"
The Golden Fleece,"Golden Fleece Public House, 8-9 Queen Street, London EC4N 1SP"
The Golden Grove,"Golden Grove Public House, 146 - 148 The Grove, Stratford, London E15 1NS"
The Golden Heart,"Golden Heart Public House, 110 Commercial Street, London E1 6LZ"
The Golden Lion,"Golden Lion, 57 Fulham High Street, London SW6 3JJ"
Goldsmiths Arms,"Goldsmiths Arms 3 Croydon Road, Penge, London SE20 7TJ"
Student Union Bar (2nd Floor),"Goldsmiths Students' Union, Dixon Road, London SE14 6NW"
Brent Valley Golf Club,"Golf Club, Brent Valley Municipal Golf Course, 138 Church Road, Hanwell W7 3BE"
Coombe Hill Golf Club,"Golf Club Drive, Kingston Upon Thames KT2 7DF"
Urban Golf Smithfields,"Golf Club Jarvis House, 12 Smithfield Street, London EC1A 9LA"
The Good Intent Public House,"Good Intent Public House, 24-26, East Street, London SE17 2DN"
Good Samaritan,"Good Samaritan, 87 Turner Street, London E1 2AE"
Goodhart-rendel Community Hall,"Goodhart Rendel Community Hall Cranmore Lane, West Horsley, Surrey KT24 6BT"
Goodmans Field,"Goodman Field Public House Gro, 87-91 Mansell Street, London E1 8AP"
Goodmayes Bowling Club,"Goodmayes Park, Abbotsford Road, Goodmayes IG3 9QY"
The Gordon Arms,"Gordon Arms 47 Park Road, Chislehurst BR7 5AY"
Gravesend Sailing Club,"Gordon Promenade East, Gravesend, Kent DA12 2RN"
Gravesend Rowing Club,"Gordon Promenade, Gordon Place, Gravesend, Kent DA12 2BS"
South Woodford Bowling Club,"Gordon Road, South Woodford E18 1DR"
The Roohin Pub,"Gorringe Park Hotel 29 London Road, Tooting, Merton SW17 9JR"
East Molesey Cricket Club,"Graburn Way, East Molesey, Surrey KT8 9AL"
Goals Bexleyheath At Bexleyheath School,"Graham Road, Bexleyheath, Kent DA6 7DA"
Grand Junction Arms,"Grand Junction Arms, Acton Lane, London NW10 7AD"
Grand Palace,"Grand Palace 1st Floor, 242 High Road, Wood Green, London N22 8JX"
The Grange Pub & Dining Room,"Grange Hotel, Warwick Road, Ealing W5 3XH"
Grapeshots,"Grapeshots, 2-3 Artillery Passage, London E1 7LJ"
Graveney & Meadow,"Graveney And Meadow 40 Mitcham Road, London, Wandsworth SW17 9NA"
The Great Northern Railway Tavern,"Great Northern Railway Tavern, 67 High Street, Hornsey, London N8 7QB"
"The Green Man Pub, Restaurant & Tapas Bar","Green Man, 109 High Street, London NW10 4TS"
The Green Man,"Green Man, Green Man Lane, Feltham TW14 0PZ"
Green Man Pub,"Green Man Hotel, Dagmar Avenue, Wembley HA9 8DF"
Green Man Public House,"Green Man Public House, Basement And Ground Floors, 144 Essex Road, London N1 8LX"
Rose & Crown,"Green Road, Thorpe TW20 8QL"
Sunbury Conservative Club,"Green Street, Sunbury On Thames, Surrey TW16 6RA"
Greenford Conservative Club,"Greenford Conservative Club, Courthope Road, Greenford UB6 8PY"
Greenford Tennis Club,"Greenford Tennis Club, 76 Ravenor Park Road, Greenford UB6 9QY"
The Barrington,Greenhill Parade Great North Road Barnet EN5 1EU
Greenhithe & Swanscombe Rbl Social Club Ltd,"Greenhithe Royal British Legion Social Club, London Road, Greenhithe, Kent DA9 9EJ"
The Grey Horse,"Grey Horse Public House, 63 Staines Road East, Sunbury On Thames TW16 5AA"
The Greyhound,"Greyhound, 109, Peckham High Street, London SE15 5SE"
Grosvenor Arms,"Grosvenor Arms 204 Garratt Lane, London, Wandsworth SW18 4ED"
10 Below,"Ground Floor 1 - 4 Station Buildings Southend Road, Beckenham BR3 1SD"
The Leather Saddle,"Ground Floor, 138 Broadway, West Ealing W13 0TL"
Amaro Bar,"Ground Floor, 15 Kensington High Street, London W8 5NP"
Angelique's Wine House,"Ground Floor 18-19 St Christopher's Place, London W1U 1NL"
Simmons Bar,"Ground Floor 4 Golden Square, London W1F 9HT"
Jazzbourne,"Ground Floor, 443 New Cross Road, London SE14 6TA"
Loco's Bar,"Ground Floor Hamilton Centre Brunel University, Kingston Lane, Uxbridge UB8 3PH"
Archer Street Clapham,"Ground Floor Lansdowne House 3 - 7 Northcote Road, London, Wandsworth SW11 1NG"
Barts,"Ground Floor Rear And First Floor Chelsea Cloisters, Sloane Avenue, London SW3 3EL"
The Golden Goose,"Ground Floor Retail Unit, 13-15 Leadenhall Market, London EC3V 1LR"
The Editors Tap,"Ground Floor Retail Unit, 5 - 11 Fetter Lane, London EC4A 1BR"
A Pint Of Hops,"Ground Floor Shop, 73 Churchfield Road, Acton W3 6AX"
88 Lounge Ltd,"Ground Floor Unit, 199-201 Lewisham Way, London SE4 1UY"
Blackheath Cricket Club,"Groundsmans House Blackheath Sports Club Rectory Field Charlton Road, Charlton, Greenwich SE7 7EY"
Ember Sports Club,"Grove Way, Esher, Surrey KT10 8HL"
Guildford Arms,"Guildford Arms 55 Guildford Grove, Greenwich SE10 8JY"
The Gun,"Gun Tavern Public House, 27 Cold Harbour, London E14 9NS"
Gunners Public House,"Gunners Public House, 204 Blackstock Road, London, N5 1en N5 1EN"
Guy's Bar,"Guys Bar Boland House, St Thomas Street, London SE1 4RT"
Club Level 4,"H7, 35 Harbet Road, London N18 3HT"
The Red Lion,"Hackbridge Road, Hackbridge SM6 7AX"
The Optimist Tavern,"Hacton Lane, Hornchurch RM14 2XY"
Hadley Football Club,Hadley Football Club Brickfield Lane Barnet EN5 3LD
Hadley Wood Lawn Tennis Club,"Hadley Wood Tennis Club, Hadley Wood Open Space, Crescent East, Barnet EN4 0EL"
Hainault Forest Golf Club (private),"Hainault Forest Golf Course, Romford Road, Chigwell IG7 4QW"
Hainault Bowls Club,"Hainault Recreation Ground, Forest Road, Hainault IG6 3SL"
Nero Lounge Restautant,"Halewood Way, Rainham RM13 8RW"
Half Moon,"Half Moon, 213-233 Mile End Road, London E1 4YU"
The Half Moon Inn,"Half Moon Inn 93 Lower Richmond Road, London, Wandsworth SW15 1EU"
West London Trades Union Club,"Hall, 33 - 35 High Street, Acton W3 6ND"
Miller And Carter,"Hall Place, Bourne Road, Bexley, Kent DA5 1PQ"
Eventim Apollo,"Hammersmith Apollo, Queen Caroline Street, London W6 9QH"
Belushi's And St Christopher's,"Hammersmith Broadway, London W6 7AB"
Hammersmith Club,"Hammersmith Club Society, 11 Rutland Grove, London W6 9DH"
Hampton And Richmond Football Club,"Hampton Football Club Station Road, Hampton, Richmond Upon Thames TW12 2BX"
Hampton Social Club,"Hampton Social Club 26 Ashley Road, Hampton, Richmond Upon Thames TW12 2JA"
Hand & Shears Public House,"Hand And Shears Public House, 1 Middle Street, London EC1A 7JA"
The Hand & Spear,"Hand And Spear, Old Heath Road, Weybridge, Surrey KT13 8TX"
Hare & Billet,"Hare And Billet, 1a Eliot Cottages, Hare And Billet Road, Blackheath SE3 0QJ"
Hare And Hounds,"Hare And Hounds 214 - 216 Upper Richmond Road West, East Sheen, Richmond Upon Thames SW14 8AH"
The Hare And Hounds,"Hare And Hounds, Windmill Lane, Isleworth TW7 5PR"
Hare Hill Social Club,"Hare Hill Social Club, Ledger Drive, Addlestone KT15 1AT"
The Hare,"Hare Tavern Public House, 505 Cambridge Heath Road, London E2 9BU"
Harefield Community Accociation,"Harefield Community Centre, Priory Avenue, Harefield UB9 6AP"
Harefield Cricket Club,"Harefield Cricket Club, Breakspear Road North, Harefield UB9 6NE"
Harefield United Football Club,"Harefield United Football Club, Breakspear Road North, Harefield UB9 6NE"
Harold Wood Sports Association,"Harold View, Harold Wood RM3 0LX"
Harolds Park Riding Centre,"Harolds Park Riding Centre Equestrian Centre, Harolds Park Farm, Nazeing Common, Nazeing EN9 2SF"
Hennessy Concession/hennessy Boutique,"Harrods, 87-135 Brompton Road, London SW1X 7XL"
The Harrow Inn,"Harrow Inn, 140 - 142 Charlton Road, Shepperton TW17 0RJ"
Harrow Inn,"Harrow Inn 309 Farleigh Road, Warlingham, Surrey CR6 9EL"
Harrow Bowls Club,"Harrow Recreation Ground, Hindes Road HA1 1RR"
Hartley Social Club,"Hartley & District Social Club Ltd, Ash Road, Hartley, Longfield DA3 8EH"
Harvest Home Pub,"Harvest Home, 27 Beddington Lane, Beddington CR0 4TG"
Pitch Golf Studio,"Hasilwood House, 60-64 Bishopsgate, London EC2N 4AW"
The Haven Arms (bar Only),"Haven Arms, 33 Haven Lane, Ealing W5 2HZ"
Hawkins Forge,"Hawkins Forge 110 Battersea Rise, London, Wandsworth SW11 1EJ"
Hayes & Harlington Conservative Asso,"Hayes Conservative Club, 141 Church Road, Hayes UB3 2LE"
Hayes Cricket Club (bar),"Hayes Cricket Club Pavillion The Green, Wood End, Hayes UB3 2RJ"
Hayes Working Mens Club,"Hayes Working Mens Club And Institute Limited, Pump Lane, Hayes UB3 3NB"
Luxe London,"Haymarket House 28-29 Haymarket, London SW1Y 4SP"
The Fox,"Heath Road, Chadwell St Mary, Essex RM16 3AP"
Hemingford Arms Public House,"Hemingford Arms Public House, 158 Hemingford Road, London, N1 1df N1 1DF"
Hen & Chickens Public House,"Hen & Chickens Public House, 109 St Paul's Road, London, N1 2na N1 2NA"
Hendon Golf Club,Hendon Golf Club Ashley Walk London NW7 1DG
Hendon Rifle Club,Hendon Rifle Club Cool Oak Lane London NW9 7NB
Hendon Rugby Football Club,Hendon Rugby Football Club Greenlands Lane London NW4 1RL
Hendon Sea Training Corps,Hendon Sea Cadet Hall Cool Oak Lane London NW9 7ND
The Cock Inn,"Henley Street, Luddesdown, Kent DA13 0XB"
The Henry Addington,"Henry Addington, 22-28 Mackenzie Walk, London E14 4PH"
The Chertsey And District Ss And Nr Club,"Heriot Road, Chertsey KT16 9DR"
The Herne Tavern,"Herne Hill Tavern, 2, Forest Hill Road, London SE22 0RR"
Hersham Bowling Club,"Hersham Bowls Club, Coronation Recreation Ground, Molesey Road, Hersham KT12 4QZ"
Hersham Golf Club,"Hersham Village Golf Club, Assher Road, Hersham, Walton-on-thames KT12 4RA"
Heston Catholic Social Club,"Heston Catholic Club, Eton Avenue, Hounslow TW5 0HB"
The George,"Hever Court Road, Gravesend, Kent DA12 5UQ"
High Elms Golf Club,"High Elms Golf Course Club House High Elms Road, Downe, Orpington BR6 7JL"
Tollgate Tavern Public House,"High Road, Chadwell Heath RM6 6QT"
Chipstead Hardcourt Tennis Club,"High Road, Chipstead, Surrey CR5 3QN"
Chipstead Rugby Football Club,"High Road, Chipstead, Surrey CR5 3SB"
"Chipstead Football Club | Chipstead, Coulsdon And Walcountians Cricket Club","High Road, Chipstead, Surrey CR5 3SF"
New Southgate Conservative Club,"High Road, London N11 1PP"
The Dog And Partridge,"High Road, North Stifford, Grays, Essex RM16 5UQ"
The Foxhound,"High Road, Orsett, Essex RM16 3ER"
The Bulls Head,"High Road, Turnford, Hertfordshire EN10 6BZ"
The Woolpack Public House,"High Street, Banstead, Surrey SM7 2NZ"
The Black Horse,"High Street, Bean, Kent DA2 8AS"
Esher Bowling Club,"High Street, Esher, Surrey KT10 9RP"
The Castle Hotel,"High Street, Eynsford, Kent DA4 0AB"
Pied Bull,"High Street, Farningham, Dartford, Kent DA4 0DG"
The Lion,"High Street, Farningham, Dartford, Kent DA4 0DP"
Highbury,"Highbury, Ground Floor, 66a Drayton Park, London N5 1ND"
Gatehouse,"Highgate West Hill, London N6 6JS"
The Hill,"Hill, The Hill, 45-47 Dartmouth Road, London SE23 3HN"
Hillingdon Athletic Club,"Hillingdon Athletics Club, 206 Bury Street, Ruislip HA4 7TJ"
Hillingdon Canal Club,"Hillingdon Canal Club, Waterloo Road, Uxbridge UB8 2QX"
Hillingdon Golf Club Bar,"Hillingdon Golf Club, 18 Dorset Way, Uxbridge UB10 0JR"
Hoe Street Club & Institute,"Hoe Street Club And Institute 9a Hoe Street, Walthamstow, London E17 4SD"
Southgate Royal British Legion,"Hollies Hall, Nursery Road, London N14 5QD"
Spouters Corner,"Hollywood Green, 180 High Road, Wood Green, London N22 6EJ"
Holtwhites Sports & Social,"Holtwhites Hill Sports Ground, 1 Kirkland Drive, Enfield EN2 0RU"
Fishers Green Sailing Club,"Holyfield Road, Waltham Abbey, Essex EN9 2EG"
Hampton Court Palace Golf Club,"Home Park Hampton Court Road, Kingston Upon Thames, Richmond Upon Thames KT1 4AD"
Hooley Social Club,"Hooley Community Centre, Maple Way, Hooley, Surrey CR5 3RP"
The Hop Poles,"Hop Poles, 17 - 19 King Street, London W6 9HR"
Hope & Anchor,"Hope And Anchor Public House, 14 Newby Place, London E14 0EY"
Horangee Pocha,"Horangee Pocha Crown And Anchor, 116, New Kent Road, London SE1 6TU"
The Horseshoe Inn,"Horseshoe, 26, Melior Street, London SE1 3QP"
Horseshoes Public House,"Horseshoe Hill, Waltham Abbey, Essex EN9 3SN"
Banquetting By Wainwright,"Hounslow Conservative Club, Gresham Road, Hounslow TW3 4BX"
Howling Hops,"Howling Hops Unit 9 Queens Yard, 43 White Post Lane, London E9 5EN"
Hoxley And Porter,"Hoxley And Porter, 153 Upper Street, London, N1 1ra N1 1RA"
Humble Grape,"Humble Grape, 18-20 Mackenzie Walk, London E14 4PH"
Hungerford Arms,"Hungerford Arms Public House, 240 Commercial Road, London E1 2NB"
The Freeman Arms,"Hungry Horse, 77 Feltham Road, Ashford TW15 1BS"
Hurlingham Yacht Club,"Hurlingham Yacht Club 43a Deodar Road, London, Wandsworth SW15 2NP"
Hwk Coffee And Bar,"Hwk3 Ltd Unit 2&5b, 29 White Post Lane, London E9 5EN"
Ickenham Cricket Club,"Ickenham Cricket Club Pavilion, Oak Avenue, Ickenham UB10 8UT"
Ilford Golf Club,"Ilford Golf Club, 1 Albatross Lane, Ilford IG1 3FL"
Metropolitan Police,"Imber Court Sports Club Imber Court Sports, Ember Lane, East Molesey, Surrey KT8 0BT"
Imperial Arms,"Imperial Arms Old Hill, Chislehurst BR7 5LZ"
Imperial College Boat Club,"Imperial College Boat Club Embankment, London, Wandsworth SW15 1LB"
Indian Gymkhana Club,"Indian Gymkhana Club Ltd, Thornbury Avenue, Isleworth TW7 4NQ"
Pegasus Bar,"Inner Temple Treasury, The Terrace, London EC4Y 7HL"
Dartford Invicta Bowls Club,"Invicta Sports Ground, Burnham Road, Dartford, Kent DA1 5AL"
Island Barn Reservoir Sailing Club,"Island Barn Sailing Club, Island Barn Reservoir, Ray Road, West Molesey KT8 2LF"
Island Queen,"Island Queen, Ground Floor, 87 Noel Road, London N1 8HD"
Islington Arts Club,"Islington Arts Club, 235 Upper Street, London, N1 1ru N1 1RU"
Islington Sports Bar & Grill,"Islington Sports Bar & Grill, 274 Holloway Road, London, N7 6ne N7 6NE"
Islington Town House,"Islington Town House, Ground Floor, 13 Liverpool Road, London N1 0RW"
Ivy Leaf Memorial Club,"Ivy Leaf Club, 8 Wellington Road, Uxbridge UB8 2AP"
Ivy Leaf Club,"Ivy Leaf Club, Wimpole Road, West Drayton UB7 7RJ"
Frenford Club,"Jack Carter Centre, The Drive, Cranbrook IG1 3PS"
Karaoke Box,"Jarvis House, 12 Smithfield Street, London EC1A 9LA"
Mccafferty's Freehouse,"Jd Lounge, 25 Broadwalk HA2 6ED"
The Village Green,"John Baird Public House, 122 Fortis Green Road, Hornsey, London N10 3HN"
Abridge Cricket Club,"John Lockwood Ground, Hoe Lane, Romford, Lambourne RM4 1AX"
The Joiners Arms,"Joiners Arms, 35, Denmark Hill, London SE5 8RS"
The Joiners,Joiners Arms 51 Ballards Lane London N3 1XP
Jolly Butcher,"Jolly Butcher Public House, 174 Kingston Road, Staines-upon-thames TW18 1PE"
The Jolly Farmer,"Jolly Farmers, 7 Purley Road, Purley CR8 2HA"
The Jolly Gardeners,"Jolly Gardeners 214 Garratt Lane, London, Wandsworth SW18 4EA"
Jolly Gardeners,"Jolly Gardeners 61 - 63 Lacy Road, London, Wandsworth SW15 1NR"
The Jolly Millers,"Jolly Millers, East Hill, South Darenth, Kent DA4 9AN"
Jolly Woodman,"Jolly Woodman 9 Chancery Lane, Beckenham BR3 6NR"
Dartford Clay Shooting Club,"Joyce Green Farm, Joyce Green Lane, Dartford, Kent DA1 5PN"
Judges,"Judge's Hill, Northaw, Hertfordshire EN6 4NL"
Juju's Bar & Stage,"Juju's, 15 Hanbury Street, London E1 6QR"
Kcs Kitchen At The Carpenters,"Kcs Kitchen At The Carpenters Carpenters Arms, 99 Smarts Lane, Loughton, Essex IG10 4BP"
Keg & Cask Pub,"Keg And Cask Pub, 286 Bath Road, Hounslow TW4 7DN"
Henderson Sports & Social Club,"Kenilworth Avenue, Romford RM3 9NE"
Mayfield Athletic Club,"Kenmare Gardens, London N13 5DR"
Kennedy's Public House,"Kennedy's Public House, 297 Caledonian Road, London, N1 1eg N1 1EG"
The Dog House,"Kennington Road, London SE11 6BY"
Duck In The Pond Public House,"Kenton Lane, Harrow HA3 6AA"
Tap On The Line,"Kew Gardens Railway Station Station Parade, Richmond, Richmond Upon Thames TW9 3PZ"
P Bar Crusaders Sports Club,"King George V Playing Fields, Mutton Lane, Potters Bar, Hertfordshire EN6 3BN"
Corinthian Casuals Football Club,"King George's Recreation Ground, Queen Mary Close, Chessington KT6 7NA"
King Harolds Head,"King Harolds Head Ph Nazeing Common, Nazeing, Waltham Abbey, Essex EN9 2RY"
King William Iv,"King William Iv Ph, 392 Sipson Road, Sipson UB7 0HT"
King's Head Public House,"King's Head Public House, 126 Blackstock Road, London, N4 2dr N4 2DR"
Kings Arms,"Kings Arms, 110 Uxbridge Road, Hanwell W7 3SU"
Kings Arms,"Kings Arms, 11a Buckfast Street, London E2 6EY"
King's Arms,"Kings Arms 16 King William Walk, Greenwich SE10 9JH"
Kings Arms,"Kings Arms, 251, Tooley Street, London SE1 2JX"
The Kings Arms,"Kings Arms Public House, 156 Broadway, Bexleyheath, Kent DA6 7DW"
Woodford Bowling Club Limited,"Kings Avenue, Woodford Green IG8 0JA"
Eastcote Hockey And Badminton Club,"Kings College Playing Fields, Kings College Road, Ruislip HA4 1JZ"
Kings Head Public House,"Kings Head, 2 Crouch End Hill, Hornsey, London N8 8AA"
Kings Head Public House,"Kings Head Public House 1 Roehampton High Street, London, Wandsworth SW15 4HL"
Kings Head Public House,"Kings Head Public House, 115 Upper Street, London N1 1QN"
The Kings Head,"Kings Head Public House, 65 Bexley High Street, Bexley, Kent DA5 1AA"
The Theobald Arms,"Kings Walk, Grays, Essex RM17 6HR"
The Kingsfield Arms Public House,"Kingsfield Arms Public House, 111 Bessborough Road HA1 3DF"
The Brookhouse,"Kingshill Avenue, Hayes UB4 8BZ"
Hayes Rugby Football Club,"Kingshill Avenue Rugby Club, Kingshill Avenue, Hayes UB4 8BZ"
Afc Kingston Youth Service,"Kingsnympton Youth And Community Centre, Kingsnympton Park, Kingston Upon Thames KT2 7RP"
The Star,"Kingston Road, Malden Rushett, Leatherhead KT22 0DP"
Everest Spice Lounge,"Kitchen @ The Airman, Hanworth Road, Feltham TW13 5AX"
Knight Of Aveley South Ockendon,"Knight Of Aveley, Derry Avenue, South Ockendon, Essex RM15 5LN"
The Horns Tavern,"Knight's Hill, London SE27 0JD"
Hoddesdon Labour Club,"Labour Hall, Rye Road, Hoddesdon, Hertfordshire EN11 0JR"
Lady Mildmay,"Lady Mildmay, 92 Mildmay Park, London, N1 4pr N1 4PR"
Ladybird,"Ladybird, Basement And Ground Floor, 70 Upper Street, London N1 0NY"
The Lamb Tavern,"Lamb Tavern Public House, 10-12 Leadenhall Market, London EC3V 1LR"
Banstead Village Club,"Lamborn Place, 26 High Street, Banstead, Surrey SM7 2LJ"
Club Langley,"Langley Park Sports And Social Club Hawksbrook Lane, Beckenham BR3 3SR"
Lanterna,"Lanterna, 6 Wyke Road, London E3 2XD"
Large Glass,"Large Glass, 392-394 Caledonian Road, London, N1 1dn N1 1DN"
Kings Arms,"Larrik, 425 New King's Road, London SW6 4RN"
The Bulls Head,"Laud Street, Croydon CR0 1SX"
Lavins Irish Bar,"Lavin's, 97 Uxbridge Road, Hanwell W7 3ST"
Le Chapeau Cloche,"Le Chapeau Cloche, 3 Theberton Street, London, N1 0qy N1 0QY"
The Old Red Lion,"Leacroft, Staines-upon-thames TW18 4PB"
Gravesend Boat,"Leander Drive, Gravesend, Kent DA12 4NQ"
The Ledger Building,"Ledger Building, 4 Hertsmere Road, London E14 4AL"
The Leigham Well,"Leigham Arms, 1 - 3 Wellfield Road, London SW16 2BT"
Leman Bar,"Leman Bar, 19a Leman Street, London E1 8EN"
Leman Street Tavern,"Leman Street Tavern Unit 3 North West Block, Goodman's Fields, London E1 8PT"
Leyton House Working Mens Club And Institute,"Leyton House Working Mens Club, 200 Chandos Road, Stratford, London E15 1TB"
Malden Bowling Club,"Lime Grove, New Malden KT3 3TW"
Lincoln Lounge,"Lincoln Lounge, 52 York Way, London, N1 9ab N1 9AB"
London Corinthian Club,"Linden House, 60 Upper Mall, London W6 9TA"
Falcon Harvester,"Lingfield Crescent, Eltham, London SE9 2RN"
Little Angel Theatre,"Little Angel Theatre, Little Angel Theatre, 14 Dagmar Passage, London N1 2DN"
Littleton Sailing Club,"Littleton Lane, Shepperton TW17 0NF"
The Bull,"Lombard Street, Horton Kirby, Kent DA4 9DF"
London Cocktail Club,"London Cocktail Club, 9 Cabot Square, London E14 4EB"
London Cocktail Club Sclater Street,"London Cocktail Club Slater Street Comm Unit 12 Avant Garde Building, 29 Sclater Street, London E1 6HT"
West London Golf Centre,"London Golf Centre, Ruislip Road, Northolt UB5 6RD"
Park Lane Club (casino),"London Hilton 22 Park Lane, London W1K 1BE"
London Hospital Tavern,"London Hospital Tavern, 176 Whitechapel Road, London E1 1BJ"
Spirit Of Man,"London Metal Exchange, 56 Leadenhall Street, London EC3A 2BJ"
London Rowing Club,"London Rowing Club Embankment, London, Wandsworth SW15 1LB"
The Three Tuns,"London School Of Economics East Building Houghton Street, London WC2A 2AE"
Travellers Home Public House,"Long Lane, Bexleyheath, Kent DA7 5AR"
Barking Indoor Bowls,"Longbridge Road, Barking IG11 8TA"
The Lord Aberconway,"Lord Aberconway Public House, 73 Old Broad Street, London EC2M 1QT"
The Lord Clyde,"Lord Clyde, 27, Clennam Street, London SE1 1ER"
Lord Denman Ph,"Lord Denman Ph, 270-272 Heathway, Dagenham RM10 8QS"
The Lord Holmesdale,"Lord Homesdale 184 Homesdale Road, Bromley BR1 2QZ"
Lord Kitchener,Lord Kitchener 49 East Barnet Road Barnet EN4 8RN
The Lord Morpeth Ph,"Lord Morpeth Public House, 402 Old Ford Road, London E3 5NR"
Lord Napier,"Lord Napier, 25 White Post Lane, London E9 5EN"
The Lord Nelson,"Lord Nelson, 32 Lower Road, Sutton SM1 4QP"
The Lord Nelson,"Lord Nelson, 386, Old Kent Road, London SE1 5AA"
The Lord Nelson,"Lord Nelson Public House, 1-1a Manchester Road, London E14 3BD"
The Palmerston,"Lord Palmerston, 91, Lordship Lane, London SE22 8EP"
Walton Heath Social Club,"Lord Riddell Memorial Hall, Meadow Walk, Walton On The Hill, Surrey KT20 7UF"
Lords Tavern,"Lords Tavern St John's Wood Road, London NW8 8QP"
The Loughton Club,"Loughton Club, 8 Station Road, Loughton, Essex IG10 4NZ"
Loughton Cricket Club,"Loughton Cricket Club, The Uplands, Loughton, Essex IG10 1NQ"
The Lounge Bar,"Lounge Bar, Unit 4 Ground Floor, Lakeside Business Village, Fleming Road RM16 6EW"
Love Shack,"Love Shack Railway Arches, 297-299 Cambridge Heath Road, London E2 9HA"
Lucky Voice,"Lucky Voice, 173-174 Upper Street, London, N1 1xs N1 1XS"
The Lion,"Luddesdown Road, Luddesdown, Kent DA13 0XE"
Lullingstone Castle,"Lullingstone Castle, 2 High Street, Swanley, Kent BR8 8BE"
The Moon On The Hill,"Lynwood House, 373-375 Station Road HA1 2AW"
The Fox At Connaught,"Lynx Way, Canning Town, London E16 1JR"
The Parcel Yard,"M8 Westside Offices Western Concourse Kings Cross Railway Station, Euston Road N1 9AL"
The Maid Of Muswell,"Maid Of Muswell, 121 Alexandra Park Road, Hornsey, London N10 2DP"
Ponders End Youth Centre,"Main Block Youth Centre, 129-137 South Street, Enfield EN3 4PX"
Malt And Hops,Malt And Hops 891 High Road London N12 8QA
The Malt Shovel Ph,"Malt Shovel, 69 Iver Lane, Uxbridge UB8 2JE"
Malt Shovel,"Malt Shovel, Station Road, Eynsford, Dartford DA4 0ER"
Manooka,"Manooka, Bar, 392 Camden Road, London N7 0SJ"
Surbiton Methodist Tennis Club,"Manor Drive, Surbiton KT5 8NE"
Malden Manor Bowling Club,"Manor Park Recreation Ground, Malden Road, New Malden KT3 6AU"
Erith Yacht Club,"Manor Road, Erith, Kent DA8 2AD"
Burnt Ash (bexley) Hockey Club,"Manor Way, Bexley, Kent DA5 3QG"
Maple Tree,"Maple Tree 52 - 54 Maple Road, Penge, London SE20 8HE"
Ship & Lobster,"Mark Lane, Gravesend, Kent DA12 2QB"
Terminus Place Ltd,"Market Hall Victoria 191 Victoria Street, London SW1E 5NE"
Streatham And Marlborough Cricket Club,"Marlborough Cricket Club, Dulwich Common, London SE21 7EX"
Marney's Village Inn,"Marneys Village Inn, Alma Road, Esher, Surrey KT10 8JN"
Marquess Tavern Public House,"Marquess Tavern Public House, 32 Canonbury Street, London, N1 2tb N1 2TB"
Marquis Of Cornwallis,"Marquis Of Cornwallis Public House, 304 Bethnal Green Road, London E2 0AG"
Marquis Of Lorne,"Marquis Of Lorne Public House, Dalyell Road, London SW9 9SB"
Martin Dene Lawn Tennis Club,"Martin Dene, Bexleyheath, Kent DA6 8NA"
Masonian Bowling Club,"Masonian Bowls Club, Riverside Drive, Chiswick W4 2SH"
Dartford Masonic Club Bar,"Masonic Hall, 71 West Hill, Dartford, Kent DA1 2HJ"
Masons Arms,"Masons Arms 169 Battersea Park Road, London, Wandsworth SW8 4BT"
Masque Haunt Public House,"Masque Haunt Public House, The Masque Haunt Bentima House, 168-172 Old Street, London EC1V 9BP"
Mawbey Arms,"Mawbey Arms Public House, 7 Mawbey Street, London SW8 2TT"
Mayhem Paintball Ltd,"Mayhem Paintball Ltd Pryors Farm, Ongar Road, Romford, Lambourne RM4 1AA"
Phoenix Sports Club,"Mayplace Road East, Bexleyheath, Kent DA7 6JT"
Maypole Social Club,"Maypole Club And Institute, Heath End Road, Bexley, Kent DA5 2AH"
Me 'n' 'o' Briens,"Me 'n' 'o' Briens, 26-28 Goresbrook Road, Dagenham RM9 6UR"
Meatliquor,"Meatliquor Dartmouth Arms, 7 Dartmouth Road, London SE23 3HN"
Meltdown,"Meltdown, Ground Floor, 342 Caledonian Road, London N1 1BB"
Harrow Weald Memorial Club,"Memorial Hall, 376 High Road HA3 6HE"
Meopham Valley Vineyard,"Meopham Green, Meopham, Gravesend, Kent DA13 0PY"
Liberty Bell,"Mercury Gardens, Romford RM1 3EN"
Bar Elba (roof Top),"Mercury House, 109-117 Waterloo Road, London SE1 8UL"
Meridian Sports & Social Club,"Meridian Sports Club Charlton Park Lane, Charlton, Greenwich SE7 8QS"
"Merkur Slots,","Merkur Slots, 40 Deptford High Street, London SE8 4AF"
Banstead Athletic Football Club,"Merland Rise, Tadworth, Surrey KT20 5JG"
Metropolis,"Metropolis, 234 Cambridge Heath Road, London E2 9NN"
The Metropolitan,"Metropolitan Tavern, 8-9 Windsor Street, Uxbridge UB8 1AB"
The Beehive,"Middle Hill, Englefield Green TW20 0JL"
Nazeing Golf Club,"Middle Street, Nazeing, Waltham Abbey, Essex EN9 2LW"
Old Grammarians Rfc,"Middlesex University Sports Ground, Green Dragon Lane, London N21 1EP"
Fitness Pod At Middlesex University,Middlesex University The Burroughs London NW4 4BT
Mikkeller Bar London,"Mikkeller Bar London, 2-4 Hackney Road, London E2 7NS"
Mikkeller Brew Pub,"Mikkeller Brew Pub, 37 Exmouth Market, London, Ec1r 4ql EC1R 4QL"
Mill Hill Golf Club,Mill Hill Golf Club 100 Barnet Way London NW7 3AL
Mill Hill Rugby Club,Mill Hill Rugby Football Club Champions Way London NW7 2EQ
Mill Hill Services Club,Mill Hill Services Club Ltd 11 Hartley Avenue London NW7 2HX
Miller & Carter,"Miller & Carter Steakhouse, Church Road, Worcester Park KT4 7RD"
Camelot,"Miller And Carter Manor Road, Romford, Lambourne, Essex RM4 1NH"
Miller & Carter,"Miller And Carter Pickhurst Lane, West Wickham BR4 0HH"
Miller's Bar,"Miller's Bar, 19 Caledonian Road, London, N1 9dx N1 9DX"
Millers Tap,"Millers Tap Ph, 219-221 High Street, Uxbridge UB8 1LB"
Minchenden Association Ltd,"Minchenden Association, Bramley Road, London N14 4HL"
The Minories Public House,"Minories Public House, 64-73 Minories, London EC3N 1JL"
The Manor Arms,"Mitcham Lane, London SW16 6LQ"
The Harvester Restaurant,Mitchells And Butlersthe Yeoman Bass Taverns Ltd81 Old Woking Roadwest Byfleetsurrey KT14 6JA
Model Railway Club,"Model Railway Club, Keen House, 4 Calshot Street, London N1 9DA"
The Sportsman Public House,"Mogador Road, Lower Kingswood, Surrey KT20 7ES"
Blue Marlin Ibiza London Ltd,"Mondrian Hotel Private Club And Rooftop Level-3 (part Of) Level -2 ( Part Of) Ground Floor & Roof Terrace 45 Curtain Road 45 Curtain Road, Hackney, London EC2A 3PT"
Woodford Wells Cricket And Lawn Tennis Club,"Monkhams Lane, Woodford Green IG8 0NL"
Moon And Stars,"Moon And Stars 164 - 166 High Street, Penge, London SE20 7QS"
The River Garden,"Moorhall Road, Harefield UB9 6PE"
Mooro's,"Mooro's Chigwell Ltd Woolston Hall, Abridge Road, Chigwell, Essex IG7 6BX"
The Morden Arms,"Morden Arms 1 Brand Street, Greenwich SE10 8SP"
Moretown Belle,"Moretown Belle, 5 Thomas More Square, London E1W 1YW"
Morgan Arms,"Morgan Arms, 43 Morgan Street, London E3 5AA"
Mother Kelly's Bottle Shop & Tap Room,"Mother Kelly's Bottle Shop & Tap Room Railway Arch 251, Paradise Row, London E2 9LE"
Bexleyheath Golf Club,"Mount Road, Bexleyheath, Kent DA6 8JS"
Moyletts,"Moylett 181 Clarence Road London, Hackney, London E5 8EE"
The Brown Cow,"Munster House, 676 Fulham Road, London SW6 5SA"
Must & Lees Ltd,"Must & Lees Ltd, Basement And Ground Floors, 239 Liverpool Road, London N1 1LX"
Muswell Hill Bowling Club Ltd,"Muswell Hill Bowling Club, Kings Avenue, Hornsey, London N10 1PB"
Bar @,"Muswell Hill Golf Club, Rhodes Avenue, Wood Green, London N22 7UT"
Myddleton Arms Public House,"Myddleton Arms Public House, 52 Canonbury Road, London, N1 2hs N1 2HS"
Npl Sports Club,"N P L Sports Club Pavilion Road, Teddington, Richmond Upon Thames TW11 0EL"
N7 London,"N7 London, Railway Arch 2, 303 Holloway Road, London N7 8HS"
Nags Head,"Nags Head Public House, 17-19 Whitechapel Road, London E1 1DU"
Nambucca,"Nambucca, 596 Holloway Road, London, N7 6lb N7 6LB"
Rusheymead Clubhouse Ltd,"Nazeing New Road, Nazeing, Broxbourne, Waltham Abbey EN10 6SY"
Finchley Golf Club,Nether Court Frith Lane London NW7 1PU
New Ash Green Pavilion,"New Ash Green Sports Pavilion, Punch Croft, New Ash Green, Kent DA3 8HS"
Manor Farm Barn,"New Barn Road, Southfleet, Kent DA13 9PU"
New Haw Club And Institute,"New Haw Club And Institute, 48 Woodham Lane, Addlestone KT15 3NA"
New Inn,"New Inn, 62 St Marys Road, Ealing W5 5EX"
The New Inn,"New Inn Station Approach, Hayes, Bromley BR2 7EA"
"New Malden Tennis, Squash & Badminton Club","New Malden Tennis Club, Somerset Close, New Malden KT3 5RG"
The New Moon Public House,"New Moon Public House, 88 Gracechurch Street, London EC3V 0DN"
Penderel's Oak,"New Penderel House, 283-287 High Holborn, London WC1V 7HP"
Lennards,"New Road, Rainham RM13 9EB"
The Willow Farm,"New Road, Rainham RM13 9ED"
New Wimbledon Theatre,"New Wimbledon Theatre 93 The Broadway, Wimbledon, Merton SW19 1QG"
Nicolas,"Nicholas Unit Rp480, 1 Canada Square, London E14 5AX"
Ninety One Living Room,"Ninety One Living Room, 91 Brick Lane, London E1 6QL"
Ninth Ward London,"Ninth Ward London, Ground Floor Front, 99-101 Farringdon Road, London EC1R 3BT"
The Deers Rest,"Noak Hill Road, Romford RM3 7LL"
Nork Social Club,"Nork Community Association, Nork Community Centre, Nork Way, Banstead SM7 1JB"
Edmonton Sports & Social Club,"Norsemen Football Club Edmonton Cricket Club, Church Street, London N9 9HL"
North Greenford United Football Club,"North Greenford Utd F.c, Berkeley Fields, Berkeley Avenue, Greenford UB6 0NX"
North Nineteen,"North Nineteen, 194-196 Sussex Way, London, N19 4hz N19 4HZ"
The North Star,"North Star, 43 The Broadway, Ealing W5 5JN"
The Northcote,"Northcote Public House 110 Grove Green Road, Leytonstone, London E11 4EL"
Bermondsey Pub Company Limited,"Northumberland Arms, 119 Tottenham Court Road, London W1T 5AW"
Northwood Central Club,"Northwood Central Club, Hallowell Road, Northwood HA6 1DN"
Northwood Football Club,"Northwood Football Club, Chestnut Avenue, Northwood HA6 1HR"
Northwood Sports Pub And Kitchen,"Northwood Sports Pub And Kitchen, 30 Parkfield Street, London, N1 0ps N1 0PS"
Nq64,"Nq64, Basement Albert House, 256-260 Old Street, London EC1V 9DD"
Nuffield Health Fitness & Wellbeing Centre,"Nuffield Health Fitness & Wellbeing Centre Hayes Lane, Hayes, Bromley BR2 9EF"
Eton Manor Rugby Club,"Nutter Lane, Wanstead E11 2JA"
The Escape,"O'donaghue's, 174 Goldhawk Road, London W12 8HJ"
O'neills,"O'neill's 27 East Street, Bromley BR1 1QE"
O'neills,"O'neills 9 High Street, Beckenham BR3 1AZ"
O2 Academy Islington,"O2 Academy Islington, 16 Parkfield Street, London, N1 0ps N1 0PS"
Oak And Pastor,"Oak And Pastor, 86 Junction Road, London, N19 5qu N19 5QU"
Oak Hill Bowls Club,Oak Hill Park Parkside Gardens Barnet EN4 8JS
Old Parkonians,"Oakfield Playing Fields, Forest Road, Hainault IG6 3HD"
The Oxshott Club,"Oakshade Road, Oxshott, Leatherhead, Surrey KT22 0LE"
Restore Community,"Oakwood Hill Community Centre, Longcroft Rise, Loughton, Essex IG10 3NB"
Oasis Bar And Terrace,"Oasis Bar And Terrace, 1 Canada Square, London E14 5AB"
The Oatlands Chaser,"Oatlands Chaser, 25 Oatlands Chase, Weybridge, Surrey KT13 9RW"
O'briens,"Obriens, 137 Uxbridge Road, West Ealing W13 9AU"
Huntsman & Hounds,"Ockendon Road, Upminster RM14 2DN"
Oddfellows Arms Ph,"Oddfellows Arms, 2 Waxwell Lane HA5 3EN"
Lucky Voice,"Offices, 10 Devonshire Square, London EC2M 4YP"
Simmon's Bar Bank,"Offices, 33-35 Cornhill, London EC3V 3ND"
Gravity Drinks,"Offices And Premises At 1st Floor, 21-27 Lamb's Conduit Street, London WC1N 3GS"
Enigma Quests Holborn,"Offices, Barnards Inn, 86 Fetter Lane, London EC4A 1EN"
Actonians Sports Club,"Old Actonians Sports Club, Gunnersbury Drive, Ealing W5 4LL"
The Bear,"Old Bear, Riverhill, Cobham, Surrey KT11 3DX"
Beccehamians Rugby Football Club,"Old Beccehamian Rugby Football Club Sparrows Den Sports Ground Corkscrew Hill, West Wickham BR4 9BB"
The Brockleians Rfc,"Old Brockleians Society Eltham Palace Road, Eltham, Greenwich SE9 5LX"
Bromley Town Cricket Club,"Old Bromlians Cricket Club Hayes Lane, Hayes, Bromley BR2 9EF"
Camden Playing Fields Sports And Social Club,Old Camdenians Football Club Burtonhole Lane London NW7 1AS
Old China Hand,"Old China Hand, Ground Floor, 8 Tysoe Street, London EC1R 4RQ"
Old Cranleighan Sports Club,"Old Cranleighan Club, Portsmouth Road, Thames Ditton, Surrey KT7 0HB"
Old Dunstonian Sports Club,"Old Dunstonians Sports Club St Dunstan's Lane, Beckenham BR3 3SS"
Old Elizabethans Social Club,Old Elizabethans (barnet) Memorial Playing Field Mays Lane Barnet EN5 2AG
Southover Pre School,Old Finchleians Club 12 Southover London N12 7JE
The Old George,"Old George Public House, 379 Bethnal Green Road, London E2 0AN"
Black Swan,"Old Lane, Cobham, Surrey KT11 1NG"
Wattenden Arms,"Old Lodge Lane, Kenley CR8 5EU"
The Old Maypole Public House,"Old Maypole, 105-107 Fencepiece Road, Ilford IG6 2NG"
The Six Bells,"Old Perry Street, Northfleet, Gravesend, Kent DA11 8BT"
Old Red Lion Public House,"Old Red Lion Public House, 418 St John Street, London, Ec1v 4nj EC1V 4NJ"
Vcd Athletic Club,"Old Road, Crayford, Kent DA1 4DN"
Old Rutlishians Association,"Old Rutlishians Association Poplar Road, Wimbledon, Merton SW19 3JS"
The Old Shant,"Old Shant, 432 London Road, South Stifford, Grays RM20 4AD"
The Old Ship,"Old Ship, 25 Upper Mall, London W6 9TD"
Old Thameside Inn,"Old Thameside Inn Pickfords Wharf, Clink Street, London SE1 9DG"
Ep Banqueting,"Old Town Hall, High Street, Gravesend, Kent DA11 0AZ"
The Old White Lion,Old White Lion 121 Great North Road London N2 0NW
Old Wilsonians Sports Club - Bar,"Old Wilsonians Sports Club Hayes Hill, Hayes, Bromley BR2 7HN"
One Eighty One,"One Eighty One, 181 Holloway Road, London, N7 8lx N7 8LX"
One Over The Ait,"One Over The Ait Kew Bridge Piazza, 8 Kew Bridge Road, Brentford TW8 0FH"
O'neills,"Oneills Public House 762 High Road Leytonstone, Leytonstone, London E11 3AW"
Orange Tree Public House,Orange Tree 7 Totteridge Village London N20 8NX
Oranj,"Oranj, 14 Bacon Street, London E1 6LF"
The Orchard Tavern,"Orchard Tavern, 136 Askew Road, London W12 9BP"
Orford House Social Club & Institute Ltd,"Orford House Social Club 73 Orford Road, Walthamstow, London E17 9QL"
Orleans Bar,"Orleans Bar, Basement, 259-261 Seven Sisters Road, London N4 2DD"
Westcombe Park Rugby Football Club - Bar,"Orpington Sports Club Goddington Lane, Orpington BR6 9SX"
Osidge Arms,Osidge Arms Hampden Square London N14 5JP
Ottershaw Social Club,"Ottershaw Social Club, 19 Brox Road, Ottershaw KT16 0HG"
Our Lady Of Muswell Lawn Tennis Club,"Our Lady Of Muswell Lawntennis Club, Rhodes Avenue, Wood Green, London N22 7UR"
Midday Sun Hungry Horse,"Outwood Lane, Chipstead, Surrey CR5 3NA"
Ramblers Rest Public House,"Outwood Lane, Coulsdon, Surrey CR5 3NP"
Linkside Lawn Tennis Club | Wanstead Cricket Club | Wanstead Golf Club,"Overton Drive, Wanstead E11 2LW"
Sidcup & District Conservative Club,"Oxford Road, Sidcup, Kent DA14 6LW"
The Beer House,"Paddington Station Concourse Praed Street, London W2 1RH"
The Palmerston,"Palmerston, 31 Mill Lane, Carshalton SM5 2JY"
Erith Veterans Club,"Park Crescent, Erith, Kent DA8 3DE"
Ruislip Royal British Legion,"Park House, 32 High Street, Ruislip HA4 7AN"
Park House Rugby Football Club,"Park House Rugby Football Club Barnet Wood Road, Hayes, Bromley BR2 7AA"
Park Langley Tennis Club,"Park Langley Tennis Club 44a Wickham Way, Beckenham BR3 3AF"
The Mint,"Park Road, Banstead, Surrey SM7 3DS"
Park Tavern,"Park Tavern 45 Passey Place, Eltham, Greenwich SE9 5DA"
Park Tavern Public House,"Park Tavern Public House, 164 Tollington Park, London, N4 3ad N4 3AD"
Bexley Lawn Tennis & Squash Club,"Parkhurst Road, Bexley, Kent DA5 1AX"
Parkside Community Association,"Parkside Social Club, Broomfield Road, Addlestone KT15 3BN"
The Parsons Green Sports & Social Club,"Parsons Green Sports And Social Club, 31 Broomhouse Lane, London SW6 3DP"
Katzenjammers And Barry's Saloon,"Part Basement The Hop Exchang, 24, Southwark Street, London SE1 1TY"
Piwnica Na Pietrze,"Part Ground And First Floor, 1261 - 1265 Greenford Road, Greenford UB6 0HY"
Winchmore Hill Sports Club (cc),"Paulin Ground, Fords Grove, London N21 3ER"
Parkfield Sports & Social Club,"Pavilion And Sports Club Adjacent To Saddlers Mead, Clonard Way HA5 4BT"
Byfleet Cricket Club,Pavilion At Sports Groundparvis Roadbyfleetwest Byfleetsurrey KT14 7AB
The Broadcaster,"Pavilion Building, 89 Wood Lane, London W12 7FX"
Kenton Sports Club,"Pavilion, Kenton Cricket And Lawn Tennis Club HA3 8UB"
Stc2 Sports Club,"Pavilion Stc Ivor Grove Sports Club Ivor Grove, Eltham, Greenwich SE9 2AJ"
West Harrow Cricket Club,"Pavillion, Headstone Manor Recreation Ground HA2 6NS"
Harrow St Mary's Cricket Club,"Pavillion, Old Millhillians Sports Ground HA2 6NF"
Pawleyne Arms,"Pawleyne Arms 156 High Street, Penge, London SE20 7EU"
The See Ho,"Pear Tree Lane, Shorne, Gravesend, Kent DA12 3JX"
Eastcheap Records,"Peek House, 20 Eastcheap, London EC3M 1EB"
The Pelton Arms T/a Afuego Ltd,"Pelton Arms 23 - 25 Pelton Road, Greenwich SE10 9PQ"
Penton Community And Social Club,"Penton Community And Social Ce, The Lane, Chertsey KT16 8QP"
Penton Hook Yacht Club,"Penton Yacht Club Penton Hook Marina, Staines Road, Chertsey KT16 8PY"
Perk'd Up Burger / The Ingredientist,"Perk'd Up Burger / The Ingredientist, Ground Floor, 382 Essex Road, London N1 3PF"
Danson Sports Fc,"Perry Street, Crayford, Dartford, Kent DA1 4RB"
Perseverance,"Perseverance Public House, 110-112 Pritchards Road, London E2 9AP"
The Bar/cafe,"Peter May Sports Centre 135 Wadham Road, Walthamstow, London E17 4HR"
The Saxon King,"Petersfield Avenue, Romford RM3 9PP"
Petts Wood Football Club,"Petts Wood Football Club Barnet Wood Road, Hayes, Bromley BR2 7AA"
Royal British Legion Club - Bar,"Petts Wood Royal British Legion Club Ltd Queensway, Petts Wood, Orpington BR5 1DH"
Petts Wood Snooker Club,"Petts Wood Snooker & American Pool Lounge West Approach, Petts Wood, Orpington BR5 1DB"
Phoenix,"Phoenix, Windsor Walk, Denmark Hill SE5 8BB"
Piano Works,"Piano Works, The Piano Works, 113-117 Farringdon Road, London EC1R 3BT"
Truckles Wine Bar,"Pied Bull Court, Galen Place, London WC1A 2JR"
Pig And Whistle,"Pig And Whistle 479 - 481 Merton Road, London, Wandsworth SW18 5LD"
The Pig & Whistle,"Pig And Whistle 86 Sheen Lane, East Sheen, Richmond Upon Thames SW14 8LP"
The Pilot Inn,"Pilot Inn 68 River Way, Greenwich SE10 0BE"
Pinner Wood Breakfast/after School,"Pinner Wood School, Latimer Gardens HA5 3RA"
Platform Shoreditch,"Platform Shoreditch, 2b Worship Street, London, Ec2a 2ah EC2A 2AH"
Plough And Harrow,"Plough And Harrow Public House, 143 Bellegrove Road, Welling, Kent DA16 3QS"
The Plough,"Plough Inn Plough Inn Orestan Lane, Effingham, Surrey KT24 5SW"
The Plume Of Feathers,"Plume Of Feathers, 123 Church Hill, Loughton, Essex IG10 1QR"
Plume Of Feathers,"Plume Of Feathers 19 Park Vista, Greenwich SE10 9LZ"
Plumstead Common Working Mens Club,"Plumstead Common Working Mens Club 71 Kirkham Street, Plumstead, Greenwich SE18 2JS"
Plumstead Radical Club,"Plumstead Radical Club 83 - 88 Walmer Terrace, Plumstead, Greenwich SE18 7DZ"
Poolside Manor Ltd,Poolside Manor Lyndhurst Gardens London N3 1TD
Poplar Blackwall & District Rowing Bar,"Poplar Blackwall And District Rowing Club, Ferry Street, London E14 3DT"
The London Cocktail Club,"Portland House 4 Great Portland Street, London W1W 8QJ"
The Fairmile,"Portsmouth Road, Cobham, Surrey KT11 1BW"
Marquis Of Granby,"Portsmouth Road, Esher, Surrey KT10 9AL"
Harts Boatyard,"Portsmouth Road, Surbiton KT6 4HJ"
The City Arms,"Portsmouth Road, Thames Ditton, Surrey KT7 0XE"
The Ferry,"Portsmouth Road, Thames Ditton, Surrey KT7 0XY"
Aldgate Tap,"Portsoken Pavilion, 1 Aldgate Square, London EC3N 1AF"
Potters Bar Tennis Club,"Potters Bar Lawn Tennis Club, The Walk, Potters Bar, Hertfordshire EN6 1QL"
Powerleague Fives Ltd,"Power League Soccer Centre, Sports Ground, Willoughby Lane, Tottenham N17 0SL"
Powerleague Fives Limited,Powerleague Soccer Centre 31 Pursley Road London NW7 2BB
St Patricks Social Club,"Presbytery 1a Conway Road, Plumstead, Greenwich SE18 1AQ"
Prince Albert,"Prince Albert, 111, Bellenden Road, London SE15 4QY"
Prince Albert | Thai @the Albert,"Prince Albert 30 Hampton Road, Twickenham, Richmond Upon Thames TW2 5QB"
Roses Public House,"Prince Albert 47 - 49 Hare Street, Woolwich, Greenwich SE18 6NE"
The Prince Albert,"Prince Albert Public House, 2 Broadway, Bexleyheath, Kent DA6 7LE"
Prince Arthur,"Prince Arthur, 123 Uxbridge Road, West Ealing W13 9AU"
Mannions,"Prince Arthur, 158 Broad Lane, Tottenham, London N15 4QJ"
Prince Arthur,"Prince Arthur Public House 49 Brunswick Place, Hackney, London N1 6EB"
Prince Edward,"Prince Edward, 38 Parkhurst Road, London, N7 0sf N7 0SF"
Prince Of Peckham,"Prince Of Peckham, 1, Clayton Road, London SE15 5JA"
The Prince Of Wales,"Prince Of Wales, 1 Finsbury Road, Wood Green, London N22 8PA"
Prince Of Wales,"Prince Of Wales 136 Hampton Road, Twickenham, Richmond Upon Thames TW2 5QR"
Prince Of Wales,"Prince Of Wales 154 Mottingham Road, Mottingham, London SE9 4SP"
Prince Of Wales,Prince Of Wales 2 Church Hill Road Barnet EN4 8TB
Prince Of Wales Southall,"Prince Of Wales, 202 Western Road, Southall UB2 5ED"
Prince Of Wales,"Prince Of Wales, 48 West End Lane, Esher, Surrey KT10 8LA"
Star Pub And Bars Ltd,"Prince Of Wales, 53 Highgate High Street, London N6 5JX"
Prince Of Wales,"Prince Of Wales, 62 Boston Road, Hanwell W7 3TR"
The Prince Of Wales,"Prince Of Wales 91 Wilton Road, London SW1V 1DW"
Prince Of Wales,"Prince Of Wales Public House, 169-171 Lyham Road, London SW2 5PY"
Prince Of Wales,"Prince Of Wales Public House Prince Of Wales, Burton Lane, Goffs Oak, Hertfordshire EN7 6SL"
Prince Regent,"Prince Regent Public House, 81 Salmon Lane, London E14 7PR"
Pp Catering,"Princes Park Stadium, Grassbanks, Dartford, Kent DA1 1RT"
Weybridge Cricket Club,"Princes Road, Weybridge, Surrey KT13 9BY"
The Alexandra Public House,"Princess Alexandra Public House, 219 Barking Road, Canning Town, London E16 4HH"
The Ship,"Princess Margaret Road, East Tilbury, Essex RM18 8PB"
Princess Of Prussia,"Princess Of Prussia Public House, 15 Prescot Street, London E1 8AZ"
Princess Of Wales,"Princess Of Wales Public House 146 Lea Bridge Road, Hackney, London E5 9RB"
Rammey Marsh Cruising Club,"Private Open Space Adjacent To Rammey Marsh, Lea Road, Waltham Abbey, Waltham Abbey EN9 1AL"
Prospect Of Whitby,"Prospect Of Whitby Public House, 57 Wapping Wall, London E1W 3SH"
The Windmill,"Pub The Windmill Public House 40 Commonside West, Mitcham, Merton CR4 4HA"
White Lion Of Mortimer,"Pub White Lion Of Mortimer 223 London Road, Mitcham, Merton CR4 2JD"
The Britannia,"Public House, 1 Allen Street, London W8 6UX"
Fox & Pheasant Ph,"Public House, 1 Billing Road, London SW10 9UJ"
Greyhound Public House,"Public House, 1 Kensington Square, London W8 5EP"
The Champion,"Public House 1 Wellington Terrace, Notting Hill Gate, London W2 4LW"
Castle Ph,"Public House, 100 Holland Park Avenue, London W11 4UA"
The Bird,"Public House, 100 Tottenhall Road, London N13 6DG"
The White Horse,"Public House, 105 Fore Street, London N18 2XF"
The Tir Na Nog,"Public House 107 Garratt Lane, London, Wandsworth SW18 4DW"
Windsor Castle,"Public House, 114 Campden Hill Road, London W8 7AR"
Moon Under Water,"Public House, 115-117 Chase Side, Enfield EN2 6NN"
Yogis,"Public House, 118 Finborough Road, London SW10 9ED"
Churchill Arms,"Public House, 119 Kensington Church Street, London W8 7LN"
Chelsea Potter,"Public House, 119 King's Road, London SW3 4PL"
The Plough,"Public House, 12 Cattlegate Road, Enfield EN2 9DJ"
The Earls Court Tavern,"Public House, 123 Earl's Court Road, London SW5 9RL"
The Fountain,"Public House, 125-127 West Green Road, Tottenham, London N15 5DE"
Hereford Arms (the),"Public House, 127 Gloucester Road, London SW7 4TE"
The Woodman,"Public House, 128 Bourne Hill, London N13 4BD"
Mccafferty's Irish Bar,"Public House, 128 Tottenham Lane, Hornsey, London N8 7EL"
Builders Arms Ph,"Public House, 13 Britten Street, London SW3 3TY"
The Uxbridge Arms,"Public House, 13 Uxbridge Street, London W8 7TQ"
The Hyde Arms,"Public House, 137 Victoria Road, London N9 9BB"
The Knight Of Notting Hill Pub,"Public House, 139 Ladbroke Grove, London W10 6HJ"
Bush Hill Park Ph,"Public House, 141 St Marks Road, Enfield EN1 1BA"
Trafalgar Arms,"Public House 148 - 156 Tooting High Street, London, Wandsworth SW17 0RT"
Station House,"Public House, 148-150 High Road, Tottenham, London N15 6UJ"
Crown & Horseshoes,"Public House, 15 Horseshoe Lane, Enfield EN2 6PZ"
Anglesea Arms,"Public House 15 Selwood Terrace, Onslow Gardens, London SW7 3QG"
The Crown,"Public House, 153 Dovehouse Street, London SW3 6LB"
The Lincoln Arms,"Public House, 155 Percival Road, Enfield EN1 1QT"
All Bar One,"Public House, 16 Byward Street, London EC3R 5BA"
Prince Of Teck,"Public House, 161 Earl's Court Road, London SW5 9RQ"
The Jolly Butchers,"Public House, 168-170 Baker Street, Enfield EN1 3JS"
The Priory,"Public House, 169 Priory Road, Hornsey, London N8 8NB"
Kings Head,"Public House, 17 Hogarth Place, London SW5 0QT"
The Cricketers,"Public House, 17-19 Chase Side Place, Enfield EN2 6QA"
Portobello Star Public House,"Public House, 171 Portobello Road, London W11 2DY"
The Wheatsheaf,"Public House, 185 Baker Street, Enfield EN1 3JT"
The Rose & Crown,"Public House, 185 Clay Hill, Enfield EN2 9AJ"
The Six Bells,"Public House, 187 Chase Side, Enfield EN2 0PT"
Courtfield Public House,"Public House, 187 Earl's Court Road, London SW5 9AN"
Name To Be Confirmed,"Public House, 187 Sloane Street, London SW1X 9QR"
The Railway Tavern,"Public House, 19-20 Market Square, London N9 0TZ"
The Kings Arms,"Public House, 190 Fulham Road, London SW10 9PN"
Zetland Arms Ph,"Public House, 2-4 Bute Street, London SW7 3EX"
The Nags Head,"Public House, 203 High Road, Wood Green, London N22 6DR"
Old Swan,"Public House, 206 Kensington Church Street, London W8 4DP"
Bunch Of Grapes,"Public House, 207 Brompton Road, London SW3 1LA"
Blackbird,"Public House, 209-211 Earl's Court Road, London SW5 9AN"
Browns,"Public House, 22 The Green, London N14 6EN"
Small Beer,"Public House, 22 Topsfield Parade, Tottenham Lane, Hornsey N8 8PT"
Antelope,"Public House, 22-24 Eaton Terrace, London SW1W 8EZ"
Crown And Anchor,"Public House, 222 Fore Street, London N18 2QD"
The Castle,"Public House, 225 Portobello Road, London W11 1LU"
The Railway Inn,"Public House, 229 Ordnance Road, Enfield EN3 6HA"
The Winchmore,"Public House, 235 Winchmore Hill Road, London N21 1QA"
P.j O'connors,"Public House 239 Ashley House, 235-239 High Road, Wood Green, London N22 8HF"
The Scarsdale,"Public House, 23a Edwardes Square, London W8 6HE"
The Robin Hood,"Public House, 240 The Ridgeway, Enfield EN2 8AP"
The Rising Sun,"Public House, 240 Winchester Road, London N9 9EF"
The Holland,"Public House, 25 Earl's Court Road, London W8 6EB"
Coco Momo,"Public House, 25 Gloucester Road, London SW7 4PL"
The Eagle Pub,"Public House, 250 Ladbroke Grove, London W10 5LP"
The Mossy Well,"Public House, 258-260 Muswell Hill Broadway, Hornsey, London N10 3SH"
The Pembroke,"Public House, 261 Old Brompton Road, London SW5 9JA"
The Twelve Pins,"Public House, 263 Seven Sisters Road, Hornsey, London N4 2DE"
Earl Of Lonsdale,"Public House, 277-281 Westbourne Grove, London W11 2QA"
The Brompton Cross,"Public House, 279-283 Brompton Road, London SW3 2DY"
The Arab Boy,"Public House 289 Upper Richmond Road, London, Wandsworth SW15 6SP"
The Old Wheatsheaf,"Public House, 3 Windmill Hill, Enfield EN2 6SE"
The Boogaloo,"Public House, 312 Archway Road, Hornsey, London N6 5AT"
Chelsea Ram Ph,"Public House, 32 Burnaby Street, London SW10 0PL"
The Hop Poles,"Public House, 320 Baker Street, Enfield EN1 3LH"
Gloucester Arms,"Public House, 34 Gloucester Road, London SW7 4RB"
The Stag,"Public House, 35 Little Park Gardens, Enfield EN2 6PH"
Chelsea Pensioner,"Public House, 358 Fulham Road, London SW10 9UU"
The Beaconfield Public House,"Public House, 359 Green Lanes, Hornsey, London N4 1DZ"
The Stag And Hounds,"Public House, 371 Bury Street West, London N9 9JW"
Lion,"Public House, 375 Hertford Road, Enfield EN3 5PP"
Mollys Bar,"Public House, 380 Bowes Road, London N11 1AH"
The Highgate Inn,"Public House, 385 Archway Road, Hornsey, London N6 4ER"
The Goat Tavern,"Public House, 3a Kensington High Street, London W8 5NP"
The Mitre,"Public House, 40 Holland Park Avenue, London W11 3QY"
King And Tinker P.h,"Public House, 40 Whitewebbs Lane, Enfield EN2 9HJ"
Elephant & Castle,"Public House, 40-42 Holland Street, London W8 4LT"
Queens Head Winchmore Hill,"Public House, 41-43 Station Road, London N21 3NB"
The Greyhound,"Public House, 425 South Ordnance Road, Enfield EN3 6HR"
The Beauchamp,"Public House, 43-44 Beauchamp Place, London SW3 1NX"
The Pelican,"Public House, 45 All Saints Road, London W11 1HE"
The Welcome Inn,"Public House, 451 Lordship Lane, Wood Green, London N22 5DJ"
The Ship Public House,"Public House, 47 High Street, Croydon CR0 1QD"
The Pied Bull,"Public House, 5 Bulls Cross, Enfield EN2 9HE"
O'neill's Enfield,"Public House, 5 The Town, Enfield EN2 6LE"
The White House,"Public House, 570 Hertford Road, Enfield EN3 5SU"
Lt's,"Public House, 58 Fore Street, London N18 2SW"
Sporting Page,"Public House, 6 Camera Place, London SW10 0BH"
The Surprise,"Public House, 6 Christchurch Terrace, London SW3 4AJ"
Nicholas Nickleby,"Public House, 6 Ferme Park Road, Hornsey, London N4 4ED"
Prince Albert Enfield,"Public House, 611 Hertford Road, Enfield EN3 6UP"
Sun And Woolpack,"Public House, 640 Hertford Road, Enfield EN3 6LZ"
Brook House,"Public House, 65 New King's Road, London SW6 4SG"
The Goat Pub,"Public House 66 Battersea Rise, London, Wandsworth SW11 1EQ"
The Occassional Half,"Public House, 67-77 Green Lanes, London N13 4TD"
Sun In Splendour,"Public House, 7 Portobello Road, London W11 3DA"
The Maynard Arms,"Public House, 70 Park Road, Hornsey, London N8 8SX"
The Mall Tavern,"Public House, 71-73 Palace Gardens Terrace, London W8 4RU"
No 8 Tottenham,"Public House, 724-726 High Road, Tottenham, London N17 0AG"
Pearce Catering | The Famous Royal Oak / Mst Catering,"Public House, 73 St James's Lane, Hornsey, London N10 3QY"
Dog And Duck,"Public House, 74 Hoppers Road, London N21 3LH"
The Three Wishes,"Public House, 749 Green Lanes, London N21 3SA"
Prince Of Wales,"Public House, 8 Kensington Church Street, London W8 4EP"
The New Crown,"Public House, 80-84 Chase Side, London N14 5PH"
The Hunter's Moon,"Public House, 86 Fulham Road, London SW3 6HR"
The Coopers Arms,"Public House, 87 Flood Street, London SW3 5TB"
Chestnut Tree,"Public House, 9 Aldermans Hill, London N13 4YD"
Gryphon,"Public House, 9 Vera Avenue, London N21 1RE"
King William Iv,"Public House And Premises, 77 Hampstead High Street, London NW3 1RE"
Halfway House,"Public House Halfway House 521 - 523 Garratt Lane, London, Wandsworth SW18 4SR"
Salisbury Arms,"Public House, Hoppers Road, London N21 3NP"
Devonshire Arms,"Public House The, 37 Marloes Road, London W8 6LA"
The Bedford,"Public House The Bedford 77 Bedford Hill, London, Wandsworth SW12 9HD"
The Cats Back,"Public House The Cats Back 86 - 88 Point Pleasant, London, Wandsworth SW18 1PP"
The Crown,"Public House The Crown Hotel 102 Lavender Hill, London, Wandsworth SW11 5RD"
The Kings Head,"Public House, The Green, London N21 1BB"
The Westbury,"Public House The Westbury, 57 Westbury Avenue, Wood Green, London N22 6BS"
The Ship,"Puddledock Lane, Wilmington, Kent DA2 7QF"
Putney Lawn Tennis Club,"Putney Lawn Tennis Club Balmuir Gardens, London, Wandsworth SW15 6NG"
Putney Town Bowling Club,"Putney Town Bowling Club Commondale, London, Wandsworth SW15 1HS"
Putney Town Rowing Club,"Putney Town Rowing Club Kew Meadow Path, Richmond, Richmond Upon Thames TW9 4EN"
Q Shoreditch,"Q Shoreditch, 55-61 Tabernacle Street, London, Ec2a 4aa EC2A 4AA"
Queen Elizabeth Hostel,"Queen Elizabeth, 58 Bagley's Lane, London SW6 2BH"
Enfield Ignatians Rfc | Enfield Town Football Club,"Queen Elizabeth Stadium, Donkey Lane, Enfield EN1 3PL"
Queen Of Hoxton,"Queen Of Hoxton 1-5 Curtain Road, Hackney, London EC2A 3JX"
Queen's Head,"Queen's Head, 22 Easton Street, London, Wc1x 0ds WC1X 0DS"
Queens Arms,Queens Arms Great North Road Barnet EN5 1AB
The Queens Arms,"Queens Arms Public House, 13 Market Square, Waltham Abbey, Essex EN9 1DP"
Queens Head,"Queens Head, 12 Sutton Lane North, Chiswick W4 4LD"
The Queens Head,"Queens Head, 13 Brook Green, London W6 7BL"
Queens Head,"Queens Head 2 High Street, Chislehurst BR7 5AN"
Queens Head,"Queens Head 25 High Street, Downe, Orpington BR6 7US"
The Queens Head,"Queens Head Ph, 54 Windsor Street, Uxbridge UB8 1AB"
The Queens Head Public House,"Queens Head Public House, 31 High Street HA5 5PJ"
Queens Head,"Queens Head Public House, 8 Flamborough Street, London E14 7LS"
Rafa Portcullis Club,"R A F A Portcullis Club Kenley Aerodrom Victor Beamish Avenue, Caterham, Surrey CR8 5FX"
Romford & Gidea Park Rfc,"R/o 55-59 Crow Lane, Romford RM7 0EP"
Winchmore Hill Bowling Club,"Radcliffe Road, London N21 2SD"
Brick Brewery,"Railway Arch 209, Blenheim Grove, London SE15 4QL"
Orbit Beers Ltd - Taproom,"Railway Arch 233, Empress Street, London SE17 3HJ"
The Ciderhouse,"Railway Arch 435, Cranmer Road, Forest Gate, London E7 0JN"
Pr Dutch Drinks Ltd & Dutch Taproom,"Railway Arch 67 To 68, Enid Street, London SE16 3RA"
Against The Grain Cidery Ltd,"Railway Arch 76, Enid Street, London SE16 3RA"
Craft Beer Junction,"Railway Arch 86, Enid Street, London SE16 3RA"
Jacks Bar,"Railway Arch 96, Isabella Street, London SE1 8DD"
Orbit Brewing Ltd - Brewery,"Railway Arches 225 To 228, Fielding Street, London SE17 3HD"
The Railway Bell,Railway Bell 13 East Barnet Road Barnet EN4 8RR
Railway Bell,"Railway Bell Public House, 14 Cawnpore Street, London SE19 1PF"
The Railway Hotel,"Railway Hotel, 390 Oldfield Lane North, Greenford UB6 0AP"
The Railway,"Railway Hotel Public House, 2 Greyhound Lane, London SW16 5SD"
The Railway,"Railway Hotel Red Lodge Road, West Wickham BR4 0EW"
The Railway Tavern,Railway Tavern 129 Hale Lane London NW7 3SB
Aj's Kitchen @,"Railway Tavern, 23 Crouch End Hill, Hornsey, London N8 8DH"
Railway Tavern,Railway Tavern 3 East Barnet Road Barnet EN4 8RR
Ramblers Rest,"Ramblers Rest Mill Place, Chislehurst BR7 5ND"
Royal Small Arms Angling Club,"Rammey Marsh Lock House, Lea Road, Waltham Abbey, Waltham Cross EN9 1AL"
The Randall Tavern,"Randalls, Wayside, Field Way, Croydon CR0 9DX"
The Fellowship Inn,"Randlesdown Road, London SE6 3BT"
Ranelagh Sailing Club,"Ranelagh Sailing Club Embankment, London, Wandsworth SW15 1LB"
Stanmore Social Club,"Rear, 25 The Broadway HA7 4DA"
Eastwood Snooker Bar & Grill,"Rear Of, 347 Eastern Avenue, Ilford IG2 6NE"
Royal Naval Association,"Rear Of 388, Long Lane UB10 9PG"
Meopham Country Club,"Rear Of Village Hall, Wrotham Road, Meopham, Gravesend DA13 0AT"
Cobham Bowls Club,"Recreation Ground, The Street, Cobham, Gravesend DA12 3BZ"
Chertsey Bowling Club,"Recreation Lodge, Guildford Road, Chertsey KT16 9BW"
The Copper Tap,"Red Cow, 190-192, Peckham High Street, London SE15 5EG"
Red Lion,"Red Lion 10 North Road, Bromley BR1 3LG"
The Red Lion,"Red Lion 6 Red Lion Place, Plumstead, Greenwich SE18 3RN"
Red Lion And Pineapple,"Red Lion And Pineapple, 281 High Street, Acton W3 9BP"
The Red Lion & Sun,"Red Lion And Sun, 25 North Road, Hornsey, London N6 4BE"
Red Lion,"Red Lion Inn, Russell Road, Shepperton TW17 9HX"
Brouhaha,"Restaurant, 499-501 Green Lanes, Hornsey, London N4 1AL"
City Of London Cigars,"Retail Unit 1, 124 Middlesex Street, London E1 7HY"
All Bar One,"Retail Unit, 103 Cannon Street, London EC4N 5AG"
All Bar One,"Retail Unit, 107 Houndsditch, London EC3A 7BD"
Goodman,"Retail Unit, 11 Old Jewry, London EC2R 8DU"
Liberty Bounds,"Retail Unit, 15 Trinity Square, London EC3N 4AA"
Dion,"Retail Unit 2 Paternoster House, 65 St Paul's Churchyard, London EC4M 8AA"
The Phoenix,"Retail Unit, 26 Throgmorton Street, London EC2N 2AN"
Salotto 31,"Retail Unit, 31 Lovat Lane, London EC3R 8EB"
Hamilton Hall,"Retail Unit 32 Upper Concourse, Liverpool Street Station, Liverpool Street, London EC2M 7PY"
Tokenhouse,"Retail Unit, 4 Moorgate, London EC2R 6DA"
Sir John Hawkshaw,"Retail Unit 4-5, Cannon Street Station, Cannon Street, London EC4N 6AP"
Feeneys,"Retail Unit, 48 Mark Lane, London EC3R 7QH"
Feeneys,"Retail Unit, 5 Lloyd's Avenue, London EC3N 3AE"
Cococure,"Retail Unit, 5 Minories, London EC3N 1BJ"
Bedales Wine Bar,"Retail Unit, 55 Leadenhall Market, London EC3V 1LT"
The Sugarloaf,"Retail Unit, 65 Cannon Street, London EC4N 5AA"
Enoteca Da Luca,"Retail Unit 7, Western Courtyard, Devonshire Square, London EC2M 4AE"
Humble Grape,"Retail Unit, 8 Devonshire Row, London EC2M 4RH"
Dirty Martini,"Retail Unit Three Keys House, 130 Wood Street, London EC2V 6DL"
The Rhodrons Club,"Rhodrons Avenue, Chessington KT9 1BA"
Rhythm And Booze,"Rhythm And Booze 42 - 44 Battersea High Street, London, Wandsworth SW11 3HX"
Richard 1,"Richard I 52 - 54 Royal Hill, Greenwich SE10 8RT"
The Richmond Golf Club,"Richmond Park Golf Club Sudbrook Park Sudbrook Lane, Petersham, Richmond Upon Thames TW10 7AT"
Tap Tavern,"Richmond Tap Tavern Princes Street, Richmond, Richmond Upon Thames TW9 1ED"
Hazelwood Tennis Club,"Ridge Avenue, London N21 2AJ"
Grow Hackney,"Right Hand Side Unit 4 98 Wallis Road, Hackney, London E9 5LN"
Rising Sun,"Rising Sun 189 - 191 Eltham High Street, Eltham, Greenwich SE9 1TS"
The Rising Sun,"Rising Sun, 528 Romford Road, Forest Gate, London E7 8AF"
The Rising Sun,"Rising Sun Public House, 61 Carter Lane, London EC4V 5DY"
Eynsford Riverside Club,"Riverside, Eynsford, Dartford, Kent DA4 0AE"
Set Vault,"Riverside House Woolwich High Street, Woolwich, Greenwich SE18 6BU"
The Lewis Club,"Riverside Treatment Centre Lewisham Hospital, 390-396 Lewisham High Street, Hither Green, London SE13 6LJ"
The Gazebo,"Riverside Walk, Kingston Upon Thames KT1 1QN"
Rna Uxbridge,"Rna Uxbridge Branch Club House, 388b Long Lane, Hillingdon UB10 9PG"
Colliers Wood United Football Club,"Robin Hood Way, Kingston Vale SW20 0AA"
Rochester Castle,"Rochester Castle Public House 145 Stoke Newington High Street, Hackney, London N16 0NY"
Roddy's Bar,"Roddy's Bar, 4 The Quadrant, Little Ealing Lane, Ealing W5 4EE"
Rolex,"Rolex, 5 Station Place, London, N4 2dh N4 2DH"
The Park Tavern,"Romford Road, Aveley, South Ockendon, Essex RM15 4PH"
Fulham Football Club Foundation,"Rookery Cottage, Motspur Park, New Malden KT3 6PT"
Rose & Crown,"Rose And Crown, 1 Church Place, Ealing W5 4HN"
Ye Olde Rose & Crown,"Rose And Crown 1 Crooms Hill, Greenwich SE10 8ER"
Rose And Crown,"Rose And Crown 140 Tooting Bec Road, London, Wandsworth SW17 8BH"
Rose & Crown,"Rose And Crown 55 High Street, Wimbledon, Merton SW19 5BA"
Rose & Crown,"Rose And Crown, 65-67, Union Street, London SE1 1SG"
Diogenes The Dog,"Rose And Crown, 94-96, Rodney Road, London SE17 1BG"
Rose And Crown,"Rose And Crown Farnborough Way, Orpington BR6 6BT"
Rose & Crown,"Rose Crown Public House, 2 The Polygon, London SW4 0JG"
The Rose Inn,"Rose Inn 2 Waverley Road, Plumstead, Greenwich SE18 7TN"
Rose Of Denmark,"Rose Of Denmark 296 Woolwich Road, Greenwich SE7 7AL"
Rose Of York,"Rose Of York Petersham Road, Richmond, Richmond Upon Thames TW10 6UY"
Rosemary Branch Public House,"Rosemary Branch Public House, 2 Shepperton Road, London, N1 3dt N1 3DT"
Maccabi London,Rowley Lane Sports Ground Rowley Lane Barnet EN5 3HW
Rafa Thurrock Branch,"Royal Air Forces Association, 61 Southend Road, Grays, Essex RM17 5NL"
Royal Antediluvian Order Of Buffaloes Hall,"Royal Antediluvian Order Of Buffaloes Adjacent 1 To 8 Sunbury Crescent, Sunbury Road, Feltham TW13 4PE"
Royal British Legion,"Royal British Legion Club, 118 Church Hill, Loughton, Essex IG10 1LH"
The Royal British Legion,"Royal British Legion Club St Andrews Hall, St Marys Road, East Molesey, Surrey KT8 0ST"
British Legion,"Royal British Legion Hall, Faymore Gardens, South Ockendon, Essex RM15 5NN"
Royal Epping Forest Golf Club,"Royal Epping Forest Golf Club Forest Approach, Chingford, London E4 7AZ"
Medicine Bar,"Royal Holloway University Of London, Egham Hill, Egham TW20 0EX"
The Royal Horse Guardsmen,"Royal Horseguardsman, 23 Ealing Road, Brentford TW8 0JU"
Chelsea Pensioners Club,"Royal Hospital, Royal Hospital Road, London SW3 4SR"
Royal Marine,"Royal Marine, Lyne Lane, Chertsey KT16 0AN"
Royal Mid Surrey Golf Club,"Royal Mid Surrey Golf Club Old Deer Park Twickenham Road, Richmond, Richmond Upon Thames TW9 2SB"
Rnoh Social Club,"Royal National Orthopaedic Hospital Nhs Trust, Brockley Hill HA7 4LP"
The Understudy,"Royal National Theatre, South Bank, London SE1 9PX"
Hanworth Royal Naval Association Club,"Royal Naval Association Club, Park Road, Hanworth TW13 6PP"
Royal Oak,"Royal Oak, 44, Tabard Street, London SE1 4JU"
The Royal Oak,"Royal Oak 54 Charlton Lane, Charlton, Greenwich SE7 8LA"
Royal Oak,"Royal Oak 72 High Street, Green Street Green, Orpington BR6 6BJ"
Royal Oak,"Royal Oak Public House, 355 Kennington Lane, London SE11 5QY"
Royal Oak,"Royal Oak Public House, 73 Columbia Road, London E2 7RG"
Bexleyheath Working Men's Club,"Royal Oak Road, Bexleyheath, Kent DA6 7HG"
Royal Standard,"Royal Standard 44 Vanbrugh Park, Blackheath, Greenwich SE3 7JQ"
Royal Standard,"Royal Standard Pub, Royal Standard, 86 Tanners Hill, London SE8 4PN"
The Royal Standard,"Royal Standard Public House, 39 Nuxley Road, Belvedere, Kent DA17 5JN"
Royal Star Public House,"Royal Star Public House, 220 City Road, London, Ec1v 2pn EC1V 2PN"
The Royal Vauxhall Tavern,"Royal Vauxhall Tavern Public House, 372 Kennington Lane, London SE11 5HY"
Royal Naval Association,"Royal Victoria Mill Hall, East Hill, Dartford, Kent DA1 1RX"
Royal Wimbledon Golf Club,"Royal Wimbledon Golf Club 29 Camp Road, Wimbledon, Merton SW19 4UW"
Ruislip Conservative Club,"Ruislip Conservative Club, Ickenham Road, Ruislip HA4 7DQ"
Ruislip Cricket Club,"Ruislip Cricket Club - Kings College Playiong Fields, Kings College Road, Ruislip HA4 1JZ"
Wealdstone Fc,"Ruislip Manor Sports And Social Club Ltd, Grosvenor Vale, Ruislip HA4 6JQ"
Ruislip Rugby Football Club,"Ruislip Rugby Football Club, West End Road, Ruislip HA4 6DR"
Running Horse,"Running Horse Public House, Groveley Road, Sunbury On Thames TW16 7LB"
Running Horses,"Running Horses Public House, Erith High Street, Erith, Kent DA8 1QY"
West Ham United Rush Green Training Ground,"Rush Green Road, Romford RM7 0LU"
Rusty Bike Public House,"Rusty Bike Public House 134 - 138 Station Road, Chingford, London E4 6AN"
Rye House Public House,"Rye House, Rye Road, Hoddesdon, Ware EN11 0EH"
Rye Park Conservative Club,"Rye Road, Hoddesdon, Hertfordshire EN11 0JD"
Brixton Brew Bar,"S06, Pop Brixton, 49 Brixton Station Road, London SW9 8PQ"
South West Saloon,"S11, Pop Brixton, 49 Brixton Station Road, London SW9 8PQ"
Freight Line,"S11 To S12, Pop Brixton, 49 Brixton Station Road, London SW9 8PQ"
Specialist Cellar,"S15, Pop Brixton, 49 Brixton Station Road, London SW9 8PQ"
The Salmon & Ball,"Salmon And Ball, 502 Bethnal Green Road, London E2 0EA"
Sambrook's Brewery Tap,"Sambrooks Tap Room 40 Ram Street, London, Wandsworth SW18 1UR"
Samuel Peyps,"Samuel Pepys Public House, Stew Lane, London EC4V 3PT"
Satan's Whiskers,"Satan's Whiskers, 343-345 Cambridge Heath Road, London E2 9RA"
Three Tuns Bar And Venue,"Saw Swee Hock Centre 1 Sheffield Street, London WC2A 2AP"
The Sea Horse,"Sea Horse Public House, 64 Queen Victoria Street, London EC4N 4SJ"
Sebright Arms,"Sebright Arms Public House, 31-35 Coate Street, London E2 9AG"
Sekforde Arms,"Sekforde Arms, Sekforde Arms, 34 Sekforde Street, London EC1R 0HA"
Shaftesbury Tavern,"Shaftesbury Tavern, Ground Floor, 534 Hornsey Road, London N19 3QN"
Shaws Booksellers,"Shaws Booksellers Public House, 31-34 St Andrew's Hill, London EC4V 5DE"
Sheen Lawn Tennis & Squash Club,"Sheen Lawn Tennis And Squash Club Parklands Close, East Sheen, Richmond Upon Thames SW14 7EH"
Mendes Sheepwalk,"Sheepwalk Tavern, Market Place, Acton W3 6QS"
Sheesh Restaurant Ltd,"Sheesh Ye Olde Kings Head, 70 High Road, Chigwell, Essex IG7 6QA"
The Shepherd & Flock,"Shepherd And Flock, 84 Goldhawk Road, London W12 8HA"
Shepherds Bush Empire,"Shepherd's Bush Green, London W12 8TT"
Appose Uk At Shepherds Bush Cricket Club,"Shepherds Bush Cricket Club, 38 Bromyard Avenue, Acton W3 7BP"
Vicars Moor Lawn Tennis Club,"Sherbrook Gardens, London N21 2NU"
The Ship,"Ship, 39-47, St Marychurch Street, London SE16 4JE"
Shooters Hill Golf Club Ltd,"Shooters Hill Golf Club Eaglesfield Road, Plumstead, Greenwich SE18 3DA"
Star Gun Club,"Shooting Range, Leatherhead Road, Chessington KT22 0DP"
New Salamina,"Shop A&b, 68 Myddleton Road, Wood Green, London N22 8NW"
Top Cuvee Shoreditch,"Shop Cuvee, 250 Bethnal Green Road, London E2 0AA"
Shoreditch House,"Shoreditch House Ebor Street, Hackney, London E1 6AW"
Shortlands Golf Club,"Shortlands Golf Club Meadow Road, Bromley BR2 0DX"
Shortlands Tavern,"Shortlands Tavern Station Road, Shortlands, Bromley BR2 0EY"
The Cause London - Nightclub,"Silver Building, 60 Dock Road, Silvertown, London E16 1YZ"
Silvermere Inn On The Lake,"Silvermere Golf Club, Redhill Road, Cobham, Surrey KT11 1EF"
Silverthorn Bowls Club,"Silverthorn Bowling Club Ropers Avenue, Chingford, London E4 9EJ"
Simmons Essex Road,"Simmons Essex Road, Ground Floor, 43 Essex Road, London N1 2SF"
Simmons Farringdon,"Simmons Farringdon, 105 Charterhouse Street, London, Ec1m 6hw EC1M 6HW"
The Sindercombe Social,"Sindercombe Social, 2 Goldhawk Road, London W12 8QD"
Singer,"Singer, 1-5 City Road, London, Ec1y 1ag EC1Y 1AG"
Mid Kent Golf Club,"Singlewell Road, Gravesend, Kent DA11 7RB"
Sip City,"Sip City Lounge, 189 Deptford High Street, London SE8 3NT"
The Sir John Franklin,"Sir John Franklin, High Street, Greenhithe, Kent DA9 9NN"
The Sir John Gibson,"Sir John Gibson Ph, 68 Clare Road, Stanwell, Staines-upon-thames TW19 7QT"
Sir Michael Balcon,"Sir Michael Balcon, 46 - 47 The Mall, Ealing W5 3TJ"
Sir Sydney Smith,"Sir Sydney Smith, 22 Dock Street, London E1 8JP"
Arens Bar & Grill At The Six Bells,"Six Bells, Ducks Hill Road, Northwood HA4 7TP"
Skehans Freehouse,"Skehans, 1 Kitto Road, London SE14 5TW"
M'arks Sky Bar,"Sky Bar 2nd Floor 168 - 176 Eltham High Street, Eltham, Greenwich SE9 1BJ"
Slim Jim's Liquor Store,"Slim Jim's Liquor Store, Basement And Ground Floors, 112 Upper Street, London N1 1QN"
Slug & Lettuce,"Slug & Lettuce Unit 1 Tower Bridge House, St Katharines Way, London E1W 1AA"
Smithfield Tap,"Smithfield Tap, Basement - First Floors, 38 Charterhouse Street, London EC1M 6JH"
Southgate Hockey Centre,"Snakes Lane, Barnet EN4 0PS"
The Raging Ball,"Snooker Club, 33 - 35 The Broadway, Greenford UB6 9PN"
South Norwood And Woodside Social Club,"Social Club, 12 Enmore Road, South Norwood, London SE25 5NQ"
Royal National Theatre,"South Bank, London SE1 9PX"
The Good Intent,"South End Road, Rainham RM12 5NU"
South Herts Golf Club,South Herts Golf Club Links Drive London N20 8QU
Clementswood Bowling Club,"South Park Drive, Seven Kings IG1 1SZ"
Toby Carvery,"Southend Road, Woodford Green IG8 8LG"
Southfields Lawn Tennis Club,"Southfields Lawn Tennis Club Gressenhall Road, London, Wandsworth SW18 1PQ"
Southwark Sports Bowls Club,"Southwark Sports Ground, Dulwich Common, London SE21 7EU"
Space Talk,"Space Talk, Basement And Ground Floor, 18-20 St John Street, London EC1M 4AY"
Spanish Galleon,"Spanish Galleon 48 Greenwich Church Street, Greenwich SE10 9BL"
South Harrow Sports & Social Club,"Sports And Social Club, Valentine Road HA2 8EG"
Hsbc Sports And Social Club,"Sports Ground Lennard Road, Beckenham BR3 1QW"
Hillingdon Abbots Rfc,"Sports Ground Pavilion, Gainsborough Road, Hayes UB4 8PS"
Oxshott Village Sports Club,"Sports Ground, Steels Lane, Oxshott KT22 0RF"
Supreme Bowling Club,"Sports Ground, Thetford Road, New Malden KT3 5DX"
Manjal Indian Restaurant,"Sports Pavilion, Langston Road, Loughton, Essex IG10 3TQ"
Spring Grove Public House,"Spring Grove, 13 Bloomfield Road, Kingston Upon Thames KT1 2SF"
Sri Lanken Muslim Cultural Centre Uk,"Sri Lankan Cultural Centre, 2 Whitefriars Avenue HA3 5RN"
Dc Venues Ltd,"St Albans House 57-60 Haymarket, London SW1Y 4QX"
St Anne's Parish Church,"St Annes Church Kew Green, Kew, Richmond Upon Thames TW9 3AA"
Benet Club,"St Benedicts Parish Office, 2 Marchwood Crescent, Ealing W5 2DZ"
Slug & Lettuce/chik Box/locked N Loaded/k Town/mandu Guys/hansik & Bibigo,"St Clare House, 30-33 Minories, London EC3N 1DD"
St George's Hill Golf Club,"St Georges Hill Golf Club, Golf Club Road, Weybridge, Surrey KT13 0NL"
St. Georges Hill Lawn Tennis Club,"St Georges Hill Lawn Tennis Club, Warreners Lane, Weybridge, Surrey KT13 0LL"
St James Of Bermondsey,"St James Tavern, 72, St Jamess Road, London SE16 4QZ"
St Johns The Baptist Church,St Johns Parish Hallcamphill Roadwest Byfleetsurrey KT14 6EF
St Johns Tavern,"St Johns Tavern, St John's Tavern Public House, 91 Junction Road, London N19 5QU"
St Margaret's Tavern,"St Margarets Tavern 107 St Margarets Road, Twickenham, Richmond Upon Thames TW1 2LJ"
Bebeme,"St Mark's Church North Audley Street, London W1K 6ZA"
St Martin's Theatre,"St Martins Theatre, West Street, London WC2H 9NG"
Thatched House | The Jobber’s Rest,"St Mary's Lane, Upminster RM14 3LT"
Jamaica Wine House,"St Michael's Alley, London EC3V 9DS"
St Thomas Catholic Club,"St Thomas Of Canterbury Church, East Thurrock Road, Grays, Essex RM17 6SR"
St. Georges Hill Atisan Section,"St. Georges Hill Artisan Section Artisan Pavilion, St Georges Hill Golf Club, Golf Club Road, Weybridge KT13 0NL"
Stable Wine,"Stable Wine, Basement And Ground, 344a Essex Road, London N1 3PD"
No1a Duke Street,"Staff Flat 1a Duke Street, Richmond, Richmond Upon Thames TW9 1HP"
Staines Boat Club,"Staines Boat Club, 28 Riverside Drive, Egham TW18 3JN"
Staines & District Conservative Club,"Staines Conservative Club, Market Square, Staines-upon-thames TW18 4RH"
The Retreat,"Staines Road, Laleham, Staines-upon-thames TW18 2RT"
Staines Rugby Football Club Main Kitchen,"Staines Rugby Football Club, Snakey Lane, Feltham TW13 7NB"
Stanboroughs Conservative Club,"Stanboroughs Court, Conduit Lane, Hoddesdon, Hertfordshire EN11 8EP"
Stanley's Wine Bar,"Stanley's Wine Bar, Ground Floor, 2a Chapel Market, London N1 9EZ"
The Rabbits,"Stapleford Road, Romford, Stapleford Abbotts, Essex RM4 1RP"
Star And Garter,"Star And Garter 227 High Street, Bromley BR1 1NZ"
"Star By Liverpool Street, Firestarter","Star In Liverpool, 94-98 Middlesex Street, London E1 7EZ"
Sourdough Saloon Pizza @thestarse18 | Star Inn,"Star Inn 158 Plumstead Common Road, Plumstead, Greenwich SE18 2UL"
Star Of The East,"Star Of The East Daddy's Dim Sum Phikul, 805a Commercial Road, London E14 7HG"
The Station House,"Station House, Churchfield Road, Acton W3 6BQ"
Railway Hotel,"Station Lane, Hornchurch RM12 6SB"
Redbridge Football Club,"Station Road, Barkingside IG6 1NA"
The Cotton Mill,"Station Road, Swanley, Kent BR8 8ET"
Steam Passage,"Steam Passage, Ground And Basement Floor, 44-46 Upper Street, London N1 0PN"
The Albany Hotel,"Steynton Avenue, Bexley, Kent DA5 3HN"
The Kings Arms,"Stifford Clays Road, Orsett, Essex RM16 3LX"
Stone Lodge Indoor Bowls & Social Club,"Stone Lodge Bowling Centre, Stone Lodge Complex, Cotton Lane, Stone DA2 6BP"
The Station,"Stoneleigh Broadway, Stoneleigh, Surrey KT17 2JA"
The Stonemasons Arms,"Stonemasons Arms, 54 Cambridge Grove, London W6 0LA"
The Strafford,"Strafford Arms, Cranborne Parade, Mutton Lane, Potters Bar EN6 3BA"
Strawberry Hill Golf Club,"Strawberry Hill Golf Club Wellesley Road, Twickenham, Richmond Upon Thames TW2 5SD"
North Enfield Cricket Club,"Strayfield Road Sports Ground, 24 Strayfield Road, Enfield EN2 9JE"
Streeties P H,"Streeties, 15 Shirley Street, Canning Town, London E16 1HU"
Studio Spaces Ltd,"Studio Spaces Ltd Unit 2, 110 Pennington Street, London E1W 2BB"
The Stuffed Walrus,"Stuffed Walrus, 52 Perry Rise, London SE23 2QL"
U9,"Sub-basement Basement Part And Ground Floor Part Clareville House 47 Whitcomb Street, London WC2H 7DH"
Sudbury Golf Club Bar,"Sudbury Golf Club, Bridgewater Road, Wembley HA0 1AL"
The Ice Wharf,"Suffolk Wharf, 28-30 Jamestown Road, London NW1 7BY"
Surbiton Hockey Club,"Sugden Road, Thames Ditton, Surrey KT7 0AE"
Ye Olde Swan,"Summer Road, Thames Ditton, Surrey KT7 0QQ"
The Sun Tavern,"Sun Public House, 441 Bethnal Green Road, London E2 0AN"
Sunbury Sports Assocation,"Sunbury Sports Association, Lower Hampton Road, Sunbury On Thames TW16 5PS"
Sundridge Park Lawn Tennis & Squash Rackets Club,"Sundridge Park Lawn Tennis & Squash Rackets Club Lawn Close, Bromley BR1 3NA"
Surbiton Racket & Fitness Club,"Surbiton Tennis Club, Berrylands, Surbiton KT5 8JT"
Sutton Arms,"Sutton Arms, 16 Great Sutton Street, London, Ec1v 0dn EC1V 0DN"
Swan And Mitre,"Swan And Mitre 262 High Street, Bromley BR1 1PG"
The Red Lion,"Swanley Village Road, Swanley, Kent BR8 7NF"
The Lamb Inn,"Swanley Village Road, Swanley, Kent BR8 7NN"
Sydenham Lawn Tennis And Croquet Club,"Sydenham Lawn Tennis Club Lawrie Park Road, Sydenham, London SE26 6ET"
Sidcup Sports Club Catering,"Sydney Road, Sidcup, Kent DA14 6RA"
T Bird Bar,"T Bird Bar, Ground Floor, 132 Blackstock Road, London N4 2DX"
Tadworth Social Club,"Tadworth Village Hall, Dorking Road, Walton On The Hill, Surrey KT20 5SA"
Tarmon Public House,"Tarmon Public House, 270 Caledonian Road, London, N1 1ba N1 1BA"
Tattenham Corner,"Tattenham Crescent, Epsom Downs, Surrey KT18 5NY"
Tapping The Admiral,"Tavern In The Town Public House, 77 Castle Road NW1 8SU"
Taylors,"Taylors Public House, 78a-78b Streatham High Road, London SW16 1BS"
Wi Temple Hill Lunch Club,"Temple Hill Community Centre, Temple Hill Square, Dartford, Kent DA1 5HX"
The Ten Bells,"Ten Bells Public House, 84 Commercial Street, London E1 6LY"
The Queens Arms,"Terminal 2 The Queen's Terminal, Inner Ring East, London Heathrow Airport TW69 1EW"
Aura Bar,"Terminal 3, Canberra Road, London Heathrow Airport TW6 1QG"
The Curator | The Oceanic,"Terminal 3 Departures Level, Canberra Road, London Heathrow Airport TW6 1QG"
Barley Bowls Club,"Thackeray Drive, Chadwell Heath RM6 4RE"
Thames Court Hotel,"Thames Court, Towpath, Shepperton TW17 9LJ"
Thames Ditton & Esher Golf Club,"Thames Ditton & Esher Golf Club Thames Ditton, Portsmouth Road, Esher, Surrey KT10 9AL"
Weybridge Rowing Club,"Thames Lock Jessamy Road, Weybridge, Surrey KT13 8LG"
Thames Motor Yacht Club,"Thames Motor Yacht Club Hampton Court Road, Hampton, Richmond Upon Thames KT8 9BW"
Thames Rowing Club,"Thames Rowing Club Embankment, London, Wandsworth SW15 1LB"
The Flower Pot,"Thames Street, Sunbury On Thames TW16 6AA"
Thames Young Mariners,"Thames Young Mariners Base Riverside Drive, Ham, Richmond Upon Thames TW10 7RX"
Sporting Club Thamesmead Football Club,"Thamesmead Town Football Club, 30 Bayliss Avenue, London SE28 8NJ"
The Thatched House,"Thatched House, 115 Dalling Road, London W6 0ET"
The 1920 Bar,"The 1920 Bar, Ground Floor, 19-20 Great Sutton Street, London EC1V 0DR"
The 3 Steps,"The 3 Steps Ph, High Street, Cowley UB8 2DX"
The Adam & Eve,"The Adam And Eve 155 Homerton High Street, Hackney, London E9 6AS"
The Adelaide,"The Adelaide 57 Park Road, Teddington, Richmond Upon Thames TW11 0AU"
The Admiral Nelson,"The Admiral Nelson 123 Nelson Road, Twickenham, Richmond Upon Thames TW2 7BB"
African Queen,"The African Queen, 315-317 Wellington Road South, Hounslow TW4 5HL"
The Airman,"The Airman, Hanworth Road, Feltham TW13 5AX"
The Albany,"The Albany 1 Queens Road, Twickenham, Richmond Upon Thames TW1 4EZ"
The Albany,"The Albany Public House, Queens Road, Thames Ditton, Surrey KT7 0QY"
The Albert,"The Albert 52 Victoria Street, London SW1H 0NP"
The Albert Tavern,"The Albert, 65 Harrington Road, South Norwood, London SE25 4LX"
The Albion,"The Albion, 10 Thornhill Road, London, N1 1hw N1 1HW"
The Albion Tavern,"The Albion, 45 Fairfield Road, Kingston Upon Thames KT1 2PY"
The Albion,"The Albion Public House, 2-3 New Bridge Street, London EC4V 6AA"
The Alexandra,"The Alexandra 163 Parish Lane, Penge, London SE20 7JH"
The Alexandra,"The Alexandra Public House, 14 Clapham Common South Side, London SW4 7AA"
The Alma Tavern,"The Alma 499 Old York Road, London, Wandsworth SW18 1TF"
The Alma,"The Alma 95 Church Road, Anerley, London SE19 2TA"
The Alma,"The Alma Public House, 10 Alma Road, Sidcup, Kent DA14 4EA"
The Alma Public House,"The Alma Public House, 59 Newington Green Road, London, N1 4qu N1 4QU"
The Alma Public House,"The Alma Public House, 77-78 Chapel Market, London, N1 9ex N1 9EX"
Alma Tavern,"The Alma Tavern, 129 Lower Addiscombe Road, Croydon CR0 6PU"
The Alpaca,"The Alpaca, 84-86 Essex Road, London, N1 8lu N1 8LU"
Anchor Battersea,"The Anchor 61 Holgate Avenue, London, Wandsworth SW11 2AT"
The Anchor & Hope,"The Anchor And Hope 15 High Hill Ferry, Hackney, London E5 9HG"
Anchor & Hope,"The Anchor And Hope Riverside, Charlton, Greenwich SE7 7SS"
The Anchor,"The Anchor Public House, Horton Road, Stanwell Moor, Staines-upon-thames TW19 6AQ"
The Angel & Crown,"The Angel And Crown 5 Church Court, Richmond, Richmond Upon Thames TW9 1JL"
The Angel,"The Angel Public House, 48 Sun Street, Waltham Abbey, Essex EN9 1EJ"
The Angel Public House,"The Angel Public House, 73 City Road, London, Ec1y 1bd EC1Y 1BD"
Angerstein Hotel,"The Angerstein 108 Woolwich Road, Greenwich SE10 0LE"
The Anglers,"The Anglers, Manor Road, Walton-on-thames, Surrey KT12 2PF"
The Anglesey Arms,"The Anglesey Arms 90 Palace Road, Bromley BR1 3JX"
The Antelope,"The Antelope Public House 76 Mitcham Road, London, Wandsworth SW17 9NG"
The Apple Tree,"The Apple Tree Public House, 1 - 3 Broom Road, Croydon CR0 8NG"
Boxhall City,"The Arcade, Liverpool Street, London EC2M 7PN"
The Arkley,The Arkley Public House 2 Barnet Road Barnet EN5 3EP
Armstrong Gun,"The Armstrong Gun, Victoria Street, Englefield Green TW20 0QX"
Artful Dodger,"The Artful Dodger Public House, 47 Royal Mint Street, London E1 8LG"
The Artisan,"The Artisan, Basement And Ground Floor St Johns House, 53-54 St John's Square, London EC1V 4JL"
Covent Garden Social Club | The Arts Theatre,"The Arts Theatre 6-7 Great Newport Street, London WC2H 7JB"
The Ascot,"The Ascott, 144 Field End Road, Eastcote HA5 1RJ"
Central Restaurant And Lounge,"The Ashgrove, 271 Green Lane, Ilford IG3 9TN"
Asparagus,"The Asparagus Public House 1 - 13 Falcon Road, London, Wandsworth SW11 2PL"
The Badger,"The Badger, The Row, New Ash Green, Longfield DA3 8JB"
The Bailiwick Freehouse,"The Bailiwick Restaurant, Wick Road, Englefield Green TW20 0HN"
The Ballot Box,"The Ballot Box, Horsenden Lane North, Greenford UB6 7QL"
The Banker,"The Banker Public House, Cousin Lane, London EC4R 3TE"
The Barley Mow,"The Barley Mow, 67 Molesey Road, Hersham, Walton-on-thames KT12 4RS"
The Barley Mow,"The Barley Mow Public House, 67 Watersplash Road, Shepperton TW17 0EE"
The Bay Tree Lounge,"The Bay Tree, 59 Vicarage Lane, Stratford, London E15 4HG"
The Villager,"The Bay, Vigo, Gravesend, Kent DA13 0TD"
Piglets Parent And Toddler Group,"The Beacon Centre, Drake Road, Chafford Hundred, Grays RM16 6RZ"
Beaconsfield,"The Beaconsfield, 24 Blythe Road, London W14 0HA"
The Bear,"The Bear Hotel And Public House, 71 High Street, Esher, Surrey KT10 9RQ"
The Beech Tree,"The Beech Tree 75 Wellington Road, Orpington BR5 4AG"
The Beehive,"The Beehive, 227 High Street, Brentford TW8 0JG"
The Beehive,"The Beehive 36 New North Road, Hackney, London N1 6TE"
The Beehive,"The Beehive 365 Footscray Road, Eltham, Greenwich SE9 2DR"
The Beehive,"The Beehive Public House, 104 Empson Street, London E3 3LT"
The Beehive,"The Beehive Public House, 407 Brixton Road, London SW9 7DG"
The Beehive P.h,"The Beehive, Stoneleigh Road, Tottenham, London N17 9BQ"
The Bell,"The Bell (ph), Bell Lane, Fetcham KT22 9ND"
The Bell,"The Bell, 2 Staines Road, Hounslow TW3 3JS"
The Bell Flex,"The Bell, 59 Bell Green, London SE26 5SJ"
The Bell,"The Bell Inn 617 Forest Road, Walthamstow, London E17 4NE"
The Bell Inn,"The Bell Inn 8 Thames Street, Hampton, Richmond Upon Thames TW12 2EA"
The Bell Ph,"The Bell Ph, 50 Middlesex Street, London E1 7EX"
The Bell,"The Bell Public House, 29 Bush Lane, London EC4R 0AN"
The Bell,"The Bell Public House 468 High Road Leytonstone, Leytonstone, London E11 3HN"
The Bells,"The Bells Public House, 124 Church Street, Staines-upon-thames TW18 4ZB"
The Betsey Trotwood,"The Betsey Trotwood, 56 Farringdon Road, London, Ec1r 3bl EC1R 3BL"
The Bickley,"The Bickley Chislehurst Road, Chislehurst BR7 5NP"
The Bill Murray,"The Bill Murray, 39 Queen's Head Street, London, N1 8nq N1 8NQ"
The Birchwood P.h,"The Birchwood Grovebury Road, Abbey Wood, Greenwich SE2 9BB"
Birdcage Stoke Newwington,"The Birdcage Public House 58 Stamford Hill, Hackney, London N16 6XS"
The Birdcage,"The Birdcage Public House, 80 Columbia Road, London E2 7QB"
The Birkbeck Tavern,"The Birkbeck Tavern 45 Langthorne Road, Leytonstone, London E11 4HL"
Bishops Finger,"The Bishops Finger Public House, 9-10 West Smithfield, London EC1A 9JR"
The Black Deer,"The Black Deer Ph, Poundfield Road, Loughton, Essex IG10 3JN"
The Black Horse,"The Black Horse, 203 Lampton Road, Hounslow TW3 4EZ"
Black Horse,"The Black Horse 318 Crofton Road, Orpington BR6 8NW"
The Black Horse,"The Black Horse Ph Black Horse Parade, High Road, Eastcote HA5 2EN"
The Black Lion Ph,"The Black Lion, 2 South Black Lion Lane, London W6 9TJ"
The Blenheim Arms,"The Blenheim Public House, 7 Manor Green Road, Epsom, Surrey KT19 8RA"
Blind Beggar,"The Blind Beggar, 337-341 Whitechapel Road, London E1 1BU"
The Bloomsbury,"The Bloomsbury 209 Staines Road, Twickenham, Richmond Upon Thames TW2 5BB"
Anchor Pub,"The Blue Anchor Public House, Bridgen Road, Bexley, Kent DA5 1JE"
The Blue Anchor,The Blue Anchor Public House155 High Roadbyfleetwest Byfleetsurrey KT14 7RL
Blue Boat,"The Blue Boat, Distillery Wharf, Parr's Way, London W6 9GD"
Blythe Hill Tavern,"The Blythe Hotel, 319 Stanstead Road, London SE23 1JB"
The Bo Peep,"The Bo-peep Hewitts Road, Orpington BR6 7QL"
Boaters,"The Boaters Inn, Canbury Gardens, Kingston Upon Thames KT2 5AU"
The Boathouse London,"The Boathouse Water Area South Side, Wood Wharf, London E14 9QG"
The Botwell Inn,"The Botwell Inn, 23-29 Coldharbour Lane, Hayes UB3 3EB"
The Boundary,"The Boundary, Unit 4 Cowcross Place, Cowcross Street, London EC1M 5UG"
Ottershaw Bowling Club,"The Bowling Pavilion, Memorial Fields KT16 0NQ"
Harefield Hospital Bowling Club,"The Bowls Pavilion, Hill End Road UB9 6LD"
Bread & Roses,"The Bread And Roses Public House, 68 Clapham Manor Street, London SW4 6DZ"
The Brewery Tap,"The Brewery Tap, 47 Catherine Wheel Yard, Brentford TW8 8BD"
Wasps Fc (bar Only),"The Brian Wood Pavilion, Acton Sports Ground, Twyford Avenue, Acton W3 9QA"
The Bricklayers Arms,"The Bricklayers Arms 63 Charlotte Road, Hackney, London EC2A 3PE"
The Bridge Tavern,"The Bridge 204 Castelnau, Barnes, Richmond Upon Thames SW13 9DW"
The Bridge Hotel,"The Bridge Hotel, Western Avenue, Greenford UB6 8ST"
The Bridges Pub,"The Bridges, Horton Road, South Darenth, Kent DA4 9AX"
The Britannia-smok'd,"The Britannia, 44, Kipling Street, London SE1 3RU"
The Britannia,"The Britannia 5 Brewers Lane, Richmond, Richmond Upon Thames TW9 1HH"
The Britannia,"The Britannia Public House, 20 Monument Street, London EC3R 8AJ"
Sager & Wilde,"The British Lion 193 Hackney Road, Hackney, London E2 8JL"
London Snooker,"The Broadway Snooker Hall 2a Lynwood Road, London, Wandsworth SW17 8SA"
Brockley Jack,"The Brockley Jack Theatre, 410 Brockley Road, Crofton Park, London SE4 2DH"
The Derby,"The Brown Derby, 336 Kennington Park Road, London SE11 4PP"
Browns,"The Browns 1 Hackney Road, Hackney, London E2 7NX"
The Buff,"The Buff Pinewood Drive, Orpington BR6 9NL"
The Builders Arms,"The Builders Arms 38 Field Lane, Teddington, Richmond Upon Thames TW11 9AS"
Bull Tavern,"The Bull 14 Vincent Road, Woolwich, Greenwich SE18 6RF"
The Bull Hotel And Hill Top Coffee Shop,"The Bull 151 Shooters Hill, Plumstead, Greenwich SE18 3HP"
The Bull Public House,"The Bull, Dock Road, Grays, Essex RM17 6EY"
The Bull Inn,"The Bull Inn Main Road, St Pauls Cray, Orpington BR5 3HS"
The Bull Public House,"The Bull Public House, 100 Upper Street, London, N1 0np N1 0NP"
The Bull,"The Bull Public House, 4-5 Devonshire Row, London EC2M 4RH"
The Bulls Head,"The Bulls Head, Strand-on-the-green, Chiswick W4 3PQ"
The Inspired Hub,"The Bungalow 3 Ashley Road, Hampton, Richmond Upon Thames TW12 2JA"
Ooasc Bar And Catering Limited,"The Bungalow, Old Owens Sports Ground, Coopers Lane, Potters Bar EN6 4NE"
Butchers Hook,"The Butcher's Hook, 477 Fulham Road, London SW6 1HL"
The Butcher's Hook And Cleaver,"The Butcher's Hook And Cleaver Public House, 61 West Smithfield, London EC1A 9DY"
The Butterchurn,"The Butter Churn, Erskine Road, Sutton SM1 3AS"
The Buxton,"The Buxton, 42 Osborn Street, London E1 6TD"
The Cabbage Patch,"The Cabbage Patch 67 London Road, Twickenham, Richmond Upon Thames TW1 3SZ"
The California (ember Inns),"The California, 267 Brighton Road, Sutton SM2 5SU"
The Camel Public House,"The Camel Public House, 277 Globe Road, London E2 0JD"
Camphill Club,The Camphill Club10 Camphill Roadwest Byfleetsurrey KT14 6EF
The Cannon Public House,"The Cannon, 17 High Street, West Molesey, Surrey KT8 2NA"
The Canonbury Ph,"The Canonbury Ph, 21 Canonbury Place, London, N1 2ns N1 2NS"
The Canton Arms,"The Canton Arms Public House, 177 South Lambeth Road, London SW8 1XP"
The Cart And Horses - Kitchen | The Cart And Horses - Pub,"The Cart And Horses, 1 Maryland Point, Stratford, London E15 1PF"
The Case Is Altered,"The Case Is Altered, Southill Lane, Eastcote HA5 2EQ"
The Brownswood Park Tavern,"The Castle 271 Green Lanes, Hackney, London N4 2EX"
The Castle,"The Castle, 34-35 Cowcross Street, London, Ec1m 6db EC1M 6DB"
The Castle,"The Castle, 36 St Marys Road, Ealing W5 5EU"
The Camberwell Arms,"The Castle, 65, Camberwell Church Street, London SE5 8TR"
The Castle,"The Castle Public House 15 Grosvenor Rise East, Walthamstow, London E17 9LB"
The Castle,"The Castle Public House, 30 West Street HA1 3EF"
The Castle,"The Castle Public House 38 Tooting High Street, London, Wandsworth SW17 0RG"
Castle,"The Castle Public House, 44 Commercial Road, London E1 1LN"
The Castle Public House,"The Castle Public House, 54 Pentonville Road, London, N1 9hf N1 9HF"
The Castlebar,"The Castlebar, 84 Uxbridge Road, West Ealing W13 8RA"
The Cat & Fiddle Public House,"The Cat And Fiddle Ph, 162 Rowan Road, West Drayton UB7 7UF"
The Cat & Mutton,"The Cat And Mutton 76 Broadway Market, Hackney, London E8 4QJ"
Chiswick Catholic Centre,"The Catholic Centre, 2 Dukes Avenue, Chiswick W4 2AE"
Cavendish Arms,"The Cavendish Arms, Hartington Road, London SW8 2HJ"
Chafford Hundred Brewers Fayre,"The Chafford Hundred Brewers Fayre, Howard Road, Chafford Hundred, Grays RM16 6YJ"
The Chancery,"The Chancery 90 Bromley Road, Beckenham BR3 5NP"
The Chapel Market Tavern,"The Chapel Market Tavern, Ground Floor, 58 Penton Street, London N1 9PZ"
Mc & Sons,"The Charles Dickens, 160, Union Street, London SE1 0LH"
Hux At The Holden | The Charles Holden,"The Charles Holden 198 High Street Collier's Wood, Colliers Wood, Merton SW19 2BH"
The Charlotte Despard,"The Charlotte Despard, Ground Floor, 17-19 Archway Road, London N19 3TX"
The Chelsfield,"The Chelsfield 1 Windsor Drive, Orpington BR6 6EY"
The Chequers,"The Chequers 177 Southborough Lane, Bromley BR2 8AP"
The Chequers Public House,"The Chequers, 2 High Street, Barkingside IG6 2DD"
The Chequers,"The Chequers Public House 145 High Street, Walthamstow, London E17 7BX"
The Cherry,"The Cherry, 359 Mile End Road, London E3 4QS"
Chesham Arms,"The Chesham Arms 15 Mehetabel Road, Hackney, London E9 6DU"
Cheshire Cheese,"The Cheshire Cheese Public House, 48 Crutched Friars, London EC3N 2AP"
The Chocolate Cocktail Club,"The Chocolate Cocktail Club, 72 St John Street, London, Ec1m 4dt EC1M 4DT"
The Claddagh Ring,The Claddagh Ring 10 Church Road London NW4 4EA
The Clerkenwell Tavern,"The Clerkenwell Tavern, 2 Exmouth Market, London, Ec1r 4px EC1R 4PX"
Gengellys,"The Clock House, 196a, Peckham Rye, London SE22 9QA"
The Coach & Horses,"The Coach And Horses, 173 - 175 Clapham Park Road, London SW4 7EX"
The Coach & Horses,"The Coach And Horses 27 Barnes High Street, Barnes, London, Richmond Upon Thames SW13 9LW"
The Coach And Horses,"The Coach And Horses 8 Kew Green, Kew, Richmond Upon Thames TW9 3BH"
The Coach & Horses,"The Coach And Horses Public House 391 High Road Leyton, Leyton, London E10 5NA"
The Coat And Badge,"The Coat And Badge 8 Lacy Road, London, Wandsworth SW15 1NL"
The Coborn,"The Coborn, 6-8 Coborn Road, London E3 2DA"
The Cock Inn,The Cock And Dragon Chalk Lane Enfield EN4 9HU
The Cock & Woolpack,"The Cock And Woolpack Public House, 6 Finch Lane, London EC3V 3NA"
The Cock Tavern,"The Cock Tavern 315 Mare Street, Hackney, London E8 1EJ"
The Cockpit,"The Cockpit Public House, 7 St Andrew's Hill, London EC4V 5BY"
Kai's Thai Food @ The Cocoanut,"The Cocoanut, 16 Mill Street, Kingston Upon Thames KT1 2RF"
Commercial Hotel,"The Commercial Hotel, 210 - 212 Railton Road, London SE24 0JT"
The Connaught Club,"The Connaught Club 1 Rangers Road, Chingford, London E4 7QH"
The Coppermill,"The Coppermill Public House 205 Coppermill Lane, Walthamstow, London E17 7HF"
The Corner Bar / Charlie's Cantina,"The Corner Bar / Charlie's Cantina, 125 Central Street, London, Ec1v 8ap EC1V 8AP"
The Corner Pin,"The Corner Pin 10 Summerstown, London, Wandsworth SW17 0AY"
Corner Pin Food | Corner Pin Ph,"The Corner Pin Public House, Slade Green Road, Erith, Kent DA8 2HX"
Coronation Hall,"The Coronation Hall, St Mark's Hill, Surbiton KT6 4LQ"
The Coronet,"The Coronet, 338-346 Holloway Road, London, N7 6nj N7 6NJ"
The Cottage Loaf,"The Cottage Loaf Ph, Jessel Drive, Loughton, Essex IG10 2EQ"
The Counting House,"The Counting House Public House, 50 Cornhill, London EC3V 3PD"
The County Arms,"The County Arms 420 Hale End Road, Chingford, London E4 9PB"
Courtyard Inn,"The Courtyard Inn, 7 Clarence Road, Grays, Essex RM17 6QA"
The Chipstead Players,"The Courtyard Theatre, Longshaw Stables, Hazelwood Lane, Chipstead CR5 3QU"
The Clement Attle,"The Craft Beer Co Limehouse, 576-78 Commercial Road, London E14 7JD"
The Axe,"The Cricketers 18 Northwold Road, Hackney, London N16 7HR"
The Cricketers,"The Cricketers 79 Kew Green, Kew, Richmond Upon Thames TW9 3AH"
The Cricketers,"The Cricketers 93 Chislehurst Road, Orpington BR6 0DQ"
The Cricketers,"The Cricketers The Green, Richmond, Richmond Upon Thames TW9 1LX"
The Crooked Billet,"The Crooked Billet 84 Upper Clapton Road, Hackney, London E5 9JP"
The Kerfield Arms,"The Crooked Well, 16, Grove Lane, London SE5 8SY"
The Cross,"The Cross, 2-4 Wharfdale Road, London, N1 9ry N1 9RY"
Cross Keys,"The Cross Keys, 57 Black Lion Lane, London W6 9BG"
The Crown,"The Crown, 116 Cloudesley Road, London, N1 0eb N1 0EB"
The Crown,"The Crown 128 Lower Mortlake Road, Richmond, Richmond Upon Thames TW9 2JZ"
Toby Carvery - The Crown,"The Crown 155 Bromley Common, Bromley BR2 9RJ"
The Crown Inn,"The Crown 174 Richmond Road, Twickenham, Richmond Upon Thames TW1 2NH"
Crown,"The Crown 176 Trafalgar Road, Greenwich SE10 9TZ"
The Crown,"The Crown, 223 Grove Road, London E3 5SN"
The Wishing Well,"The Crown 418 Mare Street, Hackney, London E8 1HP"
The Crown (blackheath),"The Crown, 49 Tranquil Vale, Blackheath, London SE3 0BS"
Crown And Anchor,"The Crown And Anchor 19 Park Road, Bromley BR1 3HJ"
Crown & Anchor,"The Crown And Anchor, 246 Brixton Road, London SW9 6AQ"
Crown & Anchor,"The Crown And Anchor, 374 Chiswick High Road, Chiswick W4 4HH"
Crown And Anchor,"The Crown And Anchor, 43 High Street, Aveley, Essex RM15 4BB"
Crown And Sceptre (ltd),"The Crown And Sceptre, Streatham Hill, London SW2 4AH"
The Crown,"The Crown, High Street, Harmondsworth UB7 0AJ"
The Crown Chertsey,"The Crown Hotel, 7 London Street, Chertsey KT16 8AP"
Crown Northolt,"The Crown Inn, Ealing Road, Northolt UB5 6AA"
The Crown Inn,"The Crown Inn Leaves Green Road, Keston BR2 6DQ"
The Crown Of Mitcham,"The Crown Of Mitcham Carshalton Road, Mitcham, Merton CR4 4HJ"
The Crown,"The Crown Public House, 667 Commercial Road, London E14 7LW"
The Crown Public House,"The Crown Public House, High Street, Cowley UB8 2NL"
The Crown Waltham Abbey Ltd,"The Crown Public House Romeland, Broxbourne, Waltham Abbey, Essex EN9 1QZ"
The Crown Tavern,"The Crown Tavern, 43 Clerkenwell Green, London, Ec1r 0eg EC1R 0EG"
The Crutched Friar,"The Crutched Friar Public House, 39-41 Crutched Friars, London EC3N 2AE"
The Culpeper,"The Culpeper, 40 Commercial Street, London E1 6LP"
Cutty Sark Tavern,"The Cutty Sark 4 - 6 Ballast Quay, Greenwich SE10 9PD"
The De Beauvoir Arms,"The De Beauvoir Arms, 113 Southgate Road, London, N1 3js N1 3JS"
The Depot N7,"The Depot N7, Bar And Premises, Westcliff House, Carpenter's Mews N7 9EF"
The Devonshire,"The Devonshire 39 Balham High Road, London, Wandsworth SW12 9AN"
Dog & Wilderness,"The Dog, 24 - 25 Surrey Street, Croydon CR0 1RG"
Dog & Duck Public House/sourdough Saloon,"The Dog And Duck Public House 222 Chingford Road, Walthamstow, London E17 5AL"
The Dolphin,"The Dolphin 165 Mare Street, Hackney, London E8 3RH"
The Dolphin Pub,"The Dolphin, Rockingham Road, Uxbridge UB8 2UB"
Dominion Theatre,"The Dominion Theatre, 268-269 Tottenham Court Road, London W1T 7AQ"
The Dove Freehouse And Kitchen,"The Dove 24-28 Broadway Market, Hackney, London E8 4QJ"
The Dovetail,"The Dovetail, Basement And Ground Floor, 9-10 Jerusalem Passage, London EC1V 4JP"
The Drapers Arms Public House,"The Drapers Arms Public House, 44 Barnsbury Street, London, N1 1er N1 1ER"
The Drayton Park Public House,"The Drayton Park Public House, 66 Drayton Park, London, N5 1nd N5 1ND"
The European,"The Drum Public House 557 - 559 Lea Bridge Road, Leyton, London E10 7EQ"
The Duchess W6,"The Duchess Of Cambridge, 320 Goldhawk Road, London W6 0XF"
Duchy Arms,"The Duchy Arms, 63 Sancroft Street, London SE11 5UG"
Street Kitchen Services Limited | The Duke Of Deptford,"The Duke 125 Creek Road, Deptford, Greenwich SE8 3BU"
Eagle London South Central,"The Duke Of Cambridge Public House, 349 Kennington Lane, London SE11 5QY"
Duke Of Catford,"The Duke Of Catford, 167-169 Rushey Green, London SE6 4BD"
Duke Of Kent,"The Duke Of Kent, Scotch Common, West Ealing W13 8DL"
Duke Of Sussex,"The Duke Of Sussex, 75 South Parade, Chiswick W4 5LF"
The Duke Of York,"The Duke Of York, 161 Uxbridge Road, Hanwell W7 3SP"
Beef & Brew,"The Duke Of York 33 Downham Road, Hackney, London N1 5AA"
Dukes Head / Tanatan Indian Restaurant,"The Dukes Head (ph), 57 High Street, Leatherhead KT22 8AG"
The Duke E17,"The Dukes Head 112 Wood Street, Walthamstow, London E17 3HX"
The Dukes Head,"The Dukes Head 42 The Vineyard, Richmond, Richmond Upon Thames TW10 6AZ"
The Eagle,"The Eagle 103 Wick Road, Hackney, London E9 5AE"
Eagle Public House,"The Eagle 104 Chatham Road, London, Wandsworth SW11 6HG"
The Eagle,"The Eagle 2 Shepherdess Walk, Hackney, London N1 7LB"
The Eaglet,"The Eaglet, Basement And Ground Floor, 124 Seven Sisters Road, London N7 6AE"
Earl Spencer Southfields,"The Earl Spencer 260 - 262 Merton Road, London, Wandsworth SW18 5JL"
The Three Wishes,"The Eclipse Public House, 20 Broadwalk HA2 6ED"
Edmund Tylney,"The Edmund Tylney (ph), 30-32 High Street, Leatherhead KT22 8AW"
The Elm Tree,"The Elm Tree 116 Croydon Road, Beckenham BR3 4DF"
The Europa,"The Europa Public House, 171 Walton Road, East Molesey, Surrey KT8 0DX"
The Exmouth Arms,"The Exmouth Arms, 23 Exmouth Market, London, Ec1r 4ql EC1R 4QL"
Express Tavern,"The Express Tavern, 56 Kew Bridge Road, Brentford TW8 0EW"
The Falcon,"The Falcon Public House 2 St Johns Hill, London, Wandsworth SW11 1RU"
The Falcon Inn,"The Falcon, Village Road, Denham, Buckinghamshire UB9 5BE"
Farmhouse Public House,"The Farmhouse 52 Jason Walk, Eltham, Greenwich SE9 3DH"
The Fellow,"The Fellow, 24 York Way, London, N1 9aa N1 9AA"
The Fence,"The Fence, Public House, 67-69a Cowcross Street, London EC1M 6BP"
Fentiman Arms,"The Fentiman Arms, 64 Fentiman Road, London SW8 1LA"
Ferry Boat Inn,"The Ferry Boat Inn Public House 1 Ferry Lane, London N17 9NG"
The Fig Tree,"The Fig Tree Ph, 49 Windsor Street, Uxbridge UB8 1AB"
The Fishermans Arms (pub Only),"The Fishermans Arms, Old Oak Lane, Park Royal NW10 6UB"
The Five Bells,"The Five Bells, High Street, Harmondsworth UB7 0AQ"
Five Bells,"The Five Bells Public House, 54 High Street, Stanwell, Staines-upon-thames TW19 7JS"
The Boundary On The Green,"The Fleeting Brook Guards Avenue, Caterham, Surrey CR3 5XL"
The Flintgate Pub,"The Flintgate (food), 139 Oatlands Drive, Weybridge, Surrey KT13 9LA"
The Florin,"The Florin, Ground Floor, 563 Holloway Road, London N19 4DQ"
The Flower Pot,"The Flower Pot Public House 126 - 128 Wood Street, Walthamstow, London E17 3HX"
The Flying Horse,"The Flying Horse 52 Wilson Street, Hackney, London EC2A 2ER"
Forest Tavern,"The Forest Tavern, 173 - 175 Forest Lane, Forest Gate, London E7 9BB"
The Forester Ealing (bar Only),"The Forester, 2 Leighton Road, West Ealing W13 9EP"
Fox Brasserie & Pub,"The Fox 2 Heathfield Road, Keston BR2 6BQ"
The Fox,"The Fox 39 Church Street, Twickenham, Richmond Upon Thames TW1 3NR"
The Fox And Anchor,"The Fox And Anchor, 115 Charterhouse Street, London, Ec1m 6aa EC1M 6AA"
Home And Bar Restaurant,"The Fox And Geese, 16 High Road, Ickenham UB10 8LJ"
The Fox And Goose,"The Fox And Goose, Hanger Lane, Ealing W5 1DP"
Fox & Hounds Public House,"The Fox And Hounds, 178 Forest Lane, Forest Gate, London E7 9BB"
The Fox,"The Fox Inn, Green Lane, Hanwell W7 2PJ"
The Fox,"The Fox Public House, Fox Lane, Caterham CR3 5QS"
The Furzedown,"The Furzedown 118 Mitcham Lane, London, Wandsworth SW16 6NR"
Gander Inn,"The Gander Public House, 2 St Dunstans Hill, Cheam SM1 2UE"
The Garage,"The Garage, 12 Highbury Corner, London, N5 1ra N5 1RA"
The Gardeners Arms,"The Gardeners Arms, 103 York Hill, Loughton, Essex IG10 1RX"
The Gate,The Gate 195 Barnet Road Barnet EN5 3LA
Gate Clock Ph (jd Wetherspoon Plc),"The Gate Clock Crescent Arcade, Greenwich SE10 9EJ"
The Gate P H,"The Gate, Rickmansworth Road, Northwood HA6 2RH"
General Elliott,"The General Elliott, St John's Road, Uxbridge UB8 2UR"
The George & Monkey,"The George & Monkey, 68 Amwell Street, London, Ec1r 1uu EC1R 1UU"
The George & Dragon,"The George, 159 High Street, Wanstead E11 2RL"
The George,"The George 29 Hayes Street, Hayes, Bromley BR2 7LE"
The George,"The George 32 King Street, Twickenham, Richmond Upon Thames TW1 3SN"
The George,"The George, 9 Eden Grove, London, N7 8ee N7 8EE"
George And Devonshire,"The George And Devonshire, 8 Burlington Lane, Chiswick W4 2QE"
George & Vulture,"The George And Vulture 63 Pitfield Street, Hackney, London N1 6BU"
George Canning,"The George Canning, 123, Grove Lane, London SE5 8BG"
The George Inn,"The George Inn (food Business) The George Inn, 24 Bridge Street, Walton-on-thames, Surrey KT12 1AH"
The George Inn,"The George Inn Epsom Road, Morden, Merton SM4 5PJ"
The George,"The George Public House, 114-114a Glengall Grove, London E14 3ND"
The George,"The George Public House, 2 - 8 High Street, Staines-upon-thames TW18 4EE"
The George,"The George Public House, George Street, Croydon CR0 1LA"
The Gipsy Moth,"The Gipsy Moth 60 Greenwich Church Street, Greenwich SE10 9BL"
The Gladstone,"The Gladstone, 24-26, King And Queen Street, London SE17 1DQ"
The Globe,"The Globe, 104 Windmill Road, Brentford TW8 9NA"
The Globe,"The Globe 20 Morning Lane, Hackney, London E9 6NA"
Globe Public House,"The Globe 43-47 Marylebone Road, London NW1 5JY"
The Globe,"The Globe Public House, 83 Moorgate, London EC2M 6SA"
The Goat - Stonehouse Pizza & Carvery,"The Goat Public House, 47 Upper Halliford Road, Shepperton TW17 8RX"
Goffs Oak,"The Goffs Oak, Newgatestreet Road, Goffs Oak, Hertfordshire EN7 5RH"
The Golden Eagle,"The Golden Eagle 59 Marylebone Lane, London W1U 2NY"
The Golden Grove,"The Golden Grove, Ruxbury Road, Chertsey KT16 9EN"
The Good Yarn,"The Good Yarn Ph, 132 High Street, Uxbridge UB8 1JX"
The Gowlett Arms,"The Gowlett, 62, Gowlett Road, London SE15 4HY"
The Graduate,"The Graduate 107 - 109 Blackheath Road, Greenwich SE10 8PD"
The Clapham Grand,"The Grand 21 - 25 St Johns Hill, London, Wandsworth SW11 1TT"
The Grange,"The Grange, 103, Grange Road, London SE1 3BW"
The Grapes Ph,"The Grapes Ph, 76 Narrow Street, London E14 8BP"
Great Exhibition,"The Great Exhibition, 193, Crystal Palace Road, London SE22 9EP"
Leyton Engineer,"The Great Hall 265b High Road Leyton, Leyton, London E10 5QN"
Great Harry (wetherspoons),"The Great Harry 7 - 9 Wellington Street, Woolwich, Greenwich SE18 6PQ"
The Great Western,"The Great Western, Dawley Road, Hayes UB3 1NF"
The Green,"The Green, 29 Clerkenwell Green, London, Ec1r 0du EC1R 0DU"
Hare And Hounds,"The Green, Claygate, Esher, Surrey KT10 0JL"
The Green Dragon,"The Green Dragon Public House, 60 High Street, Croydon CR0 1NA"
The Green Goose,"The Green Goose, 112 Anglo Road, London E3 5HD"
The Green Man Public House,"The Green Man, Main Road, Longfield, Kent DA3 7AS"
The Greene Man,"The Green Man Public House 191 Old Church Road, Chingford, London E4 6RB"
The Famous Green Man,"The Green Man Public House, 71 High Street, Ewell, Surrey KT17 1RX"
The Green Man,"The Green Man Putney Heath, London, Wandsworth SW15 3NG"
The Green Man,"The Green Man, Slough Lane, London NW9 8YG"
Royal Oak,"The Green, South Ockendon, Essex RM15 6SD"
The Greenwich Pensioner,"The Greenwich Pensioner, 28 Bazely Street, London E14 0ES"
The Greenwood Hotel,"The Greenwood, 674 Whitton Avenue West, Northolt UB5 4LA"
The Gregorian,"The Gregorian, 96, Jamaica Road, London SE16 4SQ"
The Greyhound,"The Greyhound 18 Kingsman Parade, Woolwich, Greenwich SE18 5QE"
The Greyhound,"The Greyhound 4 Commonside, Keston BR2 6BP"
The Greyhound / Holy Joes,The Greyhound 50 Church End London NW4 4JT
The Greyhound,"The Greyhound 82 Kew Green, Kew, Richmond Upon Thames TW9 3AP"
The Greyhound,"The Greyhound Hotel, 2 High Street, Carshalton SM5 3PE"
The Greystoke,"The Greystoke, 7 Queens Parade, Hanger Lane, Ealing W5 3HU"
The Griffin,The Griffin 1262 High Road London N20 9HH
The Grizzly Bear,"The Grizzly Bear Public House, 101 Nursery Road, Sunbury On Thames TW16 6LU"
The Grocer,"The Grocer, 4 Crispin Place, London E1 6DW"
Grosvenor Public House,"The Grosvenor, 127 Oaklands Road, Hanwell W7 2DT"
The Grove Bar And Restaurant,"The Grove, 83 Hammersmith Grove, London W6 0NQ"
Grove,"The Grove, Ealing Green, Ealing W5 5QX"
The Guard House,"The Guardhouse No 1 Street, Woolwich, Greenwich SE18 6GH"
Gravesend Theatre Guild,"The Guild Theatre, Vale Road, Northfleet, Gravesend DA11 8DA"
The Gun,"The Gun, 54 Brushfield Street, London E1 6AG"
The Gunners,"The Gunners, 204 Blackstock Road, London, N5 1en N5 1EN"
The Gunnersbury,"The Gunnersbury, 590 Chiswick High Road, Chiswick W4 5RP"
The Haggerston,"The Haggerston 438 Kingsland Road, Hackney, London E8 4AA"
Hair Of The Dog,"The Hair Of The Dog, 15 York Hill, Loughton, Essex IG10 1RL"
The Half Way House,"The Half Way House, 74 Seven Sisters Road, London, N7 6ae N7 6AE"
The Hampton Pub,"The Hampton Pub 31 Tangley Park Road, Hampton, Richmond Upon Thames TW12 3YH"
The Hanbury Arms,"The Hanbury Arms, 33 Linton Street, London, N1 7du N1 7DU"
Hanover Arms,"The Hanover Arms, 326 Kennington Park Road, London SE11 4PP"
The Hare And Hounds,"The Hare And Hounds, 229 Ruislip Road, Greenford UB6 9RZ"
The Hare And Hounds,"The Hare And Hounds Public House, 132 Vicarage Road, Sunbury-on-thames TW16 7QX"
Hare And Hounds,"The Hare And Hounds Public House 278 Lea Bridge Road, Leyton, London E10 7LD"
The Harefield,"The Harefield, 41 High Street, Harefield UB9 6BY"
The Harlequin Public House,"The Harlequin Public House, 27 Arlington Way, London, Ec1r 1uy EC1R 1UY"
"The Harrow Also T/a Chik Box, K-town Chicken, Locked And Loaded","The Harrow Inn, 6 High Street, Cheam SM3 8RL"
The Harrow,"The Harrow Public House, 22 Whitefriars Street, London EC4Y 8JJ"
2023the Mandeville Arms Harvester,"The Harvester, 57 - 59 Mandeville Road, Northolt UB5 4LU"
The Havelock Tavern,"The Havelock, 57 Masbro' Road, London W14 0LS"
The Hemingway Pub,"The Hemmingway 84 Victoria Park Road, Hackney, London E9 7JL"
Henley Arms,"The Henley Arms, 268 Albert Road, North Woolwich, London E16 2JB"
The Hercules,"The Hercules, 504 Holloway Road, London, N7 6ja N7 6JA"
The Heron,"The Heron Norfolk Crescent, London W2 2DN"
The Highbury Barn Tavern,"The Highbury Barn Tavern, 26 Highbury Park, London, N5 2ab N5 2AB"
The Hogarth,"The Hogarth 58 Broad Street, Teddington, Richmond Upon Thames TW11 8QY"
Hole In The Wall,"The Hole In The Wall, 5 Mepham Street, London SE1 8SQ"
The Holly Tree,"The Holly Tree, 25 High Street, Addlestone KT15 1TN"
The Holly Tree Public House,"The Holly Tree Public House 141 Dames Road, Forest Gate, London E7 0DZ"
The Holy Tavern,"The Holy Tavern, Basement And Ground Floor, 55 Britton Street, London EC1M 5UQ"
The Honeycombe,"The Honeycombe, 417 Staines Road, Hounslow TW4 5AR"
The Honourable Artillery Company,"The Honourable Artillery Company, Armoury House, City Road, London EC1Y 2BQ"
The Hope,"The Hope, 94 Cowcross Street, London, Ec1m 6bh EC1M 6BH"
The Hope And Anchor Public House,"The Hope And Anchor Public House, 207 Upper Street, London, N1 1rl N1 1RL"
The Hope,"The Hope Public House, 49 Norwood High Street, London SE27 9JS"
The Vault,"The Horace Jones Vault, Shad Thames, London SE1 2UP"
The Horns,"The Horns, 262-264 Old Street, London, Ec1v 9dd EC1V 9DD"
Horse And Groom,"The Horse And Groom 131 Merton High Street, Colliers Wood, Merton SW19 1DE"
The Horse And Groom,"The Horse And Groom 28 Curtain Road, Hackney, London EC2A 3NZ"
The Horseshoe Public House,"The Horseshoe Public House, 24 Clerkenwell Close, London, Ec1r 0ag EC1R 0AG"
The Hub Loughton Ltd,"The Hub Unit F Landmark House, 3 The Broadway, Loughton, Essex IG10 2FA"
The Hung Drawn & Quartered,"The Hung Drawn And Quartered Public House, 27 Great Tower Street, London EC3R 5AQ"
The Hut Ph,"The Hut Ph, 2 Old Orchard Close, Uxbridge UB8 3LH"
The Swan Hotel,"The Hythe, Staines-upon-thames TW18 3JB"
The Iron Horse Also T/a Sheeba Frances Ltd,"The Iron Horse, 122 Station Road, Sidcup, Kent DA15 7AB"
Downside Sports & Social Club,"The Island, Downside Common Road, Downside, Cobham KT11 3NU"
The Ivy House,"The Ivyhouse, 40, Stuart Road, London SE15 3BE"
Bealonians Football Club,"The Jack Carter Pavilion, Fencepiece Road, Ilford IG6 2JL"
The Keep Of Brook Green,"The Jameson, 43 Blythe Road, London W14 0HR"
Jolly Fenman (sidcup),"The Jolly Fenman Public House, 64 - 68 Blackfen Road, Sidcup, Kent DA15 8SW"
The Jolly Gardeners,"The Jolly Gardener 36 Lower Richmond Road, Mortlake, Richmond Upon Thames SW14 7EX"
Jolly Millers,"The Jolly Miller Public House, 111 Mayplace Road West, Bexleyheath, Kent DA7 4JR"
The Jolly Sisters,"The Jolly Sisters, 95 Bride Street, London, N7 8ax N7 8AX"
Junction,"The Junction Public House 36 St Johns Hill, London, Wandsworth SW11 1SA"
The Junction Ph,"The Junction Public House, 9 Gayton Road HA1 2DH"
The Kenton,"The Kenton Arms 38 Kenton Road, Hackney, London E9 7AB"
King Edward Vii,"The King Edward Vii, 47 Broadway, Stratford, London E15 4BQ"
King William Iv,"The King William Iv 83 The Street, West Horsley, Surrey KT24 6BG"
William The Fourth,"The King William Iv Public House 816 High Road Leyton, Leyton, London E10 6AE"
The King's Head Public House,"The King's Head Public House, 59 Essex Road, London, N1 2sf N1 2SF"
Kingfisher,"The Kingfisher Public House, Chertsey Bridge Road, Chertsey KT16 8LF"
The Kings Arms,"The Kings Arms, 19 Boston Manor Road, Brentford TW8 8EA"
Kings Arms,"The Kings Arms, 55 The Grove, Ealing W5 5DX"
Kings Arms | The Kings Arms Wet Pub,"The Kings Arms, 6 Park Lane, Harefield UB9 6BJ"
Kings Arms,"The Kings Arms Leaves Green Road, Keston BR2 6DU"
The Kings Ford,"The Kings Ford Public House 250 - 252 Chingford Mount Road, Chingford, London E4 8JL"
The King & Co.,"The Kings Head, 100 Clapham Park Road, London SW4 7BZ"
The Kings Head Restaurant & Pub,"The Kings Head, 214 High Street, Acton W3 9NX"
Old Kings Head,"The Kings Head 28 Holywell Row, Hackney, London EC2A 4JB"
Kings Head,The Kings Head 84 High Street Barnet EN5 5SN
The Kings Head,"The Kings Head Public House 2b Kings Head Hill, Chingford, London E4 7EA"
Kings Head,"The Kings Head Public House, 4 Feltham Road, Ashford TW15 2EB"
Kings Oak Hotel (2009) Ltd,"The Kings Oak Public House, Pauls Nursery Road, Loughton, Essex IG10 4AE"
The Kingsmen,"The Kingsmen Public House, Featherbed Lane, Croydon CR0 9AS"
The Mill,"The Kingston Mill, 58-62 High Street, Kingston Upon Thames KT1 1HN"
The Lamb,"The Lamb, 54 Holloway Road, London, N7 8jl N7 8JL"
The Lamb Public House,"The Lamb, 85 Pelly Road, Plaistow, London E13 0NL"
The Lamb,"The Lamb Brewery, 9 Barley Mow Passage, Chiswick W4 4PH"
The Landor,"The Landor Public House, 70 Landor Road, London SW9 9PH"
The Larkshall,"The Larkshall Public House 205 Larkshall Road, Chingford, London E4 6NT"
The Latchmere,"The Latchmere And Theatre 503 Battersea Park Road, London, Wandsworth SW11 3BW"
The Laurels,"The Laurels Public House, 337 High Road HA3 5EQ"
The Leconfield,"The Leconfield, 79 Green Lanes, London, N16 9bu N16 9BU"
Miller & Carter,"The Leefe Robinson, 76 Uxbridge Road HA3 6DL"
The Lexington,"The Lexington, 96-98 Pentonville Road, London, N1 9jb N1 9JB"
Life Of Reilly,"The Life Of Reilly Public House, 7 Warwick Parade HA3 8SA"
The Lighthouse,"The Lighthouse 441 Battersea Park Road, London, Wandsworth SW11 4LR"
The Lion,"The Lion 27 Wick Road, Teddington, Richmond Upon Thames TW11 9DN"
Lion And The Lamb,"The Lion And Lamb 46 Fanshaw Street, Hackney, London N1 6LG"
Kings Arms,"The Little Apple, 98 Kennington Lane, London SE11 4XD"
Crown,"The Little Crown, 495 New Cross Road, London SE14 6TQ"
The Little Driver,"The Little Driver Public House, 125 Bow Road, London E3 2AN"
The Lodge Tavern,"The Lodge Tavern, 53 The Mall, Ealing W5 3TA"
The Londesborough,"The Londesborough Public House 36 Barbauld Road, Hackney, London N16 0SS"
London Apprentice,"The London Apprentice, 62 Church Street, Isleworth TW7 6BG"
The George,"The Lord Clyde, 77 Inwood Road, Hounslow TW3 1XH"
The Lord Nelson,"The Lord Nelson, 9-11 Enfield Road, Brentford TW8 9NY"
The Lord Palmerston,"The Lord Palmerston Public House 252 - 254 Forest Road, Walthamstow, London E17 5JN"
The Raglan,"The Lord Raglan Public House 199 Shernhall Street, Walthamstow, London E17 9HX"
The Lord Tredegar,"The Lord Tredegar, 50 Lichfield Road, London E3 5AL"
The Lordship,"The Lordship, 211, Lordship Lane, London SE22 8HA"
Old Lyonian Association,"The Lyonian Pavilion, South Vale HA1 3PN"
The Macbeth,"The Macbeth 70 Hoxton Street, Hackney, London N1 6LP"
The Mad Hatter,"The Mad Hatter, 44 Old Street, London, Ec1v 9aq EC1V 9AQ"
The Magpie And Crown,"The Magpie And Crown, 128 High Street, Brentford TW8 8EW"
Magpie,"The Magpie Hotel, 64 Thames Street, Sunbury On Thames, Surrey TW16 6AF"
The Magpie,"The Magpie Public House, 12 New Street, London EC2M 4TP"
Selborne Bowling Club,"The Mall, London N14 6EN"
The Maltsters Public House,"The Maltsters, 177 Windmill Lane, Cheshunt, Hertfordshire EN8 9AW"
Man On The Moon,"The Man On The Moon, 112 Headley Drive, Croydon CR0 0QF"
The Manor Arms,"The Manor Arms, 150 East India Dock Road, London E14 0BP"
The Marion Anderson Ph,"The Marion Anderson Ph, Ground Floor, 28-32 Bowling Green Lane, London EC1R 0BJ"
The Marksman,"The Marksman, 254 Hackney Road, London E2 7SJ"
The Marlborough,"The Marlborough 46 Friars Stile Road, Richmond, Richmond Upon Thames TW10 6NH"
The Maxwell,"The Maxwell Station Road, Orpington BR6 0RZ"
The Middlesex Arms,"The Middlesex Arms, Long Drive, Ruislip HA4 0HG"
Milford Arms,"The Milford Arms, 574 London Road, Isleworth TW7 4EY"
Mill Hill Village Sports Club,The Mill Hill Cricket Club Burtonhole Lane London NW7 1AS
Miller & Carter,"The Mill House Windmill Road, Mitcham, Merton CR4 1HT"
The Millers Arms,"The Millers Arms Public House, 81 Bexley High Street, Bexley, Kent DA5 1JX"
Millers Well,"The Millers Well, 419 - 423 Barking Road, East Ham, London E6 2JX"
The Mitre,"The Mitre 20 St Marys Grove, Richmond, Richmond Upon Thames TW9 1UY"
Mitre,"The Mitre 291 Greenwich High Road, Greenwich SE10 8NA"
The Fulham Mitre,"The Mitre, 81 Dawes Road, London SW6 7DU"
Moby Dick,"The Moby Dick, 6, Russell Place, London SE16 7PL"
The Moon And Cross,"The Moon And Cross The Moon And Cross, 104 High Street, Waltham Cross, Hertfordshire EN8 7BX"
Morden Brook,"The Morden Brook Public House Lower Morden Lane, Morden, Merton SM4 4SS"
The Mudlark,"The Mudlark, Montague Close, London SE1 9DA"
The Music Box (pub),"The Music Box, Bourne Avenue, Hayes UB3 1QT"
The Myddleton Arms,"The Myddleton Arms, 52 Canonbury Road, London, N1 2hs N1 2HS"
Myllet Arms,"The Myllet Arms, Western Avenue, Perivale, Ealing UB6 8TE"
The Nags Head,"The Nags Head Public House 9 Orford Road, Walthamstow, London E17 9LP"
The Narrow Boat Public House,"The Narrow Boat Public House, 119 St Peter's Street, London, N1 8pz N1 8PZ"
Harvester,"The Navigation Inn, 4 Wharf Road, Enfield EN3 4XX"
Nelsons Head Ph,"The Nelsons Head Public House, 32 Horatio Street, London E2 7SB"
New Cross House,"The New Cross House, 316 New Cross Road, London SE14 6AF"
The New Crown & Cushion,"The New Crown And Cushion Public House, 133-135 Westminster Bridge Road, London SE1 7HR"
New Fairlop Oak Public House,"The New Fairlop Oak, Fencepiece Road, Ilford IG6 2JP"
New Inn,"The New Inn, 1 New Road, Brentford TW8 0NX"
The Nightingale Public House,"The Nightingale 97 Nightingale Lane, London, Wandsworth SW12 8NX"
The North Star & Thai Kitchen,"The North Star Public House 24 Browning Road, Leytonstone, London E11 3AR"
The Northcote,"The Northcote 2 Northcote Road, London, Wandsworth SW11 1NT"
The Nott Bar,"The Nottingham Castle Public House, 257 Wandsworth Road, London SW8 2NB"
The Oak,"The Oak 206 Widmore Road, Bromley BR1 2RH"
The Oak At Sockets Heath,"The Oak, Lodge Lane, Grays, Essex RM17 5RZ"
The Mount,"The Obelisk 30 - 32 Old Church Road, Chingford, London E4 8DD"
The Old Anchor,"The Old Anchor Public House The Old Anchor, 188 High Street, Cheshunt, Hertfordshire EN8 0AY"
Old Bank,"The Old Bank, 2 High Street, Sutton SM1 1HN"
The Old Bell Tavern,"The Old Bell Public House, 95 Fleet Street, London EC4Y 1DH"
Old Brewery,"The Old Brewery Pepys Building Old Royal Naval College King William Walk, Greenwich SE10 9LW"
Brightwater Brewery,"The Old Coal Order Office, Claygate Railway Station, The Parade, Claygate KT10 0PB"
The Old Crown,"The Old Crown, 1 High Street, Bookham KT23 4AA"
The Old Crown,"The Old Crown, 81 Station Road, Hayes UB3 4BG"
The Old Dairy,"The Old Dairy, Ground Floor, 1-3 Crouch Hill, London N4 4AP"
The Old Doctor Butler's Head,"The Old Doctor Butlers Head Public House, 2 Mason's Avenue, London EC2V 5BT"
The Old Fountain Public House,"The Old Fountain Public House, 3 Baldwin Street, London, Ec1v 9nu EC1V 9NU"
Brouge,"The Old Goat 241 Hampton Road, Twickenham, Richmond Upon Thames TW2 5NG"
Old Hall Tavern,"The Old Hall Tavern Public House 200 Hall Lane, Chingford, London E4 8EY"
Kitchen Paradise @ The Old Hat | The Old Hat (bar Only),"The Old Hat, 128 Broadway, West Ealing W13 0SY"
The Old Mill,"The Old Mill 1 Old Mill Road, Plumstead, Greenwich SE18 1QG"
Meltdown Cheeseburgers | Slap & Pickle Burgers | The Miller,"The Old Miller Of Mansfield, 96-101, Snowsfields, London SE1 3SS"
Old Nuns Head,"The Old Nuns Head, 15, Nunhead Green, London SE15 3QQ"
The Old Oak Tree Pub,"The Old Oak Tree, The Common, Southall UB2 5PJ"
The Old Pack Horse,"The Old Pack Horse, 434 Chiswick High Road, Chiswick W4 5TF"
The Old Queen's Head Public House,"The Old Queen's Head Public House, 44 Essex Road, London, N1 8ln N1 8LN"
Old Red Cow,"The Old Red Cow Public House, 71-72 Long Lane, London EC1A 9EJ"
Old Red Lion,"The Old Red Lion, 42 Kennington Park Road, London SE11 4RS"
The Old Sergeant,"The Old Sergeant 104 Garratt Lane, London, Wandsworth SW18 4DJ"
Auld Shillelagh,"The Old Shilleagh 105 Stoke Newington Church Street, Hackney, London N16 0UD"
Old Ship Hackney,"The Old Ship 2 Sylvester Path, Hackney, London E8 1EN"
Hmo The Old Ship,"The Old Ship 3 King Street, Richmond, Richmond Upon Thames TW9 1ND"
The Old Ship,"The Old Ship Public House, 17 Barnes Street, London E14 7NW"
The Old Tea Warehouse,"The Old Tea Warehouse Public House, 4-8 Creechurch Lane, London EC3A 5AY"
Olde Swan Hotel,"The Olde Swan, 27 Windsor Street, Chertsey KT16 8AY"
The Olde Wine Shades,"The Olde Wine Shades Public House, 6 Martin Lane, London EC4R 0DJ"
The Olive Branch Pub,"The Olive Branch, 169 Park Lane, Tottenham, London N17 0HJ"
The Orange Tree,"The Orange Tree 45 Kew Road, Richmond, Richmond Upon Thames TW9 2NQ"
The Orchard,"The Orchard Public House, 112 Cherry Orchard Road, Croydon CR0 6BA"
The Owl And Hitchhiker,"The Owl And Hitchhiker, 471 Holloway Road, London, N7 6le N7 6LE"
The Owl & The Pussycat,"The Owl And The Pussycat Public House, 34 Redchurch Street, London E2 7DP"
The Owl,"The Owl Public House, Lippitts Hill, Loughton, Essex IG10 4AL"
The Packhorse And Talbot,"The Pack Horse And Talbot, 145 Chiswick High Road, Chiswick W4 2DT"
The Earl Haig,"The Pantiles, Bexleyheath, Kent DA7 5HH"
The Partridge,"The Partridge 194 High Street, Bromley BR1 1HE"
Acton Village Social Club,"The Pavilion, Alwyn Gardens, Acton, Ealing W3 0JH"
Hayes Bowls Club,"The Pavilion, Central Avenue, Hayes UB3 2FB"
Pavilion End,"The Pavilion End Public House, 23 Watling Street, London EC4M 9BR"
Desi Fusion Flavours,"The Pavilion Oakfield Playing Fields, Forest Road, Hainault IG6 3HD"
Waterfall Tennis Club,The Pavilion Pymmes Green Road London N11 1DD
The Pavilion,"The Pavilion Sports & Fitness Club The Pavilion, Hurst Lane, East Molesey, Surrey KT8 9DX"
Gunnersbury Triangle Sports & Social Club,"The Pavilion, The Ridgeway, Acton W3 8LN"
Dartford Cricket Club,"The Pavillion, Hesketh Park, Pilgrims Way, Dartford DA1 1QZ"
Hampton Hill Cricket Club,"The Pavilon Bushy Park Cricket Lane, Hampton Hill, Richmond Upon Thames TW12 1PA"
Pawsons Arms,"The Pawsons Arms, 69 Pawsons Road, Croydon CR0 2QA"
The Peacock,"The Peacock Public House, 145 Aylward Street, London E1 0QW"
The Peacock,"The Peacock, Public House, 3-5 Islington High Street, London N1 9LQ"
Penny Black,"The Penny Black (ph), 5 North Street, Leatherhead KT22 7AX"
The Hunter S Pub,"The Perseverance 194 Southgate Road, Hackney, London N1 3HT"
The Pheasant Ph,"The Pheasant Ph, 98 West End Lane, Hayes UB3 5LX"
The Phoenix,"The Phoenix Public House, 26 - 28 Thames Street, Sunbury On Thames TW16 6AF"
The Pilgrim \& London Burger Co.,"The Pilgrim Public House, 247 Kennington Lane, London SE11 5QU"
The Pineapple,"The Pineapple Public House, 53 Hercules Road, London SE1 7DZ"
Whittington,"The Pinner Arms Public House, Whittington Way HA5 5JS"
The Place Theatre Bar,"The Place Theatre, 17 Duke's Road, London WC1H 9AB"
The Planet Nollywood,"The Planet Nollywood, 319, Camberwell Road, London SE5 0HQ"
The Plimsoll,"The Plimsoll, Ground Floor, 52 St Thomas's Road, London N4 2QW"
The Plough & Harrow,"The Plough & Harrow 64 Ditton Hill Road, Long Ditton, Surbiton, Surrey KT6 5JD"
The Plough,"The Plough (ph), 93 Kingston Road, Leatherhead KT22 7SP"
The Plough,"The Plough, 297 Northfield Avenue, Ealing W5 4XB"
The Plough & Harrow,"The Plough And Harrow Public House 419 High Road Leytonstone, Leytonstone, London E11 4JU"
The Plough,"The Plough Inn, Tentelow Lane, Southall UB2 4LG"
The Plough,"The Plough Inn, The Broadway, Beddington CR0 4QR"
The Plough,"The Plough Ph, 239 Sipson Road, Sipson UB7 0HW"
The Plough,"The Plough Ph, Sewardstone Road, Waltham Abbey, Essex E4 7RJ"
The Plough,"The Plough Public House, 89 North Road, Southall UB1 2JN"
The Plough,"The Plough Public House, Plough Lane, Downside, Cobham KT11 3LT"
Plough Public House,The Plough Public House104 High Roadbyfleetwest Byfleetsurrey KT14 7QT
Porter & Sorter,"The Porter And Sorter Public House, Billinton Hill, Croydon CR0 6BT"
The Pride Of Spitalfields,"The Pride Of Spitalfields Public House, 3 Heneage Street, London E1 5LJ"
Prince Albert,"The Prince Albert, 418 Coldharbour Lane, London SW9 8LF"
The Prince Albert,"The Prince Albert 54 - 56 Hounslow Road, Twickenham, Richmond Upon Thames TW2 7EX"
Prince Of Greenwich,"The Prince Albert 72 Royal Hill, Greenwich SE10 8RT"
The Prince Blucher,"The Prince Blucher 124 The Green, Twickenham, Richmond Upon Thames TW2 5AG"
The Prince Edward,"The Prince Edward 97 Wick Road, Hackney, London E9 5AB"
Prince Frederick,"The Prince Frederick 31 Nichol Lane, Bromley BR1 4DE"
Vitto Kitchens,"The Prince Of Wales, 117 Ewell Road, Surbiton KT6 6AL"
The Prince,"The Prince Of Wales 59 Kynaston Road, Hackney, London N16 0EB"
Prince Of Wales,"The Prince Of Wales 98 Morden Road, Wimbledon, Merton SW19 3BP"
Prince Of Wales,"The Prince Of Wales Public House, 38 Old Town, London SW4 0LB"
Prince Of Wales,"The Prince Of Wales Public House, 48 Cleaver Square, London SE11 4EA"
The Princes Head,"The Princes Head 27 - 28 The Green, Richmond, Richmond Upon Thames TW9 1LX"
The Princess Of Shoreditch,"The Princess Royal Public Hous 76-78 Paul Street, Hackney, London EC2A 4NE"
Priory Arms,"The Priory Arms Public House, 83 Lansdowne Way, London SW8 2PB"
Punch And Judy Public House,"The Punch And Judy 40 The Market, Covent Garden, London WC2E 8RF"
Punch Tavern,"The Punch Tavern Public House, 99 Fleet Street, London EC4Y 1DE"
O12 Bar And Grill,"The Q Building, 108 - 110 The Grove, Stratford, London E15 1NS"
The Queen Adelaide,"The Queen Adelaide, 483 Hackney Road, London E2 9ED"
The Queen Elizabeth,"The Queen Elizabeth Public House 95 Forest Side, Chingford, London E4 6BA"
The Queen Stage,"The Queen Stage The Street, Effingham, Surrey KT24 5LU"
Howl At The Moon,"The Queens 178 Hoxton Street, Hackney, London N1 5LH"
Queens Arms,"The Queens Arms Public House 42 Orford Road, Walthamstow, London E17 9NJ"
Queens Head,"The Queens Head, 123 High Street, Cranford TW5 9PB"
Queen's Head,"The Queens Head, 60 Paternoster Hill, Waltham Abbey, Essex EN9 3LA"
Queens Head,"The Queens Head 73 High Street, Green Street Green, Orpington BR6 6BQ"
The Queens Head,"The Queens Head Public House The Queens, 66 High Road, Wormley, Hertfordshire EN10 6JN"
Punjabi Junction @ Railway Bell,"The Railway Bell, Anglesea Place, Gravesend, Kent DA11 0RR"
Railway Tavern,"The Railway Hotel 45 East Street, Bromley BR1 1QQ"
Railway Inn,"The Railway Inn, Sole Street, Cobham, Gravesend DA13 0XY"
The Railway Tavern,"The Railway Tavern, 2 St Jude Street, London, N16 8jt N16 8JT"
Railway Tavern,"The Railway Tavern, 7 Station Rise, London SE27 9BW"
The Railway Tavern,"The Railway Tavern Public House, 15 Liverpool Street, London EC2M 7NX"
The Red Cow,"The Red Cow 59 Sheen Road, Richmond, Richmond Upon Thames TW9 1YJ"
Lion,"The Red Lion 132 Stoke Newington Church Street, Hackney, London N16 0JX"
The Red Lion,"The Red Lion 164 Stanley Road, Teddington, Richmond Upon Thames TW11 8UD"
The Red Lion,"The Red Lion 2 Castelnau, Barnes, Richmond Upon Thames SW13 9RU"
The Railway Tavern,"The Red Lion 28 - 29 The Quadrant, Richmond, Richmond Upon Thames TW9 1DN"
The Terrace,"The Red Lion, 96 - 100 High Street, Southall UB1 3DN"
The Red Lion,"The Red Lion, Ground Floor Left, 261 Holloway Road, London N7 8HG"
The Red Lion,"The Red Lion Public House, 1 Eldon Street, London EC2M 7LS"
The Red Lion,"The Red Lion Public House 640 High Road Leytonstone, Leytonstone, London E11 3AA"
The Red Lion,"The Red Lion, Village Road, Thorpe TW20 8UE"
The Regent,"The Regent, 201-203 Liverpool Road, London, N1 1lx N1 1LX"
The Richmond Arms,"The Richmond, 55 Shepherd's Bush Road, London W6 7LU"
Enfield Lawn Tennis Club,"The Ridgeway, Enfield EN2 8NA"
Adam & Eve,The Ridgeway NW7 1RL
The Rifleman,"The Rifleman 7 Fourth Cross Road, Twickenham, Richmond Upon Thames TW2 5EL"
The Ring,"The Ring, 72, Blackfriars Road, London SE1 8HA"
Rising Sun,"The Rising Sun, 120 Loampit Vale, London SE13 7SN"
The Rising Sun,"The Rising Sun 277 Richmond Road, Twickenham, Richmond Upon Thames TW1 2NP"
The Rising Sun,"The Rising Sun, 407 London Road, Isleworth TW7 5AQ"
The Rising Se1,"The Rising Sun, 98, Harper Road, London SE1 6AQ"
Rising Sun,"The Rising Sun Public House, 108 - 110 Oaks Road, Stanwell, Staines-upon-thames TW19 7LB"
The Rising Sun Inn,"The Rising Sun, Valley Road, Fawkham, Kent DA3 8NL"
Tower Bridge Arms,"The River Rat And Brasserie, 206-208, Tower Bridge Road, London SE1 2UP"
David Lloyd Northwood,"The Riverside Club, 18 Ducks Hill Road, Northwood HA6 2DR"
The Robin,"The Robin, 29 Crouch Hill, London, N4 4ap N4 4AP"
The Robin Hood,"The Robin Hood, 142 Thorpe Lea Road, Egham TW20 8HA"
Robin Hood,"The Robin Hood, 52 West Street, Sutton SM1 1SH"
The Rocket,"The Rocket, 11 - 13 Churchfield Road, Acton W3 6BD"
The Roebuck,"The Roebuck, 122 Chiswick High Road, Chiswick W4 1PU"
Prince Of Wales,"The Rooks Nest, 73 Dalling Road, London W6 0JD"
The Rose,"The Rose, 123, Snowsfields, London SE1 3ST"
Rose And Crown,"The Rose And Crown 199 Stoke Newington Church Street, Hackney, London N16 9ES"
Rose & Crown Public House,"The Rose And Crown Public House 53 Hoe Street, Walthamstow, London E17 4SA"
Tenpin Megabowl,"The Rotunda Centre, Clarence Street, Kingston Upon Thames KT1 1QJ"
The Roundabout Old Street,"The Roundabout Old Street, Public House Classic House, 174-180 Old Street, London EC1V 9BP"
The Roundhouse Public House,"The Roundhouse Public House 2 North Side Wandsworth Common, London, Wandsworth SW18 2SS"
Royal Albert,"The Royal Albert Public House, 42 Westow Hill, Upper Norwood, London SE19 1RX"
Royal Albion Public House,"The Royal Albion, 58 Hibernia Road, Hounslow TW3 3RP"
Harvester Royal,"The Royal, Boston Road, Hanwell W7 2AX"
Royal British Legion Club,"The Royal British Legion, 41a The Parade, Staines Road West, Sunbury On Thames TW16 7AB"
Royal British Legion Club,"The Royal British Legion 65 - 67 Hall Lane, Chingford, London E4 8HW"
Cobham Ex Servicemen's Club,"The Royal British Legion, Hollyhedge Road, Cobham, Surrey KT11 3DG"
The Royal British Legion,"The Royal British Legion, Uxbridge Road, Uxbridge UB10 0LQ"
Backstage Bar,"The Royal Central School Of Speech And Drama Embassy Theatre, 62-64 Eton Avenue, London NW3 3HY"
Royal Inn On The Park,"The Royal Inn On The Park 111 Lauriston Road, Hackney, London E9 7HJ"
Royal Oak,"The Royal Oak, 12-16 High Street, Bookham KT23 4AG"
Royal Oak,"The Royal Oak, 128 Worton Road, Isleworth TW7 6EP"
The Royal Oak,"The Royal Oak 13 Richmond Road, Twickenham, Richmond Upon Thames TW1 3AB"
Royal Oak,"The Royal Oak, 78 Fitzalan Street, London SE11 6QU"
The Royal Oak,"The Royal Oak Public House 219 Kings Head Hill, Chingford, London E4 7PP"
The Royal Oak,"The Royal Oak Public House 320 Hale End Road, Woodford Green, London IG8 9LN"
The Royal Standard,"The Royal Standard 1 Ballantine Street, London, Wandsworth SW18 1AL"
The Royal Standard,"The Royal Standard Public House, 1 Sheldon Street, Croydon CR0 1SS"
The Royal Surrey Pub,"The Royal Surrey 1 - 9 Abbotsbury Road, Morden, Merton SM4 5LH"
Yucatan Bar,"The Rumours 121 Stoke Newington Road, Hackney, London N16 8BT"
The Running Horse,"The Running Horse (ph), 38 Bridge Street, Leatherhead KT22 8BZ"
The Running Horse,"The Running Horse (ph), Bridge Street, Leatherhead KT22 8BZ"
The Rushmere,"The Rushmere 89 Ridgway, Wimbledon, Merton SW19 4SU"
Elephant And Barrel,"The Rylston, 197 Lillie Road, London SW6 7LW"
The Salvation Army (deptford),"The Salvation Army, Mary Ann Gardens, London SE8 3DP"
Fulham Arms,"The Sands End, 135 - 137 Stephendale Road, London SW6 2PR"
The Scolt Head,"The Scolt Head 107a Culford Road, Hackney, London N1 4HT"
The Scotsman Pub & Restaurant,"The Scotsman, 96 Scotts Road, Southall UB2 5DE"
The Scottish Stores,"The Scottish Stores, 6 Caledonian Road, London, N1 9dt N1 9DT"
The Shaftesbury Arms,"The Shaftesbury Arms 121 - 123 Kew Road, Richmond, Richmond Upon Thames TW9 2PN"
The Shakespeare,"The Shakespeare 57 Allen Road, Hackney, London N16 8RY"
The Shakespeare,"The Shakespeare Public House, 2 Goswell Road, London EC1M 7AA"
The Shakespeare,"The Shakespeare Public House, 460 Bethnal Green Road, London E2 0EA"
The Shakespeare's Head Public House,"The Shakespeare's Head Public House, 1 Arlington Way, London, Ec1r 1xa EC1R 1XA"
Shanakee,"The Shanakee, 9 - 10 Central Buildings, The Broadway, Ealing W5 2NT"
The Ship,"The Ship 205 Plumstead Common Road, Plumstead, Greenwich SE18 2UJ"
The Ship,"The Ship, 290 Westferry Road, London E14 3AG"
The Ship,"The Ship 41 Jews Row, London, Wandsworth SW18 1TB"
The Ship Inn,"The Ship, 470 London Road, West Thurrock, Essex RM20 4AR"
The Ship,"The Ship Public House, 3 Hart Street, London EC3R 7NB"
The Ship Inn,"The Ship, Red Street, Southfleet, Kent DA13 9NS"
The Ship,"The Ship Thames Bank, Mortlake, Richmond Upon Thames SW14 7QR"
Powerstation Youth Centre,"The Shoreline Area Centre 121 Mortlake High Street, Mortlake, Richmond Upon Thames SW14 8SW"
The Sipping Room,"The Sipping Room, 16 Hertsmere Road, London E14 4EF"
Six Bells,"The Six Bells, 148 High Street, Brentford TW8 8EW"
The Slaughtered Lamb,"The Slaughtered Lamb, Ground Floor, 34-35 Great Sutton Street, London EC1V 0DX"
The Redback,"The Slug, 490 - 492 Fulham Road, London SW6 5NH"
Slug & Lettuce,"The Slug And Lettuce, Chicheley Street, London SE1 7PY"
Slug & Lettuce,"The Slug And Lettuce, Units 3 And 4, Thames Edge Court, Clarence Street TW18 4BU"
The Slug & Lettuce,"The Slug And Lettuce Water Lane, Richmond, Richmond Upon Thames TW9 1TJ"
The Snooty Fox,"The Snooty Fox, 75 Grosvenor Avenue, London, N5 2nn N5 2NN"
The Sovereign Of The Seas,"The Sovereign Of The Seas 109 - 111 Queensway, Petts Wood, Orpington BR5 1DG"
The Spaniards Inn,The Spaniards Inn Spaniards Road London NW3 7JJ
The Cardammon Club,"The Spanish Arch Public House, 28 Belmont Circle HA3 8RF"
The Spencer Club,"The Spencer Lawn Tennis Club Fieldview, London, Wandsworth SW18 3HF"
The Spread Eagle,"The Spreadeagle Public House, 39-41 Katharine Street, Croydon CR0 1NX"
Coyote Ugly Saloon Ltd,"The Stables Market, Chalk Farm Road, London NW1 8AH"
Tombraider The Live Experience,"The Stables Market Lower And Upper Basement Atrium, Chalk Farm Road, London NW1 8AH"
The Stag Public House,"The Stag, 177 Acton Lane, Chiswick W4 5DA"
Aspen & Meursault,"The Stag Bar 96 Westbridge Road, London, Wandsworth SW11 3PH"
The Stags Head,"The Stags Head 55 Orsman Road, Hackney, London N1 5RA"
The Star Wallington,"The Star, 89 Manor Road, Wallington SM6 0DE"
The Star Of Bethnal Green,"The Star Of Bethnal Green, 359 Bethnal Green Road, London E2 6LG"
The Star Of Kings,"The Star Of Kings, Ground Floor And Basement, 126 York Way, London N1 0AX"
The Star,"The Star Public House, South Hill Avenue HA2 0NQ"
The Starting Gate,"The Starting Gate Public House, Station Road, Wood Green, London N22 7SS"
The Station,The Station2 Station Roadwest Byfleetsurrey KT14 6DR
The Sultan Public House,"The Sultan 78 Norman Road, Colliers Wood, Merton SW19 1BN"
The Sultan,"The Sultan Ph, Sewardstone Road, Waltham Abbey, Essex EN9 1PD"
The Sultan,"The Sultan Public House, 37-39 New Park Road, London SW2 4DU"
The Hanworth,"The Sun, 148 Hanworth Road, Hounslow TW3 1UG"
The Sun Inn,"The Sun Inn 17 Parkshot, Richmond, Richmond Upon Thames TW9 2RG"
The Sun Inn,"The Sun Inn Public House, 21 Sun Street, Waltham Abbey, Essex EN9 1ER"
The Surprise,"The Surprise Inn, 107 Upper Shirley Road, Croydon CR0 5HF"
The Surprise,"The Surprise Public House, 16 Southville, London SW8 2PP"
The Sussex Arms,"The Sussex Arms 15 Staines Road, Twickenham, Richmond Upon Thames TW2 5BG"
Swallow Inn,"The Swallow Ph, Long Lane, Hillingdon UB10 9NR"
The Swan,"The Swan, 119 Acton Lane, Chiswick W4 5HH"
The Swan Inn,"The Swan, 2 Hare Lane, Claygate, Esher KT10 9BS"
The Swan,"The Swan 2 High Street, West Wickham BR4 0NJ"
The Swan,"The Swan 22 High Street, Hampton Wick, Richmond Upon Thames KT1 4DB"
The Swan Public House,"The Swan Inn, 16 - 18 High Street, Stanwell, Staines-upon-thames TW19 7JS"
Swan Tavern,"The Swan Public House, 12 Ship Tavern Passage, London EC3V 1LY"
The Swimmer At The Grafton Arms Ph,"The Swimmer At The Grafton Arms Ph, 13 Eburne Road, London, N7 6ar N7 6AR"
Sydney Arms,"The Sydney Arms Old Perry Street, Chislehurst BR7 6PL"
The Tabard,"The Tabard, 2 Bath Road, Chiswick W4 1LW"
The Talbot,"The Talbot 109 Mortimer Road, Hackney, London N1 4JY"
Tamesis Club,"The Tamesis Club Trowlock Way, Teddington, Richmond Upon Thames TW11 9QY"
The Tamil Crown,"The Tamil Crown, 16 Elia Street, London, N1 8de N1 8DE"
The Tapestry,"The Tapestry 1 Lower Richmond Road, Mortlake, Richmond Upon Thames SW14 7EZ"
The London Tavern,"The Tavern 92 Rendlesham Road, Hackney, London E5 8PA"
The Teddington Arms,"The Teddington Arms 38 - 40 High Street, Teddington, London, Richmond Upon Thames TW11 8EW"
The Telegraph,"The Telegraph Public House, 11 Telegraph Street, London EC2R 7AR"
Thatched House,"The Thatched House Ph, Ripple Road, Barking IG11 9PG"
The Three Horseshoes,"The Three Horseshoes Public House, 131 High Street, Shepperton TW17 9BL"
The Three Johns,"The Three Johns, 73 White Lion Street, London, N1 9pf N1 9PF"
The Three Magpies,"The Three Magpies, Bath Road, Heathrow TW6 2AU"
Three Tuns,"The Three Tuns Public House, 36 Jewry Street, London EC3N 2ET"
Jamaicadeli | Three Tuns Public House,"The Three Tuns Public House, 63 London Road, Staines-upon-thames TW18 4BN"
The Three Wishes,The Three Wishes 122 High Street Edgware HA8 7EL
Thai Nawa | The Tichenham Inn,"The Tichenham Inn, 11 Swakeleys Road, Ickenham UB10 8DF"
Toby Carvery,"The Toby Carvery, Oxford Road, Denham, Buckinghamshire UB9 4LJ"
Tommy Tucker,"The Tommy Tucker, 22 Waterford Road, London SW6 2DR"
The Royal Oak And Parkseas Restaurant,"The Top Oak Public House Oak Hill Road, Romford, Stapleford Abbotts, Essex RM4 1JL"
Travellers Rest Ph,"The Travellers Rest, Kenton Road HA3 8AT"
Trinity Arms,"The Trinity Arms, 45 Trinity Gardens, London SW9 8DR"
The Tudor Rose,"The Tudor Rose Public House, 270 Coulsdon Road, Coulsdon CR5 1EB"
The Turk's Head,"The Turks Head 28 Winchester Road, Twickenham, Richmond Upon Thames TW1 1LF"
Turks Head,"The Turks Head Public House, The Broadway, Laleham, Staines-upon-thames TW18 1SB"
Two Brewers,"The Two Brewers, 114 Clapham High Street, London SW4 7UJ"
The Two Brewers P.h.,"The Two Brewers, 221 Gloucester Road, Croydon CR0 2DW"
The Venue,"The Union Of Brunel Students, Hamilton Centre Brunel University UB8 3PH"
The Cherry Tree,"The Vale, 31-33, Grove Vale, London SE22 8EQ"
The Duke Of Greenwich | The Vanbrugh,"The Vanbrugh Tavern 91 Colomb Street, Greenwich SE10 9EZ"
The Viaduct Pub,"The Viaduct Inn, 221 Uxbridge Road, Hanwell W7 3TD"
The Victoria,"The Victoria 10 West Temple Sheen, East Sheen, Richmond Upon Thames SW14 7RT"
The Victoria,"The Victoria, 110 Grove Road, London E3 5TH"
Dough Dudes,"The Victoria, 177 Grove Street, London SE8 3QQ"
The Victoria,"The Victoria 451 Queensbridge Road, Hackney, London E8 3AS"
The Victoria Tavern,"The Victoria, 56 Worple Road, Isleworth TW7 7HU"
Coulsdon Victoria Social Club,"The Victoria Club, 11 Victoria Road, Coulsdon CR5 2NN"
The Victoria Oxshott,"The Victoria High Street, Oxshott, Leatherhead, Surrey KT22 0JR"
The Victoria,"The Victoria Public House 166 Queenstown Road, London, Wandsworth SW8 3QH"
The Victory,"The Victory Public House, 27 Vyner Street, London E2 9DQ"
The Village Inn,"The Village Inn, 66 Boston Road, Hanwell W7 2ET"
The Village Public House,"The Village Public House 31 Orford Road, Walthamstow, London E17 9NL"
The Vine Public House,"The Vine, 207a High Street, Waltham Cross, Hertfordshire EN8 7AY"
The Vine Inn,"The Vine Inn, 121 Hillingdon Hill, Uxbridge UB10 0JQ"
The Vineyard,"The Vineyard, 179 Upper Street, London, N1 1rg N1 1RG"
The Volunteer Pub,"The Volunteer Public House, 46 Church Road, Bexleyheath, Kent DA7 4DQ"
Waggon & Horses,"The Waggon And Horses, 1 Surbiton Hill Road, Surbiton KT6 4TW"
Candlemaker,"The Walbrook Building, 25 Walbrook, London EC4N 8AF"
Potters Bar Cricket Club,"The Walk, Potters Bar, Hertfordshire EN6 1QE"
The Walnut Tree,"The Walnut Tree 857 - 861 High Road Leytonstone, Leytonstone, London E11 1HH"
The Walrus & The Carpenter Ph,"The Walrus & The Carpenter Public House, 45 Monument Street, London EC3R 8BU"
The Walrus,"The Walrus Social, 172 Westminster Bridge Road, London SE1 7RW"
The Wandle Of Earlsfield,"The Wandle 332 Garratt Lane, London, Wandsworth SW18 4EJ"
Metropolitan Police Sports And Social Club,"The Warren Croydon Road, Bromley BR2 7AL"
The Watermans Arms,"The Watermans Arms, 1 Ferry Lane, Brentford TW8 0AW"
Watermans Arms,"The Watermans Arms, 1 Glenaffric Avenue, London E14 3BW"
The Weavers Arms Public House,"The Weavers Arms Public House, 98 Newington Green Road, London, N1 4rg N1 4RG"
The Weir Bar & Dining Room,"The Weir, 24 Market Place, Brentford TW8 8EQ"
The Wellington Hotel,"The Wellington, 81 - 83 Waterloo Road, London SE1 8UD"
The Wenlock Arms,"The Wenlock Arms 26 Wenlock Road, Hackney, London N1 7TA"
True Craft,"The West Green Tavern, 68 West Green Road, Tottenham, London N15 5NR"
Rozee Bar Group - The Wharf,"The Wharf, Wharf Road South, Grays, Essex RM17 6SZ"
The Wheatsheaf,"The Wheatsheaf 135 High Street, West Wickham BR4 0LU"
Wheatsheaf,"The Wheatsheaf 2 Upper Tooting Road, London, Wandsworth SW17 7PG"
Wheatsheaf,"The Wheatsheaf, 25 Rathbone Place, London W1T 1JB"
The Wheatsheaf | The Wheatsheaf Ealing,"The Wheatsheaf, 41 Haven Lane, Ealing W5 2HZ"
The Wheatsheaf,"The Wheatsheaf Ph And Accomodation The, 271-273 High Street, Waltham Cross, Hertfordshire EN8 7BG"
Wheelwrights Arms,"The Wheelwrights Arms, 60 Clarence Street, Kingston Upon Thames KT1 1NP"
The White Bear,"The White Bear, 57 St John Street, London, Ec1m 4an EC1M 4AN"
The White Bear,"The White Bear Public House The White Bear, 95 High Road, Broxbourne, Hertfordshire EN10 7BN"
White Hart,"The White Hart, 158 High Street, Harlington UB3 5DP"
The White Hart,"The White Hart Public House, Hazelwood Lane, Chipstead, Surrey CR5 3QW"
The White Horse,"The White Horse 14 - 16 Worple Way, Richmond, Richmond Upon Thames TW10 6DF"
White Horse,"The White Horse 205 - 213 High Street, Beckenham BR3 1AH"
White Horse,"The White Horse 64 Palace Road, Bromley BR1 3JX"
The White Horse,"The White Horse Public House, 94 Brixton Hill, London SW2 1QN"
The White Lion,"The White Lion, 125-127 Stroud Green Road, London, N4 3px N4 3PX"
Lisa's Kitchen,"The White Lion, 232 - 234 Streatham High Road, London, London SW16 1BB"
White Lion,"The White Lion, 232 - 234 Streatham High Road, London SW16 1BB"
The White Swan,"The White Swan 25 Old Palace Lane, Richmond, Richmond Upon Thames TW9 1PG"
Bogdan Catering,"The White Swan, 95 High Street, Hoddesdon, Hertfordshire EN11 8TN"
The White Swan Public House,"The White Swan Public House, 255-256 Upper Street, London, N1 1ru N1 1RU"
The Whitecross Tap,"The Whitecross Tap, 142-146 Whitecross Street, London, Ec1y 8qj EC1Y 8QJ"
The Who'd A Thought It Public House,"The Whoda Thought It 7 Timbercroft Lane, Plumstead, Greenwich SE18 2SB"
The William Morris,"The William Morris 20 Watermill Way, Colliers Wood, Merton SW19 2RD"
The Captain Cook,"The Wilton Arms, 203 - 205 Dawes Road, London SW6 7QY"
The Wimbledon Club,"The Wimbledon Club Church Road, Wimbledon, Merton SW19 5AG"
The Windmill,"The Windmill, 50 High Street, Acton W3 6LG"
The Windmill Public House,"The Windmill On The Common, Windmill Drive, London SW4 9DE"
The Windmill Public House,"The Windmill Public House, 27 Tabernacle Street, London, Ec2a 4de EC2A 4DE"
Windsor Castle,"The Windsor Castle 135 Lower Clapton Road, Hackney, London E5 8EQ"
The Windsor,"The Windsor Public House, 2 New London Street, London EC3R 7NA"
The Winning Post,"The Winning Post Chertsey Road, Twickenham, Richmond Upon Thames TW2 6LS"
Greenford Arms,"The Wishing Well, 10 The Broadway, Greenford UB6 9PR"
The Wishing Well - Wet Pub Only,"The Wishing Well Ph, 1256 Uxbridge Road, Hayes UB4 8JF"
Woldingham Golf Club,"The Woldingham Golf Club Halliloo Valley Road, Woldingham, Surrey CR3 7HA"
Lavish Lounge,"The Wolf Inn, Norwood Road, Southall UB2 4JS"
The Wolfs Tavern,"The Wolf's Tavern, 195 Evelyn Street, London SE8 5RE"
Woodbine,"The Woodbine Ph, Honey Lane, Waltham Abbey, Essex EN9 3QT"
The Woodlands Tavern,"The Woodlands Tavern, 29 St Johns Road, Isleworth TW7 6NY"
The Woodman,"The Woodman (ph), 238 Barnett Wood Lane, Ashtead KT21 2DA"
The Woodman,"The Woodman 50 High Street, Farnborough, Orpington BR6 7BA"
The Woodman,"The Woodman 60 Battersea High Street, London, Wandsworth SW11 3HX"
Woodman,"The Woodman Inn, Breakspear Road, Ruislip HA4 7SE"
The Woodman Pinner,"The Woodman Public House, Joel Street, Northwood HA5 2PR"
Inhibitions Night Club | Woolpack,"The Woolpack Ph, Dawley Road, Hayes UB3 1EJ"
The Wych Elm Pub,"The Wych Elm, 93 Elm Road, Kingston Upon Thames KT2 6HT"
The Yacht,"The Yacht Public House, Long Lane, Bexleyheath, Kent DA7 5AE"
The Yacht,"The Yacht Tavern 5 Crane Street, Greenwich SE10 9NP"
Cheshunt Football Club,"Theobalds Lane, Cheshunt, Hertfordshire EN8 8RU"
Lane 7,"Third Floor Zig Zag Building 70 Victoria Street, London SW1E 6SQ"
Thistleworth Tennis Club,"Thisleworth Tennis And Social Club, 129 Ridgeway Road North, Isleworth TW7 5LX"
View Point Community Centre,"Thong Lane, Gravesend, Kent DA12 4LF"
Thornhill Arms Public House,"Thornhill Arms Public House, 148 Caledonian Road, London, N1 9rd N1 9RD"
The Three Colts,"Three Colts Public House, 54 Princes Road, Buckhurst Hill, Essex IG9 5EE"
Three Compasses / Bouchon Racine,"Three Compasses / Bouchon Racine, 66 Cowcross Street, London, Ec1m 6bp EC1M 6BP"
The Three Fishes,"Three Fishes Public House, 35 Green Street, Sunbury On Thames TW16 6RE"
Three Hammers Public House,Three Hammers Hammers Lane London NW7 4EA
Three Horseshoes Whetstone,Three Horseshoes 1166 High Road London N20 0RA
The Three Horseshoes,"Three Horseshoes Public House, 25 Shepperton Road, Laleham, Staines-upon-thames TW18 1SE"
The Three Kings,"Three Kings 42 Heath Road, Twickenham, Richmond Upon Thames TW1 4BZ"
Three Kings Public House,"Three Kings Public House, 7 Clerkenwell Close, London, Ec1r 0dy EC1R 0DY"
The Three Lords,"Three Lords Public House, 27 Minories, London EC3N 1DE"
The Three Travellers,"Three Travellers, Wood Lane, Dagenham RM10 7DS"
Three Tuns,"Three Tuns Ph, 24 High Street, Uxbridge UB8 1JN"
Thurrock Irish Association Social Club,"Thurrock Irish Association, 150 - 152 Dock Road, Tilbury, Essex RM18 7BS"
The Tide End Cottage,"Tide End Cottage 8 Ferry Road, Teddington, Richmond Upon Thames TW11 9NN"
Tigers Head,"Tigers Head Watts Lane, Chislehurst BR7 5PJ"
Tir Chonaill Gaels @ The Pavilion,"Tir Chonaill Gaels Rugby Club Horsenden Hill West, Berkeley Avenue, Greenford UB6 0NX"
Tithe Farm Sports And Social Club,"Tithe Farm Social Club, Rayners Lane HA2 0XH"
Red Lion,Toby Carvery 31 High Street Barnet EN5 5UW
Carlsberg Bar,"Tokia Square Unit 9, 14 - 26 High Street, Croydon CR0 1GT"
Tollington Public House,"Tollington Public House, 115 Hornsey Road, London, N7 6dn N7 6DN"
Tom Dick And Harry's,"Tom Dick And Harry's, 153 High Road, Loughton, Essex IG10 4LF"
Tooke Arms,"Tooke Arms Public House, 165 Westferry Road, London E14 8NH"
Tooting Hub,"Tooting Hub St Peters Church Hall 7a Beechcroft Road, London, Wandsworth SW17 7BU"
Totteridge Millhillians Cricket Club,Totteridge Cricket Club Totteridge Green London N20 8PB
Totteridge Tennis Club,Totteridge Tennis Club Great Bushey Drive London N20 8QL
Broadwood Sports Pub And Kitchen,"Tower 42, International Financial Centre, 25 Old Broad Street, London EC2N 1HQ"
Yeoman Warder Club,"Tower Of London, Tower Hill, London EC3N 4AE"
Town Of Ramsgate,"Town Of Ramsgate, 62 Wapping High Street, London E1W 2PN"
The Weir Hotel,"Towpath, Waterside Drive, Walton-on-thames KT12 2JB"
The Trafalgar Rowing Centre,"Trafalgar Rowing Centre 11 - 13 Crane Street, Greenwich SE10 9NP"
Trafalgar Tavern,"Trafalgar Tavern Park Row, Greenwich SE10 9NW"
Trailfinders Sports Club East Stand Bar,"Trailfinders Sports Club, Vallis Way, West Ealing W13 0DD"
The Traitors Gate,"Traitors Gate, 40 - 42 Broadway, Grays, Essex RM17 6EW"
Travelodge,"Travelodge, 185-187 Isledon Road, London, N7 7jr N7 7JR"
The Treacle Mine,"Treacle Mine, Lodge Lane, Grays, Essex RM17 5PR"
Tufnell Park Tavern,"Tufnell Park Tavern, 162 Tufnell Park Road, London, N7 0ee N7 0EE"
Turners Old Star,"Turners Old Star Public House, 14 Watts Street, London E1W 2QG"
Twickenham Rowing Club,"Twickenham Rowing Club Eel Pie Island, Twickenham, Richmond Upon Thames TW1 3DY"
Harlequins Rfc,"Twickenham Stoop Stadium Langhorn Drive, Twickenham, Richmond Upon Thames TW2 7SX"
Twilight Contemporary,"Twilight Contemporary, Ground Floor, 378-380 Essex Road, London N1 3PF"
Two Brewers,"Two Brewers, 109-110 Roman Way, London, N7 8ur N7 8UR"
Two Brewers Public House,"Two Brewers Public House, 121 Whitecross Street, London, Ec1y 8jh EC1Y 8JH"
Two Doves Limited,"Two Doves 37 Oakley Road, Bromley BR2 8HD"
Two More Beers,"Two More Beers, 59 Upper Street, London, N1 0ny N1 0NY"
Two Tribes Campfire,"Two Tribes Campfire, Unit 13 Tileyard Studios, Tileyard Road, London N7 9AH"
The Twynersh,"Twynersh House, Thorpe Road, Chertsey KT16 9EJ"
Tyrells Hall Social Club,"Tyrrells Hall Club, 67 Dock Road, Grays, Essex RM17 6EY"
Sapori Dolci Ltd,"Uncle Sams Bar 438 Kingsland Road, Hackney, London E8 4AA"
The Union Jack Nolia Gallary,"Union Jack, 225, Union Street, London SE1 0LR"
Union Tavern Public House,"Union Tavern Public House, 52 Lloyd Baker Street, London, Wc1x 9aa WC1X 9AA"
Big Penny Social,"Unit 1 Forest Trading Estate Priestley Way, Walthamstow, London E17 6AL"
Howlin Entertainment Ltd,"Unit 1, Knight Properties, Brewery Road, Hoddesdon EN11 8HF"
Mother Kellys Blendary And Taproom,"Unit 1 Rosa Luxemburg Apartments, 16 Ashley Road, Tottenham, London N17 9ST"
The Wine Cellar,"Unit 1 Sonny Heights West, 1 Swain's Lane Highgate, London N6 6QX"
The Victory Pub \& Kitchen,"Unit 1 The Balcony, Waterloo Station, London SE1 7LY"
Calamity Tank,"Unit 1 The Hitchcock Business Centre Station Approach High Road Leytonstone, Leytonstone, London E11 4RE"
The Cornerstone,"Unit 1 The Rotunda Centre, Clarence Street, Kingston Upon Thames KT1 1QJ"
Brewdog Paddington,"Unit 1 West End Quay South Wharf Road, London W2 1JX"
Brilliant Gastro,"Unit 10, 1 Seva Drive, Southall UB1 1GH"
The Bull,"Unit 1033, Westfield London Shopping Centre, Ariel Way, London W12 7GA"
The Lost Estate,"Unit 12 Copeland Park, 133, Copeland Road, London SE15 3SN"
Signature Brew Ltd,"Unit 15 Uplands Business Park Blackhorse Lane, Walthamstow, London E17 5QJ"
The Craft Beer Co,"Unit 17-18, Broadway Shopping Centre, Hammersmith Broadway, London W6 9YD"
The Recshop Cic,"Unit 17a, Wood Green Shopping City, High Road, Wood Green N22 6YD"
Mother's Ruin,"Unit 18 Ravenswood Industrial Estate Shernhall Street, Walthamstow, London E17 9HQ"
The Ship,"Unit 2 Building 2 At Greenwich Pier Cutty Sark Gardens, Greenwich SE10 9HT"
Gravesend Pool Lounge,"Unit 2, Ellandaye House, The Shore, Northfleet DA11 9AL"
Waterside,"Unit 2, Riverside Tower, The Boulevard, London SW6 2SU"
The Foundry Bar,"Unit 2, Woodward Buildings, 1 Victoria Road, Acton W3 6FA"
The Barrel Vault,"Unit 23 St Pancras International Station, Pancras Road, London NW1 2QL"
Fourpure Brewing Co,"Unit 25 Bermondsey Trading Estate, Rotherhithe New Road, London SE16 3LL"
The Horniman At Hays,"Unit 26 Hays Galleria, Counter Street, London SE1 2HD"
Redwood Sports Pub & Kitchen,"Unit 272 London Bridge Station, London Bridge Street, London SE1 9GP"
The Bar,"Unit 29, 87 Ealing Road, Wembley HA0 4BD"
Eko Brewery Limited,"Unit 2a 2 Copeland Park, 133, Copeland Road, London SE15 3SN"
The Tapas Room Ltd,"Unit 3-5 29 Broadway Market Tooting High Street, London, Wandsworth SW17 0RJ"
Moon On The Square,"Unit 30 The Centre, High Street, Feltham TW13 4AU"
The Station Pantry,"Unit 31 St Pancras International Station, Pancras Road NW1 2QP"
Jumbi,"Unit 4 1, 133, Copeland Road, London SE15 3SN"
Gutterball,"Unit 4a, Ealing Broadway Centre, The Broadway, Ealing W5 5DB"
Bar Loko Bryan,"Unit 5, 149 New Cross Road, London SE14 5DJ"
Body Works Gym,"Unit 5 Fountayne House, 2-8 Fountayne Road, Tottenham, London N15 4QL"
Jura Lounge,"Unit 5 Trafalgar Trading Estate, 82 Jeffreys Road, Enfield EN3 7TY"
London Cider House,"Unit 50 Jubilee Place Borough Market, 8, Southwark Street, London SE1 9AG"
The Sir Alexander Fleming,"Unit 53 5 Merchant Square, Hyde Park, London W2 1AS"
The Signal Box Ph,"Unit 53 Euston Railway Station, Eversholt Street, London NW1 2HS"
Betjeman Arms,"Unit 53 St Pancras International Station, Euston Road, London N1C 4QL"
The Warehouse Gym,Unit 6 And 7byfleet Technical Centrecanada Roadbyfleetwest Byfleetsurrey KT14 7JX
Iron Pier Brewery & Tap Room,"Unit 6-7, May Avenue, Northfleet, Gravesend DA11 8RU"
"Davys, 1 Plantation Place","Unit 8 Plantation Place, 20 Mincing Lane, London EC3M 3BD"
Ethika,"Unit A, 40-42, Newington Causeway, London SE1 6DR"
The Waterfront,"Unit C Public House Baltimore House Juniper Drive, London, Wandsworth SW18 1TS"
Lea Valley Gin Distillery,"Unit D, 195 Eade Road, Tottenham, London N4 1DN"
Exchange At The Collective,"Unit D, Nash House, Old Oak Lane, Park Royal NW10 6FF"
Nine Elms Tavern,"Unit D3 The Nine Elms Tavern 3 Riverlight Quay, London, Wandsworth SW11 8AY"
The Blend Gin & Tequila Bar,"Unit E5 Broadway Market Tooting High Street, London, Wandsworth SW17 0RJ"
Little Moons,"Unit K1208, Westfield London Shopping Centre, Ariel Way, London W12 7HT"
United Services (chingford) Club Ltd,"United Services Club 18 Kings Road, Chingford, London E4 7EY"
Lucky Voice,"Units G21 And G22 The Sidings Waterloo Station, London SE1 7BH"
The Gower Club,University College School Sports Ground Ranulf Road London NW2 2BS
George Birkbeck Bar,"University Of London Birkbeck College, Malet Street WC1E 7HX"
The Library Bar,"University Of London Union, Malet Street, London WC1E 7HY"
Student Union (bars (x2) & Shop),"University Of Westminster, Watford Road, Harrow HA1 3TP"
Uplands Social Club,"Uplands Social Club, 2 Green Walk, Woodford Green IG8 8EF"
The Saxon Horn,"Upminster Road North, Rainham RM13 9RY"
Uxbridge Sports Club,"Uxbridge Cricket Club, Park Road, Uxbridge UB8 1NR"
Uxbridge Football Club Bar,"Uxbridge Football Club, Horton Road, Yiewsley UB7 8HX"
Hole 19 Ltd,"Uxbridge Golf Course, The Drive, Ickenham UB10 8AQ"
The Moon Under Water,Varley Parade The Hyde London NW9 6RR
Vaulty Towers Public House,"Vaulty Towers, 34 Lower Marsh, London SE1 7RG"
Venue 5,"Venue 5, 446 Field End Road, Ruislip HA4 9PB"
The Victoria,"Victoria, 68-70, Pages Walk, London SE1 4HL"
The Victoria,"Victoria, Axe Street, Barking IG11 7LZ"
The Victoria Inn,"Victoria Inn, 77, Choumert Road, London SE15 4AR"
Mossbourne Victoria Park Academy,"Victoria Park Road, Hackney, London E9 7HD"
Village Inn,"Village Inn, 402-408 Rayners Lane HA5 5DY"
The Swan Inn,"Village Road, Denham, Buckinghamshire UB9 5BH"
Vinoteca,"Vinoteca, Ground Floor, 7-9 St John Street, London EC1M 4AA"
Nuffield Health (formally Virgin Active Health Club),"Virgin Active Health Club Sidcup By Pass Road, Chislehurst BR7 6RP"
W. B. Yeats,"W. B. Yeats, Ground Floor, 20 Fonthill Road, London N4 3HU"
Sixes Cricket Club,"Wahleeah Public House, 18 Farm Lane, London SW6 1PP"
Harwood Arms,"Walham Grove, London SW6 1QP"
Rose And Crown,"Wallington Corner, Wallington SM6 7HX"
Waltham Holy Cross Conservative Club Ltd,"Waltham Holy Cross Conservative Club, 35 Honey Lane, Waltham Abbey, Essex EN9 3AS"
Walton-on-thames Bowling Club,"Walton Bowling Club Elm Grove, 1 Hersham Road, Walton-on-thames, Surrey KT12 1LH"
Elmbridge Canoe Club,"Walton Lane, Weybridge, Surrey KT13 8LT"
Walton Tennis Club,"Walton-on-thames Lawn Tennis Club, Tennis Close, Walton-on-thames, Surrey KT12 1FN"
Wanstead Rugby Club,"Wanstead Rugby Club, Roding Lane North, Woodford Green IG8 8JY"
Warbank Social Club,"Warbank Crescent, Croydon CR0 0AY"
Wards Free House,"Wards Public House, 38-40 Lowlands Road HA1 3AT"
Warlingham Rugby Football Club Bar,"Warlingham Rugby Football Ground Limpsfield Road, Warlingham CR6 9RB"
Warlingham Sports Club,"Warlingham Sports Club Church Lane, Warlingham CR6 9PR"
Southfleet Village Club,"Warren Road, Southfleet, Kent DA13 9NN"
Krz Evolutions,"Warren Wood Public House, Epping New Road, Buckhurst Hill, Essex IG9 5UA"
The Bolter,"Warwick House, 65-66 Queen Street, London EC4R 1EB"
King George Sailing Club,"Water Land King George Reservoir, Lea Valley Road, Enfield E4 7PX"
The Kingswood Arms,"Waterhouse Lane, Kingswood, Surrey KT20 6EB"
"Edf Energy London Eye, Silver Bonito","Waterloo Pier, The Queen's Walk, London SE1 7PB"
The Watermans Arms,"Watermans Arms, 1 Queens Road, Hersham, Walton-on-thames KT12 5LT"
Waverley Arms,"Waverley Arms, 202, Ivydale Road, London SE15 3BU"
Well And Bucket,"Well And Bucket Public House, 143 Bethnal Green Road, London E2 7DG"
St Benedicts Mens Club,"Welsby Court, Eaton Rise, Ealing W5 2EY"
Welsh Harp,"Welsh Harp Public House, Market Square, Waltham Abbey, Essex EN9 1DL"
Wentworth Arms,"Wentworth Arms, 127 Eric Street, London E3 4SR"
The Methodist Church,"Wesley Cafe Loughton Methodist Church, 260 High Road, Loughton, Essex IG10 1RB"
Central Bar,"West 12, The Broadway, Shepherd's Bush Green, London W12 8PP"
West Byfleet Bowling Club,West Byfleet Bowls Clubcamphill Roadwest Byfleetsurrey KT14 6EF
West Byfleet Golf Club,West Byfleet Golf Clubsheerwater Roadwest Byfleetsurrey KT14 6AA
West Byfleet Social Club,West Byfleet Social Club41 Station Approachwest Byfleetsurrey KT14 6NE
West Ealing Bowls And Social Club,"West Ealing Bowls Club, Mervyn Road, West Ealing W13 9UW"
West Essex Golf Club Ltd,"West Essex Golf Club Bury Road, London, Waltham Abbey, Essex E4 7QL"
The Ealing Oak Pub,"West Five Ph, Popes Lane, Ealing W5 4NB"
West Kent Golf Club - Bar,"West Kent Golf Club Milking Lane, Downe, Orpington BR6 7LD"
Euston Tap,"West Lodge, 190 Euston Road NW1 2EF"
West Middlesex Golf Club (bar Only),"West Middlesex Golf Club, Greenford Road, Southall UB1 3EE"
West Middlesex Lawn Tennis Club,"West Middlesex Lawn Tennis Club, 6 Berners Drive, West Ealing W13 0JS"
West Wickham Cricket & Football Club,"West Wickham Cricket And Football Club Corkscrew Hill, West Wickham BR4 9BB"
Thames Ditton Lawn Tennis Club,"Weston Green Road, Thames Ditton, Surrey KT7 0HX"
Westside Lawn Tennis Club,"Westside Lawn Tennis Club 20 Woodhayes Road, Wimbledon, Merton SW19 4RG"
Rockingham Arms,"Wetherspoons Metro Central He, 119, Newington Causeway, London SE1 6DQ"
Reeds Weybridge Rfc,"Weybridge Rugby Football Club, North Avenue, Whiteley Village Hersham, Walton-on-thames KT12 4EJ"
The Wheatsheaf & Pigeon,"Wheatsheaf And Pigeon Public House, Penton Road, Staines-upon-thames TW18 2LL"
Whelan's Pub,"Whelans, 135 High Street, Uxbridge UB8 1JX"
The White Bear,"White Bear Ph, Ickenham Road, Ruislip HA4 7DF"
White Cross Inn,"White Cross Inn Public House, 146 North Cray Road, Sidcup, Kent DA14 5EL"
White Ferry House Pimlico,"White Ferry 1a Sutherland Street, London SW1V 4LD"
White Hart,"White Hart 106 High Street, Orpington BR6 0JY"
White Hart Eltham,"White Hart 2 Eltham High Street, Eltham, Greenwich SE9 1DA"
The White Hart,"White Hart 69 Stoke Newington High Street, Hackney, London N16 8EL"
The White Hart,"White Hart Inn 121 Kneller Road, Twickenham, Richmond Upon Thames TW2 7DY"
White Hart,"White Hart, New Haw Road, Addlestone KT15 2DS"
White Hart,"White Hart Public House, 1 Mile End Road, London E1 4TP"
White Hart,"White Hart Public House, 89 Whitechapel High Street, London E1 7QX"
The White Horse,"White Horse, 31 Uxbridge Road, London W12 8LH"
White Horse Inn,"White Horse Inn, 530 Bath Road, Longford UB7 0EE"
White Swan,"White Swan, 556 Commercial Road, London E14 7JD"
The White Swan,"White Swan Public House, 21-23 Alie Street, London E1 8DA"
Doll House,"White's Gentlemans Club, 32-38 Leman Street, London E1 8EW"
Whittington Stone,"Whittington Stone, 53 Highgate Hill, London, N19 5ne N19 5NE"
Wickham Theatre Centre,"Wickham Theatre Centre 62 Corkscrew Hill, West Wickham BR4 9BA"
Petts Wood Bowling Club,"Willett Recreation Ground Crossway, Petts Wood, Orpington BR5 1PE"
Tunnel 267,"William Morris House 267 The Broadway, Wimbledon, Merton SW19 1SD"
Williamsons Tavern,"Williamson's Tavern Public House, 1 Groveland Court, London EC4M 9EH"
Wilmington Arms,"Wilmington Arms, 69 Rosebery Avenue, London, Ec1r 4rl EC1R 4RL"
The Wilton Arms,"Wilton Arms 71 Kinnerton Street, London SW1X 8ED"
Wilton Lawn Tennis Club,"Wilton Lawn Tennis Club 28 Wilton Grove, Wimbledon, Merton SW19 3QX"
Wimbledon Rugby Club,"Wimbledon Rugby Club Barham Road, Wimbledon, Merton SW20 0ET"
Wimbledon Racquets & Fitness Club Ltd,"Wimbledon Squash And Badminton Club 13 Cranbrook Road, Wimbledon, Merton SW19 4HD"
The Windermere,"Windermere, Windermere Avenue, Wembley HA9 8QT"
The Windmill,"Windmill Public House, Blenheim Gardens, London SW2 5BZ"
The Windsor Castle,Windsor Castle The Walks London N2 8DL
Wine Library,"Wine Library All Hallows Parish House, 43 Trinity Square, London EC3N 4DJ"
The Winsor House P H & Travel Inn Brewster Fayre,"Winsor Public House, 1 Woolwich Manor Way, Beckton, London E6 5NT"
Cobham Bowling Club,"Winstanley Close, Cobham, Surrey KT11 2AY"
The Wishing Well (breezy Wind Ltd),"Wishing Well, Church Lane, London NW9 8JS"
The Bell,"Withybed Corner, Walton On The Hill, Surrey KT20 7UJ"
Woldingham Social Club Bar,"Woldingham Village Institute Upper Court Road, Woldingham, Surrey CR3 7BE"
Northfleet Bowling Club,"Wombwell Park, Mitchell Avenue, Northfleet, Gravesend DA11 8AU"
Harrow Cricket Club,"Wood End Road, Harrow HA1 3PP"
The Cherry Tree Ph,"Wood Lane, Dagenham RM8 3LJ"
The Pavilion,"Wood Lane, London W12 0HQ"
No.8 Seven Sisters,"Woodberry Tavern, 618 Seven Sisters Road, Tottenham, London N15 6JH"
Woodbine Public House,"Woodbine Public House, 215 Blackstock Road, London, N5 2ll N5 2LL"
The Woodcote Flying Club,"Woodcote Flying Club Ground Floor, Hillcrest House, 51 Woodcote Road, Wallington SM6 0LT"
Lokkum Of Woodford,"Woodford New Road, London E18 2QD"
Woodford Rugby Football Club,"Woodford Rugby Football Club High Road Woodford Green, London IG8 9LB"
Woodies Freehouse,"Woodies, Thetford Road, New Malden KT3 5DX"
Woodins Shades,"Woodins Shades Public House, 212 Bishopsgate, London EC2M 4PT"
Woodlands Park Bowling Club,"Woodlands Park, Dashwood Road, Northfleet, Gravesend DA11 7LZ"
Woodmansterne Sports Club,"Woodmansterne Street, Banstead, Surrey SM7 3NH"
The Woodman Public House,"Woodmansterne Street, Woodmansterne, Surrey SM7 3NL"
Netherne Community Amateur Sports Club,"Woodplace Lane, Hooley, Surrey CR5 1NB"
Woodside Park Club,Woodside Park Club Southover London N12 7JG
Surbiton Golf Club,"Woodstock Lane South, Chessington, Surrey KT9 1UG"
The Woolpack,"Woolpack, 98, Bermondsey Street, London SE1 3UB"
Mooro's,"Woolston Hall, Abridge Road, Chigwell, Essex IG7 6BX"
Woolwich & Plumstead Bc,"Woolwich And Plumstead Bowling Club Foxcroft Road, Plumstead, Greenwich SE18 3DB"
World's End,"World's End, Public House, 21-23 Stroud Green Road, London N4 3EF"
The George Inn,"Wrotham Road, Meopham, Gravesend, Kent DA13 0AH"
Railway Tavern,"Wrotham Road, Meopham, Gravesend, Kent DA13 0HP"
The Cricketers Inn,"Wrotham Road, Meopham, Kent DA13 0QA"
The Old Manor,"Wyllyotts Place, Potters Bar, Hertfordshire EN6 2JD"
Xoyo,"Xoyo, Basement And Ground Floor, 32a-37 Cowper Street, London EC2A 4AP"
Ye George Inn,"Ye George Inn 111 High Street, Beckenham BR3 1AG"
The Old Tiger's Head,"Ye Old Tigers Head, 351 Lee High Road, London SE12 8RU"
Ye Olde Cheshire Cheese,"Ye Olde Cheshire Cheese Public House, 145 Fleet Street, London EC4A 2BU"
Ye Olde Cock Tavern,"Ye Olde Cock Tavern Public House, 22 Fleet Street, London EC4Y 1AA"
Five Rivers Bar,"Ye Olde Crowne, 1090 Uxbridge Road, Hayes UB4 0RJ"
Ye Olde London,"Ye Olde London Public House, 42 Ludgate Hill, London EC4M 7DE"
Ye Olde Mitre Inne,Ye Olde Mitre Inne 58 High Street Barnet EN5 5SJ
Ye Olde Monken Holt,Ye Olde Monken Holt 193 High Street Barnet EN5 5SU
Ye Olde Watling,"Ye Olde Watling Public House, 29 Watling Street, London EC4M 9BR"
Ye Olde Whyte Lyon,"Ye Olde Whyte Lion Farnborough Common, Orpington BR6 8NE"
The Ye Olde Windsor Castle,"Ye Olde Windsor Castle (ph), 25 Little Bookham Street, Bookham KT23 3AA"
Yeading Community Centre,"Yeading Community Centre, 2 Ditchfield Road, Hayes UB4 9BH"
London Cocktail Club,"York House, 74-82 Queen Victoria Street, London EC4N 4SJ"
York Public House,"York Public House, 82 Islington High Street, London, N1 8eq N1 8EQ"
Young Prince,"Young Prince, 448 Roman Road, London E3 5LU"
