calc_postcode,calc_postcode_district,calc_postcode_area,osm_type,osm_id,id,lat,lon,name,operator,addr_housenumber,addr_street,addr_city,phone,website,website_status,website_redirect,wikidata,opening_hours,opening_hours_a,opening_hours_b,opening_hours_c,opening_hours_d,opening_hours_e,opening_hours_f
,E1,E,node,7039559892,node/7039559892,51.5137054,-0.0707311,Black Horse,,40,Leman Street,London,+44 20 7488 1406,,,,,Mo-Sa 12:00-23:29,,,,,,
,E1,E,node,371583850,node/371583850,51.5227715,-0.0780898,Bohemia Bar,,1,Great Eastern Street,London,,,,,,,,,,,,
,E1,E,node,10245706076,node/10245706076,51.520961,-0.0724088,Brick Lane Taproom,,,Brick Lane,London,,https://www.bricklanetaproom.co.uk/,200,,,,,,,,,
,E1,E,way,157322970,way/157322970,51.52165,-0.0756836,Commercial Tavern,,142,Commercial Street,London,+44 20 3137 9563,https://www.urbanpubsandbars.com/venues/commercial-tavern,200,,Q26318314,Mo-Sa 12:00-23:00, Su 12:00-22:30,,,,,
,E1,E,node,622515303,node/622515303,51.520691,-0.07375,Corbet Place,,15,Hanbury Street,London,,,,,,,,,,,,
,E1,E,way,260681370,way/260681370,51.5127038,-0.0669009,Dog & Truck,Stonegate,72,Back Church Lane,London,,,,,,,,,,,,
,E1,E,node,295979629,node/295979629,51.513604,-0.0737842,Duke of Somerset,Stonegate,15,Little Somerset Street,London,,https://www.socialpubandkitchen.co.uk/duke-of-somerset-aldgate-london,200,,,,,,,,,
,E1,E,node,858431027,node/858431027,51.517868,-0.07459,Duke of Wellington,,12-14,Toynbee Street,London,,https://www.duke.london/,200,,,,,,,,,
,E1,E,node,12529152052,node/12529152052,51.511524,-0.0727234,Goodman's Field,Wetherspoon,87-91,Mansell Street,London,,https://www.jdwetherspoon.com/pubs/the-goodmans-field-tower-hamlets/,200,https://www.jdwetherspoon.com/pubs/the-goodmans-field-tower-hamlets/,Q88973874,,,,,,,
,E1,E,way,157322999,way/157322999,51.5227656,-0.078188,Goose Island Brew Pub,,222,Shoreditch High Street,London,,,,,,,,,,,,
,E1,E,way,107796329,way/107796329,51.5180737,-0.0775591,Grapeshots,,2-3,Artillery Passage,London,,,,,,,,,,,,
,E1,E,way,369188797,way/369188797,51.5144103,-0.0579821,Hungerford Arms,,240,Commercial Road,London,,,,,,Mo-Sa 10:00-23:30, Su 11:00-23:00,,,,,
,E1,E,way,163644475,way/163644475,51.5179988,-0.0778223,Kings Stores,,14,Widegate Street,London,,https://www.kingsstores.co.uk/,,,,,,,,,,
,E1,E,supabase,,0d5652fd-a487-4213-991e-50f5fb86c290,51.524,-0.074194,Knave of Clubs,Independent,,,,,https://www.theknaveofclubs.co.uk/,,,,,,,,,,
,E1,E,supabase,,54986812-cc27-4db2-ab19-06ca9a65172f,51.5137,-0.070338,Leman Street Tavern,Independent,,,,(020) 3437 0001,,,,,,,,,,,
,E1,E,node,48928595,node/48928595,51.5190934,-0.0589373,London Hospital Tavern,,176,Whitechapel Road,London,,https://www.londonhospitaltavern.com/,,,,,,,,,,
,E1,E,way,270424950,way/270424950,51.5217148,-0.0723595,Ninety One,,91,Brick Lane,London,,https://91bricklane.pub/,,,,,,,,,,
,E1,E,way,236653740,way/236653740,51.5189522,-0.0712189,Pride of Spitalfields,,3,Heneage Street,London,,https://theprideofspitalfieldslondon.shop/,,,Q15059604,,,,,,,
,E1,E,way,107275360,way/107275360,51.5114788,-0.0705158,Princess Of Prussia,Shepherd Neame,15,Prescot Street,London,,https://www.princessofprussia.co.uk/,,,,,,,,,,
,E1,E,node,371520154,node/371520154,51.5237708,-0.0759056,Shoreditch House,,,Ebor Street,London,,https://www.sohohouse.com/houses/shoreditch-house,,,,,,,,,,
,E1,E,way,413193939,way/413193939,51.5099253,-0.0684047,Sir Sidney Smith,,22,Dock Street,London,,https://www.sirsydneysmith.com,,,,,,,,,,
,E1,E,way,778627033,way/778627033,51.5104559,-0.0701304,The Artful Dodger,,47,Royal Mint Street,London,,,,,Q27084908,Mo-Fr 11:00-23:00, Sa 11:00-23:30, Su 12:00-22:30,,,,
,E1,E,way,89970679,way/89970679,51.5178751,-0.078782,The Astronomer,Fuller's,125-129,Middlesex Street,London,,https://www.theastronomerpub.co.uk/,200,,,,,,,,,
,E1,E,way,200356056,way/200356056,51.5227673,-0.0400483,The Bancroft Arms,,410,Mile End Road,London,,,,,,,,,,,,
,E1,E,way,204000375,way/204000375,51.5158372,-0.0756073,The Bell,,50,Middlesex Street,London,+44 20 7247 3459,https://www.thebellpub.co.uk/,200,,,Mo-We 11:00-23:00, Th-Fr 11:00-00:00,,,,,
,E1,E,way,310350976,way/310350976,51.5200501,-0.0569197,The Blind Beggar,,337-341,Whitechapel Road,London,,,,,Q7718589,,,,,,,
,E1,E,way,257334015,way/257334015,51.511393,-0.0684607,The Brown Bear,,139,Leman Street,London,+44 20 7481 3792,,,,Q26318258,,,,,,,
,E1,E,node,10251784717,node/10251784717,51.5172501,-0.0702726,The Buxton,,42,Osborn Street,London,,https://www.thebuxton.co.uk/,,,,"Mo-Th 08:00-23:00; Fr,Sa 08:00-23:30; Su 08:00-19:30",,,,,,
,E1,E,node,277909036,node/277909036,51.5148862,-0.0687963,The Castle,,44,Commercial Road,London,,http://www.thecastlelondon.com/,200,,,"Su-Tu 16:00-24:00, We 16:00-01:00, Th 16:00-01:30, Fr,Sa 16:00-03:00",,,,,,
,E1,E,way,157322996,way/157322996,51.5225031,-0.0782488,The Crown and Shuttle,,226,Shoreditch High Street,London,442073752905,https://www.crownandshuttle.com/,200,,,Mo 16:00-23:00, Tu-We 12:00-23:00, Th-Fr 12:00-00:00, Sa 12:00-01:00,,,
,E1,E,way,161720577,way/161720577,51.5168862,-0.0729084,The Culpeper,,40,Commercial Street,London,+44 20 7247 5371,https://www.theculpeper.com/,200,,,"Mo-Th 11:00-24:00, Fr,Sa 11:00-02:00, Su 11:00-23:00",,,,,,
,E1,E,way,257338682,way/257338682,51.5141165,-0.0706028,The Dispensary,,19a,Leman Street,London,,https://www.closeupchris.co.uk/london-magician/,200,,Q26318793,,,,,,,
,E1,E,way,195649317,way/195649317,51.514343,-0.0530176,The George Tavern,,373,Commercial Road,London,+44 20 7790 7335,https://thegeorgetavern.london/,200,,Q5545090,Su-We 16:00-00:00, Th 16:00-02:30, Fr-Sa 16:00-03:00,,,,
,E1,E,way,157323017,way/157323017,51.5201489,-0.0742242,The Golden Heart,,110,Commercial Street,London,,,,,Q21008660,,,,,,,
,E1,E,node,3010570949,node/3010570949,51.5173312,-0.061108,The Good Samaritan,,87,Turner Street,London,,,,,,,,,,,,
,E1,E,node,4238029494,node/4238029494,51.517315,-0.0613634,The Griff Inn Bar & Kitchen,,,Newark Street,London,+44 20 7882 8686,https://www.qmsu.org/griffinn/,200,,,Mo-Tu 08:30-21:00, We 08:30-01:00, Th-Fr 08:30-21:00,,,,
,E1,E,way,276100290,way/276100290,51.5201803,-0.0763452,The Grocer,,4,Crispin Place,London,+44 20 3437 0005,https://www.youngs.co.uk/food-drink,200,,,09:00-23:00,,,,,,
,E1,E,node,6119354792,node/6119354792,51.5189211,-0.0761157,The Gun,,54,Brushfield Street,London,442078469594,https://www.urbanpubsandbars.com/city-by-urban/venues/the-gun-london,200,,,Mo-Sa 12:00-23:30, Su 12:00-22:00,,,,,
,E1,E,way,448779543,way/448779543,51.5223694,-0.0453454,The Half Moon,Wetherspoon,213-223,Mile End Road,London,,https://www.jdwetherspoon.com/pubs/the-half-moon-mile-end,200,,Q88916474,,,,,,,
,E1,E,way,303225529,way/303225529,51.5227636,-0.0468748,The Horn of Plenty,,36,Globe Road,London,,https://www.thehornofplentypub.co.uk/,,,,,,,,,,
,E1,E,way,205408905,way/205408905,51.522141,-0.0783797,The Light Bar,,233,Shoreditch High Street,London,,https://www.lightbarlondon.com/,,,,,,,,,,
,E1,E,node,296620391,node/296620391,51.5128687,-0.0701002,The Oliver Conquest,,70,Leman Street,London,,https://www.conquestpubs.co.uk/,,,,,,,,,,
,E1,E,way,373272377,way/373272377,51.5242882,-0.0754743,The Owl & the Pussycat,Young's,34,Redchurch Street,London,+44 20 3487 0088,https://www.owlandpussycatshoreditch.com,200,,Q26318188,"Mo,Su 11:00-23:00; Tu-Sa 11:00-24:00",,,,,,
,E1,E,way,395695853,way/395695853,51.516045,-0.0467376,The Peacock,,145,Aylward Street,London,,https://thepeacocke1.com/home,,,,"Mo-Fr 15:00-23:00; Sa,Su 11:00-23:00",,,,,,
,E1,E,node,5238249940,node/5238249940,51.5136121,-0.0698082,The Running Horse,,7,Piazza Walk,London,+44 20 3883 8286,https://therunninghorsealdgate.co.uk/,200,,,Mo-Th 11:00-23:00, Fr 11:00-00:0, Sa 12:00-00:00, Su 12:00-21:30,,,
,E1,E,node,371601279,node/371601279,51.5268568,-0.0781882,the Shoreditch Arms,,127,Shoreditch High Street,London,,https://www.urbanpubsandbars.com/venues/the-shoreditch-arms,,,,"Mo,Tu 16:00-23:00, We,Th 12:00-24:00, Fr,Sa 12:00-01:00, Su 12:00-23:00",,,,,,
,E1,E,way,163644465,way/163644465,51.5172673,-0.0770201,The Star by Liverpool Street,,94-98,Middlesex Street,London,,https://starbyliverpoolstreet.co.uk/,200,,,,,,,,,
,E1,E,way,157323000,way/157323000,51.5193553,-0.074291,The Ten Bells,,84,Commercial Street,London,,,,,Q2414574,"Mo-We,Su 12:00-24:00; Th-Sa 12:00-01:00",,,,,,
,E1,E,way,142390004,way/142390004,51.5202191,-0.0562172,The White Hart,,1,Mile End Road,London,,https://www.mcmullens.co.uk/local-pub/white-hart-whitechapel/,200,,,,,,,,,
,E1,E,way,264131977,way/264131977,51.5158311,-0.0708003,The White Hart,,89,Whitechapel High Street,London,,https://www.thewhitehartlondon.co.uk/index,200,,,,,,,,,
,E1,E,node,278312956,node/278312956,51.5131287,-0.0566157,Thomas Neale,,39,Watney Market,London,,,,,,,,,,,,
,E1,E,node,7039548576,node/7039548576,51.5136334,-0.0717175,White Swan,,21,Alie Street,London,+44 20 7702 0448,https://www.whiteswanaldgate.co.uk/,200,,Q27085030,Mo-Fr 11:00-23:00,,,,,,
,E1,E,supabase,,4d453b5f-3c99-4cc2-a627-b738a33518d3,51.5139,-0.071,Whites Gentlemans Club,Independent,,,,(020) 7488 4000,,,,,,,,,,,
,E1,E,way,314760744,way/314760744,51.5183676,-0.0784631,Williams Ale & Cider House,,22-24,Artillery Lane,London,,https://www.williamsspitalfields.com/,200,,,Mo-Sa 11:00-23:00, Su 11:00-22:00,,,,,
,E1,E,supabase,,bdf58937-ad8f-4427-bed5-659edaa38a11,51.5106,-0.0669,Wilton's Music Hall Mahogany Bar,,,,,(020) 7702 2789,,,,,,,,,,,
,E10,E,node,13717302373,node/13717302373,51.5705831,-0.0099277,Chop Shop Tavern,,141,Tilbury Road,London,,,,,,,,,,,,
,E10,E,supabase,,c72a6c4c-d4c1-42d6-85d2-5e0c38cbe6e2,51.561,-0.0102,Coach & Horses,Independent,,,,(020) 8194 0332,,,,,,,,,,,
,E10,E,way,696129533,way/696129533,51.56156,-0.0105018,Coach and Horses,,391,High Road Leyton,London,,https://thecoachleyton.com/,,,,,,,,,,
,E10,E,node,8355222754,node/8355222754,51.5697138,-0.007739,Gravity Well Taproom,,Arch 155,Midland Road,London,,https://www.gravitywellbrewing.co.uk/,200,,,We-Th 16:00-22:00, Fr 16:00-24:00, Sa 12:00-24:00, Su 12:00-18:00,,,
,E10,E,node,472446463,node/472446463,51.5687971,-0.0287631,Hare and Hounds,,,,,,,,,,,,,,,,
,E10,E,way,142241624,way/142241624,51.5748085,-0.011355,King William IV,,816,High Road Leyton,London,+44 20 8556 2460,https://www.william-the-fourth.com/,200,,,12:00-23:00,,,,,,
,E10,E,supabase,,0c35de19-2d54-4c2f-9942-93f38ced4a49,51.5599,-0.013381,Leyton Orient Supporters Club,Independent,,,,(020) 8988 8288,,,,,,,,,,,
,E10,E,way,444200909,way/444200909,51.5736854,-0.0098576,Prince of Wales,,777,High Road Leyton,London,,,,,,Mo-Th 12:00-23:00, Fr-Sa 12:00-01:00, Su 12:00-23:00,,,,
,E10,E,way,1385726376,way/1385726376,51.5706127,-0.0433203,Queer Brewing Project,,,Argall Avenue,London,,https://www.thequeerbrewingproject.com/taproom,200,,,Mo-Th off, Fr 16:00-22:00, Sa 13:00-22:00, Su off, PH off,,
,E10,E,way,444593912,way/444593912,51.5744688,-0.0137683,The Auctioneer,,596,Lea Bridge Road,London,,,,,,,,,,,,
,E10,E,way,444642776,way/444642776,51.574926,-0.0138608,The European,,557-559,Lea Bridge Road,London,,https://theeuropeanpub.co.uk/,200,,,Mo-We 12:00-23:00, Th 12:00-00:00, Fr-Sa 12:00-01:00, Su 12:00-22:00,,,
,E10,E,node,12198799907,node/12198799907,51.5588363,-0.0075174,The Leyton Engineer,Remarkable Pubs Ltd.,256,High Road Leyton,London,,https://theleytonengineer.co.uk/,200,,,Mo-We 16:00-23:00, Th 12:00-23:00, Fr 12:00-00:30, Sa 12:00-01:00, Su 12:00-23:00,,
,E10,E,supabase,,6154170c-9ae2-430e-a146-d965ef6dfcd6,51.5748,-0.011411,William the Fourth,Independent,,,,(020) 8556 2460,,,,,,,,,,,
,E11,E,way,1047662587,way/1047662587,51.5658122,0.0021395,Heathcote & Star,,344,Grove Green Road,London,,https://heathcoteandstar.co.uk/,200,,,,,,,,,
,E11,E,supabase,,af647587-2acc-4755-baf4-c06d9bb8b73a,51.568,0.011493,Leytonstone ex-servicemens club,Independent,,,,(020) 8539 2954,,,,,,,,,,,
,E11,E,way,767855492,way/767855492,51.559027,0.0111672,Leytonstone Tavern,,119,Harrow Road,London,+44 20 8522 4923,https://www.leytonstonetavern.com/public/,200,,,,,,,,,
,E11,E,supabase,,3d94afeb-d21d-4d9e-b137-00d887c93381,51.5816,0.028454,Nightingale on the Green,,,,,(020) 8530 4683,,,,,,,,,,,
,E11,E,way,935593053,way/935593053,51.5603459,-0.0017067,Northcote Arms,,110,Grove Green Road,London,,https://itcbethandicap.com/,200,,,,,,,,,
,E11,E,way,228435778,way/228435778,51.5705485,0.0152407,O'Neill's,,762,High Road Leytonstone,London,,,,,Q85764520,,,,,,,
,E11,E,way,230406331,way/230406331,51.5571053,0.0060407,Plough and Harrow,,419,High Road Leytonstone,London,,,,,,,,,,,,
,E11,E,supabase,,9ba74653-4cf8-475d-8ab8-ac4bd90998c8,51.5767,0.011682,Sir Alfred Hitchcock Hotel,Independent,,,,(020) 8530 3724,https://www.thehitchcockhotel.com/,,,,,,,,,,
,E11,E,way,507095501,way/507095501,51.5608801,0.0088066,The Bell,Stonegate,468,High Road Leytonstone,London,,https://www.craftunionpubs.com/the-bell-leytonstone,200,,,,,,,,,
,E11,E,way,296756574,way/296756574,51.5565915,-0.0001534,The Birkbeck Tavern,,45,Langthorne Road,London,,https://thebirkbecktavern.co.uk/,,,,,,,,,,
,E11,E,way,1351858504,way/1351858504,51.5765434,0.0278822,The Bull,,129,High Street,London,,https://www.thebullwanstead.com/,200,,,,,,,,,
,E11,E,way,99878205,way/99878205,51.5793635,0.0250203,The Cuckfield,,31,High Street,London,,https://www.thecuckfieldwanstead.co.uk/,200,,,,,,,,,
,E11,E,way,163505839,way/163505839,51.5826491,0.027798,The Duke,,,Nightingale Lane,London,,https://www.thedukewanstead.com/,200,,,,,,,,,
,E11,E,way,1337211309,way/1337211309,51.5760874,0.0284075,The George and Dragon,Urban Pubs and Bars,159,High Street,London,,https://www.urbanpubsandbars.com/venues/the-george-and-dragon,,,Q88916722,,,,,,,
,E11,E,way,163502247,way/163502247,51.5816442,0.0284406,The Nightingale,,51,Nightingale Lane,London,,https://www.nightingaleonthegreen.co.uk/,,,Q26478805,,,,,,,
,E11,E,way,511586538,way/511586538,51.5698606,0.0154809,The North Star,,24,Browning Road,London,,,,,,,,,,,,
,E11,E,way,310789678,way/310789678,51.569083,0.0123075,The Old Crown,,692,High Road Leytonstone,London,,https://www.theoldcrownleytonstone.co.uk/,,,,,,,,,,
,E11,E,way,28836414,way/28836414,51.5679117,0.0111631,The Red Lion,Antic London,640,High Road Leytonstone,London,,https://www.urbanpubsandbars.com/venues/the-red-lion-leytonstone,,,,,,,,,,
,E11,E,way,930391987,way/930391987,51.5579215,0.0173255,The Rookwood Village,,314,Cann Hall Road,London,,https://therookwoodvillage.com/,,,,,,,,,,
,E11,E,way,511169062,way/511169062,51.5698658,0.0126498,The Walnut Tree,Wetherspoon,857-861,High Road Leytonstone,London,,https://www.jdwetherspoon.com/pubs/the-walnut-tree-leytonstone,200,,Q88916720,,,,,,,
,E11,E,way,1069433877,way/1069433877,51.583254,0.0208461,Toby Carvery,Toby Carvery,73,Hollybush Hill,London,,https://www.tobycarvery.co.uk/restaurants/london/snaresbrooklondon,403,,,,,,,,,
,E11,E,supabase,,670802ef-6fc9-4ef3-baa4-0eec0d9b4e7e,51.571,0.033639,Wanstead Golf Club,Independent,,,,(020) 8989 3938,,,,,,,,,,,
,E12,E,way,965232197,way/965232197,51.5521133,0.0465164,Blakesley Arms,,53,Station Road,London,,,,,,,,,,,,
,E12,E,way,550447429,way/550447429,51.5547787,0.0420502,The Golden Fleece,Greene King,166,Capel Road,London,+44 20 8478 0024,https://www.greeneking.co.uk/pubs/greater-london/golden-fleece,200,,,,,,,,,
,E12,E,way,965224998,way/965224998,51.5508166,0.0482977,William the Conqueror,,630,Romford Road,London,+44 7886 277621,,,,,Mo-Th 11:30-23:30, Fr-Sa 11:00-01:00, Su 11:00-24:00,,,,
,E13,E,way,1116641607,way/1116641607,51.5240149,0.0279298,South West Ham Labour Club,,11A,St Andrew's Road,London,,,,,,,,,,,,
,E13,E,node,356973074,node/356973074,51.5222325,0.0225555,The Abbey Arms,,384,Barking Road,London,,,,,,,,,,,,
,E13,E,way,1027522305,way/1027522305,51.5302424,0.0229144,The Black Lion,,59-61,High Street,London,,https://blacklionplaistow.co.uk/,200,,,,,,,,,
,E13,E,way,1120585512,way/1120585512,51.5314791,0.0268486,The Lord Stanley,,15,St Mary's Road,London,,,,,,,,,,,,
,E13,E,way,436113666,way/436113666,51.5344743,0.035522,The Queens,,410,Green Street,London,,,,,,,,,,,,
,E13,E,way,450148697,way/450148697,51.5305896,0.0206412,Victoria Tavern,,28,High Street,London,,,,,,,,,,,,
,E14,E,way,190355898,way/190355898,51.5113333,-0.0297465,5b Urban Bar,,27,Three Colt Street,London,,,,,,Tu-Su 16:00-24:00,,,,,,
,E14,E,node,2018688106,node/2018688106,51.5046438,-0.0146973,BrewDog,BrewDog,2,Churchill Place,London,+44 20 7513 2417,https://brewdog.com/pages/bars/canary-wharf,200,,,Mo-Sa 12:00-23:00, Su 12:00-22:00,,,,,
,E14,E,way,191304258,way/191304258,51.5129234,-0.0142221,Callaghanns,,55,Chrisp Street,London,,,,,,,,,,,,
,E14,E,node,11603173108,node/11603173108,51.5028307,-0.0134968,Crate,,14,Water Street,London,,,,,,,,,,,,
,E14,E,way,413367881,way/413367881,51.5093208,-0.0118683,Hope & Anchor,,14,Newby Place,London,,,,,,,,,,,,
,E14,E,way,192328204,way/192328204,51.4873801,-0.0131197,Lord Nelson,,1-1a,Manchester Road,London,,,,,,"Mo-Th 12:00-23:00; Fr,Sa 12:00-24:00; Su 12:00-22:00",,,,,,
,E14,E,way,187272264,way/187272264,51.4961339,-0.0178252,Pepper Street Tavern,Clapham Leisure,21,Pepper Street,London,,https://pepperstreettavern.co.uk/,,,,,,,,,,
,E14,E,way,190897365,way/190897365,51.5142464,-0.0365653,Prince Regent,,81,Salmon Lane,London,,,,,,,,,,,,
,E14,E,node,6019687353,node/6019687353,51.5062159,-0.0185144,Sports Bar & Grill,Stonegate,1,Crossrail Place,London,,https://www.socialpubandkitchen.co.uk/directors-box-canary-wharf,200,,,"Mo-We 10:00-23:00; Th 10:00-23:30; Fr,Sa 10:00-24:00; Su 10:00-22:30",,,,,,
,E14,E,node,3576622823,node/3576622823,51.5122205,-0.0287538,Star of the East,,805A,Commercial Road,London,,,,,Q27081723,,,,,,,
,E14,E,way,190626268,way/190626268,51.5126282,-0.0401458,The Clement Attlee,,576-578,Commercial Road,London,+44 20 7790 2726,https://www.theclementattlee.co.uk/,200,,,Mo-We 17:00-23:00, Th 17:00-24:00, Fr 15:00-24:00, Sa 12:00-24:00, Su 12:00-22:30,,
,E14,E,way,190897364,way/190897364,51.5128241,-0.0376462,The Crown,,667,Commercial Road,London,,,,,,,,,,,,
,E14,E,way,353735190,way/353735190,51.48652,-0.0133568,The Ferry House,,26,Ferry Street,London,,https://ferrygood.co.uk/,,,Q27082781,Mo-Su 12:00-23:00,,,,,,
,E14,E,way,191304272,way/191304272,51.5123709,-0.0155961,The Festival Inn,,71,Grundy Street,London,,,,,,,,,,,,
,E14,E,way,193308924,way/193308924,51.4961658,-0.0135733,The George,,114-114a,Glengall Grove,London,,,,,,Mo-We 11:00-23:00, Th-Sa 11:00-24:00, Su 11:00-22:30,,,,
,E14,E,way,195200692,way/195200692,51.5088349,-0.0339749,The Grapes,,76,Narrow Street,London,+44 20 7987 4396,https://www.thegrapes.co.uk/,200,,Q15059596,Mo-Sa 12:00-23:00, Su 12:00-22:30,,,,,
,E14,E,way,372953882,way/372953882,51.5095355,-0.0109574,The Greenwich Pensioner,,28,Bazely Street,London,,https://greenwichpensioner.co.uk,,,Q26318414,Mo-Su 12:00-22:30,,,,,,
,E14,E,way,189811893,way/189811893,51.5018201,-0.0077363,The Gun,Fuller's,27,Cold Harbour,London,+44 20 7519 0075,https://www.thegundocklands.com/,200,,Q16993490,Mo-Tu 11:30-23:00, We-Sa 11:30-24:00, Su 11:30-22:30,,,,
,E14,E,node,573854610,node/573854610,51.5043058,-0.0225667,The Henry Addington,Nicholson's,22-28,Mackenzie Walk,London,+44 20 7719 1114,https://www.nicholsonspubs.co.uk/restaurants/london/thehenryaddingtoncanarywharflondon,403,,,Mo-Sa 12:00-23:00, Su 12:00-18:00,,,,,
,E14,E,way,140144150,way/140144150,51.5076763,-0.0245828,The Ledger Building,Wetherspoon,4,Hertsmere Road,London,+44 20 7536 7770,https://www.jdwetherspoon.com/pubs/the-ledger-building-docklands,200,,Q122759269,"Mo-Th,Su 09:00-00:00; Fr-Sa 09:00-01:00",,,,,,
,E14,E,node,638738965,node/638738965,51.5107112,-0.0191418,The Manor Arms,,150,East India Dock Road,London,,,,,,,,,,,,
,E14,E,way,195649318,way/195649318,51.513576,-0.0400264,The Old Ship,,17,Barnes Street,London,,https://www.oldship.net/,200,,Q27085020,Mo 12:00-22:00, Tu 12:00-23:00, We 12:00-00:00, Th 12:00-23:00, Fr-Su 12:00-00:00,,
,E14,E,way,195649319,way/195649319,51.5138388,-0.0387451,The Queen's Head,Young's,8,Flamborough Street,London,,,,,Q26318301,,,,,,,
,E14,E,way,354074631,way/354074631,51.4877721,-0.0178347,The Ship,,290,Westferry Road,London,,https://www.theshipcanarywharf.co.uk/,,,,,,,,,,
,E14,E,node,5418886554,node/5418886554,51.4921523,-0.0241157,The Space Bar,,269,Westferry Road,London,,https://www.spacebar.org.uk/,200,,,Mo-Th 12:00-23:00, Fr-Sa 12:00-24:00, Su 12:00-22:30,,,,
,E14,E,node,7250542203,node/7250542203,51.513588,-0.0053807,The Tommy Flowers,,50,Aberfeldy Street,London,,,,,,,,,,,,
,E14,E,way,209682393,way/209682393,51.4981323,-0.0255271,The Tooke Arms,,165,Westferry Road,London,,,,,,,,,,,,
,E14,E,way,354074632,way/354074632,51.4886285,-0.0058691,The Waterman's Arms,,1,Glenaffric Avenue,London,,https://thewatermansarms.co.uk/,200,,Q27081741,Mo 08:00-22:00, Tu-Fr 08:00-23:00, Sa 09:00-23:00, Su 09:00-22:00,,,
,E15,E,node,269253652,node/269253652,51.542752,0.0032106,012 Bar & Grill Restaurant,,108-110,The Grove,London,,,,,,"Su-Th 11:00-00:00; Fr,Sa 11:00-01:00",,,,,,
,E15,E,way,465890007,way/465890007,51.5458275,0.0043035,Cart and Horses,,1,Maryland Point,London,,https://www.cartandhorses.london/,,,Q124344709,"Mo-Th 12:00-00:30, Fr 12:00-03:00, Sa 12:00-03:30, Su 12:00-00:30",,,,,,
,E15,E,node,4607932812,node/4607932812,51.5461024,0.0046061,Cheers Bar & Lounge,,5-9,Leytonstone Road,London,,,,,,,,,,,,
,E15,E,supabase,,2956249c-c8cb-4df0-a6fc-0391f695f989,51.5293,0.010186,East London RFC,Independent,,,,(020) 7473 0669,,,,,,,,,,,
,E15,E,way,447182149,way/447182149,51.5401054,0.0031144,Freaks and Geeks,,25,West Ham Lane,London,,,,,,,,,,,,
,E15,E,way,930548529,way/930548529,51.543791,0.0037062,Goldengrove,Wetherspoon,146-148,The Grove,London,+44 20 8519 0750,https://www.jdwetherspoon.com/pubs/goldengrove-stratford,200,,Q88916724,"Su-Th 08:00-24:00; Fr,Sa 08:00-01:00",,,,,,
,E15,E,supabase,,2cd8c236-f5d4-44cb-962b-76e1b2b973c7,51.5411,0.002938,King Edward VII,,,,,(020) 8534 2313,,,,,,,,,,,
,E15,E,node,6488078275,node/6488078275,51.5480468,-0.0099843,Mother Kelly's E20,,27-30,Victory Parade,London,,https://motherkellys.co.uk/,200,,,,,,,,,
,E15,E,way,241713664,way/241713664,51.5406296,0.0023416,Queens Head,Stonegate,5-7,West Ham Lane,London,,https://www.craftunionpubs.com/queens-head-stratford,200,,,,,,,,,
,E15,E,node,1322154184,node/1322154184,51.5402372,0.0002018,The Abbey Tap,Stonegate,10-14,Broadway,London,+44 20 3435 9910,"https://www.stonegategroup.co.uk/find-your-local/?long=0.00026&lat=51.54056&address=E15%204QS%20Broadway,%20London,%20United%20Kingdom",200,,,Su-Th 10:00-23:00, Fr-Sa 10:00-01:00,,,,,
,E15,E,way,609577381,way/609577381,51.5404228,0.0109534,The Bay Tree,,59,Vicarage Lane,London,,,,,,,,,,,,
,E15,E,way,179004382,way/179004382,51.538214,-0.0064228,The Carpenter's Arms,,30,Carpenters Road,London,,,,,,,,,,,,
,E15,E,way,1090201138,way/1090201138,51.5491457,-0.0019821,The Eagle,,157,Chobham Road,London,+44 20 7534 2322,,,,,,,,,,,
,E15,E,way,930766693,way/930766693,51.535814,0.0067443,The Greyhound,,136,West Ham Lane,London,,,,,,,,,,,,
,E15,E,node,296506670,node/296506670,51.5353993,0.0215447,The Lamb,,85,Pelly Road,London,,,,,,,,,,,,
,E15,E,way,930360465,way/930360465,51.5540828,-0.0048591,The Leyton Star,,116,High Road Leyton,London,,https://leytonstar.co.uk/,,,,,,,,,,
,E15,E,node,269255191,node/269255191,51.5424567,0.0028343,The Sportsman,Stonegate,78-102,Broadway,London,,https://www.greatlocalpubs.co.uk/sportsman-stratford,200,,,"Su-Th 09:00-23:30; Fr,Sa 09:00-01:00",,,,,,
,E15,E,way,465306936,way/465306936,51.5401805,0.0009543,Ye Olde Black Bull,,13,Broadway,London,,https://yeoldeblackbull.site/,,,,,,,,,,
,E16,E,node,529875654,node/529875654,51.5088147,0.0255735,Fox @ Excel,,2,Western Gateway,London,,https://www.foxexcel.co.uk,,,,,,,,,,
,E16,E,way,122187910,way/122187910,51.5088068,0.0393989,Fox@Connaught,,,Lynx Way,London,,,,,Q26656852,,,,,,,
,E16,E,way,196384557,way/196384557,51.5009044,0.0572252,Henley Arms,,268,Albert Road,London,,,,,,,,,,,,
,E16,E,node,11020498904,node/11020498904,51.5133965,0.0094776,Husk Brewery & Taproom,Husk Brewing Ltd,5,Silvertown Way,London,+44 20 7474 3827,https://www.huskbrewing.com/,404,,,Fr 17:00-23:00, Sa 13:00-20:00, Su 14:00-23:00,,,,
,E16,E,way,459254728,way/459254728,51.5129424,0.0123441,Streeties,,15,Shirley Street,London,,,,,,,,,,,,
,E16,E,way,826625488,way/826625488,51.5171318,0.015127,The Beckton Arms,,1,Beckton Road,London,,,,,,,,,,,,
,E16,E,way,826625485,way/826625485,51.5195284,0.0160607,The Princess Alexandra,,219,Barking Road,London,,https://www.princessalexandrapub.co.uk/,,,,,,,,,,
,E16,E,node,7523464145,node/7523464145,51.4994426,0.031017,The Windjammer,Fuller's,25,Admiralty Avenue,London,+44 20 8222 9318,https://www.windjammerlondon.co.uk/,200,,,Mo-Sa 12:00-23:00, Su 12:00-22:00,,,,,
,E17,E,way,23376430,way/23376430,51.5906095,-0.0415498,Big Penny Social,,1,Priestley Way,London,+44 20 3700 1040,https://bigpennysocial.co.uk/,200,,,"Mo-We 12:00-23:00; Th 12:00-00:00; Fr,Sa 12:00-01:00; Su 12:00-22:00",,,,,,
,E17,E,node,7056928285,node/7056928285,51.5932478,-0.0414688,Exale Taproom,,,Blackhorse Lane,London,,https://www.exale.uk/,200,,,Th 16:00-23:00, Fr 16:00-02:00, Sa 12:00-02:00, Su 12:00-20:00,,,
,E17,E,supabase,,b6cdb852-5c7e-4869-bf56-04e9e917108f,51.582,-0.013854,Orford House Social Club,,,,,(020) 8520 5687,,,,,,,,,,,
,E17,E,way,405915943,way/405915943,51.5932039,-0.0367329,Prince of Wales,,58,St Andrews Road,London,,,,,,,,,,,,
,E17,E,way,198577468,way/198577468,51.5824521,-0.013581,Queens Arms,,42,Orford Road,London,,https://www.queensarms-e17.co.uk/,200,,,,,,,,,
,E17,E,way,1208115927,way/1208115927,51.5915513,-0.0427688,Signature Brew Taproom,Signature Brew Ltd,,Blackhorse Lane,London,,https://www.signaturebrew.co.uk/pages/visit-the-brewers-bar-at-signature-brew-in-blackhorse-road-walthamstow,200,,,Fr 16:00-23:00, Sa 12:00-23:00, Su 12:00-18:00,,,,
,E17,E,way,200217289,way/200217289,51.5804951,-0.0330672,St James Bar,,30,St James's Street,London,+44 20 8521 2197,https://goergios-bar-grill.edan.io/,200,,,Su-Th 11:00-23:00, Fr-Sa 11:00-02:00,,,,,
,E17,E,way,164570576,way/164570576,51.5902692,-0.0169615,The Bell,Stonegate,617,Forest Road,London,,https://www.socialpubandkitchen.co.uk/bell-walthamstow,200,,,,,,,,,
,E17,E,way,214590379,way/214590379,51.5806374,-0.0112054,The Castle,,15,Grosvenor Rise East,London,,,,,,,,,,,,
,E17,E,way,196917803,way/196917803,51.5834931,-0.0266698,The Chequers,,145,High Street,London,,https://chequerse17.com/,,,,,,,,,,
,E17,E,way,682382151,way/682382151,51.5797859,-0.0411945,The Coppermill,,205,Coppermill Lane,London,,https://coppermillpub.wordpress.com/,410,,,Su-Th 11:00-23:00, Fr-Sa 11:00-00:00,,,,,
,E17,E,way,205876522,way/205876522,51.58811,-0.0044297,The Duke's Head,,112,Wood Street,London,,,,,,,,,,,,
,E17,E,way,205593042,way/205593042,51.5875913,-0.0039254,The Flower Pot,,126-128,Wood Street,London,,,,,,,,,,,,
,E17,E,node,249672846,node/249672846,51.5833767,-0.0191396,The Goose,Stonegate,264,Hoe Street,London,+44 20 8520 4751,https://www.greatlocalpubs.co.uk/goose-walthamstow/contact,200,,,Mo-Th 11:00-00:00, Fr 11:00-01:00, Sa 10:00-01:00, Su 10:00-23:00,,,
,E17,E,way,376872583,way/376872583,51.5887859,-0.0302654,The Lord Palmerston,Stonegate,,Forest Road,London,,https://www.craftunionpubs.com/lord-palmerston-walthamstow,200,,,,,,,,,
,E17,E,way,655249175,way/655249175,51.5840676,-0.0110709,The Nag's Head,,9,Orford Road,London,,,,,,,,,,,,
,E17,E,way,219045183,way/219045183,51.580961,-0.003522,The Raglan,,199,Shernhall Street,London,,https://lordraglanpub.com/,ssl_error,,,Mo-Th 16:00-23:00, Fr-Sa 12:00-00:00, Su 12:00-22:00,,,,
,E17,E,way,139911657,way/139911657,51.5967541,-0.0349075,The Tavern On The Hill,,318,Higham Hill Road,London,,https://www.tavernonthehill.co.uk/,200,,,,,,,,,
,E17,E,way,198639606,way/198639606,51.5826687,-0.0117779,The Village Public House,,31,Orford Road,London,,https://village-walthamstow.com/,200,,,,,,,,,
,E17,E,node,249672865,node/249672865,51.5912043,-0.0077676,The William Morris,,807-809,Forest Road,London,,https://www.starpubs.co.uk/pubs/william-morris-walthamstow,,,,,,,,,,
,E17,E,way,940451832,way/940451832,51.5810079,-0.033426,True Craft,,18-20,St James's Street,London,,https://www.truecraftlondon.co.uk/,200,,,Mo-Su 12:00-23:00,,,,,,
,E17,E,node,11061470043,node/11061470043,51.5805937,-0.0322753,Untraditional Pub,,35,St James Street,London,+44 20 8521 5552,https://www.pillarsbrewery.com/pages/untraditional-pub,200,,,Tu 16:00-22:30, We 14:00-22:30, Th-Sa 12:00-22:30, Su 12:00-21:30, Mo off,,
,E17,E,supabase,,181555b6-dff2-4d1c-aa21-e249f70e5280,51.5827,-0.0117,Village,Urban Pubs & Bars,,,,(020) 8521 4398,,,,,,,,,,,
,E17,E,supabase,,8ddfb0e1-1d53-45c3-aebe-a7a9e15557cd,51.589,-0.0191024,Walthamstow Trades Hall Club,,,,,(020) 8520 3806,,,,,,,,,,,
,E17,E,way,412076101,way/412076101,51.5954164,-0.0417001,Wild Card Brewery & Tap,,2,Lockwood Way,London,,,,,,,,,,,,
,E17,E,supabase,,4ede6337-dd25-4d2f-9237-be164f51287b,51.5877,-0.00360856,Wood Street Bear,Independent,,,,,,,,,,,,,,,
,E17,E,way,159296346,way/159296346,51.5877776,-0.0204334,Ye Olde Rose and Crown,,53-55,Hoe Street,London,+44 20 8509 3880,https://yeolderoseandcrowntheatrepub.co.uk/,200,,,Mo-Th 15:00-23:00, Fr 14:00-01:00, Sa 12:00-01:00, Su 12:00-23:00,,,
,E18,E,node,12242503,node/12242503,51.5920158,0.0279621,Railway Bell,Greene King,,,,,https://www.greeneking.co.uk/pubs/greater-london/railway-bell,200,,,,,,,,,
,E18,E,node,1975218592,node/1975218592,51.5944516,0.0240387,Slug and Lettuce,Slug & Lettuce,184,George Lane,London,,https://www.slugandlettuce.co.uk/find-a-bar,200,,,,,,,,,
,E18,E,way,1060529595,way/1060529595,51.5947249,0.0226302,The George,Stonegate,70-74,High Road,London,,https://www.greatlocalpubs.co.uk/george-south-woodford,200,,Q27085228,,,,,,,
,E1W,E,way,425809862,way/425809862,51.503268,-0.0579202,Captain Kidd,,108,Wapping High Street,London,,https://thecaptainkidd.co.uk/,,,Q28433128,,,,,,,
,E1W,E,node,265664308,node/265664308,51.5067525,-0.0702178,Dickens Inn,,,Marble Quay,London,,https://www.dickensinn.co.uk/,200,,,Mo-Su 12:00-23:00,,,,,,
,E1W,E,node,249310455,node/249310455,51.5048793,-0.0573725,Dockers Inn,,97,Wapping Lane,London,,https://dockersinn.co.uk/,200,,,"Mo-Th 12:00-23:00, Fr,Sa 12:00-01:30, Su 12:00-22:30",,,,,,
,E1W,E,node,278291760,node/278291760,51.5071618,-0.0674954,The Moretown Belle,,5,Thomas More Square,London,+44 20 7702 0900,https://www.moretownbelle.co.uk/,ssl_error,,,,,,,,,
,E1W,E,way,204148499,way/204148499,51.5070719,-0.0510889,The Prospect of Whitby,Greene King,57,Wapping Wall,London,+44 20 7481 1095,https://www.greeneking.co.uk/pubs/greater-london/prospect-of-whitby,200,,Q3924088,,,,,,,
,E1W,E,way,425809832,way/425809832,51.503373,-0.0620507,The Town of Ramsgate,,62,Wapping High Street,London,,https://townoframsgate.pub/,200,,Q16707776,Mo-Sa 12:00-23:00, Su 12:00-22:30,,,,,
,E1W,E,way,422666464,way/422666464,51.5053795,-0.0594127,Turner's Old Star,,14,Watts Street,London,,https://www.turnersoldstar.co.uk/,,,,"Mo-Fr 12:30-23:30, Sa 11:00+, Su 11:30+",,,,,,
,E2,E,way,616081584,way/616081584,51.5293456,-0.0453694,Angel & Crown,,170,Roman Road,London,,https://www.angelandcrown.co.uk/,,,,,,,,,,
,E2,E,node,339719862,node/339719862,51.524592,-0.0726328,BrewDog,BrewDog,51-55,Bethnal Green Road,London,+44 20 7729 8476,,,,,Mo-Th 12:00-00:00, Fr 12:00-02:00, Sa 11:00-02:00, Su 11:00-00:00,,,
,E2,E,way,230788987,way/230788987,51.5239568,-0.0673537,Carpenters Arms,,73,Cheshire Street,London,,https://www.thecarpentersarms.net/,,,,,,,,,,
,E2,E,node,11128539820,node/11128539820,51.5293915,-0.076803,Great Beyond Brewery,,417,Union Walk,London,,https://greatbeyond.beer/,200,,,,,,,,,
,E2,E,way,373262266,way/373262266,51.5248809,-0.0724076,Mad Cats,,107,Redchurch Street,London,,https://madcats.uk/,,,,,,,,,,
,E2,E,way,1059879142,way/1059879142,51.5263231,-0.0644254,Marquis of Cornwallis,Stonegate,304,Bethnal Green Road,London,,https://www.craftunionpubs.com/marquis-of-cornwallis-bethnal-green,200,,,,,,,,,
,E2,E,way,533902320,way/533902320,51.5273258,-0.076951,Mikkeller Bar London,,2-4,Hackney Road,London,,https://www.mikkeller.com/locations/mikkeller-bar-london,200,,Q1970693,Mo 16:00-21:00, Tu-Th 16:00-22:00, Fr 16:00-23:00, Sa 13:00-23:00, Su 13:00-21:00,,
,E2,E,node,2831429756,node/2831429756,51.5283303,-0.0561726,Mother Kelly's,,251,Paradise Row,London,,https://motherkellys.co.uk/,200,,,Mo 16:00-23:00, Tu-Th 12:00-23:00, Fr-Sa 12:00-00:00, Su 12:00-23:00,,,
,E2,E,way,142390003,way/142390003,51.5273124,-0.0559395,Salmon and Ball,,502,Bethnal Green Road,London,,,,,Q26318357,,,,,,,
,E2,E,way,305492454,way/305492454,51.5320136,-0.0631152,Sebright Arms,,31-35,Coate Street,London,,https://www.sebrightarms.com/,200,,,Mo-We 17:00-23:00, Th 16:00-24:00, Fr 16:00-02:00, Sa 12:00-02:00, Su 12:00-22:00,,
,E2,E,way,220801895,way/220801895,51.5313465,-0.0517656,The Approach Tavern,Remarkable Pubs,47,Approach Road,London,+44 20 8980 2321,https://theapproachtavern.co.uk/,200,,,Mo-We 15:00-23:00, Th-Sa 12:00-23:00, Su 12:00-22:30,,,,
,E2,E,node,4558839822,node/4558839822,51.5269533,-0.0583505,The Bethnal Green Tavern,,456,Bethnal Green Road,London,+44 20 7613 4263,,,,,,,,,,,
,E2,E,way,973123074,way/973123074,51.5283181,-0.0710235,The Birdcage,,80,Columbia Road,London,,https://www.urbanpubsandbars.com/venues/the-birdcage,,,,Mo-We 12:00-23:00, Th 12:00-00:00, Fr-Sa 12:00-01:00, Su 09:00-22:30,,,
,E2,E,way,273890986,way/273890986,51.5284049,-0.0781343,The Bridge,,15,Kingsland Road,London,,,,,,,,,,,,
,E2,E,way,200855783,way/200855783,51.5288877,-0.0521522,The Camel,,277,Globe Road,London,,,,,,Mo-Sa 12:00-23:00, Su 12:00-22:30,,,,,
,E2,E,way,379838816,way/379838816,51.5293361,-0.0561559,The Dundee Arms,,339,Cambridge Heath Road,London,+44 20 7729 6903,http://www.thedundeearms.com/,200,,,Th-Sa 12:00-23:00, Su 12:00-22:30, Mo 16:00-23:00, Tu-We 12:00-00:00,,,
,E2,E,way,200855784,way/200855784,51.5285618,-0.0514314,The Florist Arms,,255,Globe Road,London,,,,,,,,,,,,
,E2,E,way,142371494,way/142371494,51.5334377,-0.0575255,The Hare,,505,Cambridge Heath Road,London,,https://theharee2.com/find-us/,,,,"Mo-Th 16:00-24:00; Fr,Sa 12:00-24:00; Su 12:00-22:30",,,,,,
,E2,E,node,9394266492,node/9394266492,51.5308048,-0.0757684,The Hoxton Hound,Brewhouse & Kitchen,,,,,,,,,,,,,,,
,E2,E,way,996134486,way/996134486,51.5256936,-0.0657388,The Kings Arms,,11A,Buckfast Street,London,,https://www.thekingsarmspub.com/,,,,Mo-Th 15:00-23:30, Fr-Sa 12:00-24:00, Su 12:00-23:30,,,,
,E2,E,way,546566232,way/546566232,51.5308553,-0.0695107,The Marksman,,254,Hackney Road,London,,https://www.marksmanpublichouse.com/,,,,,,,,,,
,E2,E,way,458942013,way/458942013,51.5301274,-0.0696965,The Nelson's,,32,Horatio Street,London,,https://www.thenelsonspub.com/,200,,,,,,,,,
,E2,E,way,409334180,way/409334180,51.5270282,-0.0607586,The Old George,Stonegate,379,Bethnal Green Road,London,+44 20 7033 9726,https://www.craftunionpubs.com/old-george-bethnal-green,200,,,,,,,,,
,E2,E,way,987440460,way/987440460,51.5350907,-0.0625545,The Perseverance,,110-112,Pritchard's Road,London,+44 20 7613 3498,https://www.thepercypub.com/,200,,,Mo-Th 12:00-23:00, Fr 11:00-24:00, Sa 11:30-24:00, Su 11:30-23:00,,,
,E2,E,way,461624372,way/461624372,51.5324351,-0.059092,The Queen Adelaide,,483,Hackney Road,London,,https://www.thequeenadelaide.com/,200,,Q107283546,"Mo-We 16:00-01:00; Th,Fr 16:00-03:00; Sa 12:00-03:00; Su 12:00-01:00",,,,,,
,E2,E,way,546566227,way/546566227,51.5295337,-0.0693103,The Royal Oak,,73,Columbia Road,London,+44 20 3040 7167,https://www.royaloakbethnalgreen.co.uk/,200,,Q21008696,Mo 12:00-22:00, Tu-Th 12:00-23:00, Fr-Sa 12:00-24:00, Su 12:00-22:00,,,
,E2,E,way,1169647919,way/1169647919,51.5270275,-0.0579262,The Shakespeare,,460,Bethnal Green Road,London,,,,,,,,,,,,
,E2,E,way,445139621,way/445139621,51.5268842,-0.062121,The Star Of Bethnal Green,Electric Star Pubs,359,Bethnal Green Road,London,+44 20 8161 0502,https://starofbethnalgreen.co.uk/,200,,,Mo 16:00-24:00, Tu-Th 16:00-24:00, Fr 16:00-02:00, Sa 14:00-02:00, Su 14:00-21:00,,
,E2,E,node,1420042285,node/1420042285,51.5272941,-0.0584212,The Sun Tavern,,441,Bethnal Green Road,London,,https://www.thesuntavern.co.uk/,200,,,,,,,,,
,E2,E,way,389564046,way/389564046,51.5346696,-0.0556186,The Victory,,27,Vyner Street,London,+44 20 8980 5305,https://www.thevictory.uk/offline/,200,,,,,,,,,
,E2,E,way,934330566,way/934330566,51.5337031,-0.0642938,The Virgin Queen,,94,Goldsmiths' Row,London,+44 20 7739 0185,https://thevirginqueenpub.co.uk/,200,,,Mo-Th 17:00-23:00, Fr 14:00-24:30, Sa 12:00-24:30, Su 12:00-22:00,,,
,E2,E,way,945438537,way/945438537,51.525347,-0.0710211,The Well and Bucket,,143,Bethnal Green Road,London,+44 20 3664 6454,https://www.urbanpubsandbars.com/venues/well-bucket,,,,,,,,,,
,E2,E,node,13327212416,node/13327212416,51.5246889,-0.0551062,Three Colts Tavern,,199,Cambridge Heath Road,London,,https://www.threecoltstavern.co.uk/,200,,,,,,,,,
,E20,E,way,1360397272,way/1360397272,51.5440492,-0.0088621,Tap East,,7,International Square,London,+44 20 8555 4467,https://www.tapeast.co.uk,200,,,Mo-Sa 11:00-23:00, Su 12:00-22:00,,,,,
,E20,E,node,3280571386,node/3280571386,51.5421266,-0.0082335,The Cow,Geronimo Inns,4,Montfichet Road,London,+44 20 8291 8644,https://www.youngs.co.uk/food-drink,200,,,Mo-Th 11:00-23:00, Fr 11:00-24:00, Su 10:00-22:30, Sa 10:00-24:00,,,
,E3,E,way,288532780,way/288532780,51.5350272,-0.0330597,Eleanor Arms,,460,Old Ford Road,London,,,,,,"Mo-Th 16:00-23:00; Fr 12:00-24:00; Sa 12:00-01:00, Su 12:00-22:30",,,,,,
,E3,E,way,429089060,way/429089060,51.5321275,-0.0281061,Green Goose,,112,Anglo Road,London,,https://www.greengooselondon.com/,200,,,,,,,,,
,E3,E,way,429273275,way/429273275,51.53443,-0.0357506,Lord Morpeth,,402,Old Ford Road,London,,https://www.thelordmorpeth.co.uk/,,,,,,,,,,
,E3,E,node,12531850553,node/12531850553,51.5405898,-0.0208404,Lvls,,,Succession Walk,London,,https://www.lvls.london/,200,,,,,,,,,
,E3,E,way,1208480794,way/1208480794,51.5324923,-0.0320664,The Albert,Stonegate,74,St Stephen's Road,London,,https://www.craftunionpubs.com/the-albert-bow,200,,,,,,,,,
,E3,E,way,50826303,way/50826303,51.5195334,-0.020726,The Angel of Bow,,171-173,Devons Road,London,+44 20 7537 3045,,,,,,,,,,,
,E3,E,way,50885254,way/50885254,51.5222314,-0.014182,The Beehive,,104-106,Empson Street,London,,,,,,,,,,,,
,E3,E,way,132612884,way/132612884,51.5279377,-0.0197959,The Bow Bells,,116,Bow Road,London,,http://www.thebowbellspub.co.uk/,200,,,,,,,,,
,E3,E,way,182913386,way/182913386,51.524513,-0.0367939,The Cherry,,359,Mile End Road,London,,,,,,,,,,,,
,E3,E,way,430938730,way/430938730,51.5269648,-0.0300142,The Coborn,,6-8,Coborn Road,London,+44 20 8980 3793,https://www.thecoborn.co.uk/,200,,,Mo-Th 11:00-23:00, Fr-Sa 11:00-24:00, Su 12:00-22:30,,,,
,E3,E,way,195029749,way/195029749,51.5329011,-0.0416128,The Crown,,223,Grove Road,London,,https://www.youngs.co.uk/food-drink,200,,Q27085113,,,,,,,
,E3,E,way,533670749,way/533670749,51.5354466,-0.0216704,The Lighthouse,,421,Wick Lane,London,,,,,,,,,,,,
,E3,E,node,13191255035,node/13191255035,51.5278226,-0.0225001,The Little Driver,Stonegate,125,Bow Road,London,,https://www.craftunionpubs.com/little-driver-bow,200,,,,,,,,,
,E3,E,way,429066804,way/429066804,51.5283964,-0.0335258,The Lord Tredegar,,50,Lichfield Road,London,+44 20 8983 0130,https://thelordtredegar.co.uk/,200,,Q26318259,Mo-Th 16:00-23:00, Fr-Sa 12:00-24:00, Su 12:00-22:00,,,,
,E3,E,node,160548974,node/160548974,51.5279082,-0.0309841,The Morgan Arms,,43,Morgan Street,London,+44 20 8980 6389,https://www.morganarmsbow.com/,200,,,Mo-Sa 12:00-23:00, Su 12:00-22:30,,,,,
,E3,E,way,71500781,way/71500781,51.5291825,-0.0406892,The Palm Tree,,127,Grove Road,London,,,,,Q21008686,,,,,,,
,E3,E,way,413304152,way/413304152,51.5252563,-0.0326205,The Rusty Bike,,588,Mile End Road,London,+44 20 8981 4100,https://rustybike.pub/rusty-bike-pub-mile-end/,200,,,Su-We 12:00-23:00, Th-Sa 12:00-24:00,,,,,
,E3,E,way,195008372,way/195008372,51.5291098,-0.0382061,The Victoria,Yummy Pub Co,110,Grove Road,London,+44 20 8712 5125,https://www.thevic.london/,200,,,,,,,,,
,E3,E,way,420501808,way/420501808,51.5245457,-0.0336801,The Wentworth Arms,,127,Eric Street,London,,https://wentworthmileend.co.uk/,200,,,Mo-Sa 12:00-23:00, Su 12:00-22:30,,,,,
,E3,E,way,408226105,way/408226105,51.522205,-0.0179743,The Widows Son,,75,Devons Road,London,+44 20 7515 9072,,,,Q16707782,"Mo-Th 17:00-24:00; Fr,Sa 16:00-01:00; Su 16:00-24:00",,,,,,
,E3,E,way,1396546690,way/1396546690,51.5319084,-0.0341067,Young Prince,,448,Roman Road,London,,,,,,,,,,,,
,E4,E,supabase,,9087ecc4-9f65-4b99-bf79-f2eac3a66c89,51.6295,0.014656,Chingford Cricket Club,Chingford Cricket Club,,,,(020) 8529 5849,,,,,,,,,,,
,E4,E,supabase,,fb462bc5-c34f-40a3-a8bc-a0716c62538e,51.6218,0.0088,Dove,Independent,,,,(020) 8524 4777,,,,,,,,,,,
,E4,E,way,680363356,way/680363356,51.6251308,-0.0153264,Greene Man,Hungry Horse,191,Old Church Road,London,,https://www.hungryhorse.co.uk/pubs/greater-london/greene-man/,200,,,,,,,,,
,E4,E,way,680295876,way/680295876,51.6336623,0.0094566,Rusty Bike,,134-138,Station Road,London,+44 20 8501 7465,http://rustybike.pub/rusty-bike-pub-chingford/,200,,,We-Th 12:00-24:00, Fr-Sa 12:00-01:00, Su-Tu 12:00-23:00,,,,
,E4,E,way,681581511,way/681581511,51.6073654,0.0006745,The County Arms,Greene King,420,Hale End Road,London,,https://www.greeneking.co.uk/pubs/greater-london/county-arms,200,,,,,,,,,
,E4,E,way,626162189,way/626162189,51.6229314,0.0084406,The Dovecote,,,Friday Hill,London,,,,,,,,,,,,
,E4,E,way,685395571,way/685395571,51.6163638,-0.0170351,The King's Ford,Wetherspoon,250-252,Chingford Mount Road,London,,https://www.jdwetherspoon.com/pubs/the-kings-ford-chingford,200,,Q88916731,,,,,,,
,E4,E,way,309899227,way/309899227,51.6318915,-0.0018325,The Kings Head,,2b,Kings Head Hill,London,,,,,,,,,,,,
,E4,E,way,310872642,way/310872642,51.6168742,-0.0007495,The Larkshall,,205,Larkshall Road,London,,https://www.larkshallpub.co.uk/,,,,,,,,,,
,E4,E,way,680896798,way/680896798,51.6181502,-0.0177512,The Mount,,30-32,Old Church Road,London,,,,,,,,,,,,
,E4,E,way,1232304253,way/1232304253,51.6174673,-0.0281143,The Old Hall Tavern,,200,Hall Lane,London,,https://www.oldhalltavernchingford.co.uk/index,200,,,,,,,,,
,E4,E,way,626162208,way/626162208,51.6301609,0.0156734,The Queen Elizabeth,Ember Inns,95,Forest Side,London,+44 20 8529 1160,https://www.emberinns.co.uk/nationalsearch/london/the-queen-elizabeth-chingford,403,,,,,,,,,
,E4,E,node,3077522360,node/3077522360,51.6343309,0.0169158,The Royal Forest,,4,Ranger's Road,London,,https://royalforesteppingforest.com/,,,,,,,,,,
,E4,E,way,309900396,way/309900396,51.6349674,-0.0111771,The Royal Oak,,219,Kings Head Hill,London,,,,,,,,,,,,
,E4,E,way,916682836,way/916682836,51.6072356,-0.001001,The Stag and Lantern,,11-12,The Broadway,London,,https://www.thestagandlantern.co.uk/,,,,,,,,,,
,E4,E,way,684584616,way/684584616,51.6167602,-0.0186354,The Wishing Well,Stonegate,11,Hall Lane,London,,https://www.craftunionpubs.com/wishing-well-chingford,200,,,,,,,,,
,E5,E,way,516163788,way/516163788,51.5557472,-0.0385911,AJ's Lounge,,,,,,,,,,,,,,,,
,E5,E,way,593535886,way/593535886,51.5531948,-0.0529057,Biddle Bros.,,88,Lower Clapton Road,London,,,,,,,,,,,,
,E5,E,way,221310845,way/221310845,51.5577414,-0.0562913,Clapton Hart,Antic,231,Lower Clapton Road,London,+44 20 8985 8124,https://claptonhart.com/,200,,,,,,,,,
,E5,E,way,594763297,way/594763297,51.5557339,-0.056236,Moyletts,,181,Clarence Road,London,,https://moyletts.co.uk/,,,,,,,,,,
,E5,E,way,115190097,way/115190097,51.5618815,-0.0457469,Princess of Wales,Young's,146,Lea Bridge Road,London,+44 20 8533 5463,https://www.princessofwalesclapton.co.uk,200,,,Mo-Sa 11:00-23:00, Su 11:00-22:30,,,,,
,E5,E,way,921356497,way/921356497,51.5681592,-0.0528402,The Anchor & Hope,Fuller's,15,High Hill Ferry,London,+44 20 8806 1730,https://www.anchor-and-hope-clapton.co.uk/,200,,,,,,,,,
,E5,E,way,142313535,way/142313535,51.5622017,-0.0572595,The Crooked Billet,,84,Upper Clapton Road,London,+44 20 3058 1166,https://www.e5crookedbillet.co.uk/,200,,,"Mo 16:00-23:00; Tu-We,Su 12:00-23:00; Th-Sa 12:00-24:00",,,,,,
,E5,E,way,371174113,way/371174113,51.553441,-0.0469891,The Elderfield,,57,Elderfield Road,London,,https://www.theelderfield.com/,200,,,Mo-Th 16:00-23:00, Fr 16:00-24:00, Sa 12:00-24:00, Su 12:00-23:00,,,
,E5,E,way,228900858,way/228900858,51.5587134,-0.0633339,The London Tavern,,92,Rendlesham Road,London,+44 20 8985 3644,,,,,,,,,,,
,E5,E,node,306966699,node/306966699,51.5626442,-0.0631966,The Royal Sovereign,,64,Northwold Road,London,,https://www.royalsovereignclapton.co.uk/index,,,,,,,,,,
,E5,E,way,373406676,way/373406676,51.5531305,-0.057762,The Star by Hackney Downs,Electric Star Pubs,35,Queensdown Road,London,+44 20 7458 4481,https://starbyhackneydowns.co.uk/,200,,,Mo-Th 15:00-23:00, Fr 15:00-01:00, Sa 12:00-01:00, Su 12:00-23:00,,,
,E6,E,node,666209570,node/666209570,51.5143494,0.0571765,Berneliu Uzeiga - Shepherds Inn,,16,Mary Rose Mall,London,,https://www.berneliaiuk.co.uk/languages-beckton,404,,,Mo-Su 12:00-22:00,,,,,,
,E6,E,supabase,,3d49e7a8-7b6f-40da-9779-995212d8f8cf,51.5304,0.038098,Boleyn Tavern,Remarkable Pubs,,,,(020) 8472 2182,https://boleyntavern.co.uk/,,,,,,,,,,
,E6,E,way,757875931,way/757875931,51.5148515,0.0610355,Brewers Fayre,Brewers Fayre,1,Woolwich Manor Way,London,,https://www.brewersfayre.co.uk/en-gb/locations/greater-london/winsor-house,,,,,,,,,,
,E6,E,way,1285226741,way/1285226741,51.5300016,0.0554943,Red Lion,,80,High Street South,London,,,,,,Mo Off, Tu Off, We Off, Th 15:00-23:00, Fr 15:00-24:30, Sa 12:00-24:30, Su 12:00-22:00
,E6,E,way,436146455,way/436146455,51.5305097,0.0381221,The Boleyn,,1,Barking Road,London,,https://boleyntavern.co.uk/,,,Q17361837,Mo-We 16:00-23:00, Th 12:00-23:00, Fr-Sa 12:00-01:00, Su 12:00-22:00,,,
,E6,E,node,331933100,node/331933100,51.5394029,0.051311,The Overdraft Tavern,,,,,,,,,,,,,,,,
,E7,E,way,879875254,way/879875254,51.5499607,0.024337,Forest Tavern,Antic London,173-175,Forest Lane,London,+44 20 8503 0868,,,,,Mo-Th 16:00-23:00, Fr 16:00-01:00, Sa 12:00-01:00, Su 12:00-23:00,,,
,E7,E,way,875103908,way/875103908,51.5500244,0.0245959,Fox & Hounds,Stonegate,178,Forest Lane,London,,https://www.craftunionpubs.com/fox-and-hounds-forest-gate,200,,,,,,,,,
,E7,E,way,224178092,way/224178092,51.5557511,0.0202912,Holly Tree,,141,Dames Road,London,,https://thehollytreepub.co.uk/,,,,,,,,,,
,E7,E,way,458783542,way/458783542,51.5480608,0.0399866,Rising Sun,,528,Romford Road,London,+44 20 7472 0547,,,,,,,,,,,
,E7,E,way,976351907,way/976351907,51.5537312,0.0338422,The Forest Gate Hotel,,105,Godwin Road,London,,https://www.theforestgatehotel.co.uk/,,,,Mo-Su 09:00-23:00,,,,,,
,E7,E,supabase,,7bf5b7a8-3672-4d2e-985f-09e46cc34c3f,51.5555,0.018757,Wanstead Tap,Independent,,,,07976 787419,,,,,,,,,,,
,E8,E,supabase,,08b8fb79-3bce-4053-afe2-bd2f39166df3,51.5469,-0.073924,40ft Brewery Tap,40FT Brewery,,,,(020) 8050 5125,,,,,,,,,,,
,E8,E,way,366327540,way/366327540,51.5374676,-0.0609209,Cat and Mutton,,76,Broadway Market,London,+44 20 7249 6555,https://www.catandmutton.com/,200,,,Mo 12:00-23:00, Tu-We 12:00-23:00, Th 12:00-00:00, Fr-Sa 12:00-01:00, Su 12:00-22:30,,
,E8,E,way,142371465,way/142371465,51.5463204,-0.0553781,Cock Tavern,,315,Mare Street,London,,,,,,"Mo-Th 12:00-23:00, Fr,Sa 12:00-01:00, Su 12:00-22:30",,,,,,
,E8,E,supabase,,a888527e-8e3f-4d4a-9b38-2f942ed9377f,51.5364,-0.061722,Dove Free House & Kitchen,Independent,,,,(020) 7275 7617,,,,,,,,,,,
,E8,E,supabase,,fb8739dc-635a-4fc9-97e2-f7103a09cf9c,51.5464,-0.074017,Farr's Dalston,Portobello,,,,(020) 7923 4553,,,,,,,,,,,
,E8,E,supabase,,ea691433-979e-4d94-ba90-36c8db8d759b,51.5368,-0.057248,Five Points Brewery Taproom.,Five Points Brewing Co,,,,(020) 8533 7746,,,,,,,,,,,
,E8,E,supabase,,a6d78559-f2c5-4df3-8564-217a75e30cff,51.5474,-0.05245,Hackney Church Brew Company,Church Brew Co,,,,(020) 3795 8295,,,,,,,,,,,
,E8,E,way,395000517,way/395000517,51.5546431,-0.0680929,Hand of Glory,,240,Amhurst Road,London,+44 20 7249 7455,,,,,Mo-Th 16:00-24:00, Fr 16:00-01:00, Sa 13:00-01:00, Su 13:00-24:00,,,
,E8,E,way,589699814,way/589699814,51.5459055,-0.0556389,Old Ship,,2,Sylvester Path,London,+44 20 8986 2732,https://www.urbanpubsandbars.com/venues/the-old-ship,200,,,Mo-Sa 11:00-22:00, Su 12:00-22:00,,,,,
,E8,E,way,372701658,way/372701658,51.5493256,-0.0592476,Pembury Tavern,,90,Amhurst Road,London,+44 20 8986 8597,https://pemburytavern.co.uk/,200,,,Mo-We 16:00-23:00, Th-Fr 16:00-24:00, Sa 12:00-24:00, Su 12:00-23:00,,,
,E8,E,way,970859357,way/970859357,51.5450242,-0.0681027,Prince George,,40,Parkholme Road,London,+44 20 7254 6060,https://theprincegeorgepub.co.uk/,200,,,"Mo-Th 16:00-23:00, Fr,Sa 12:00-24:00, Su 12:00-22:00",,,,,,
,E8,E,way,333082445,way/333082445,51.5420771,-0.0582953,Pub on the Park,,19,Martello Street,London,+44 20 7923 3398,https://pubonthepark.com/,200,,,Mo-Su 12:00-22:00,,,,,,
,E8,E,way,469649790,way/469649790,51.5367031,-0.0756943,Signature Brew Taproom and Venue,Signature Brew,340,Acton Mews,London,,https://www.signaturebrew.co.uk/pages/the-signature-brew-taproom-venue-in-haggerston-east-london,200,,,,,,,,,
,E8,E,way,373347592,way/373347592,51.5453593,-0.0632443,Spurstowe Arms,,68,Greenwood Road,London,,https://www.spurstowearms.com/,200,,,,,,,,,
,E8,E,way,372808122,way/372808122,51.5495175,-0.054525,The Crown,,418,Mare Street,London,,https://www.thecrownhackney.co.uk/,200,,,,,,,,,
,E8,E,way,237487429,way/237487429,51.546115,-0.075395,The Crown and Castle,,600,Kingsland Road,London,,https://www.urbanpubsandbars.com/venues/crown-castle,200,,,Mo-Th 17:00-22:00, Fr-Su 12:00-22:00,,,,,
,E8,E,way,587954387,way/587954387,51.5398797,-0.0561993,The Dolphin,,165,Mare Street,London,,https://thedolphinhackney.co.uk/,,,Q16954461,"Tu,We,Su 15:00-24:00; Mo off, Th 15:00-01:30, Fr,Sa 15:00-03:00",,,,,,
,E8,E,way,366327440,way/366327440,51.5363501,-0.0616983,The Dove,,24-28,Broadway Market,London,+44 20 7275 7617,https://dovepubs.com/,200,,,Mo off, Tu-Fr 12:00-23:00, Sa 11:00-23:00, Su 12:00-23:00,,,
,E8,E,way,953306259,way/953306259,51.5429411,-0.0696797,The Duke of Richmond,,316,Queensbridge Road,London,+44 20 7923 3990,https://thedukeofrichmond.com/,200,,Q26528639,"Mo-Th 16:00-22:30; Fr,Sa 12:00-22:30; Su 12:00-22:00",,,,,,
,E8,E,node,52755412,node/52755412,51.5401086,-0.0744743,The Duke of Wellington,,260,Haggerston Road,London,,,,,,,,,,,,
,E8,E,way,262258278,way/262258278,51.5406699,-0.0761735,The Fox,,372,Kingsland Road,London,,,,,,,,,,,,
,E8,E,way,411359426,way/411359426,51.5423061,-0.0758309,The Haggerston,,438,Kingsland Road,London,+44 20 7249 7625,,,,,Mo-Th 11:00-01:00, Fr-Su 11:00-03:00,,,,,
,E8,E,way,593373600,way/593373600,51.5494403,-0.0545803,The Half Crown,,416,Mare Street,London,,https://www.thecrownhackney.co.uk/,,,,,,,,,,
,E8,E,way,142371498,way/142371498,51.5386524,-0.0572924,The London Fields,Urban Pubs & Bars,137,Mare Street,London,+44 20 3889 6173,https://www.urbanpubsandbars.com/venues/the-london-fields,200,,,"Mo,Tu 16:00-23:00; We 12:00-24:00; Th 12:00-01:00; Fr 12:00-03:00; Sa 12:00-03:00; Su 12:00-22:00",,,,,,
,E8,E,way,459672112,way/459672112,51.5519623,-0.0746778,The Marquee Moon,,48,Stoke Newington Road,London,,https://themarqueemoon.uk/,200,,,,,,,,,
,E8,E,way,956665216,way/956665216,51.5441576,-0.0655737,The Prince Arthur,,95,Forest Road,London,+44 20 7249 1119,https://www.theprincearthure8.com/,200,,,Mo-Sa 12:00-23:00, Su 12:00-22:00,,,,,
,E8,E,way,466647109,way/466647109,51.5524015,-0.0713899,The Shacklewell Arms,,71,Shacklewell Lane,London,+44 20 7249 0810,http://www.shacklewellarms.com/,200,,,Mo-Th 17:00-24:00, Fr-Sa 16:00-03:00, Su 16:00-24:00,,,,
,E8,E,way,863500628,way/863500628,51.5483109,-0.0686438,The Three Compasses,,99,Dalston Lane,London,+44 20 7923 4752,https://www.3compasses.com/,200,,,,,,,,,
,E8,E,way,531572661,way/531572661,51.545742,-0.0701004,The Victoria,,451,Queensbridge Road,London,+44 20 7684 0944,https://www.jaguarshoes.com/venues/the-victoria/,200,,,Mo-Th 12:00-01:00, Fr-Sa 12:00-02:00, Su 12:00-01:00,,,,
,E9,E,way,606507213,way/606507213,51.5476012,-0.0501093,Chesham Arms,,15,Mehetabel Road,London,+44 20 8986 6717,https://www.cheshamarms.com/,200,,Q105235854,Mo-Fr 16:00-23:00, Sa 12:00-23:00, Su 12:00-22:30,,,,
,E9,E,node,2296112253,node/2296112253,51.5429973,-0.0220788,Crate Brewery & Pizza,,43,White Post Lane,London,+44 7834 275687,https://www.cratebrewery.com/,200,,Q98070340,"Mo-Th,Su 12:00-23:00; Fr-Sa 12:00-01:00",,,,,,
,E9,E,way,272507642,way/272507642,51.5456965,-0.0545009,General Browning Club,,83,Valette Street,London,,,,,,,,,,,,
,E9,E,supabase,,e5997a64-880a-4cad-9a17-30c8972e15e3,51.5459,-0.053817,Globe,Craft Union,,,,(020) 7985 6455,,,,,,,,,,,
,E9,E,way,525700383,way/525700383,51.5431312,-0.0252467,Lord Napier and Star,Electric Star Pubs,25,White Post Lane,London,+44 20 8161 4338,https://lordnapierstar.co.uk/,200,,,"Mo-We 16:00-24:00, Th,Su 12:00-24:00, Fr,Sa 12:00-01:30",,,,,,
,E9,E,supabase,,d69301f1-b03a-42cd-8187-b7d15c25c5a4,51.5457,-0.054506,Moth Club,Independent,,,,(020) 8985 7963,,,,,,,,,,,
,E9,E,way,95243702,way/95243702,51.5416411,-0.0377196,People's Park Tavern,,360,Victoria Park Road,London,+44 20 8533 0040,https://www.peoplesparktavern.pub/,200,,,Mo-Th 12:00-00:00, Fr 12:00-01:00, Sa 12:00-02:00, Su 12:00-00:00,,,
,E9,E,way,982884990,way/982884990,51.5488932,-0.0404234,The Adam & Eve,,155,Homerton High Street,London,+44 20 8985 1494,https://adamandevepub.com/,200,,,Mo-Th 16:00-22:00, Fr-Su 12:00-22:00,,,,,
,E9,E,way,663004043,way/663004043,51.5446529,-0.0241495,The Beer Merchants Tap,,99,Wallis Road,London,,https://beermerchantstap.com/,200,,,Mo-We 15:00-23:00, Th-Sa 12:00-23:00, Su 12:00-22:00,,,,
,E9,E,way,416439002,way/416439002,51.5453097,-0.0549162,The DC Lion,,282,Mare Street,London,,,,,Q88916477,,,,,,,
,E9,E,way,480686698,way/480686698,51.5453942,-0.0414522,The Eagle,,103,Wick Road,London,,,,,,,,,,,,
,E9,E,way,600916017,way/600916017,51.5369808,-0.04491,The Empress,,130a,Lauriston Road,London,+44 20 8533 5123,https://empresse9.co.uk/,200,,,Mo 16:00-23:00, Tu-Sa 12:00-23:00, Su 12:00-10:30,,,,
,E9,E,way,475491527,way/475491527,51.5459188,-0.05378,The Globe in Morning Lane,Stonegate,20,Morning Lane,London,,https://www.craftunionpubs.com/globe-inn-hackney,200,,,,,,,,,
,E9,E,way,848656899,way/848656899,51.5441967,-0.0471116,The Gun,,235,Well Street,London,,https://www.thegunhackney.com/,200,,,12:00-23:00,,,,,,
,E9,E,way,601823724,way/601823724,51.5384155,-0.0439635,The Hawke,,233-235,Victoria Park Road,London,,,,,,,,,,,,
,E9,E,way,387574439,way/387574439,51.5371819,-0.0489246,The Hemingway,,84,Victoria Park Road,London,,http://www.thehemingway.co.uk,200,,,,,,,,,
,E9,E,way,457300035,way/457300035,51.5440895,-0.0444155,The Kenton,,38,Kenton Road,London,+44 20 8533 9492,https://www.kentonpub.co.uk/,200,,,Mo-We 16:00-23:00, Th 16:00-24:00, Fr 16:00-01:00, Sa 12:00-01:00, Su 13:00-22:30,,
,E9,E,way,601291041,way/601291041,51.5378625,-0.0451593,The Lauriston,,162,Victoria Park Road,London,,https://thelauriston.com/,200,,,"Mo 11:00-23:45; Tu-Th 11:00-24:00; Fr-Sa 11:00-00:30, Su 11:00-23:45",,,,,,
,E9,E,way,668568684,way/668568684,51.547118,-0.0243093,The Lock Inn,,26,East Bay Lane,London,,,,,,,,,,,,
,E9,E,way,95243769,way/95243769,51.5367585,-0.0432414,The Royal Inn on the Park,,111,Lauriston Road,London,,,,,,Mo-Su 12:00-23:00,,,,,,
,E9,E,way,637516538,way/637516538,51.5485949,-0.0407307,The Spread Eagle,RDHC Ltd,224,Homerton High Street,London,+44 20 8985 0400,https://www.thespreadeaglelondon.co.uk/,200,,,Mo-Th 16:00-23:00, Fr 16:00-01:00, Sa 12:00-02:00, Su 12:00-22:30,,,
,EC1A,EC,way,439335533,way/439335533,51.5170744,-0.0983567,Lamb and Trotter,,6,Little Britain,London,,https://www.lambandtrotter.co.uk/,,,,,,,,,,
,EC1A,EC,way,146989400,way/146989400,51.5194672,-0.0991535,Old Red Cow,,71-72,Long Lane,London,,,,,,,,,,,,
,EC1A,EC,way,172306189,way/172306189,51.5170464,-0.1053263,Paris Bar,,54,,London,,,,,,,,,,,,
,EC1A,EC,way,430451203,way/430451203,51.5191184,-0.0998538,Rising Sun,,38,Cloth Fair,London,,https://risingsunfarringdon.co.uk/,,,Q42847513,Mo-Sa 12:00-23:00, Su 12:00-22:30,,,,,
,EC1A,EC,way,100835971,way/100835971,51.5184882,-0.1019137,The Bishops Finger,,9-10,West Smithfield,London,,https://www.thebishopsfinger.co.uk/,,,,,,,,,,
,EC1A,EC,way,146986827,way/146986827,51.5187908,-0.1004541,The Butcher's Hook and Cleaver,Fuller's,61,West Smithfield,London,,https://www.butchershookandcleaver.co.uk/,200,,,,,,,,,
,EC1A,EC,way,430448024,way/430448024,51.5193253,-0.0987778,The Hand & Shears,,1,Middle Street,London,,https://thehandandshears.com/,200,,Q17361851,Mo-Fr 12:00-23:00,,,,,,
,EC1A,EC,way,147191437,way/147191437,51.5165523,-0.0965952,The Lord Raglan,Greene King,61,St. Martin's Le Grand,London,,https://www.greeneking.co.uk/pubs/greater-london/lord-raglan,200,,,Mo-Fr 11:00-23:00, Sa 11:00-19:30, Su Off,,,,
,EC1A,EC,way,170525606,way/170525606,51.5162941,-0.1016804,The Viaduct Tavern,Fuller's,126,Newgate Street,London,+44 20 7600 1863,https://www.viaducttavern.co.uk/,200,,Q17030424,Mo-Fr 11:00-23:00,,,,,,
,EC1M,EC,way,147004014,way/147004014,51.5202618,-0.10139,Barsmith,,18-20,St. John Street,London,,,,,,,,,,,,
,EC1M,EC,node,280525285,node/280525285,51.5221729,-0.1032382,Clerkenwell Social,,2-5,St John's Square,London,,,,,,,,,,,,
,EC1M,EC,way,97175520,way/97175520,51.5204378,-0.1007573,Fox and Anchor,Young's,115,Charterhouse Street,London,,https://www.foxandanchor.com/,,,Q17361847,,,,,,,
,EC1M,EC,supabase,,3ed679cd-1ddd-4fab-9604-085dfb83983f,51.5235,-0.099228,Hat & Feathers,Hotel Indigo / IHG (hotel operation),,,,,,,,,,,,,,,
,EC1M,EC,way,42935883,way/42935883,51.5195269,-0.102759,Smiths of Smithfield,,67-77,Charterhouse Street,London,+44 207 251 7950,https://www.smithsofsmithfield.co.uk,200,,Q27086035,Mo-Fr 07:30-23:00, Sa 10:00-22:00,,,,,
,EC1M,EC,supabase,,25bcbd83-7ba6-48d1-afc6-aab6b9c81fea,51.5205,-0.101502,St John,,,,,(020) 7251 0848,,,,,,,,,,,
,EC1M,EC,node,593553106,node/593553106,51.5204548,-0.1033955,The Boundary,Stonegate,,Cowcross Street,London,,https://www.socialpubandkitchen.co.uk/boundary-farringdon,200,,,,,,,,,
,EC1M,EC,node,475933772,node/475933772,51.5202193,-0.1041739,The Castle,,34-35,Cowcross Street,London,,https://www.thecastlefarringdon.co.uk/,403,,Q27080326,Mo-Su 10:00-23:00,,,,,,
,EC1M,EC,way,503225516,way/503225516,51.5200026,-0.1037472,The Fence,Fuller's,67-69A,Cowcross Street,London,,https://www.thefenceuk.co.uk/,200,,,,,,,,,
,EC1M,EC,way,186152883,way/186152883,51.5217751,-0.104037,The Holy Tavern,St Peter's Brewery,55,Britton Street,London,,,,,Q27083724,Mo-Sa 12:00-23:00, Su 12:00-21:30,,,,,
,EC1M,EC,way,146989396,way/146989396,51.5197721,-0.1021298,The Hope,Young's,94,Cowcross Street,London,,,,,Q16994281,,,,,,,
,EC1M,EC,way,569138325,way/569138325,51.5198291,-0.105994,The Sir John Oldcastle,Wetherspoon,29-35,Farringdon Road,London,+44 20 7242 1013,https://www.jdwetherspoon.com/pubs/the-sir-john-oldcastle-farringdon,200,,Q88973876,Su-We 08:00-23:30, Th-Sa 08:00-24:00,,,,,
,EC1M,EC,way,568747636,way/568747636,51.5192701,-0.1037567,The Smithfield Market Arms,,55,Charterhouse Street,London,,https://www.tam.tv/locations/smithfield,200,,,,,,,,,
,EC1M,EC,way,203530059,way/203530059,51.5207031,-0.098165,The Sutton Arms,Fuller's,6,Carthusian Street,London,,https://www.sutton-arms.co.uk/,200,,,Mo-Fr 12:00-23:00,,,,,,
,EC1M,EC,way,502991820,way/502991820,51.5199995,-0.1039062,The Three Compasses,,66,Cowcross Street,London,,,,,,,,,,,,
,EC1M,EC,way,147495191,way/147495191,51.5211978,-0.1017737,White Bear,,57,St. John Street,London,,https://www.whitebearfarringdon.com/,,,Q17031032,,,,,,,
,EC1N,EC,node,338472534,node/338472534,51.5181575,-0.1088985,Sir Christopher Hatton,Nicholson's,4,Leather Lane,London,+44 20 7404 9436,https://www.nicholsonspubs.co.uk/restaurants/london/thesirchristopherhattonhattongardenlondon,403,,,"Mo-Th 10:00-23:30, Fr,Sa 10:00-00:30, Su 10:00-22:30",,,,,,
,EC1N,EC,node,338463555,node/338463555,51.5190993,-0.1088628,The Argyle,,1,Greville Street,London,,,,,,"Mo-Fr 11:30-23:00, Sa 12:00-20:00",,,,,,
,EC1N,EC,way,569138307,way/569138307,51.5193878,-0.1069636,The Bleeding Heart Tavern,,19,Greville Street,London,,https://bleedingheart.co.uk/tavern,,,,,,,,,,
,EC1N,EC,way,257148829,way/257148829,51.5212422,-0.1097134,The Craft Beer Co.,The Craft Beer Co.,82,Leather Lane,London,,http://www.thecraftbeerco.com/clerkenwell/,200,,,Mo-Sa 12:00-23:00, Su 12:00-23:00,,,,,
,EC1N,EC,way,572670795,way/572670795,51.5217553,-0.1081237,The Hat and Tun,,3,Hatton Wall,London,+44 20 7242 4747,https://www.thehatandtun.com,200,,,Mo-Fr 12:00-23:00,,,,,,
,EC1N,EC,way,98515735,way/98515735,51.5197627,-0.1064501,The One Tun,,125,Saffron Hill,London,,,,,,,,,,,,
,EC1N,EC,way,420644092,way/420644092,51.5184292,-0.1073989,Ye Olde Mitre,Fuller's,1,Ely Court,London,,https://www.yeoldemitreholborn.co.uk/,200,,Q15979621,,,,,,,
,EC1R,EC,way,42527973,way/42527973,51.523372,-0.1080579,Betsey Trotwood,,56,Farringdon Road,London,+44 20 7253 4285,https://www.thebetsey.com,200,,,"Mo 12:00-23:00; Tu 12:00-23:30; We 12:00-24:00; Th,Fr 12:00-25:00; Sa 17:00-25:00",,,,,,
,EC1R,EC,way,99379732,way/99379732,51.5257637,-0.1096648,Exmouth Arms,,23,Exmouth Market,London,+44 20 3551 4772,https://www.urbanpubsandbars.com/venues/exmouth-arms,200,,,,,,,,,
,EC1R,EC,way,155363856,way/155363856,51.523877,-0.1067774,Horseshoe,,24,Clerkenwell Close,London,,,,,,Mo-Fr 12:00-23:00,,,,,,
,EC1R,EC,way,99379796,way/99379796,51.5259707,-0.1092208,Mikkeller Brewpub London,,37-39,Exmouth Market,London,,https://www.mikkeller.com/locations/mikkeller-brewpub-london,200,,,Mo-Th 12:00-22:30, Fr-Sa 12:00-23:30, Su 12:00-22:00,,,,
,EC1R,EC,node,5192841322,node/5192841322,51.5224158,-0.1074931,Ninth Ward,,99-101,Farringdon Road,London,+44 20 7833 2949,https://www.ninthwardlondon.com/,200,,,Tu-We 16:00-26:00, Th-Fr 12:00-27:00, Sa 17:00-27:00,,,,
,EC1R,EC,way,99379749,way/99379749,51.526764,-0.1089474,Old China Hand,,8,Tysoe Street,London,,,,,,,,,,,,
,EC1R,EC,way,203180588,way/203180588,51.5230004,-0.1070053,The City Pride,Fuller's,28,Farringdon Lane,London,+44 20 7251 8883,https://www.cityprideclerkenwell.co.uk,200,,,Mo-Fr 12:00-23:00,,,,,,
,EC1R,EC,way,70298958,way/70298958,51.5221405,-0.1106547,The Clerk & Well,Stonegate,156,Clerkenwell Road,London,+44 20 7837 8548,https://www.theclerkandwellpub.co.uk/,,,,,,,,,,
,EC1R,EC,way,147734606,way/147734606,51.5250218,-0.1102984,The Clerkenwell Tavern,,2,Exmouth Market,London,+44 20 8161 0439,https://theclerkenwelltavern.co.uk/,200,,,Mo-Tu 12:00-23:00, We 12:00-24:00, Th-Sa 12:00-01:00, Su 12:00-23:00,,,
,EC1R,EC,way,98526005,way/98526005,51.5230268,-0.1092892,The Coach,,26-28,Ray Street,London,+44 20 3954 1595,https://www.thecoachclerkenwell.co.uk/,200,,,Mo-Sa 11:00-23:00, Su 12:00-22:00,,,,,
,EC1R,EC,way,155363890,way/155363890,51.5231819,-0.1052383,The Crown Tavern,,43,Clerkenwell Green,London,+44 20 7253 4973,,,,Q26490121,Mo-Sa 12:00-23:00, Su 12:00-20:00,,,,,
,EC1R,EC,way,155341971,way/155341971,51.524138,-0.1097433,The Eagle,,159,Farringdon Road,London,+44 20 7837 1353,https://theeaglefarringdon.co.uk/,200,,,,,,,,,
,EC1R,EC,way,99067531,way/99067531,51.5299325,-0.1102522,The George and Monkey,,68,Amwell Street,London,,https://www.georgeandmonkey.co.uk,200,,,,,,,,,
,EC1R,EC,way,155343103,way/155343103,51.5227879,-0.1063854,The Green,,29,Clerkenwell Green,London,,https://www.thegreenclerkenwell.com,200,,,Mo 17:00-22:00, Tu-We 12:00-22:30, Th-Sa 12:00-23:30,,,,
,EC1R,EC,node,452433527,node/452433527,51.5224993,-0.1104184,The Gunmakers,,,,,,,,,,,,,,,,
,EC1R,EC,way,163272356,way/163272356,51.5298926,-0.1061838,The Harlequin,,27,Arlington Way,London,+44 20 7833 1129,,,,,,,,,,,
,EC1R,EC,way,99813922,way/99813922,51.5243438,-0.1081924,The Marian Anderson,,28-32,Bowling Green Lane,London,,https://themariananderson.com/,,,,Mo-Sa 12:00-23:00, Su 12:00-20:00,,,,,
,EC1R,EC,way,145481097,way/145481097,51.5243158,-0.1044348,The Sekforde,,34,Sekforde Street,London,+44 20 7250 0010,https://www.thesekforde.com/,200,,Q27080346,Mo-Th 12:00-23:00, Fr-Su 12:00-24:00,,,,,
,EC1R,EC,way,99057959,way/99057959,51.5294484,-0.1067885,The Shakespeare's Head,,1,Arlington Way,London,,,,,,,,,,,,
,EC1R,EC,way,155363891,way/155363891,51.5232688,-0.1058192,The Three Kings,,7,Clerkenwell Close,London,+44 20 3781 1359,https://www.thethreekings.london,200,,,Mo-Sa 12:00-23:00, Su 12:00-21:00,,,,,
,EC1R,EC,way,665469557,way/665469557,51.5261368,-0.1101095,The Wilmington,,69,Rosebery Avenue,London,,https://www.wilmingtonclerkenwell.com/,,,,,,,,,,
,EC1V,EC,node,988573532,node/988573532,51.5298098,-0.1048949,Crudough,,,,,,,,,,,,,,,,
,EC1V,EC,way,163997057,way/163997057,51.5267439,-0.0808851,Be At One,Stonegate,,,,,https://www.beatone.co.uk/shoreditch,200,,,,,,,,,
,EC1V,EC,supabase,,88efd5f1-e9f9-4f0c-a28a-412e52e5ae7d,51.5273,-0.0945365,Britannia,Independent,,,,07932 752156,,,,,,,,,,,
,EC1V,EC,way,146543172,way/146543172,51.5281488,-0.1045388,Dame Alice Owen,,292-294,St. John Street,London,,https://www.damealiceowen.com/,200,,,,,,,,,
,EC1V,EC,way,167261940,way/167261940,51.5239337,-0.0963178,Il Cicchetto,,44,Old Street,London,,,,,,,,,,,,
,EC1V,EC,way,154856396,way/154856396,51.5270176,-0.089041,Old Fountain,,3,Baldwin Street,London,+44 20 7253 2970,https://oldfountain.co.uk/,200,,,,,,,,,
,EC1V,EC,way,100442829,way/100442829,51.531418,-0.1059198,Old Red Lion,,418,St. John Street,London,,https://weareoldred.co.uk/,,,Q7084824,,,,,,,
,EC1V,EC,node,248444184,node/248444184,51.525197,-0.0900377,Sports Bar & Grill,,174-180,Old Street,London,,,,,,,,,,,,
,EC1V,EC,way,97553868,way/97553868,51.5229125,-0.1041261,The Artisan,,53-54,St John's Square,London,,,,,,,,,,,,
,EC1V,EC,way,164010931,way/164010931,51.5272983,-0.094491,The Britannia Public House,,94,Ironmonger Row,London,+44 7932 752156,https://www.britanniatavern.com/,200,,,"Mo-Sa 12:00-23:00; Su,PH 12:00-19:00",,,,,,
,EC1V,EC,way,155366810,way/155366810,51.5271864,-0.0970114,The Corner Bar,,,,,,,,,,,,,,,,
,EC1V,EC,way,155354349,way/155354349,51.5232109,-0.1039624,The Dovetail,,9-10,Jerusalem Passage,London,+44 20 7490 7321,https://www.dovetailec1.co.uk,200,,,,,,,,,
,EC1V,EC,way,157247469,way/157247469,51.5260468,-0.0851025,The Horns,,262-264,Old Street,London,,,,,,,,,,,,
,EC1V,EC,node,294950903,node/294950903,51.5251618,-0.0905437,The Masque Haunt,Wetherspoon,168-172,Old Street,London,,https://www.jdwetherspoon.com/pubs/the-masque-haunt-old-street,200,,Q88973878,,,,,,,
,EC1V,EC,way,149390344,way/149390344,51.5258666,-0.0995814,The Old Ivy House,,166,Goswell Road,London,+44 20 7253 7429,https://oldivyhouse.co.uk/,,,,Mo-Su 10:00-01:00,,,,,,
,EC1V,EC,way,164244210,way/164244210,51.5265986,-0.0814232,The Reliance,,336,Old Street,London,+44 20 7729 6888,https://therelianceshoreditch.co.uk/,200,,,"Mo-We,Su 12:00-23:00; Th-Sa 12:00-02:00",,,,,,
,EC1V,EC,way,160527361,way/160527361,51.5233123,-0.1012071,The Slaughtered Lamb,,34-35,Great Sutton Street,London,,https://www.urbanpubsandbars.com/venues/slaughtered-lamb,,,,"Sa-We 12:00-24:00, Th,Fr 12:00-01:00",,,,,,
,EC1V,EC,way,164475611,way/164475611,51.5274788,-0.0782005,The Spread Eagle,,3,Kingsland Road,London,,,,,,,,,,,,
,EC1V,EC,way,149070189,way/149070189,51.5233155,-0.100327,The Sutton Arms,,16,Great Sutton Street,London,,https://www.sutton-arms.co.uk/,,,,,,,,,,
,EC1Y,EC,way,187581780,way/187581780,51.5246654,-0.0873704,The Angel,,73,City Road,London,+44 20 7253 3753,https://www.theangelcityroad.co.uk/,403,,,,,,,,,
,EC1Y,EC,way,672780137,way/672780137,51.5234086,-0.090095,The Artillery Arms,Fuller's,102,Bunhill Row,London,,https://www.artillery-arms.co.uk/,200,,,,,,,,,
,EC1Y,EC,way,160279486,way/160279486,51.520922,-0.0921713,The Jugged Hare,,49,Chiswell Street,London,,https://etmcollection.co.uk/venue/the-jugged-hare/,200,,Q27082427,,,,,,,
,EC1Y,EC,way,203526627,way/203526627,51.5217251,-0.0969985,The Shakespeare,,2,Goswell Road,London,+44 20 7253 6116,https://www.theshakespearebarbican.co.uk/,200,,,Mo-Fr 11:00-23:00, Sa 16:00-23:00,,,,,
,EC1Y,EC,node,291953084,node/291953084,51.5241672,-0.0934981,The Whitecross Tap,Stonegate,142-146,Whitecross Street,London,,https://www.socialpubandkitchen.co.uk/whitecross-tap-old-street,200,,,,,,,,,
,EC1Y,EC,node,289075156,node/289075156,51.5224839,-0.0928541,Two Brewers,,121,Whitecross Street,London,,https://twobrewerswhitecross.uk/,,,,,,,,,,
,EC2A,EC,way,667230136,way/667230136,51.521812,-0.0796361,Beechwood,,1A Principle Place,Worship Street,London,+44 20 8161 0444,https://www.sportlondon.com/beechwood,200,,,Mo-Su 11:00-23:00,,,,,,
,EC2A,EC,way,163995943,way/163995943,51.526175,-0.0811116,Bricklayer's Arms,,63,Charlotte Road,London,,,,,,,,,,,,
,EC2A,EC,node,5722196422,node/5722196422,51.5200131,-0.0808406,Exchange Square,,,,,,,,,,,,,,,,
,EC2A,EC,way,629300448,way/629300448,51.5217492,-0.0873457,Finch's,Young's,12a,Finsbury Square,London,+44 20 7588 3311,https://www.finchspub.co.uk/,200,,,Mo-Fr 09:00-23:00, Sa 11:00-20:00, Su off,,,,
,EC2A,EC,node,4969009472,node/4969009472,51.5219834,-0.0855031,Long Arm Pub & Brewery,,20-26,Worship Street,London,,https://longarmpub.co.uk/,,,,Th-Sa 11:00-02:00, Mo-We 11:00-00:00, Su 11:00-23:00,,,,
,EC2A,EC,way,164245940,way/164245940,51.5262773,-0.0801662,Nancy Spains,,128-130,Curtain Road,London,,https://nancyspains.co.uk/,200,,,,,,,,,
,EC2A,EC,way,164527293,way/164527293,51.5231109,-0.0823032,Old Kings Head,,28,Holywell Row,London,,,,,,,,,,,,
,EC2A,EC,way,157021561,way/157021561,51.5260672,-0.080531,The Barley Mow,,127,Curtain Road,London,,https://thebarleymowshoreditch.co.uk/,,,,,,,,,,
,EC2A,EC,way,159052524,way/159052524,51.5204366,-0.0849871,The Flying Horse,,52,Wilson Street,London,+44 20 7247 5338,https://www.flyinghorsepub.co.uk/,200,,Q27083485,Mo-Fr 11:00-00:00,,,,,,
,EC2A,EC,way,161289706,way/161289706,51.5234298,-0.0841783,The Fox,,28-30,Paul Street,London,,https://thefoxpublichouse.co.uk/,200,,,,,,,,,
,EC2A,EC,way,155367405,way/155367405,51.5248391,-0.0819902,The Griffin,,93,Leonard Street,London,+44 20 3745 7496,https://www.urbanpubsandbars.com/venues/the-griffin,200,,Q27086982,Mo-Fr 12:00-00:00, Sa 12:00-01:00, Su 13:00-22:00,,,,
,EC2A,EC,way,164534150,way/164534150,51.5228612,-0.0804337,The Horse & Groom,Greene King,28,Curtain Road,London,,https://www.thehorseandgroom.net/,200,,,,,,,,,
,EC2A,EC,way,1183654746,way/1183654746,51.5222333,-0.0843165,The Joiner on Worship,,,,,+44 20 3952 9468,https://www.thejoineronworship.com/,200,,,"Mo-We,Fr 12:00-22:00; Th 12:00-23:00; Sa 13:00-23:00; Su 15:00-22:00",,,,,,
,EC2A,EC,way,157236295,way/157236295,51.5243737,-0.0800746,The Old Blue Last,,38,Great Eastern Street,London,+44 20 7739 7033,https://www.theoldbluelast.com,200,,Q18346946,Mo-We 13:00-24:00, Th 13:00-01:00, Fr-Sa 13:00-03:00, Su 13:00-24:00,,,
,EC2A,EC,node,301516360,node/301516360,51.5253696,-0.08372,The Princess of Shoreditch,,76-78,Paul Street,London,,https://theprincessofshoreditch.com/,200,,,,,,,,,
,EC2A,EC,way,631252074,way/631252074,51.5232101,-0.0864547,The Windmill,,27,Tabernacle Street,London,,https://www.thewindmillinthecity.com/,,,,,,,,,,
,EC2M,EC,supabase,,d5feda4f-5add-449c-ab40-57d0ac23f4ed,51.518,-0.0794478,Bishop's Vaults,Independent,,,,(020) 3040 4440,,,,,,,,,,,
,EC2M,EC,way,837365135,way/837365135,51.5180199,-0.079425,Dirty Dicks,Young's,202-204,Bishopsgate,London,,https://www.dirtydicks.co.uk/,200,,,,,,,,,
,EC2M,EC,node,366073245,node/366073245,51.5174006,-0.0809601,Hamilton Hall,Wetherspoon,,Liverpool Street,London,,https://www.jdwetherspoon.com/pubs/hamilton-hall-city-of-london,200,,Q88973880,Mo-Sa 07:00-23:30, Su 09:00-22:30,,,,,
,EC2M,EC,node,1150003215,node/1150003215,51.5178081,-0.0886538,Keats at the Globe,,,,,,,,,,,,,,,,
,EC2M,EC,way,835395161,way/835395161,51.517107,-0.0810683,Lady Abercorn's Pub and Kitchen,,40,Liverpool Street,London,,,,,,,,,,,,
,EC2M,EC,supabase,,ae5318d5-591b-4177-abae-b8f84c51eda3,51.5171,-0.0810949,Lady Abercorns,Andaz,,,,(020) 7618 7300,,,,,,,,,,,
,EC2M,EC,way,835331043,way/835331043,51.5173193,-0.0830488,Lord Aberconway,Nicholson's,72,Old Broad Street,London,,https://www.nicholsonspubs.co.uk/restaurants/london/thelordaberconwayliverpoolstreetlondon,403,,,,,,,,,
,EC2M,EC,way,160163216,way/160163216,51.5188007,-0.086027,Red Lion,Greene King,1,Eldon Street,London,,https://www.greeneking.co.uk/pubs/greater-london/red-lion,200,,,,,,,,,
,EC2M,EC,node,291754220,node/291754220,51.5189552,-0.0836417,The Botanist,,35,Broadgate Circle,London,,https://etmcollection.co.uk/venue/botanist-broadgate-circle/,,,,,,,,,,
,EC2M,EC,node,302013654,node/302013654,51.516962,-0.0803573,The Bull,,4-5,Devonshire Row,London,,,,,,,,,,,,
,EC2M,EC,way,160138936,way/160138936,51.5176819,-0.0887589,The Globe,Nicholson's,83,Moorgate,London,,https://www.nicholsonspubs.co.uk/restaurants/london/theglobemoorgatelondon,403,,Q27082408,,,,,,,
,EC2M,EC,way,533389172,way/533389172,51.5164553,-0.0826355,The Kings Arms,Greene King,27,Wormwood Street,London,,https://www.greeneking.co.uk/pubs-near-me,200,,,,,,,,,
,EC2M,EC,way,89968893,way/89968893,51.5171269,-0.0790015,The Magpie,Nicholson's,12,New Street,London,,https://www.nicholsonspubs.co.uk/restaurants/london/themagpiebishopsgatelondon,403,,,,,,,,,
,EC2M,EC,way,31235539,way/31235539,51.5175087,-0.0834156,The Railway Tavern,Greene King,15,Liverpool Street,London,+44 20 7283 3598,https://www.greeneking.co.uk/pubs/greater-london/railway,200,,,Mo-Su 11:00-23:00,,,,,,
,EC2M,EC,way,163644470,way/163644470,51.5182473,-0.0793069,Woodin's Shades,Nicholson's,212,Bishopsgate,London,,https://www.nicholsonspubs.co.uk/restaurants/london/thewoodinsshadesbishopsgatelondon,403,,,,,,,,,
,EC2N,EC,supabase,,d336c8d3-78d5-4826-80b7-9f6794822330,51.5164,-0.0810669,Drift,Drake & Morgan,,,,0845 468 0103,,,,,,,,,,,
,EC2N,EC,node,306135577,node/306135577,51.5149462,-0.0855573,Phoenix,,26,Throgmorton Street,London,,https://www.thephoenixec2.co.uk/,,,,,,,,,,
,EC2N,EC,way,958434661,way/958434661,51.5150606,-0.0861076,The Arbitrager,,27A,Throgmorton Street,London,,https://www.thearbitrager.co.uk/,404,,,Mo-Fr 12:00-00:00,,,,,,
,EC2R,EC,supabase,,c878f9cb-8a31-4a78-ad6a-4826c4c22504,51.5143,-0.086553,Brasserie Blanc,Brasserie Blanc,,,,(020) 7710 9440,,,,,,,,,,,
,EC2R,EC,node,12250692107,node/12250692107,51.5145461,-0.0908832,Goldwood,,,,,,https://www.sportlondon.com/goldwood,,,,,,,,,,
,EC2R,EC,way,159751191,way/159751191,51.5156771,-0.0902787,Old Doctor Butler's Head,Shepherd Neame,2,Mason's Avenue,London,,,,,Q26317783,,,,,,,
,EC2R,EC,node,6802993456,node/6802993456,51.5157141,-0.0886215,The Telegraph,Fuller's,11,Telegraph Street,London,,https://www.telegraphmoorgate.co.uk/,200,,,,,,,,,
,EC2R,EC,way,160096670,way/160096670,51.5152609,-0.0892795,The Tokenhouse,Fuller's,4,Moorgate,London,+44 20 7600 6569,https://www.tokenhousemoorgate.co.uk/,200,,,"Mo-Fr 08:00-23:00; Sa,Su closed",,,,,,
,EC2Y,EC,supabase,,f5c2e112-0ddd-4886-b4d9-3983d4bd87fb,51.5188,-0.0929912,Wood Street,Independent,,,,(020) 7256 6990,,,,,,,,,,,
,EC3A,EC,way,625338336,way/625338336,51.5140923,-0.0770754,Aldgate Tap,,1,Aldgate Square,London,+44 20 3137 6437,https://aldgatetap.com/,200,,,Mo 16:00-23:00, Tu-Fr 12:00-23:00, Sa-Su off,,,,
,EC3A,EC,node,4009487830,node/4009487830,51.5152081,-0.0774089,City Bar & Kitchen,,9,Stoney Lane,London,,,,,,,,,,,,
,EC3A,EC,supabase,,a4245ce0-9970-41a5-9c82-9526c3ef3d04,51.5148,-0.078162,Lion,Independent,,,,(020) 7623 8468,,,,,,,,,,,
,EC3A,EC,node,116097320,node/116097320,51.5149285,-0.0778751,The Alice,Stonegate,133,Houndsditch,London,,https://www.socialpubandkitchen.co.uk/alice-houndsditch-london,200,,,,,,,,,
,EC3A,EC,way,156734417,way/156734417,51.5136899,-0.0785468,The Craft Beer Co,The Craft Beer Co.,29-31,Mitre Street,London,,https://www.thecraftbeerco.com/st-mary-axe,,,,,,,,,,
,EC3A,EC,node,116097730,node/116097730,51.5148281,-0.0781193,The Lion Houndsditch,,31,Houndsditch,London,,https://www.lionec3.co.uk/,,,,,,,,,,
,EC3A,EC,node,366073061,node/366073061,51.5135527,-0.0788734,The Old Tea Warehouse,,4-8,Creechurch Lane,London,,https://www.theoldteawarehouse.co.uk/,,,,,,,,,,
,EC3A,EC,node,369119280,node/369119280,51.51452,-0.0800751,The Sterling Bar & Kitchen,,30,St. Mary Axe,London,+44 20 7929 3641,https://thesterlingbar.co.uk/,200,,,,,,,,,
,EC3A,EC,way,156734415,way/156734415,51.5138099,-0.0788975,The Trinity Bell,Fuller's,20,Creechurch Lane,London,,https://www.thetrinitybell.co.uk/,200,,,,,,,,,
,EC3M,EC,way,326328749,way/326328749,51.5123077,-0.0830799,Bunch of Grapes,,14,Lime Street,London,,,,,,,,,,,,
,EC3M,EC,way,231202433,way/231202433,51.512326,-0.0792112,East India Arms,,67,Fenchurch Street,London,,https://www.eastindiaarms.co.uk/,,,Q15616526,,,,,,,
,EC3M,EC,node,4564625488,node/4564625488,51.5116889,-0.0826189,Nancy Spains,,143,Fenchurch Street,London,,,,,,,,,,,,
,EC3N,EC,node,12599228001,node/12599228001,51.5118019,-0.0774811,Feeney's 5 Lloyds Avenue,,5,Lloyd's Avenue,London,,https://www.feeneysirishpub.com/,,,,Mo-Sa 11:00-23:30,,,,,,
,EC3N,EC,node,288045288,node/288045288,51.5142543,-0.0742015,Hoop and Grapes,Nicholson's,47,Aldgate High Street,London,+44 20 7481 4583,https://www.nicholsonspubs.co.uk/restaurants/london/thehoopandgrapesaldgatelondon,403,,Q16707742,Su-Fr 12:00-23:30, Sa 11:00-18:00,,,,,
,EC3N,EC,supabase,,018d8b93-01e9-44f2-89ba-ca15c8c2ba1f,51.51,-0.0793881,Seething Lane Tap,Independent,,,,(020) 7042 7468,,,,,,,,,,,
,EC3N,EC,node,666918951,node/666918951,51.5121747,-0.0757376,The Chamberlain,Fuller's,130-135,Minories,London,,https://www.thechamberlainhotel.co.uk/,200,,,,,,,,,
,EC3N,EC,node,25475187,node/25475187,51.5114165,-0.0776978,The Cheshire Cheese,,48,Crutched Friars,London,+44 207 702 1628,https://www.greatlocalpubs.co.uk/cheshire-cheese-tower-hill,200,,,Mo-Fr 11:00-23:00, Sa 12:00-22:00, Su 12:00-20:00,,,,
,EC3N,EC,way,141393953,way/141393953,51.5111875,-0.0788842,The Crutched Friar,,39-41,Crutched Friars,London,+44 207 488 3243,,,,,Mo-Fr 11:00-23:00, Th 11:00-24:00, Sa 12:00-22:00,,,,
,EC3N,EC,node,12534156760,node/12534156760,51.5126038,-0.0784658,The Fenchurch,,72,Fenchurch Street,London,,https://www.thefenchurchec3.com/,,,,,,,,,,
,EC3N,EC,node,25473538,node/25473538,51.509731,-0.0785318,The Liberty Bounds,Wetherspoon,15,Trinity Square,London,,https://www.jdwetherspoon.com/pubs/the-liberty-bounds-city-of-london/,200,https://www.jdwetherspoon.com/pubs/the-liberty-bounds-city-of-london/,Q88965892,,,,,,,
,EC3N,EC,way,582966821,way/582966821,51.5108524,-0.0747699,The Minories,Stonegate,64-73,Minories,London,+44 20 7702 1658,https://www.socialpubandkitchen.co.uk/minories-london,200,,,Mo-Th 08:00-23:00, Fr 08:00-01:00, Sa-Su 08:00-23:00,,,,
,EC3N,EC,way,169291627,way/169291627,51.5125184,-0.0753313,The Three Lords,,27,Minories,London,,,,,,,,,,,,
,EC3N,EC,way,474237299,way/474237299,51.5133386,-0.0764882,Three Tuns,Stonegate,36,Jewry Street,London,,https://www.greatlocalpubs.co.uk/three-tuns-aldgate,200,,,,,,,,,
,EC3N,EC,supabase,,e4317f54-7d00-407f-b7c3-aef59457d197,51.5098,-0.0784238,Traitors Gate,Independent,,,,(020) 3148 9000,,,,,,,,,,,
,EC3R,EC,node,259248888,node/259248888,51.5108908,-0.0811851,Agenda,,,,,,,,,,,,,,,,
,EC3R,EC,node,296614817,node/296614817,51.5108903,-0.0808223,Balls Brothers,,1,Minster Pavement,London,+44 20 7283 2838,https://ballsbrothersminstercourt.co.uk/,200,,,,,,,,,
,EC3R,EC,node,5593327043,node/5593327043,51.5099031,-0.0807577,BrewDog,BrewDog,,Great Tower Street,London,+44 20 7929 2545,https://brewdog.com/pages/bars/tower-hill,200,,,Mo-We 12:00-23:00, Th 12:00-01:00, Fr 12:00-00:00, Sa 11:00-00:00, Su 11:00-23:00,,
,EC3R,EC,way,156725307,way/156725307,51.5099705,-0.08034,Feeney's,,48,Mark Lane,London,,,,,,Mo 12:00+, Tu-Fr 12:00-23:00,,,,,
,EC3R,EC,node,1561417481,node/1561417481,51.5095282,-0.0807865,"Hung, Drawn and Quartered",Fuller's,26-27,Great Tower Street,London,+44 20 7626 6123,https://www.hung-drawn-and-quartered.co.uk/,200,,,Mo-Sa 12:00-23:00, Su 12:00-18:00,,,,,
,EC3R,EC,node,9306966309,node/9306966309,51.510923,-0.081332,Tank & Paddle Minster Court,Stonegate,3,Mincing Lane,London,+44 20 7929 8399,https://www.tankandpaddle.co.uk/minster-court,200,,,,,,,,,
,EC3R,EC,node,592029659,node/592029659,51.5099446,-0.085924,The Britannia,Stonegate,20,Monument Street,London,+44 20 7623 8572,https://www.britanniamonument.com/,,,,,,,,,,
,EC3R,EC,node,292705417,node/292705417,51.5102919,-0.0861975,The Hydrant,Fuller's,1,Monument Street,London,+44 20 7623 5446,https://www.thehydrant.co.uk/,200,,,Mo-Fr 08:00-23:00, Sa 10:00-23:00, Su 10:00-18:00,,,,
,EC3R,EC,node,591974938,node/591974938,51.5100863,-0.0862828,The Monument,Greene King,18,Fish Street Hill,London,+44 20 7929 5880,https://www.greeneking.co.uk/pubs/greater-london/monument,200,,,"Mo-We, Fr-Sa 11:00-23:00; Th 11:00-00:00; Su 12:00-19:00",,,,,,
,EC3R,EC,way,142680573,way/142680573,51.5109087,-0.0799309,The Ship,,3,Hart Street,London,+44 207 702 4422,https://shipec3.co.uk,200,,Q26487647,Mo 11:30-22:00, Tu-Fr 11:30-23:00,,,,,
,EC3R,EC,node,739967562,node/739967562,51.5095114,-0.0842105,The Walrus & The Carpenter,Nicholson's,45,Monument Street,London,,https://www.nicholsonspubs.co.uk/restaurants/london/thewalrusandthecarpentermonumentlondon,403,,,,,,,,,
,EC3R,EC,node,1547392947,node/1547392947,51.5113698,-0.0794105,The Windsor,Stonegate,2,New London Street,London,,https://www.greatlocalpubs.co.uk/windsor-fenchurch-place,200,,,Mo-Th 10:00-23:00, Fr 10:00-25:00, Sa 11:00-20:00,,,,
,EC3V,EC,node,796482320,node/796482320,51.5137032,-0.0858011,Cock and Woolpack,,6,Finch Lane,London,,https://www.cockandwoolpack.co.uk/,,,,,,,,,,
,EC3V,EC,node,277906484,node/277906484,51.5132004,-0.0871776,Forge,Stonegate,24,Cornhill,London,,https://www.forgedinlondon.com/london,404,,,,,,,,,
,EC3V,EC,node,1497452179,node/1497452179,51.5129153,-0.0857705,George and Vulture,Samuel Smith Brewery,2-3,Castle Court,London,,https://george-and-vulture.co.uk/,,,Q12404791,,,,,,,
,EC3V,EC,node,12877542100,node/12877542100,51.5127425,-0.0830857,Golden Goose,,13-15,Leadenhall Market,London,,https://www.goldengoose.london/,,,,,,,,,,
,EC3V,EC,node,1497452168,node/1497452168,51.5129704,-0.0856635,Jamaica Wine House,Shepherd Neame,,St. Michaels Alley,London,,https://www.shepherdneame.co.uk/pubs/london/jamaica-wine-house,404,,Q6127350,Mo-Fr 11:00-23:00,,,,,,
,EC3V,EC,node,692162535,node/692162535,51.5128384,-0.0832871,Lamb Tavern,,10-12,Leadenhall Market,London,,https://www.lambtavernleadenhall.com/,,,,,,,,,,
,EC3V,EC,supabase,,45dfe1c8-ab58-4f1c-a5ab-f3aa5e01fffd,51.5129,-0.0833369,Old Toms Bar,Independent,,,,(020) 7626 2454,,,,,,,,,,,
,EC3V,EC,node,5641663540,node/5641663540,51.5129709,-0.0828055,One Under Lime,,1,Leadenhall Place,London,,,,,,,,,,,,
,EC3V,EC,node,289830212,node/289830212,51.5132258,-0.0867502,Pitcher and Piano,Pitcher & Piano,28,Cornhill,London,,https://www.pitcherandpianolondoncornhill.co.uk,,,,,,,,,,
,EC3V,EC,node,1497452177,node/1497452177,51.5130283,-0.0859508,Simpson's Tavern,,38 1/2,Ball Court,London,,https://simpsonstavern.co.uk/,200,,Q26486682,Tu-Fr 08:30-15:30, Mo 11:30-15:30,,,,,
,EC3V,EC,way,274708128,way/274708128,51.5132122,-0.0850808,The Counting House,Fuller's,50,Cornhill,London,+44 20 7283 7123,https://www.the-counting-house.com,200,,Q27086034,Mo 07:00-22:00, Tu-Fr 07:00-23:00, Sa 08:00-22:00, Su 08:00-18:00,,,
,EC3V,EC,way,863516669,way/863516669,51.5127589,-0.0849795,The Crosse Keys,Wetherspoon,9,Gracechurch Street,London,+44 20 7623 4824,https://www.jdwetherspoon.com/pubs/the-crosse-keys-city-of-london,200,,Q88965888,Mo-Fr 08:00-23:00, Sa 08:30-23:00, Su 09:30-21:00,,,,
,EC3V,EC,node,295975604,node/295975604,51.5128537,-0.0842485,The New Moon,,88,Gracechurch Street,London,,https://www.newmoonleadenhall.com/,,,,,,,,,,
,EC3V,EC,node,259253467,node/259253467,51.5110721,-0.0847581,The Ship,Nicholson's,11,Talbot Court,London,,https://www.nicholsonspubs.co.uk/restaurants/london/theshiptalbotcourtlondon,403,,,,,,,,,
,EC3V,EC,way,155428084,way/155428084,51.512238,-0.0844553,The Swan Tavern,Fuller's,77-80,Gracechurch Street,London,,https://www.swanec3.co.uk/,200,,,,,,,,,
,EC4A,EC,node,25496840,node/25496840,51.5167141,-0.1103638,26 Furnival Street,,26,Furnival Street,London,+44 20 3301 7555,https://www.26furnivalstreet.com/,200,,,,,,,,,
,EC4A,EC,supabase,,98eaa8a8-0498-4867-92ec-2e5eb96ff852,51.5166,-0.108804,BrewDog Chancery Lane,BrewDog,,,,(020) 3141 5885,,,,,,,,,,,
,EC4A,EC,supabase,,59b60d2c-c608-4888-9020-642e25b3cac9,51.517,-0.104724,Farringdon Tap,Independent,,,,(020) 3137 6430,,,,,,,,,,,
,EC4A,EC,way,996506223,way/996506223,51.5158645,-0.1044242,Harrild and Sons,,26,Farringdon Street,London,,https://www.urbanpubsandbars.com/city-by-urban/venues/harrild-sons,,,,,,,,,,
,EC4A,EC,way,99275253,way/99275253,51.5139311,-0.1114638,The Old Bank of England,Fuller's,194,Fleet Street,London,+44 20 7430 2255,,,,Q26487354,Mo-We 11:30-22:00, Th-Fr 11:30-23:00, Sa 11:30-22:00, Su 12:00-20:00,,,
,EC4A,EC,node,21686579,node/21686579,51.5154029,-0.1043348,White Haus,Stonegate,17,Farringdon Street,London,,,,,,,,,,,,
,EC4A,EC,way,60186067,way/60186067,51.5143416,-0.1071826,Ye Olde Cheshire Cheese,Samuel Smith's,145,Fleet Street,London,+44 20 7353 6170,https://ye-olde-cheshire-cheese.co.uk/,,,Q1771680,Mo-Su 11:30-23:00,,,,,,
,EC4M,EC,way,996071727,way/996071727,51.5158404,-0.1024976,Magpie & Stump,,18,Old Bailey,London,,https://www.magpieandstump.com/,,,,,,,,,,
,EC4M,EC,node,316763478,node/316763478,51.5150683,-0.0983225,The Paternoster,,2-4,Queens Head Passage,London,,https://www.thepaternoster.com/,,,,,,,,,,
,EC4M,EC,way,159922613,way/159922613,51.5129685,-0.0939687,The Pavilion End,Fuller's,23,Watling Street,London,,https://www.pavilionendpub.co.uk/,200,,,,,,,,,
,EC4M,EC,node,666475908,node/666475908,51.5135985,-0.0940496,The Saint,Fuller's,1,Bow Churchyard,London,,https://www.thesaint-bow.co.uk/,200,,,,,,,,,
,EC4M,EC,node,1144626359,node/1144626359,51.5121486,-0.0955817,The Sea Horse,,64,Queen Victoria Street,London,,https://www.craftunionpubs.com/sea-horse-fleet-street,200,,,,,,,,,
,EC4M,EC,node,12431593816,node/12431593816,51.5129827,-0.093276,The Wren Tavern,,67-69,Watling Street,London,,https://www.urbanpubsandbars.com/city-by-urban/venues/the-wren-tavern,,,,,,,,,,
,EC4M,EC,way,159925752,way/159925752,51.5132976,-0.0940229,Williamson's Tavern,Nicholson's,1,Groveland Court,London,,https://www.nicholsonspubs.co.uk/restaurants/london/williamsonstaverngrovelandcourtlondon,403,,,,,,,,,
,EC4M,EC,way,815099779,way/815099779,51.5140999,-0.1021893,Ye Olde London,Greene King,42,Ludgate Hill,London,,https://www.greeneking.co.uk/pubs/greater-london/ye-olde-london,200,,Q132177380,Mo-Sa 11:00-23:00, Su 12:00-22:00,,,,,
,EC4M,EC,way,159922620,way/159922620,51.5129142,-0.0935575,Ye Olde Watling,Nicholson's,29,Watling Street,London,,https://www.nicholsonspubs.co.uk/restaurants/london/yeoldewatlingwatlingstreetlondon,403,,,,,,,,,
,EC4N,EC,supabase,,32609020-2f6a-4e95-baed-b142ea93aacd,51.5118,-0.0901651,Candlemaker,Young's,,,,(020) 3437 1419,,,,,,,,,,,
,EC4N,EC,way,1472842938,way/1472842938,51.5123093,-0.0928425,Sugar Loaf,Nicholson's,65,Cannon Street,London,+44 20 7248 8928,https://www.nicholsonspubs.co.uk/restaurants/london/thesugarloafcannonstreet,403,,Q27086020,Mo-Sa 11:00-23:00, Su 12:00-19:00,,,,,
,EC4N,EC,supabase,,c1ab2ddd-e4fa-46ee-a363-2d08dd4fcac7,51.5125,-0.0927302,Sweetings,Independent,,,,(020) 7248 3062,,,,,,,,,,,
,EC4N,EC,node,702773347,node/702773347,51.5116546,-0.0897347,The Cannick Tapps,Stonegate,109,Cannon Street,London,+44 20 7626 8246,https://www.socialpubandkitchen.co.uk/cannick-tapps-london,200,,,"Mo-We 11:00-00:00, 09:00-18:00; Th, Fr 11:00-01:00; Sa 11:00-22:00",,,,,,
,EC4N,EC,way,522314555,way/522314555,51.5132609,-0.0926485,The Golden Fleece,Greene King,8-9,Queen Street,London,,https://www.greeneking.co.uk/pubs/greater-london/golden-fleece,200,,,,,,,,,
,EC4N,EC,way,523388241,way/523388241,51.5117198,-0.0886364,The Vintry,Fuller's,119,Cannon Street,London,,https://www.vintryec4.co.uk/,200,,,Mo-Fr 11:00-23:00,,,,,,
,EC4R,EC,supabase,,c2b7164e-1ab3-4c8f-9d6d-8b15a93c0905,51.5091,-0.0897145,Oyster Shed,Young's,,,,(020) 7256 3240,,,,,,,,,,,
,EC4R,EC,way,529246698,way/529246698,51.5108278,-0.0907618,Pelt Trader,,23,Dowgate Hill,London,,http://www.pelttrader.com,200,,,,,,,,,
,EC4R,EC,supabase,,685db030-071d-4e3c-a346-867ec8a089cd,51.5101,-0.0903334,Steel Yard,Independent,,,,(020) 7283 1505,,,,,,,,,,,
,EC4R,EC,node,266560384,node/266560384,51.5093933,-0.0916244,The Banker,Fuller's,,Cousin Lane,London,+44 20 7283 5206,https://www.banker-london.co.uk/,200,,,"Mo 11:00-22:00; Tu-We, Fr 11:00-23:00; Th 11:00-17:00; Sa 12:00-20:00",,,,,,
,EC4R,EC,way,155428083,way/155428083,51.5110089,-0.0893986,The Bell,Stonegate,29,Bush Lane,London,,https://www.greatlocalpubs.co.uk/bell-bush-lane,200,,Q27083820,,,,,,,
,EC4R,EC,node,12534156761,node/12534156761,51.5117408,-0.0926706,The Bolter,,,Queen Street,London,,https://thebolter.co.uk/,200,,,,,,,,,
,EC4R,EC,way,809354345,way/809354345,51.5104996,-0.0880621,The Olde Wine Shades,El Vino Co Ltd,6,Martin Lane,London,,https://www.davywine.co.uk/venue/the-olde-wine-shades/,,,Q24022951,,,,,,,
,EC4R,EC,node,5141625722,node/5141625722,51.510926,-0.0899801,The Sir John Hawkshaw,Wetherspoon,,Cannon Street,London,+44 20 3206 1004,https://www.jdwetherspoon.com/pubs/the-sir-john-hawkshaw-city-of-london/,200,https://www.jdwetherspoon.com/pubs/the-sir-john-hawkshaw-city-of-london/,Q88965893,,,,,,,
,EC4V,EC,supabase,,2773b4fb-d9de-478f-8975-2a7f846e7829,51.5105,-0.0960015,Samuel Pepys,Shepherd Neame,,,,(020) 7489 1871,,,,,,,,,,,
,EC4V,EC,way,325208608,way/325208608,51.5124717,-0.1015216,Shaw's Booksellers,Fuller's,31-34,St Andrew's Hill,London,,https://www.shawsbooksellers.co.uk/,200,,Q27082945,,,,,,,
,EC4V,EC,node,505769332,node/505769332,51.5139036,-0.1045738,The Albion,Young's,2-3,New Bridge Street,London,,https://www.thealbionlondon.com/,200,,,,,,,,,
,EC4V,EC,way,166320158,way/166320158,51.5121515,-0.1036558,The Blackfriar,Nicholson's,174,Queen Victoria Street,London,+44 20 7236 5474,https://www.nicholsonspubs.co.uk/restaurants/london/theblackfriarblackfriarslondon,403,,Q15979550,"Mo-Tu, Sa 11:00-23:00; We-Fr 11:00-23:30; Su 12:00-22:30",,,,,,
,EC4V,EC,way,165589488,way/165589488,51.5127073,-0.1014982,The Cockpit,,7,St Andrew's Hill,London,,,,,Q26489084,,,,,,,
,EC4V,EC,way,809951119,way/809951119,51.5104175,-0.0962439,The Pepys,,,Stew Lane,London,,,,,,,,,,,,
,EC4V,EC,way,440123089,way/440123089,51.5131427,-0.1014306,The Rising Sun,,61,Carter Lane,London,,,,,Q26486633,,,,,,,
,EC4V,EC,way,469650901,way/469650901,51.5120961,-0.093702,Three Cranes,,28,Garlick Hill,London,,,,,,,,,,,,
,EC4Y,EC,node,3815898017,node/3815898017,51.5140324,-0.1050005,Crown & Sugar Loaf,,26,Bride Lane,London,,,,,,,,,,,,
,EC4Y,EC,way,148677469,way/148677469,51.5129665,-0.1067494,The Harrow,Fuller's,22,Whitefriars Street,London,,https://www.harrowlondon.co.uk/,200,,Q27083738,,,,,,,
,EC4Y,EC,way,60890308,way/60890308,51.5140388,-0.1051683,The Old Bell,Nicholson's,95,Fleet Street,London,,https://www.nicholsonspubs.co.uk/restaurants/london/theoldbelltavernfleetstreetlondon,403,,Q26317813,,,,,,,
,EC4Y,EC,way,220287079,way/220287079,51.5139811,-0.1048932,The Punch Tavern,,99,Fleet Street,London,,https://www.urbanpubsandbars.com/venues/punch-tavern,,,Q17361863,,,,,,,
,EC4Y,EC,way,220287081,way/220287081,51.5140724,-0.1076115,The Tipperary,,66,Fleet Street,London,,,,,Q17361872,,,,,,,
,EC4Y,EC,way,161420190,way/161420190,51.5137613,-0.1104973,Ye Olde Cock Tavern,Greene King,22,Fleet Street,London,,https://www.greeneking.co.uk/pubs/greater-london/ye-olde-cock-tavern,200,,Q7725384,,,,,,,
,N1,N,way,31284161,way/31284161,51.5430848,-0.102734,The Pocket,,,Canonbury Lane,London,,,,,,,,,,,,
,N1,N,supabase,,07b36712-9d82-467d-ae4e-c88ab674e3d1,51.5369,-0.0886,Baring,Independent,,,,(020) 7916 5861,,,,,,,,,,,
,N1,N,way,456681384,way/456681384,51.5356354,-0.1028442,Camden Head,Greene King,2,Camden Walk,London,+44 20 7359 0851,https://www.greeneking.co.uk/pubs/greater-london/camden-head,200,,Q26585613,"Mo-Tu, Th, Su 12:00-24:00; We 12:00-23:00; Fr-Sa 12:00-01:00",,,,,,
,N1,N,node,1387549550,node/1387549550,51.5334362,-0.120925,Central Station,,37,Wharfdale Road,London,,https://centralstation.co.uk/,200,,,Mo-Su 17:00-24:00+,,,,,,
,N1,N,way,71336800,way/71336800,51.5375594,-0.0935326,Duchess of Kent,,72,Prebend Street,London,,,,,,,,,,,,
,N1,N,node,375848733,node/375848733,51.5345894,-0.0986938,Duke of Cambridge,,30,St. Peter's Street,London,+44 20 7359 3066,https://www.dukeorganic.co.uk/,200,,,Tu-Sa 12:00-23:00, Su 1200-1800,,,,,
,N1,N,way,474422893,way/474422893,51.5389526,-0.0785324,Duke of York,,33,Downham Road,London,,https://www.urbanpubsandbars.com/venues/duke-of-york,200,,,,,,,,,
,N1,N,way,1275812271,way/1275812271,51.5338543,-0.0997387,Earl of Essex,,25,Danbury Street,London,+44 20 7424 5828,https://www.earlofessex.net/,200,,,Fr-Sa 12:00-24:00, Su-Th 12:00-23:00,,,,,
,N1,N,way,197691952,way/197691952,51.5449537,-0.0882672,Godet,,382,Essex Road,London,,https://godetlondon.com/,,,,,,,,,,
,N1,N,node,291981188,node/291981188,51.5430239,-0.1130904,Hemingford Arms,,158,Hemingford Road,London,+44 20 7607 3303,https://www.hemingfordarms.com/,200,,,Mo-Sa 11:00-23:00, Su 12:00-22:30,,,,,
,N1,N,supabase,,9713b5d8-b927-4d61-9248-2fa58ece1630,51.546,-0.10205,Hen & Chickens,Independent,,,,(020) 7354 8246,,,,,,,,,,,
,N1,N,node,175684023,node/175684023,51.5460243,-0.1019468,Hen and Chickens theatre & bar,,,,,,,,,Q5712940,,,,,,,
,N1,N,way,31293000,way/31293000,51.543248,-0.1034412,Hope & Anchor,Greene King,207,Upper Street,London,+44 20 7354 1312,https://www.greeneking.co.uk/pubs/greater-london/hope-and-anchor,200,,Q15225054,Mo-Th 12:00-23:00, Fr-Sa 12:00-01:00, Su 12:00-23:00,,,,
,N1,N,way,726988825,way/726988825,51.5331046,-0.0798427,Howl at the Moon,,178,Hoxton Street,London,+44 20 7688 1970,https://www.hoxtonpub.com/,200,,,Su-Fr 12:00-22:00, Sa 10:00-22:00,,,,,
,N1,N,supabase,,93bd3dcd-350e-4e51-a639-487d5cd7a203,51.5337,-0.10714,Islington Town House,Twenty6,,,,07471 330395,,,,,,,,,,,
,N1,N,way,357565938,way/357565938,51.5408056,-0.1171689,Kennedy's,,297,Caledonian Road,London,,,,,,,,,,,,
,N1,N,node,425175495,node/425175495,51.5324518,-0.1197093,King Charles I,,55-57,Northdown Street,London,+44 20 7837 7758,https://kingcharles1st.co.uk/,200,,,Mo-Th 12:00-23:00, Fr 12:00-00:00, Sa 12:00-23:00, Su 12:00-22:00,,,
,N1,N,node,299308588,node/299308588,51.5383261,-0.1025991,King's Head,,115,Upper Street,London,,https://kingsheadtheatre.com/,200,,Q6410962,,,,,,,
,N1,N,way,469688061,way/469688061,51.5506925,-0.0844899,Lady Mildmay,,92,Mildmay Park,London,+44 20 7241 6238,https://www.ladymildmay.com/,200,,,Mo-Sa 12:00-23:00, Su 12:00-22:00,,,,,
,N1,N,supabase,,bd9b78f1-f8da-4f4a-ae36-9d677fec2cf4,51.5332,-0.122209,Lincoln Arms,Independent,,,,(020) 7837 9339,,,,,,,,,,,
,N1,N,way,230373565,way/230373565,51.543209,-0.0953041,Marquess Tavern,,32,Canonbury Street,London,+44 20 3355 0491,https://www.marquesscanonbury.com/,200,,Q26569367,Mo-Th 12:00-23:00, Fr-Sa 12:00-24:00, Su 12:00-22:00,,,,
,N1,N,way,237044752,way/237044752,51.5407231,-0.1167717,Meltdown,,342,Caledonian Road,London,,,,,,,,,,,,
,N1,N,way,352696768,way/352696768,51.531562,-0.1211323,Millers,,19,Caledonian Road,London,,,,,,Mo-Sa 10:00-02:00, Su 10:00-01:00,,,,,
,N1,N,way,68510578,way/68510578,51.5417875,-0.0976541,Myddleton Arms,,52,Canonbury Road,London,+44 20 7226 4595,https://myddletonarms.com/,200,,Q26501447,,,,,,,
,N1,N,way,67383553,way/67383553,51.5326244,-0.1004936,Plaquemine Lock,,139,Graham Street,London,,https://plaqlock.com/,200,,,Mo-Th 16:00-23:00, Fr 16:00-24:00, Sa 12:00-24:00, Su 12:00-22:00,,,
,N1,N,supabase,,db09097e-0523-4566-b49c-0a2eee486688,51.5431,-0.102805,Pocket,Independent,,,,,,,,,,,,,,,
,N1,N,way,751430300,way/751430300,51.5274581,-0.0852103,Prince Arthur,,49,Brunswick Place,London,+44 20 7336 6429,https://www.theprincearthurpub.co.uk/,200,,,,,,,,,
,N1,N,way,251492809,way/251492809,51.5487399,-0.0793363,Railway Tavern,,2,St Jude Street,London,+44 20 3092 3344,,,,,Tu-Fr 16:00-22:00, Sa 14:00-22:00, Su 15:00-22:00,,,,
,N1,N,way,209257299,way/209257299,51.5280823,-0.080238,Red Lion,,41,Hoxton Street,London,+44 20 7729 7920,https://www.redlionhoxton.co.uk,200,,,"We,Th 17:00-23:00; Fr,Sa 12:00-00:00; Su-Tu off",,,,,,
,N1,N,supabase,,4bf8795f-404f-467e-84e5-7454ef2dc7bd,51.5425,-0.099729,Smokehouse,Independent,,,,(020) 7354 1144,,,,,,,,,,,
,N1,N,way,31324086,way/31324086,51.5350619,-0.104673,Steam Passage Tavern,Stonegate,45-46,Upper Street,London,,https://www.greatlocalpubs.co.uk/steam-passage-angel,200,,,,,,,,,
,N1,N,way,32826147,way/32826147,51.538863,-0.1163745,Tarmon,,270,Caledonian Road,London,,,,,,,,,,,,
,N1,N,way,156211836,way/156211836,51.5271121,-0.0877364,The 3 Crowns,,8,East Road,London,,,,,,,,,,,,
,N1,N,way,31900825,way/31900825,51.5393363,-0.1094751,The Albion,,10,Thornhill Road,London,+44 20 7607 7450,https://www.the-albion.co.uk/,200,,Q126190930,,,,,,,
,N1,N,way,119903501,way/119903501,51.5333595,-0.1094882,The Alma,,77-78,Chapel Market,London,,https://thealmalondon.com/,,,,,,,,,,
,N1,N,way,227827311,way/227827311,51.5484046,-0.0878039,The Alma,,59,Newington Green Road,London,+44 20 7226 3531,https://thealmaislington.com,200,,,,,,,,,
,N1,N,way,68424243,way/68424243,51.5383951,-0.0989522,The Alpaca,,84-86,Essex Road,London,+44 20 3417 7224,https://www.thealpaca.co.uk/,200,,,Mo-Fr 12:00-22:00, Sa 10:00-22:00, Su 12:00-22:00,,,,
,N1,N,way,30729269,way/30729269,51.5465867,-0.0984813,The Alwyne Castle,,83,St. Paul's Road,London,+44 20 7359 7351,https://www.thealwynecastleislington.co.uk,403,,,Mo-Sa 12:00-23:00, Su 12:00-22:30,,,,,
,N1,N,node,25597628,node/25597628,51.5347892,-0.1072883,The Angelic,,57,Liverpool Road,London,,https://www.stonegatepubpartners.co.uk/find-a-pub/the-angelic-islington_500780,,,,,,,,,,
,N1,N,node,46714849,node/46714849,51.537057,-0.0884773,The Baring Arms,,55,Baring Street,London,,,,,,,,,,,,
,N1,N,node,491564007,node/491564007,51.5318451,-0.0863304,The Beehive,,36,New North Road,London,,,,,,,,,,,,
,N1,N,node,815398933,node/815398933,51.5362508,-0.0988191,The Bill Murray,,39,Queen's Head Street,London,,https://www.angelcomedy.co.uk/,200,,,,,,,,,
,N1,N,way,197695792,way/197695792,51.5437329,-0.0899117,The Brave,,340-342,Essex Road,London,,https://www.thebravelondon.co.uk/,200,,,,,,,,,
,N1,N,node,299310964,node/299310964,51.537413,-0.1031553,The Bull,,100,Upper Street,London,,,,,,,,,,,,
,N1,N,way,230252979,way/230252979,51.5447073,-0.0974988,The Canonbury Tavern,,21,Canonbury Place,London,+44 20 7704 2887,https://www.thecanonbury.co.uk/,200,,Q26490080,,,,,,,
,N1,N,way,126145232,way/126145232,51.5319865,-0.1090279,The Castle,,,,,,,,,,,,,,,,
,N1,N,way,377056423,way/377056423,51.5506169,-0.086519,The Cellar Taps,Stonegate,125,Newington Green Road,London,+44 20 7096 2250,,,,,Su-Th 11:00-23:00, Fr-Sa 11:00-24:00,,,,,
,N1,N,node,339394917,node/339394917,51.5436556,-0.1020128,The Compton Arms,,,,,,https://www.comptonarms.co.uk/,200,,,,,,,,,
,N1,N,node,331298014,node/331298014,51.5373158,-0.1095229,The Crown,Fuller's,116,Cloudesley Road,London,+44 20 7837 7107,https://www.crownislington.co.uk/,200,,Q17361843,Mo-Sa 12:00-23:00, Su 12:00-22:30,,,,,
,N1,N,way,536043069,way/536043069,51.5416526,-0.0851462,The De Beauvoir Arms,,113,Southgate Road,London,+44 20 7359 7392,https://www.debeauvoirarms.com/,200,,,Mo-Th 12:00-23:00, Fr-Sa 12:00-24:00, Su 12:00-22:00,,,,
,N1,N,way,31052744,way/31052744,51.5405284,-0.1084535,The Drapers Arms,,44,Barnsbury Street,London,+44 20 7619 0348,http://www.thedrapersarms.com/,200,,Q26570177,,,,,,,
,N1,N,way,107521318,way/107521318,51.5462436,-0.0805814,The Duke Of Wellington,,119,Balls Pond Road,London,+44 20 7275 7640,http://thedukeofwellington.london,ssl_error,,,Mo-We 16:00-00:00, Th-Fr 16:00-01:00, Sa 11:00-1:30, Su 11:00-23:30,,,
,N1,N,way,157026553,way/157026553,51.5286232,-0.0916409,The Eagle,,2,Shepherdess Walk,London,,https://www.theeaglehoxton.co.uk/,403,,,,,,,,,
,N1,N,way,512346650,way/512346650,51.531573,-0.1222829,The Fellow,,24,York Way,London,+44 20 7833 4395,https://www.thefellow.co.uk/,200,,,Mo-We 11:00-23:00, Th-Sa 11:00-24:00, Su 12:00-23:00,,,,
,N1,N,way,30741911,way/30741911,51.5407654,-0.1019759,The Florence,,,,,,,,,,,,,,,,
,N1,N,node,302410081,node/302410081,51.5391958,-0.106895,The Foxglove,,209 – 211,Liverpool Road,London,442076097129,https://www.thefoxglove.co.uk/,200,,,Mo-Tu 16:00-22:00, We 16:00-23:00, Th-Sa 12:00-23:00, Su 12:00-21:00,,,
,N1,N,way,284934739,way/284934739,51.5291667,-0.0837902,The George & Vulture,Fuller's,63,Pitfield Street,London,,https://georgeandvulture.com/,200,,,,,,,,,
,N1,N,way,469650895,way/469650895,51.5362005,-0.0771163,The Glory,,281,Kingsland Road,London,+44 20 7684 0794,https://www.theglory.co,200,,,Mo 17:00-23:00, Tu-Th 17:00-24:00, Fr-Sa 17:00-27:00, Su 14:00-23:00,,,
,N1,N,node,618596228,node/618596228,51.5395657,-0.09727,The Green Man,,144a,Essex Road,London,,https://greenmanislington.co.uk/,,,,,,,,,,
,N1,N,node,10092511647,node/10092511647,51.5361093,-0.0934055,The Hanbury,,33,Linton Street,London,,https://www.thehanbury.co.uk/,200,,,Mo 15:00-22:00, Tu-Th 12:00-22:00, Fr-Sa 12:00-23:00, Su 12:00-22:00,,,
,N1,N,way,188766830,way/188766830,51.5459261,-0.0834137,The Hunter S,,194,Southgate Road,London,,,,,,,,,,,,
,N1,N,way,67449821,way/67449821,51.5331974,-0.0983836,The Island Queen,,87,Noel Road,London,+44 20 7354 8741,https://www.theislandqueenislington.co.uk/,403,,Q17361854,,,,,,,
,N1,N,node,2208150035,node/2208150035,51.5337144,-0.1069716,The Islington,,13,Liverpool Road,London,,,,,,,,,,,,
,N1,N,node,299595796,node/299595796,51.5375887,-0.1004346,The King's,,,,,,,,,Q26670342,,,,,,,
,N1,N,way,1001831569,way/1001831569,51.5354131,-0.0771491,The Kings Head,,257,Kingsland Road,London,,https://thekingshead-london.com/,200,,,,,,,,,
,N1,N,way,119476480,way/119476480,51.5317672,-0.111458,The Lexington,,96-98,Pentonville Road,London,+44 20 7837 5371,https://thelexington.co.uk/,200,,Q55076620,,,,,,,
,N1,N,way,31293177,way/31293177,51.5446955,-0.1036583,The Library,Stonegate,235,Upper Street,London,,https://www.socialpubandkitchen.co.uk,200,,,,,,,,,
,N1,N,way,1089936277,way/1089936277,51.5296132,-0.0815575,The Lion and Lamb,,46,Fanshaw Street,London,+44 7921 553154,https://www.thelionandlamb.net/,200,,,"Su, We-Th 18:00-23:00; Fr 19:00-02:00; Sa 18:00-02:00",,,,,,
,N1,N,node,288170087,node/288170087,51.5301253,-0.0800851,The Macbeth,,70,Hoxton Street,London,,https://the-macbeth.co.uk/,,,,,,,,,,
,N1,N,way,1061817830,way/1061817830,51.5330838,-0.0968202,The NarrowBoat,,119,St. Peter's Street,London,+44 20 7288 0572,https://www.thenarrowboatpub.com/,200,,,Mo-Sa 11:00-24:00, Su 11:30-24:00,,,,,
,N1,N,node,501851083,node/501851083,51.53747,-0.091168,The North Pole,,189-190,New North Road,London,,,,,,Tu-Fr 16:00+, Sa-Su 12:00+,,,,,
,N1,N,way,982457191,way/982457191,51.537195,-0.1002792,The Old Queen's Head,,44,Essex Road,London,+44 20 7354 9993,https://theoldqueenshead.com/,200,,Q7754896,"Su-We 12:00-00:00; Th 12:00-01:00, Fr 12:00-02:00, Sa 12:00-03:00",,,,,,
,N1,N,way,149382915,way/149382915,51.5321961,-0.1065525,The Peacock,,3-5,Islington High Street,London,,https://www.urbanpubsandbars.com/venues/the-peacock,,,,,,,,,,
,N1,N,way,31025059,way/31025059,51.5373111,-0.1067434,The Pig & Butcher,,80,Liverpool Road,London,+44 20 7226 8304,https://thepigandbutcher.co.uk,200,,,Mo-We 12:00-23:00, Th-Sa 12:00-24:00, Su 12:00-23:00,,,,
,N1,N,node,331318827,node/331318827,51.5389818,-0.1069786,The Regent,,201-203,Liverpool Road,London,,https://theregentpub.com/,200,,,Mo-We 15:00-23:00, Th 12:00-23:00, Fr-Sa 12:00-00:00, Su 12:00-22:30,,,
,N1,N,way,198218569,way/198218569,51.5376052,-0.0869372,The Rosemary Branch,,2,Shepperton Road,London,,https://www.rosemarybranchtheatre.co.uk/,,,Q7368317,,,,,,,
,N1,N,way,237999207,way/237999207,51.5433315,-0.081638,The Scolt Head,,107A,Culford Road,London,+44 20 7254 3965,https://www.thescolthead.co.uk/,200,,,12:00-24:00,,,,,,
,N1,N,node,2476984665,node/2476984665,51.5310789,-0.1208228,The Scottish Stores,,2-4,Caledonian Road,London,,https://www.thescottishstores.co.uk/,200,,Q17361846,,,,,,,
,N1,N,way,469650891,way/469650891,51.5363258,-0.0807085,The Stag's Head,,55,Orsman Road,London,,https://www.stagsheadhoxton.com/,,,Q21008705,,,,,,,
,N1,N,way,222031886,way/222031886,51.5363672,-0.12199,The Star of Kings,Electric Star Pubs,126,York Way,London,+44 20 7458 4218,https://starofkings.co.uk/,,,,Mo-Th 12:00-23:00, Fr-Sa 12:00-01:00, Su 12:00-21:00,,,,
,N1,N,way,374036067,way/374036067,51.5427622,-0.0793019,The Talbot,,109,Mortimer Road,London,+44 20 7241 2995,,,,,"Mo off; Tu,We 17:00-23:00; Th,Fr 17:00-24:00; Sa 12:00-24:00; Su 12:00-22:30",,,,,,
,N1,N,way,67234436,way/67234436,51.5319972,-0.1018634,The Tamil Crown,,16,Elia Street,London,+44 20 7916 2920,https://www.thetamilcrown.com/,200,,,,,,,,,
,N1,N,way,288355243,way/288355243,51.5407725,-0.1029638,The Taproom,,163,Upper Street,London,,http://thetaprooms.co.uk/,200,,,Mo-We 15:00-23:00, Th-Sa 12:00-23:00, Su 12:00-22:30,,,,
,N1,N,way,119439310,way/119439310,51.5329532,-0.1090953,The Three Johns,,73,White Lion Street,London,,https://www.urbanpubsandbars.com/venues/three-johns,,,,,,,,,,
,N1,N,way,299662731,way/299662731,51.54164,-0.1033399,The Vineyard,Stonegate,179,Upper Street,London,,https://www.socialpubandkitchen.co.uk/vineyard-islington,200,,,,,,,,,
,N1,N,way,397429638,way/397429638,51.5494489,-0.0868495,The Weavers Arms,,98,Newington Green Road,London,+44 20 7354 9501,https://www.weaversarmsislington.co.uk/,,,,,,,,,,
,N1,N,way,153779530,way/153779530,51.531425,-0.0939456,The Wenlock Arms,,26,Wenlock Road,London,,,,,Q7774242,"Tu-We 16:00-23:00, Th 12:00-24:00, Fr-Sa 12:00-01:00, Su 12:00-22:00",,,,,,
,N1,N,node,2531024418,node/2531024418,51.545728,-0.1034102,The White Swan,Wetherspoon,255-256,Upper Street,London,,https://www.jdwetherspoon.com/pubs/the-white-swan-islington,200,,Q88916688,,,,,,,
,N1,N,way,31340567,way/31340567,51.5337544,-0.1049304,The York,Nicholson's,82,Islington High Street,London,,https://www.nicholsonspubs.co.uk/restaurants/london/theyorkislingtonlondon,403,,Q26502779,,,,,,,
,N1,N,way,352905274,way/352905274,51.5343555,-0.1169819,Thornhill Arms,,148,Caledonian Road,London,,,,,,,,,,,,
,N1,N,supabase,,26b815e9-7d0d-4753-9395-c537d9bed12a,51.5275,-0.088,Three Crowns,Young's,,,,(020) 3058 4810,,,,,,,,,,,
,N1,N,way,807556793,way/807556793,51.5303695,-0.0926459,William IV,,7,Shepherdess Walk,London,,,,,,,,,,,,
,N1,N,node,367924639,node/367924639,51.5280278,-0.0816764,Zigfrid,,11,Hoxton Square,London,+44 20 7613 1988,https://zigfridvonunderbelly.com/,403,,,Mo-We 16:00-01:00, Th 12:00-01:00, Fr-Sa 12:00-15:00, Su 12:00-00:00,,,
,N10,N,node,802966782,node/802966782,51.5997639,-0.1476478,Furlong,,89,Colney Hatch Lane,London,+44 20 8444 4176,https://www.thefurlongmuswellhill.com/,,,,,,,,,,
,N10,N,supabase,,f1a7742c-5568-4ac4-8eb7-ab29b66fd480,51.5907,-0.14392,Muswell Hillbilly Taproom,Muswell Hillbilly Brewers,,,,,,,,,,,,,,,
,N10,N,way,366382271,way/366382271,51.5883692,-0.1412195,The Famous Royal Oak,,73,St James's Lane,London,+44 20 3489 2845,https://thefamousroyaloak.co.uk,200,,,Mo-We 12:00-23:00, Th-Sa 12:00-24:00, Su 12:00-22:30,,,,
,N10,N,way,501641166,way/501641166,51.5989116,-0.1379464,The Maid of Muswell,,121,Alexandra Park Road,London,,https://www.themaidofmuswell.co.uk/,403,,,Mo-Su 12:00-23:00,,,,,,
,N10,N,way,441509845,way/441509845,51.5906663,-0.1417331,The Mossy Well,Wetherspoon,258-260,Muswell Hill Broadway,London,,https://www.jdwetherspoon.com/pubs/the-mossy-well-muswell-hill/,200,,Q88916769,Mo 08:00-23:30, Tu-We 08:00-24:00, Th-Su 08:00-01:00,,,,
,N10,N,node,477938811,node/477938811,51.5933146,-0.131956,The Phoenix,,,Alexandra Palace Way,London,,https://www.alexandrapalace.com/food-drink/phoenix-bar-pizzeria/,200,,,Mo-Th 11:00-22:30, Fr-Sa 11:00-23:00, Su 11:00-22:30,,,,
,N10,N,way,530088186,way/530088186,51.5905089,-0.1469011,The Village Green,,122,Fortis Green Road,London,,https://www.thevillagegreen.pub/,,,,,,,,,,
,N10,N,way,530088481,way/530088481,51.5873584,-0.1341173,Victoria Stakes,,1-3,Muswell Hill,London,,https://victoriastakes.co.uk/,200,,,Mo 16:00-23:00, Tu-We 12:00-23:00, Tu-Sa 12:00-00:00, Su 12:00-22:30,,,
,N11,N,node,1600324548,node/1600324548,51.6161752,-0.1320087,Arnos Arms,,338,Bowes Road,London,,,,,,,,,,,,
,N11,N,node,305587200,node/305587200,51.6055519,-0.1227375,Springfield Tavern,,,,,,,,,,,,,,,,
,N11,N,node,593452626,node/593452626,51.6087366,-0.1271943,The Ranelagh,,,,,,,,,,,,,,,,
,N12,N,node,448921712,node/448921712,51.6115111,-0.1792332,Elephant Inn,Fuller's,283,Ballards Lane,London,+44 20 8343 6110,https://www.elephantinnfinchley.co.uk/,200,,,Mo-Th 11:00-23:00, Fr-Sa 11:00-00:00, Su 12:00-22:30,,,,
,N12,N,node,10213894381,node/10213894381,51.6129652,-0.1756474,Finchley Tavern,,686,High Road,London,,,,,,,,,,,,
,N12,N,way,490082508,way/490082508,51.6190529,-0.1770816,Malt and Hops,,891,High Road,London,+44 20 3011 1317,https://www.maltandhopslondon.co.uk,200,,,,,,,,,
,N12,N,node,2341125350,node/2341125350,51.6153156,-0.176463,The Bohemia,,762,High Road,London,,https://www.thebohemia.co.uk/,200,,,,,,,,,
,N12,N,node,451271,node/451271,51.6141038,-0.1765556,The Tally Ho,,749,High Road,London,,https://thetallyhopub.co.uk/,200,,Q24298976,,,,,,,
,N12,N,node,273404382,node/273404382,51.6185904,-0.1764629,Toolan's,,866,High Road,London,,,,,,,,,,,,
,N12,N,way,1038752219,way/1038752219,51.6114944,-0.1625467,Woodhouse Free House,,230,Woodhouse Road,London,,,,,,"Mo-Fr 14:00-22:00; Sa,Su 12:00-22:00",,,,,,
,N13,N,node,11269168700,node/11269168700,51.6178159,-0.1098123,Chestnut Tree,,,Alderman's Hill,London,,,,,,,,,,,,
,N13,N,node,672835711,node/672835711,51.6193797,-0.1068029,The Alfred Herring,,316-322,Green Lanes,London,,https://www.thealfredherring.co.uk/,200,,Q88916772,,,,,,,
,N13,N,way,449555765,way/449555765,51.6205779,-0.1065963,The Fox,,,,,,,,,Q23891233,,,,,,,
,N13,N,way,832071957,way/832071957,51.6103765,-0.1100633,The Occasional Half,,67-67,Green Lanes,London,,,,,,,,,,,,
,N13,N,way,1339956662,way/1339956662,51.6287758,-0.1172526,The Woodman,,128,Bourne Hill,London,+44 20 3774 1659,https://www.facebook.com/woodmansouthgate/,200,,,,,,,,,
,N14,N,node,11901214589,node/11901214589,51.6335353,-0.1316385,Annie Twomeys,,110-112,Chase Side,London,+44 20 8882 3372,https://www.stonegatepubpartners.co.uk/find-a-pub/annie-twomeys-southgate_033038,,,,,,,,,,
,N14,N,node,2437697969,node/2437697969,51.6483415,-0.130235,Doyle's,,155,Bramley Road,London,+44 20 3887 0360,https://www.lemonrock.com/doylesoakwood,,,,"Su-Th 12:00-23:00;Fr,Sa 12:00-24:00",,,,,,
,N14,N,node,330128416,node/330128416,51.6337369,-0.1247827,Fishmonger's Arms,,3,Winchmore Hill Road,London,+44 20 8886 8080,,,,,,,,,,,
,N14,N,supabase,,a23fc9c6-e08b-420b-a95a-f9d8e68b4805,51.6327,-0.128939,Southgate Club,,,,,(020) 8886 1617,,,,,,,,,,,
,N14,N,supabase,,a126ec94-14ee-4af1-9c23-4ba9ef287482,51.6281,-0.126394,Southgate Masonic Centre,Independent,,,,(020) 8882 3074,,,,,,,,,,,
,N14,N,node,733975796,node/733975796,51.6333482,-0.1305923,The New Crown,Wetherspoon,80-84,Chase Side,London,,https://www.jdwetherspoon.com/pubs/the-new-crown-southgate,200,,Q88916778,,,,,,,
,N14,N,node,1687799181,node/1687799181,51.6318052,-0.1432225,The Osidge Arms,,,Osidge Lane,London,,http://www.theosidgearms.co.uk/,200,,,,,,,,,
,N14,N,supabase,,f7360445-1408-4a12-8e26-514b40347a84,51.6258,-0.1304,Walker Ground,Independent,,,,(020) 8886 8381,,,,,,,,,,,
,N14,N,way,1332679971,way/1332679971,51.6248173,-0.123382,Ye Olde Cherry Tree,Vintage Inns,,,,,,,,Q23891253,Mo-Th 12:00-23:00, Fr-Sa 12:00-24:00, Su 12:00-23:00,,,,
,N15,N,node,343538005,node/343538005,51.586911,-0.097422,Emporer Banqueting Suite,,,,,,,,,,,,,,,,
,N15,N,node,8132648120,node/8132648120,51.5862995,-0.0889222,K K McCools,,265,West Green Road,London,+44 2088 818 036,,,,,Mo-Th 11:00-00:00, Fr-Sa 11:00-01:00, Su 12:00-00:00,,,,
,N15,N,node,460668847,node/460668847,51.5847587,-0.0642382,Mannions Prince Arthur,,158,Broad Lane,London,,,,,,,,,,,,
,N15,N,node,27364392,node/27364392,51.5783635,-0.0819029,No.8 Seven Sisters,,,,,,,,,,,,,,,,
,N15,N,node,1598393379,node/1598393379,51.5850325,-0.0794707,The Fountain,,125-127,West Green Road,London,+44 20 8802 0433,https://fountainhotellondon.com/,,,,,,,,,,
,N15,N,node,331362139,node/331362139,51.5878447,-0.0992823,The Green Gate,,492,West Green Road,London,,,,,,,,,,,,
,N15,N,way,1030316322,way/1030316322,51.5883347,-0.082998,The Palm,,,,,,,,,,,,,,,,
,N15,N,node,13315502601,node/13315502601,51.588058,-0.0704832,The Post Bar,,316,High Road,London,,https://www.thepostbar.co.uk/,200,,,,,,,,,
,N16,N,way,1007692612,way/1007692612,51.5537965,-0.0882397,BeBopaLula,,,,,+44 20 7249 6764,https://thebeboppub.com/,200,,,,,,,,,
,N16,N,way,378840186,way/378840186,51.5475892,-0.0756923,Burkes Warehouse,,37,Kingsland High Street,London,,,,,,,,,,,,
,N16,N,supabase,,3151adbb-2b00-4594-94cd-b588730dbd70,51.5622,-0.07913,Clarence Tavern,Natural Pubs,,,,(020) 8712 1188,,,,,,,,,,,
,N16,N,node,262637210,node/262637210,51.5617228,-0.0735286,Coach & Horses,,178,Stoke Newington High Street,London,,https://www.thecoachandhorsesn16.co.uk/,,,Q26647406,,,,,,,
,N16,N,supabase,,7f63076e-bde3-4541-ad9a-5cf385f0a30a,51.5634,-0.079774,Macintosh Ale House,Independent,,,,,,,,,,,,,,,
,N16,N,way,238385297,way/238385297,51.5610164,-0.0837507,Rose & Crown,,199,Stoke Newington Church Street,London,,https://www.roseandcrownn16.co.uk/,200,,Q21008694,,,,,,,
,N16,N,way,381748316,way/381748316,51.5516844,-0.0798181,The Army and Navy,,1,Matthias Road,London,,,,,Q21008634,,,,,,,
,N16,N,node,262443436,node/262443436,51.5620215,-0.079539,The Auld Shillelagh,,105,Stoke Newington Church Street,London,+44 20 7249 5951,http://theauldshillelagh.co.uk/,200,,,Mo-We 12:00-24:00, Th-Sa 12:00-25:00, Su 12:00-24:00,,,,
,N16,N,way,640280851,way/640280851,51.5627599,-0.0717262,The Axe,,18,Northwold Road,London,+44 20 7254 9559,https://www.theaxepub.com/,200,,,,,,,,,
,N16,N,node,292234943,node/292234943,51.5663124,-0.0726537,The Bird Cage,Stonegate,58,Stamford Hill,London,,https://www.socialpubandkitchen.co.uk/find-a-pub,200,,,,,,,,,
,N16,N,way,378840185,way/378840185,51.5476852,-0.0757242,The Black Eel,,41,Kingsland High Street,London,,https://www.theblackeel.uk/,200,,,Mo 16:00-23:00, Tu-We 16:00-23:00, Th-Sa 12:00-24:00, Su 12:00-22:00,,,
,N16,N,node,459269359,node/459269359,51.5622912,-0.0789926,The Clarence,,102,Stoke Newington Church Street,London,,https://www.clarencetavern.com/,,,,,,,,,,
,N16,N,way,640280048,way/640280048,51.5625475,-0.0733231,The Jolly Butchers,,204,Stoke Newington High Street,London,+44 20 7249 9471,https://jollybutchers.co.uk/,200,,,Mo-Th 16:00-23:00, Fr 16:00-23:30, Sa 12:00-24:00, Su 12:00-23:00,,,
,N16,N,way,265265245,way/265265245,51.5538024,-0.088633,The Leconfield,,79,Green Lanes,London,+44 20 7354 2791,https://www.theleconfieldpub.co.uk/,503,,,Mo-Th 15:00-00:00, Fr 15:00-01:00, Sa 12:00-01:30, Su 12:00-23:00,,,
,N16,N,way,660792782,way/660792782,51.5621365,-0.0806064,The Lion,,132,Stoke Newington Church Street,London,,http://www.thelionn16.co.uk/,200,,,,,,,,,
,N16,N,way,957099697,way/957099697,51.557632,-0.0806089,The Londesborough,,36,Barbauld Road,London,,https://www.thelondesborough.com/,200,,,,,,,,,
,N16,N,way,536399756,way/536399756,51.5600192,-0.0783353,The Prince,,59,Kynaston Road,London,+44 20 7043 5210,https://www.theprincen16.com/,200,,,,,,,,,
,N16,N,node,256404255,node/256404255,51.5609825,-0.0740121,The Rochester Castle,Wetherspoon,"143, 145",Stoke Newington High Street,London,+44 20 7249 6016,https://www.jdwetherspoon.com/pubs/the-rochester-castle-stoke-newington,200,,Q26388410,Su-Th 08:00-24:00, Fr-Sa 08:00-25:00,,,,,
,N16,N,way,262600569,way/262600569,51.5554993,-0.0818132,The Shakespeare,,57,Allen Road,London,+44 20 7254 4190,https://theshakespeare.co.uk/,200,,,Mo-Th 17:00-23:00, Fr 16:00-23:00, Sa 14:00-23:00, Su 14:00-22:30,,,
,N16,N,way,816170887,way/816170887,51.5621205,-0.0739549,The Three Crowns,,175,Stoke Newington High Street,London,,https://threecrownsn16.com/,200,,,"Mo-We 16:00-00:00, Th 16:00-01:00, Fr 16:00-02:30, Sa 12:00-02:30, Su 12:00-23:00",,,,,,
,N16,N,node,6634608910,node/6634608910,51.5661351,-0.0722466,The Wheatsheaf,,6,Windus Road,London,,,,,,,,,,,,
,N16,N,way,925218087,way/925218087,51.5591289,-0.0744779,The White Hart,,69,Stoke Newington High Street,London,+44 20 7254 6626,https://www.whitehartstokenewington.com/,200,,,,,,,,,
,N16,N,node,33101954,node/33101954,51.5749285,-0.0719505,Turnpike House,,,,,,,,,,,,,,,,
,N16,N,node,658958423,node/658958423,51.5559225,-0.0747603,Yucatan Bar,,121,Stoke Newington Road,London,,,,,,,,,,,,
,N17,N,node,9739982235,node/9739982235,51.590616,-0.0567958,Beavertown Brewery Taproom,Beavertown,,Mill Mead Road,London,,,,,,Sa-Su 12:00-21:00,,,,,,
,N17,N,node,10261263865,node/10261263865,51.6022547,-0.0674075,Beavertown Corner Pin,Beavertown Brewery,732,High Road,London,,,,,,Mo-We 12:00-22:00, Th-Fr 12:00-23:00, Sa 11:00-23:00, Su 11:00-21:00,,,
,N17,N,node,2310523851,node/2310523851,51.6059178,-0.0683957,Bricklayers Arms,,,High Road,London,,,,,,,,,,,,
,N17,N,node,10263469468,node/10263469468,51.6020531,-0.0674609,No.8 Tottenham,,724-726,High Road,London,,https://no8world.com/no-8-tottenham,,,,,,,,,,
,N17,N,node,6939589391,node/6939589391,51.5905271,-0.0580414,Pressure Drop,,,,,,https://pressuredropbrewing.co.uk/pages/taproom,200,,,,,,,,,
,N17,N,supabase,,b57e1e27-d927-483e-8f85-bc4ba48e9143,51.6063,-0.058457,Redemption Brewery Taproom,Redemption Brewery,,,,(020) 8885 5227,,,,,,,,,,,
,N17,N,supabase,,d41e9384-ae9c-458e-86f8-d9f4ec6ddc7a,51.5944,-0.070618,TCC,Independent,,,,(020) 8808 2062,,,,,,,,,,,
,N17,N,node,520913454,node/520913454,51.6018786,-0.0747509,The Antwerp Arms,,168-170,Church Road,London,+44 20 8216 9289,https://www.antwerparms.co.uk/,200,,,Tu-Th 16:00-23:00, Fr 14:00-00:00, Sa 12:00-00:00, Su 12:00-22:30,,,
,N17,N,way,1076851225,way/1076851225,51.5922323,-0.0692517,The Beehive,,,Stoneleigh Road,London,+44 20 8808 3567,https://beehiven17.com/,200,,Q27087260,Mo-Th 15:00-23:00, Fr-Sa 12:00-01:00, Su 12:00-22:30,,,,
,N17,N,node,459819389,node/459819389,51.6056848,-0.0616534,The Bill Nicholson,,,,,,https://the-bill-nicholson-pub.hotels-of-london.com/en/,,,,,,,,,,
,N17,N,way,1355051286,way/1355051286,51.5969961,-0.0680218,The Bluecoats,,,,,,,,,,,,,,,,
,N17,N,node,2267462478,node/2267462478,51.5969321,-0.0680521,The Bluecoats Pub,,614,High Road,London,+44 20 8885 6555,https://thebluecoatspub.com/,200,,,"Mo-Th 16:00-23:00; Fr,Sa 12:00-23:00; Su 13:00-22:00",,,,,,
,N17,N,way,222077186,way/222077186,51.6075632,-0.0678042,The Coach and Horses,,862,High Road,London,,,,,,,,,,,,
,N17,N,node,529116489,node/529116489,51.5934562,-0.0697926,The Elbow Room,Stonegate,503-505,High Road,London,,https://www.craftunionpubs.com/elbow-room-tottenham,200,,,,,,,,,
,N17,N,node,3497250394,node/3497250394,51.598349,-0.075939,The Elmhurst,,131,Lordship Lane,London,,https://theelmhurst.co.uk/,,,,,,,,,,
,N17,N,way,134777475,way/134777475,51.5869518,-0.0525083,The Ferry Boat Inn,Heritage Pubs,1,Ferry Lane,London,+44 20 8808 4980,,,,Q27084059,,,,,,,
,N17,N,node,6364969835,node/6364969835,51.5893789,-0.0701255,The High Cross,,350,High Road,London,+44 20 8292 8115,https://www.instagram.com/highcrosslondon/,200,,,Su 12:00-22:30, Tu-We 16:00-23:00, Th-Sa 12:00-23:00,,,,
,N17,N,way,179791111,way/179791111,51.597754,-0.0912905,The New Moon,,,Lordship Lane,London,,,,,,,,,,,,
,N17,N,node,496843507,node/496843507,51.602594,-0.0599533,The Olive Branch,,169,Park Lane,London,,,,,,,,,,,,
,N17,N,node,529116490,node/529116490,51.5933152,-0.0698235,The Ship,,499,High Road,London,,,,,,,,,,,,
,N17,N,way,1355051274,way/1355051274,51.5968409,-0.0670291,The Two Brewers,,,,,,,,,,,,,,,,
,N17,N,way,1288548017,way/1288548017,51.5967792,-0.0672633,The Victoria,,34,Scotland Green,London,,https://www.thevictoriatottenham.com/,200,,,Mo-Th 16:00-23:00, Fr-Sa 12:00-01:00, Su 12:00-23:00,,,,
,N17,N,way,151161058,way/151161058,51.5903031,-0.0646004,The Volunteer,,,,,,,,,,,,,,,,
,N18,N,node,2334811789,node/2334811789,51.6164794,-0.0771939,Dicey Reilly's,,161,Silver Street,London,+44 20 8807 2929,,,,,,,,,,,
,N18,N,node,459805640,node/459805640,51.6176396,-0.0636349,Golden Fleece,,,,,,,,,,,,,,,,
,N18,N,relation,2981008,relation/2981008,51.610053,-0.0655201,The Gilpin's Bell,,,,,,,404,,,,,,,,,
,N18,N,way,157617680,way/157617680,51.6120058,-0.0652119,The White Horse,,,,,,,,,,,,,,,,
,N19,N,node,25744507,node/25744507,51.5566538,-0.1383959,Aces and Eights Saloon Bar,,156-158,Fortess Road,London,,https://www.acesandeightssaloonbar.com/,200,,,,,,,,,
,N19,N,way,31915414,way/31915414,51.5660295,-0.1350465,Archway Tavern,,,,,,,,,Q92455427,,,,,,,
,N19,N,node,599572738,node/599572738,51.5683619,-0.1366167,Charlotte Despard,,,,,,,,,,,,,,,,
,N19,N,supabase,,67f8a8cf-4172-4d25-97e9-394ee4b0d2c3,51.5627,-0.12346,Landseer Arms,Stanley Pubs,,,,(020) 7281 2569,,,,,,,,,,,
,N19,N,node,27411557,node/27411557,51.5646374,-0.1217505,North Nineteen,,,,,,,,,,"Mo-Th 16:00-12:00, Fr 16:00-01:00",,,,,,
,N19,N,way,76046344,way/76046344,51.5624898,-0.1365174,Oak & Pastor,,86,Junction Road,London,+44 20 8616 0943,,,,Q133288301,,,,,,,
,N19,N,way,70609598,way/70609598,51.5629732,-0.1356292,St John's Tavern,,91,Junction Road,London,+44 20 7272 1587,https://www.urbanpubsandbars.com/venues/st-johns-tavern,200,,,Mo 16:00-22:30, Tu-Th 16:00-23:00, Fr-Sa 12:00-00:00, Su 12:00-21:30,,,
,N19,N,way,1026053464,way/1026053464,51.5571899,-0.1384932,The Boston Arms,,178-180,Junction Road,London,,https://www.bostonarms.co.uk/,200,,Q26490218,,,,,,,
,N19,N,node,25894993,node/25894993,51.5672223,-0.1219758,The Corner Flag,,472,Hornsey Road,London,,,,,,,,,,,,
,N19,N,way,274050580,way/274050580,51.5619557,-0.1248201,The Crown,,,,,,,,,,,,,,,,
,N19,N,way,319902239,way/319902239,51.5626568,-0.127202,The Floírín,,,,,,,,,,,,,,,,
,N19,N,way,401973264,way/401973264,51.5629614,-0.1227899,The Landseer,,,,,,,,,,,,,,,,
,N19,N,node,480829681,node/480829681,51.5648097,-0.1329722,The Mother Redcap,,,,,,,,,,,,,,,,
,N19,N,way,190104590,way/190104590,51.5697916,-0.1236208,The Shaftesbury Tavern,Remarkable Pubs,534,Hornsey Road,London,+44 20 7272 7950,https://theshaftesburytavern.co.uk/,200,,,Mo-Th 17:00-23:00, Fr 15:00-00:30, Sa 12:00-00:30, Su 12:00-22:00,,,
,N19,N,node,6052873806,node/6052873806,51.5634509,-0.1426426,The Star,,,,,,,,,,,,,,,,
,N19,N,way,447950556,way/447950556,51.5662715,-0.1366976,Whittington Stone,,53,Highgate Hill,London,+44 20 7281 0905,https://www.greatlocalpubs.co.uk/whittington-stone-highgate,200,,,,,,,,,
,N1C,N,node,8821717717,node/8821717717,51.5377081,-0.125856,Babel Beerhouse,,1,Lewis Cubitt Walk,London,+44 20 8161 4446,https://www.babelbeerhouse.com/,200,,,Mo 12:00-22:00, Tu-Fr 12:00-23:00, Sa 12:00-24:00, Su 12:00-22:00,,,
,N1C,N,node,646585258,node/646585258,51.5327455,-0.1262925,The Barrel Vault,Wetherspoon,Unit 23,"The Circle, Saint Pancras Station",London,+44 20 7837 5151,https://www.jdwetherspoon.com/pubs/the-barrel-vault-camden/,200,https://www.jdwetherspoon.com/pubs/the-barrel-vault-camden/,Q88965895,"Mo-Th 07:00-00:00; Fr, Sa 07:00-01:00; Su 08:00-23:00",,,,,,
,N1C,N,way,427900370,way/427900370,51.5352712,-0.1243966,The Lighterman,,3,Granary Square,London,+44 20 3846 3400,https://www.thelighterman.co.uk/,200,,,Mo-Th 08:00-23:30, Fr 08:00-24:00, Sa 09:00-24:00, Su 09:00-22:30,,,
,N1C,N,way,416601731,way/416601731,51.5324696,-0.1238357,The Parcel Yard,Fuller's,,"Shared Service Yard, Goods Yard",London,,https://www.parcelyard.co.uk/,200,,,Mo-Sa 08:30-22:30, Su 08:30-21:00,,,,,
,N1C,N,node,6561669265,node/6561669265,51.5317471,-0.1263722,The Station Pantry,,,,,,,,,,,,,,,,
,N2,N,way,532061943,way/532061943,51.5905494,-0.1552815,Clissold Arms,,105,Fortis Green,London,,https://clissoldarms.co.uk,200,,,,,,,,,
,N2,N,node,993017354,node/993017354,51.5908058,-0.1722957,Five Bells,Greene King,165-167,East End Road,London,,https://www.greeneking-pubs.co.uk/pubs/greater-london/five-bells/,timeout,,,,,,,,,
,N2,N,supabase,,5da80f4e-ac37-493d-8931-cd414da43d12,51.5908,-0.164877,Gertie Brownes,Independent,,,,(020) 8883 1506,,,,,,,,,,,
,N2,N,supabase,,53fb20f2-43ac-435f-8b32-4b373a4e794c,51.5908,-0.1644,Maddens,Independent,,,,(020) 8444 7444,https://www.lemonrock.com/maddensbareastfinchley,,,,,,,,,,
,N2,N,way,187242347,way/187242347,51.589297,-0.1642311,The Bald Faced Stag,,69,High Road,London,,https://www.urbanpubsandbars.com/venues/the-bald-faced-stag,200,,,,,,,,,
,N2,N,way,1155385349,way/1155385349,51.5866302,-0.1644607,The Old White Lion,,121,Great North Road,London,,,,,,,,,,,,
,N2,N,supabase,,d0b82c46-7bff-40d9-bd86-fd3cbf7fb9d2,51.5935,-0.1712,Windsor Castle,Independent,,,,(020) 3649 7513,,,,,,,,,,,
,N20,N,supabase,,12621dac-1264-4c99-8465-80872a891760,51.6326,-0.189165,South Herts Golf Club,Independent,,,,(020) 8445 2035,,,,,,,,,,,
,N20,N,node,849138031,node/849138031,51.6297824,-0.1578989,The Cavalier,,,,,,https://www.cavalierbarnet.co.uk/,,,,,,,,,,
,N20,N,way,156501798,way/156501798,51.6302216,-0.174419,The Griffin,,1262,High Road,London,+44 20 8445 1110,https://www.griffinwhetstone.pub/,200,,,Mo-Th 12:00-23:00, Fr-Sa 12:00-00:00, Su 12:00-22:30,,,,
,N20,N,way,201174974,way/201174974,51.6299418,-0.1974318,The Orange Tree,,7,Totteridge Village,London,,https://www.theorangetreetotteridge.co.uk/,403,,,,,,,,,
,N20,N,way,187981478,way/187981478,51.6249147,-0.1578528,The York Arms,,,,,,,,,,,,,,,,
,N20,N,node,268040827,node/268040827,51.627374,-0.1746584,Three Horseshoes,,1166,High Road,,,https://www.craftunionpubs.com/three-horseshoes-whetstone,,,,,,,,,,
,N21,N,supabase,,7729fbd8-6ecc-4c45-b044-7540c4a62329,51.6255,-0.10478,Dog & Duck,Independent,,,,(020) 8886 1987,,,,,,,,,,,
,N21,N,node,4464548883,node/4464548883,51.6360608,-0.0909623,Little Green Dragon,,928,Green Lanes,,,https://littlegreendragonenfield.wordpress.com/,,,,,,,,,,
,N21,N,node,6293653478,node/6293653478,51.6319862,-0.0957415,On Broadway,,,,,,,,,,,,,,,,
,N21,N,way,339708839,way/339708839,51.6290513,-0.0958486,Orange Tree,,,Highfield Road,London,,,,,,,,,,,,
,N21,N,node,330128385,node/330128385,51.642833,-0.0986945,The Gryphon Pub,Ember Inns,9,Vera Avenue,London,,https://www.emberinns.co.uk/nationalsearch/london/thegryphonenfield/,403,,,,,,,,,
,N21,N,node,1516630076,node/1516630076,51.6346573,-0.1032999,The Kings Head,,,,,,,,,,,,,,,,
,N21,N,way,247245128,way/247245128,51.6332159,-0.0997378,The Queens Head,Stonegate,41-43,Station Road,London,,https://www.thequeensheadwinchmorehill.com/,,,,,,,,,,
,N21,N,way,340247717,way/340247717,51.6329832,-0.1029707,The Salisbury Arms,,,Hoppers Road,London,+44 20 8882 9103,https://www.thesalisburyarmswinchmorehill.co.uk/,403,,,12:00-24:00,,,,,,
,N21,N,node,6293653585,node/6293653585,51.6317023,-0.0959212,The Three Wishes,,,,,,,,,,,,,,,,
,N21,N,supabase,,30bd2da5-930c-441a-948b-cc80ca2fdc00,51.6363,-0.092652,Vicars Moor Lawn Tennis Club,,,,,(020) 8360 7497,,,,,,,,,,,
,N21,N,node,330128414,node/330128414,51.6382801,-0.1108079,Willow,,,,,,,,,,,,,,,,
,N21,N,supabase,,2c46680c-7662-4728-b9c4-ccb588d5f073,51.6382,-0.1121,Winchmore,Independent,,,,(020) 8886 6389,,,,,,,,,,,
,N22,N,node,6796796385,node/6796796385,51.5944758,-0.1124687,Karamel,,4,Coburg Road,London,,https://www.musicglue.com/karamel,,,,,,,,,,
,N22,N,supabase,,ecfd8a4a-b329-4aca-9904-bef8b579ef5f,51.5942,-0.113084,Karamel N22,Independent,,,,(020) 8829 8989,,,,,,,,,,,
,N22,N,node,460531077,node/460531077,51.5982203,-0.1109739,P.J. O'Connor's,,239,High Road,London,,,,,,,,,,,,
,N22,N,way,38769659,way/38769659,51.5985861,-0.1105071,Rattle & Hum,,232-4,High Road,London,,,,,,,,,,,,
,N22,N,way,671119848,way/671119848,51.5966256,-0.1088525,Spouter's Corner,Wetherspoon,180,High Road,London,,https://www.jdwetherspoon.com/pubs/spouters-corner-wood-green/,200,,Q88916781,,,,,,,
,N22,N,node,7804014021,node/7804014021,51.606551,-0.1188983,Tap Room,,,,,,https://www.bohembrewery.com/bohem-tap-room/,200,,,,,,,,,
,N22,N,node,8263743019,node/8263743019,51.5932825,-0.1140951,The Goodness Brewing Company,The Goodness,,,,,https://thegoodnessbrew.co/,200,,,,,,,,,
,N22,N,way,1327090619,way/1327090619,51.596888,-0.1099902,The Nag's Head,,203,High Road,London,+44 20 8889 0376,,,,,Mo-Th 10:00-23:00, Fr-Sa 10:00-24:00,,,,,
,N22,N,way,391389796,way/391389796,51.6011868,-0.1161102,The Prince,,1,Finsbury Road,London,,https://www.theprincen22.co.uk/,200,,,,,,,,,
,N22,N,way,138428151,way/138428151,51.5983238,-0.1197076,The Starting Gate,Castle Pubs,,Station Road,London,+44 20 8889 9436,https://www.thestartinggate.co.uk/,403,,Q26353898,Mo-Th 12:00-23:00, Fr 12:00-24:00, Sa 11:00-24:00, Su 11:00-22:30, PH 12:00-23:00,,
,N22,N,way,1341558980,way/1341558980,51.5935411,-0.0984202,The Westbury,,,,,,,,,,,,,,,,
,N22,N,supabase,,9c1cc8cf-52da-4912-b3c5-66b0b74d22ca,51.6004,-0.110083,Wood Green Social Club,,,,,(020) 8888 9917,,,,,,,,,,,
,N3,N,supabase,,e4256cf0-07cc-4eae-ac13-edf42cb01758,51.6018,-0.202481,Finchley Manor Tennis Squash & Health Club,Independent,,,,(020) 8346 1327,,,,,,,,,,,
,N3,N,node,451152,node/451152,51.6008404,-0.1946078,King of Prussia,Mitchells & Butlers,363,Regents Park Road,London,+44 20 81065270,,,,,Mo-Th 12:00-23:00, Fr-Sa 12:00-24:00, Su 12:00-23:00,,,,
,N3,N,node,451154,node/451154,51.5995788,-0.196028,The Catcher in the Rye,,319,Regents Park Road,,,https://www.catcherintheryepub.co.uk/,,,,,,,,,,
,N3,N,way,1191618802,way/1191618802,51.6032666,-0.1914519,The Joiners,Stonegate,,Ballards Lane,London,,,,,,,,,,,,
,N4,N,way,935053788,way/935053788,51.560971,-0.0983516,Brook Gate,Stonegate,175,Blackstock Road,London,,https://www.craftunionpubs.com/brook-gate-finsbury-park,200,,,"Mo-Th 11:00-24:00; Fr,Sa 11:00-01:00; Su 12:00-24:00",,,,,,
,N4,N,way,224432174,way/224432174,51.5811385,-0.0997163,Brouhaha Bar,,499-501,Green Lanes,London,+44 20 8348 8553,https://www.brouhahabar.com,200,,,Mo-Tu 16:00-22:30, We-Th 16:00-23:00, Fr-Sa 16:00-00:00,,,,
,N4,N,node,459250820,node/459250820,51.5615953,-0.0998166,Kings Head,,126,Blackstock Road,London,,,,,,Su-th 11:00-24:00, fr-sa 11:00-01:00,,,,,
,N4,N,supabase,,c4745311-cd39-4865-994a-2834a2293908,51.571,-0.092796,Naturalist,Independent,,,,(020) 3437 0770,,,,,,,,,,,
,N4,N,node,1517871629,node/1517871629,51.5739989,-0.1123627,Nicholas Nickleby,Bohem Brewery,6,Ferme Park Road,London,,https://www.bohembrewery.com/nicholas-nickleby/,,,,Mo-Fr 16:00-23:00, Sa-Su 14:00-23:00,,,,,
,N4,N,way,264032017,way/264032017,51.5680854,-0.1112161,Park Tavern,,,,,,,,,,,,,,,,
,N4,N,supabase,,ccf21f6f-72f9-4759-b4e3-bf8c5638497e,51.5709,-0.117025,Robin,Independent,,,,07941 172926,,,,,,,,,,,
,N4,N,way,182783888,way/182783888,51.570875,-0.1153523,Stapleton Tavern,,2,Crouch Hill,London,+44 20 7272 5395,https://stapletontavern.com/,200,,,Mo-Th 16:00-23:00, Fr 14:00-00:00, Sa 12:00-00:00, Su 12:00-22:00,,,
,N4,N,supabase,,d5c5c085-41cf-4d47-ab6e-59eb3809f00a,51.5613,-0.0994718,T.Bird,Independent,,,,(020) 7503 6202,,,,,,,,,,,
,N4,N,node,4250008044,node/4250008044,51.5620169,-0.105091,The Auld Triangle,,,,,,,,,,,,,,,,
,N4,N,node,25717655,node/25717655,51.5763654,-0.0987786,The Beaconsfield,,359,Green Lanes,London,,,,,,,,,,,,
,N4,N,node,26065903,node/26065903,51.5645126,-0.104466,The BlackStock,,284,Seven Sisters Road,London,+44 20 7561 1337,https://blackstockpub.com/,,,,"Mo-Th 14:00-24:00; Fr 14:00-24:00; Sa 00:00-02:00,11:00-24:00; Su 00:00-02:00,11:00-24:00",,,,,,
,N4,N,way,395988684,way/395988684,51.5639626,-0.0927357,The Brownswood,,271,Green Lanes,London,+44 20 8802 0494,https://thebrownswood.co.uk/,200,,,Mo-Th 16:30-24:00, Fr 16:30-01:00, Sa 12:00-01:00, Su 12:00-23:00,,,
,N4,N,way,536515003,way/536515003,51.5684811,-0.1082455,The Faltering Fullback,,19,Perth Road,London,+44 20 7272 5834,https://falteringfullback.com/,200,,,,,,,,,
,N4,N,way,1013159521,way/1013159521,51.5719486,-0.0962475,The Finsbury,,336,Green Lanes,London,,https://www.thefinsbury.co.uk/,200,,,Mo-Th 14:00-00:00, Fr 14:00-02:00, Sa 12:00-02:00, Su 12:00-00:00,,,
,N4,N,node,25717653,node/25717653,51.5780132,-0.0990941,The Old Ale Emporium,,405,Green Lanes,London,+44 20 8348 6200,https://the-old-ale-emporium.edan.io/,200,,,Mo-Th 11:00-00:00, Fr-Sa 11:00-01:00, Su 12:00-23:00,,,,
,N4,N,way,182781312,way/182781312,51.5705452,-0.1156184,The Old Dairy,Greene King,,,,,https://www.greeneking.co.uk/pubs/greater-london/old-dairy,200,,Q26585594,,,,,,,
,N4,N,way,366291167,way/366291167,51.5709411,-0.1170332,The Robin Ale & Cider House,Four Acres Taverns Ltd,29,Crouch Hill,London,+44 20 7018 3830,https://www.therobinlondon.com/,200,,,Mo-Th 12:00-23:00, Fr-Sa 12:00-00:00, Su 12:00-22:30,,,,
,N4,N,way,223934463,way/223934463,51.5822373,-0.09929,The Salisbury,,1,Green Lanes,London,+44 20 8800 9617,https://thesalisburyhotelpub.co.uk,200,,Q7762114,Mo-Su 12:00-22:00,,,,,,
,N4,N,node,9805131739,node/9805131739,51.5648205,-0.1047935,The Twelve Pins,,263,Seven Sisters Road,London,,,,,,"Mo-Th 12:00-24:00; Fr 11:00-24:00; Sa 00:00-01:00,11:00-24:00; Su 00:00-01:00,11:00-24:00",,,,,,
,N4,N,way,445566137,way/445566137,51.5663644,-0.1115727,The W. B. Yeats,,20,Fonthill Road,London,,https://www.thewbyeats.com/,,,,,,,,,,
,N4,N,node,26197017,node/26197017,51.5693773,-0.1126397,The White Lion of Mortimer,,125-127,Stroud Green Road,London,,,,,,,,,,,,
,N4,N,way,272100746,way/272100746,51.5669893,-0.1083264,The World's End,,21-23,,London,,https://www.worldsendfinsburypark.com/,,,,,,,,,,
,N4,N,supabase,,e9285a51-1a72-4999-9335-3a8fdccff1e3,51.5694,-0.11265,White Lion,,,,,(020) 7561 8880,,,,,,,,,,,
,N5,N,way,242607346,way/242607346,51.5583351,-0.0987654,Bank of Friendship,,224-226,Blackstock Road,London,+44 20 7226 8711,http://www.bankoffriendship.com/,200,,,"Mo-Th 16:00-00:00, Fr 16:00-01:00, Sa 12:00-01:00, Su 12:00-00:00",,,,,,
,N5,N,way,1018511173,way/1018511173,51.5463498,-0.1016067,Brewhouse & Kitchen Highbury,Brewhouse & Kitchen,,,,+44 20 7226 1026,,,,,"Mo-Th 11:00-23:00; Fr,Sa 11:00-00:00; Su 12:00-22:30",,,,,,
,N5,N,way,230259989,way/230259989,51.5578332,-0.0907844,Clissold Park Tavern,,177,Green Lanes,London,,https://clissoldparktavern.com,200,,,,,,,,,
,N5,N,node,344875284,node/344875284,51.55382,-0.0980505,Highbury Barn Tavern,,,,,,,,,,,,,,,,
,N5,N,node,344875712,node/344875712,51.5534482,-0.1046613,The Drayton Park Public House,,66,Drayton Park,London,+44 20 7359 3915,,,,,,,,,,,
,N5,N,node,360045160,node/360045160,51.5460069,-0.1035265,The Famous Cock,Stonegate,259,Upper Street,London,,https://www.socialpubandkitchen.co.uk/famous-cock-tavern-islington,200,,,"Mo-We 17:00-24:00, Th 17:00-01:00, Fr,Sa 17:00-03:00; Su off",,,,,,
,N5,N,way,779442726,way/779442726,51.5589608,-0.0989136,The Gunners,,204,Blackstock Road,London,,https://gunnerspubhighbury.co.uk/,200,,,,,,,,,
,N5,N,node,362359474,node/362359474,51.5499802,-0.1084358,The Horatia,,98-100,Holloway Road,London,,https://www.thehoratia.co.uk/,200,,,,,,,,,
,N5,N,way,227830213,way/227830213,51.5491344,-0.0913167,The Snooty Fox,,75,Grosvenor Avenue,London,+44 20 7354 9532,http://www.snootyfoxlondon.co.uk/,200,,,Mo-Th 16:00-23:00, Fr 16:00-01:00, Sa 12:00-01:00, Su 12:00-22:30,,,
,N5,N,way,952014248,way/952014248,51.559525,-0.0983327,The Woodbine,,,,,,,,,,"Mo-We 16:00-24:00, Th 16:00-01:00, Fr 15:00-02:00, Sa 12:00-02:00, Su 12:00-24:00",,,,,,
,N6,N,way,99431569,way/99431569,51.5691035,-0.1416853,Brendan The Navigator,,,,,,,,,,,,,,,,
,N6,N,way,593167141,way/593167141,51.5708626,-0.148862,Prince of Wales,,53,Highgate High Street,London,,https://www.princeofwaleshighgate.co.uk/,,,,Mo-Sa 12:00-23:00, Su 12:00-22:30,,,,,
,N6,N,way,810341385,way/810341385,51.5726081,-0.1502606,Red Lion & Sun,,25,North Road,London,,https://www.theredlionandsun.com/,200,,,Mo-Sa 12:00-24:00, Su 12:00-23:00,,,,,
,N6,N,way,953834864,way/953834864,51.5705986,-0.1476531,The Angel Inn,,37,Highgate High Street,London,,,,,,,,,,,,
,N6,N,way,475181226,way/475181226,51.5764014,-0.1436293,The Boogaloo,,312,Archway Road,London,,https://theboogaloo.co.uk/,,,,,,,,,,
,N6,N,way,154117129,way/154117129,51.5754474,-0.150966,The Bull,,13,North Hill,London,+44 20 8341 0510,https://www.thebullhighgate.com/,200,,Q27085740,Mo-Th 12:00-23:00, Fr-Sa 12:00-24:00, Su 12:00-22:30,,,,
,N6,N,way,497785764,way/497785764,51.5711151,-0.1487678,The Crown,,86,Highgate High Street,London,,https://thecrownhighgate.co.uk/,,,,,,,,,,
,N6,N,way,131925577,way/131925577,51.5705452,-0.1460627,The Duke's Head,,16,Highgate High Street,London,,https://domainlore.uk/domain/thedukesheadhighgate.co.uk,200,,,,,,,,,
,N6,N,way,810341396,way/810341396,51.5699005,-0.1508615,The Flask,Fuller's,77,Highgate West Hill,London,+44 20 8348 7346,https://www.theflaskhighgate.com/,200,,Q16022395,Mo-Sa 11:00-23:00, Su 12:00-22:30,,,,,
,N6,N,way,416068944,way/416068944,51.5714136,-0.1500596,The Gatehouse,,1,North Road,London,+44 20 8340 8054,https://www.urbanpubsandbars.com/venues/the-gatehouse,200,,Q96868505,Mo-Th 11:00-23:30, Fr 11:00-00:00, Sa 10:00-00:00, Su 11:00-22:30,,,
,N6,N,node,4894490332,node/4894490332,51.5782645,-0.148846,The Highgate Inn,,,,,,,,,,,,,,,,
,N6,N,way,475410870,way/475410870,51.5736749,-0.1409024,The Winchester,,206,Archway Road,London,,https://thewinchesterhighgate.co.uk/,,,Q18162741,,,,,,,
,N6,N,way,445564923,way/445564923,51.5778129,-0.1470384,The Woodman,,414,Archway Road,London,,https://www.the-woodman.com/,200,,Q96755207,,,,,,,
,N6,N,way,676767336,way/676767336,51.5749327,-0.149741,The Wrestlers,,98,North Road,London,+44 20 8340 4297,https://thewrestlershighgate.com/,200,,,,,,,,,
,N7,N,node,344791683,node/344791683,51.5614137,-0.1121827,Bedford Tavern,,160,Seven Sisters Road,London,,http://www.thebedfordtavern.com/,200,,,,,,,,,
,N7,N,node,403454627,node/403454627,51.5573872,-0.1191956,Big Red,,385,Holloway Road,London,,https://bigredholloway.co.uk/,,,,,,,,,,
,N7,N,node,276369831,node/276369831,51.5437242,-0.1177134,Doyles Tavern,,379,Caledonian Road,London,,https://www.doylestavern.co.uk/,,,,,,,,,,
,N7,N,way,950017049,way/950017049,51.5554593,-0.1126053,El Comandante,,10,Annette Road,London,+44 20 7607 3961,,,,,,,,,,,
,N7,N,node,305415324,node/305415324,51.5479977,-0.1065621,House of Hammerton,Hammerton Brewery,97-99,Holloway Road,London,,https://hammertonbrewery.co.uk/site/about/,404,,,Mo-Th 16:00-23:30, Fr 16:00-00:00, Sa 14:00-00:00, Su 14:00-22:00,,,
,N7,N,way,491695960,way/491695960,51.5540652,-0.1135925,Islington Sports Bar & Grill,,274,Holloway Road,London,+44 7921 724601,https://islingtonsportsbarandgrill.co.uk/,,,,Mo-Su 12:00-00:00,,,,,,
,N7,N,way,274050569,way/274050569,51.5610348,-0.1236426,Nambucca,,596,,London,,,,,Q6961420,,,,,,,
,N7,N,node,313181168,node/313181168,51.543225,-0.1260664,Newmarket Ale House / Canecão,,17,York Way,London,,https://www.newmarkethotel.co.uk/,200,,,,,,,,,
,N7,N,node,306553504,node/306553504,51.5554282,-0.1218795,Prince Edward,,,,,,,,,,,,,,,,
,N7,N,node,4548682168,node/4548682168,51.5457513,-0.1180862,The Cally,,427,Caledonian Road,London,,,,,,,,,,,,
,N7,N,way,227929500,way/227929500,51.5556298,-0.1155903,The Coronet,,338-346,Holloway Road,London,,,,,Q30780845,Mo-Th 11:00-00:30, Fr-Sa 11:00-01:00, Su 11:00-00:30,,,,
,N7,N,way,270765497,way/270765497,51.5487827,-0.1216368,The Depot,,1,Carpenters Mews,London,,https://thedepotn7.co.uk/,,,,,,,,,,
,N7,N,node,305415325,node/305415325,51.5463365,-0.1087488,The Duchess of Kent,,,Liverpool Road,London,,https://www.theduchessofkent.co.uk/,,,,,,,,,,
,N7,N,way,142306062,way/142306062,51.5599653,-0.1150308,The Eaglet,Stonegate,124,Seven Sisters Road,London,,https://www.craftunionpubs.com/eaglet-pub-finsbury,200,,,Mo-Sa 11:00-23:00, Su 11:00-22:00,,,,,
,N7,N,way,142306063,way/142306063,51.5585397,-0.1175976,The Enkel Arms,,,,,,,,,,,,,,,,
,N7,N,node,1538908200,node/1538908200,51.559266,-0.1165035,The Halfway House Bar,,,,,,,,,,,,,,,,
,N7,N,node,305415271,node/305415271,51.5457466,-0.112832,The Jolly Sisters,,,,,,,,,,,,,,,,
,N7,N,node,305415323,node/305415323,51.5487172,-0.1069806,The Lamb,,54,Holloway Road,London,,https://www.thelambn7.co.uk/,,,,,,,,,,
,N7,N,way,288035711,way/288035711,51.5604549,-0.1237587,The Owl & Hitchhiker,,471,Holloway Road,London,,https://www.owlandhitchhiker.pub,200,,Q26585569,,,,,,,
,N7,N,node,1678321931,node/1678321931,51.5516766,-0.1106216,The Rocket (Student Bar),,,,,,,,,,,,,,,,
,N7,N,node,687158190,node/687158190,51.5595085,-0.1194561,The Swimmer At The Grafton Arms,,13,Eburne Road,London,442072814632,https://theswimmer.co.uk/,200,,,Mo-Fr 17:00-23:00, Sa 12:00-23:00, Su 12:00-22:30,,,,
,N7,N,node,279651322,node/279651322,51.5575468,-0.1128611,Tollington,,,,,,,,,,,,,,,,
,N7,N,node,30793153,node/30793153,51.5589274,-0.1206516,Tommy Flynns,,504,Holloway Road,London,442072722066,,,,,,,,,,,
,N7,N,way,1026061437,way/1026061437,51.5576847,-0.132245,Tufnell Park Tavern,,162,Tufnell Park Road,London,+44 20 7281 6113,https://www.tufnellparktavern.com/,200,,,,,,,,,
,N7,N,node,333205448,node/333205448,51.5462316,-0.1155259,Two Brewers,,,,,,,,,,,,,,,,
,N7,N,way,153027823,way/153027823,51.5508116,-0.1103013,Victoria Tavern,,203,Holloway Road,London,,https://www.victoriatavern-n7.co.uk/,,,,,,,,,,
,N8,N,supabase,,70be8d19-eb97-46f8-b388-f183d6199514,51.5808,-0.124594,Fox,Urban Pubs & Bars,,,,(020) 8161 0388,,,,,,,,,,,
,N8,N,node,255012045,node/255012045,51.5782929,-0.1242398,King's Head,,2,Crouch End Hill,London,,https://www.thekingsheadcrouchend.co.uk/#/,403,,,Mo-We 12:00-23:00, Th-Fr 12:00-24:00, Sa 11:00-25:00, Su 12:00-22:00,,,
,N8,N,node,12633199509,node/12633199509,51.5817289,-0.1263171,Maynard Arms,,70,Park Road,London,+44 2083 416 283,https://www.maynardarmsn8.co.uk/,200,,,Mo-Th 12:00-23:00, Fr-Sa 12:00-24:00, Su 12:00-22:30,,,,
,N8,N,node,370092612,node/370092612,51.5838486,-0.1165681,McCafferty's Bar,,128,Tottenham Lane,London,+44 2083 413 182,https://crouchend.mccaffertysbars.com/,200,,,Mo-Th 11:00-23:00, Fr-Sa 11:00-25:00, Su 11:00-23:00,,,,
,N8,N,node,12007863429,node/12007863429,51.5872319,-0.1204597,North Eight,,26,High Street,London,+44 7958 688 191,,,,,Mo-Th 12:00-00:00, Fr-Sa 11:00-27:00, Su 11:00-00:00,,,,
,N8,N,node,656954583,node/656954583,51.5802977,-0.1231212,Small Beer,,22,Tottenham Lane,London,,https://www.smallbeern8.co.uk,200,,,Mo-We 16:00-01:00, Th-Fr 16:00-02:00, Sa 12:00-02:00, Su 12:00-01:00,,,
,N8,N,node,12633199507,node/12633199507,51.5805629,-0.1239783,The Fox at Crouch End,,2,Park Road,London,+44 2081 610 388,https://www.urbanpubsandbars.com/venues/the-fox-at-crouch-end,200,,,Mo-Th 12:00-23:00, Fr-Sa 11:00-24:00, Su 11:00-22:30,,,,
,N8,N,way,264128874,way/264128874,51.5828445,-0.1275873,The Good Reader,,120,Park Road,London,,https://thegoodreader.co.uk/,200,,,Mo off, Tu-We 15:00-23:00, Th 12:00-23:00, Fr-Sa 12:00-24:00, Su 12:00-22:00,,
,N8,N,way,533228529,way/533228529,51.5881059,-0.1162549,The Great Northern Railway Tavern,Fuller's,67,High Street,London,+44 2081 276 632,https://www.thegreatnorthernrailway.co.uk/,200,,Q17361849,Mo-Th 12:00-23:00, Fr-Sa 12:00-00:00, Su 12:00-22:30,,,,
,N8,N,node,370187947,node/370187947,51.5872491,-0.1325891,The Priory,,169,Priory Road,London,,https://www.thepriorypubn8.com,200,,,"Mo-Su 11:00-24:00; Fr,Sa 11:00-23:00",,,,,,
,N8,N,node,12633147087,node/12633147087,51.5809825,-0.1219242,The Queens,,26,Tottenham Lane,London,,https://www.thequeenscrouchend.co.uk/,200,,Q15979255,Mo-Th 12:00-23:00, Fr-Sa 12:00-24:00, Su 12:00-23:00,,,,
,N8,N,node,12633199535,node/12633199535,51.5776486,-0.1244486,The Railway Tavern,,23,Crouch End Hill,London,+44 20 8348 3396,https://www.the-railwaytavern.co.uk/,200,,,Mo-We 16:00-23:00, Th-Sa 12:00-24:00, Su 12:00-23:00,,,,
,N8,N,node,3750381862,node/3750381862,51.5899928,-0.1052284,The Toll Gate,,26-30,Turnpike Lane,London,,,,,Q88916783,,,,,,,
,N8,N,node,385018022,node/385018022,51.5780068,-0.1237718,The Wooden Cross,,153,Crouch Hill,London,,https://www.the-wooden-cross.com,200,,,Mo-Th 12:00-23:30, Fr-Sa 12:00-24:30, Su 12:00-23:30,,,,
,N8,N,node,12007863407,node/12007863407,51.5874988,-0.1186871,Three Compasses,,62,High Street,London,+44 20 3154 4646,https://www.threecompasseshornsey.com/,200,,,Mo-Th 15:00-23:00, Fr 15:00-00:00, Sa 12:00-00:00, Su 12:00-23:00,,,
,N9,N,node,1139265343,node/1139265343,51.6226095,-0.0660681,Hyde Arms,,,,,,https://thehydearms.co.uk/,,,,,,,,,,
,N9,N,node,1139431615,node/1139431615,51.6248503,-0.0575427,Railway Tavern,,19-20,Market Square,London,,https://publocation.uk/pubs/london/enfield/the-railway-tavern,,,,,,,,,,
,N9,N,supabase,,8b7a5945-c25a-4abd-adba-8759b838ee8a,51.6324,-0.065543,Rising Sun,,,,,(020) 8807 1512,,,,,,,,,,,
,N9,N,supabase,,a9e70c35-5e65-499d-b6f0-0695ec3091e8,51.6354,-0.078288,Stag & Hounds,Ember Inns,,,,(020) 8360 7412,https://www.emberinns.co.uk/nationalsearch/london/the-stag-and-hounds-edmonton#/,,,,,,,,,,
,N9,N,node,1932068442,node/1932068442,51.634544,-0.0781264,The Beehive,,,,,,,,,,,,,,,,
,N9,N,way,401113123,way/401113123,51.6276133,-0.0451022,The Cart,,,,,,,,,,,,,,,,
,N9,N,node,2445347232,node/2445347232,51.633359,-0.0540008,The Cock Tavern,,269,"Hertford Road, Edmonton",,,,,,,,,,,,,
,N9,N,node,2451287638,node/2451287638,51.6300446,-0.0558813,The King William,,192,Hertford Road,,,,,,,,,,,,,
,N9,N,node,12400890860,node/12400890860,51.6254907,-0.0636229,The Lamb,,,,,,,,,,,,,,,,
,NW1,NW,node,11045432726,node/11045432726,51.5422013,-0.1433341,3 Locks Brewing Company,,,,,,https://www.3locksbeer.com/,200,,,,,,,,,
,NW1,NW,way,686252742,way/686252742,51.5223268,-0.1601521,Allsop Arms,Greene King,137,Gloucester Place,London,,https://www.greeneking.co.uk/pubs/greater-london/allsop-arms,200,,,,,,,,,
,NW1,NW,way,150695607,way/150695607,51.5220686,-0.166073,Bell Inn,,91,Bell Street,London,,,,,,,,,,,,
,NW1,NW,way,452856397,way/452856397,51.5360369,-0.1395804,Belushi's,,48-50,Camden High Street,London,,,,,,,,,,,,
,NW1,NW,node,1116251530,node/1116251530,51.5303041,-0.1247771,Betjeman Arms,Young's,Unit 53,,London,+44 20 3040 7158,https://www.thebetjemanarms.co.uk/,200,,,Mo-Sa 08:00-22:00, Su 08:00-20:00,,,,,
,NW1,NW,way,955830217,way/955830217,51.5402938,-0.1434353,Bucks Head,Stonegate,202,Camden High Street,London,,https://www.socialpubandkitchen.co.uk/bucks-head-camden,200,,,,,,,,,
,NW1,NW,supabase,,c1ba0d77-f42e-4a65-a5b3-46c506239b04,51.5413,-0.13858,Camden Road Arms,BrewDog,,,,(020) 7485 4530,,,,,,,,,,,
,NW1,NW,way,132202715,way/132202715,51.5311334,-0.1314202,Cock Tavern,,23,Phoenix Road,London,,,,,,,,,,,,
,NW1,NW,way,337127150,way/337127150,51.5268807,-0.1370264,Crown & Anchor,,137,Drummond Street,London,+44 20 7383 2681,https://www.thecrownandanchornw1.co.uk/,403,,Q18207855,Mo-We 12:00-23:00, Th-Fr 12:00-00:00, Sa 10:00-00:00, Su 10:00-22:30,,,
,NW1,NW,node,294765140,node/294765140,51.5333448,-0.1342188,Eastnor Castle,,,,,,,,,,,,,,,,
,NW1,NW,node,293754855,node/293754855,51.5327738,-0.1373878,Escape Sports Bar & Restaurant,,2,Lidlington Place,London,+44 207 387 2988,https://www.escapemornington.co.uk/,200,,,Mo-Sa 12:00-23:00, Su 12:00-22:00,,,,,
,NW1,NW,node,332118048,node/332118048,51.5286655,-0.1267001,Euston Flyer,Fuller's,83-87,Euston Road,London,,https://www.eustonflyer.co.uk/,200,,,Mo 10:00-23:00, Tu-Th 10:00-23:30, Fr 10:00-24:00, Sa 08:00-00:00, Su 09:00-23:00,,
,NW1,NW,way,93710880,way/93710880,51.5269747,-0.1325619,Euston Tap,,190,Euston Road,London,+44 20 3137 8837,https://eustontap.com/,200,,,Mo-Sa 12:00-23:00, Su 12:00-22:00,,,,,
,NW1,NW,way,224892755,way/224892755,51.5278916,-0.1366815,Exmouth Arms,,1,Starcross Street,London,,,,,Q111119391,,,,,,,
,NW1,NW,way,225465143,way/225465143,51.5348183,-0.1376223,Hope & Anchor,,,,,,,,,,,,,,,,
,NW1,NW,way,1240322213,way/1240322213,51.5471242,-0.1296654,Lord Stanley,,51,Camden Park Road,London,+44 20 7284 3266,https://www.thelordstanley.com,200,,,,,,,,,
,NW1,NW,way,225442626,way/225442626,51.5345548,-0.1393184,Lyttelton Arms,,1,Camden High Street,London,,,,,,,,,,,,
,NW1,NW,node,280145696,node/280145696,51.5288373,-0.1262199,O'Neill's,O'Neill's,73-77,Euston Road,London,,,,,,"Mo-We 08:00-24:00, Th-Sa 08:00-01:00, Su 09:00-24:00",,,,,,
,NW1,NW,way,673989153,way/673989153,51.5257973,-0.1440634,Queen's Head & Artichoke,,30-32,Albany Street,London,,,,,,,,,,,,
,NW1,NW,way,973079813,way/973079813,51.5428927,-0.1421446,Quinn's,,65,Kentish Town Road,London,+44 20 7267 8240,,,,,Tu-We 18:00-00:00, Th-Sa 12:00-02:00, Su 12:00-23:59,,,,
,NW1,NW,way,125751676,way/125751676,51.5283238,-0.1315923,Royal George,Greene King,8-14,Eversholt Street,London,,https://www.greeneking.co.uk/pubs/greater-london/royal-george,200,,,,,,,,,
,NW1,NW,node,3485070520,node/3485070520,51.5281206,-0.1388221,Shaker and Co,,,,,,,,,,,,,,,,
,NW1,NW,node,296889741,node/296889741,51.5283514,-0.1389467,Shaker and Company,,,,,,,,,,,,,,,,
,NW1,NW,way,225442612,way/225442612,51.5347025,-0.1392217,Simmons,,7,Camden High Street,London,,https://www.simmonsbar.co.uk/,200,,,Mo-We 16:00-00:30, Th-Sa 16:00-01:30, Su 16:00-22:30,,,,
,NW1,NW,node,27017235,node/27017235,51.5234117,-0.1618602,Sir John Balcombe,,21,Balcombe Street,London,,,,,,,,,,,,
,NW1,NW,way,104112035,way/104112035,51.5424571,-0.1381468,Slattery's Freehouse,,69,Camden Road,London,,,,,,,,,,,,
,NW1,NW,way,1010697200,way/1010697200,51.5298862,-0.1300622,Somers Town Coffee House,,60,Chalton Street,London,,https://www.thesomerstowncoffeehouse.co.uk/,200,,,"Mo-Fr 08:00-23:00; Sa,Su 10:00-23:00",,,,,,
,NW1,NW,way,193375861,way/193375861,51.5223943,-0.1637938,Sports Bar & Grill,Stonegate,76,Melcombe Place,London,,https://www.socialpubandkitchen.co.uk/station-master-marylebone,200,,,,,,,,,
,NW1,NW,way,232592409,way/232592409,51.5375911,-0.1448634,Spread Eagle,Young's,141,Albert Street,London,+44 20 7267 1410,https://www.spreadeaglecamden.co.uk/,,,Q27084299,,,,,,,
,NW1,NW,node,294599679,node/294599679,51.5259074,-0.1378517,Square Tavern,Young's,26,Tolmers Square,London,,,,,,,,,,,,
,NW1,NW,way,850126738,way/850126738,51.5453022,-0.1461713,Tapping the Admiral,,77,Castle Road,London,+44 20 7267 6118,http://www.tappingtheadmiral.com/,200,,,Su-Tu 12:00-23:00, We-Sa 12:00-24:00,,,,,
,NW1,NW,way,474249421,way/474249421,51.545795,-0.141383,The Abbey Tavern,,124,Kentish Town Road,London,,https://www.abbey-tavern.com/,,,,"Su-Th 12:00-00:00, Fr-Sa 12:00-01:00",,,,,,
,NW1,NW,way,516754454,way/516754454,51.5388215,-0.1526087,The Albert,,11,Princess Road,London,,https://thealbertprimrosehill.co.uk/,,,,,,,,,,
,NW1,NW,node,294001546,node/294001546,51.5384321,-0.1424429,The Black Cap,,171,Camden High Street,London,,https://wearetheblackcap.com/,,,Q7718272,,,,,,,
,NW1,NW,node,293390260,node/293390260,51.5389171,-0.1418712,The Black Heart,,2-3,Greenland Place,London,+44 20 7428 9730,https://www.ourblackheart.com/,200,,,Mo-We 15:00-00:00, Th 15:00-01:00, Fr 12:00-02:00, Sa 11:00-02:00, Su 12:00-12:00,,
,NW1,NW,way,451480071,way/451480071,51.5394876,-0.1421913,The Camden Eye,,,,,,,,,,"Mo-Su,PH 12:00-20:00",,,,,,
,NW1,NW,way,281133713,way/281133713,51.5373085,-0.1409044,The Camden Head,,100,Camden High Street,London,,https://camdenhead.com/,,,Q5025775,,,,,,,
,NW1,NW,node,11445942141,node/11445942141,51.5289697,-0.1323497,The Captain Flinders,Wetherspoon,34-38,Eversholt Street,London,,https://www.jdwetherspoon.com/pubs/the-captain-flinders-euston/,200,,,,,,,,,
,NW1,NW,way,200221363,way/200221363,51.5198103,-0.1661852,The Chapel,,48,Chapel Street,London,,https://www.thechapellondon.com,,,,,,,,,,
,NW1,NW,way,225465195,way/225465195,51.5354508,-0.1390397,The Cobden,,28-30,Camden High Street,London,,,,,,,,,,,,
,NW1,NW,node,49314952,node/49314952,51.54181,-0.1359896,The Colonel Fawcett,,1,Randolph Street,London,,https://thecolonelfawcett.co.uk/,200,,,,,,,,,
,NW1,NW,way,1009113808,way/1009113808,51.5403115,-0.1354252,The Constitution,,,,,,,,,Q123759829,,,,,,,
,NW1,NW,node,8830280452,node/8830280452,51.5426466,-0.148964,The Dark Horse,,87/88,North Yard,London,,https://www.thedarkhorsecamden.com/,,,,,,,,,,
,NW1,NW,way,849284678,way/849284678,51.5409865,-0.1423365,The Devonshire Arms,,33,Kentish Town Road,London,,,,,Q5267845,,,,,,,
,NW1,NW,node,294659404,node/294659404,51.527798,-0.131988,The Doric Arch,Fuller's,,Eversholt Street,London,,https://www.doric-arch.co.uk/,200,,,Mo-Su 09:00-18:00,,,,,,
,NW1,NW,way,451762775,way/451762775,51.5374991,-0.1456809,The Dublin Castle,Free House,94,Parkway,London,,https://thedublincastle.com/,,,Q19587199,,,,,,,
,NW1,NW,way,451564160,way/451564160,51.5378217,-0.1445172,The Earl of Camden,Stonegate,55,Parkway,London,,https://www.socialpubandkitchen.co.uk/earl-of-camden,200,,,"Mo-Th 11:00-23:00; Fr,Sa 11:00-24:00; Su 11:30-22:30",,,,,,
,NW1,NW,node,3730997811,node/3730997811,51.5361199,-0.1448555,The Edinboro Castle,,57,Mornington Terrace,London,,,,,Q26407044,,,,,,,
,NW1,NW,way,300898455,way/300898455,51.5407609,-0.1438378,The Elephant's Head,,224,Camden High Street,London,,https://www.elephantsheadcamden.com/,200,,,10:00-02:00,,,,,,
,NW1,NW,way,516912955,way/516912955,51.5400099,-0.1507732,The Engineer,,65,Gloucester Avenue,London,,https://www.theengineerprimrosehill.co.uk/,403,,,,,,,,,
,NW1,NW,way,148155199,way/148155199,51.5219345,-0.1570068,The Globe,Greene King,43-47,Marylebone Road,London,,https://www.greeneking.co.uk/pubs/greater-london/globe,200,,,,,,,,,
,NW1,NW,way,688991974,way/688991974,51.5225607,-0.1656451,The Globe,,47,Lisson Grove,London,,https://theglobemarylebone.co.uk/,200,,,,,,,,,
,NW1,NW,way,368797311,way/368797311,51.5391313,-0.1358621,The Golden Lion,,,,,,,,,,,,,,,,
,NW1,NW,node,26610587,node/26610587,51.5394566,-0.1446078,The Good Mixer,,30,Inverness Street,London,,,,,,,,,,,,
,NW1,NW,way,108251970,way/108251970,51.5236593,-0.1432028,The Greene Man,Greene King,383,Euston Road,London,+44 20 7387 6977,https://www.greeneking.co.uk/pubs/greater-london/greene-man,200,,Q76984918,Mo-Sa 11:00-23:00, Su 11:00-22:30,,,,,
,NW1,NW,way,814956451,way/814956451,51.5419952,-0.1452493,The Hawley Arms,,,Castlehaven Road,London,,https://thehawleyarms.co.uk/,200,,Q118383202,,,,,,,
,NW1,NW,node,6677415686,node/6677415686,51.5407576,-0.1456555,The Ice Wharf,Wetherspoon,,Jamestown Road,London,+44 20 7428 3770,https://www.jdwetherspoon.com/pubs/the-ice-wharf-camden,200,,,"Mo,Tu,We,Su 08:00-23:30; Th 08:00-24:30; Fr,Sa 08:00-25:30",,,,,,
,NW1,NW,node,265649310,node/265649310,51.5414171,-0.1533533,The Lansdowne,,,,,,https://thelansdownepub.co.uk/,,,,,,,,,,
,NW1,NW,way,79813535,way/79813535,51.5428416,-0.1477108,The Lock Tavern,,35,Chalk Farm Road,London,,http://www.lock-tavern.co.uk,200,,,,,,,,,
,NW1,NW,way,148305760,way/148305760,51.5225285,-0.1568685,The Metropolitan Bar,Wetherspoon,7,"Station Approach, Marylebone Road",London,+44 20 7486 3489,https://www.jdwetherspoon.com/pubs/the-metropolitan-bar-marylebone,200,,Q88965897,Mo-Sa 08:00-23:30, Su 09:00-22:30,,,,,
,NW1,NW,way,844981115,way/844981115,51.5427515,-0.1395025,The Old Eagle,,251,Royal College Street,London,,https://theoldeaglecamden.co.uk/,404,,,,,,,,,
,NW1,NW,node,26610590,node/26610590,51.5405479,-0.1443341,The Oxford Arms,,265,Camden High Street,London,+44 20 7267 4945,https://oxfordarmscamden.co.uk,200,,,Fr-Sa 12:00-02:00, Su-Th 12:00-01:00,,,,,
,NW1,NW,node,166967411,node/166967411,51.5425434,-0.1548897,The Pembroke Castle,,150,Gloucester Avenue,London,,,,,,,,,,,,
,NW1,NW,way,689405276,way/689405276,51.5225686,-0.1665181,The Perseverance,,11,Shroton Street,London,,https://www.theperseverancemarylebone.co.uk/,,,,,,,,,,
,NW1,NW,way,1009113811,way/1009113811,51.5399568,-0.137033,The Prince Albert,,,,,,https://www.princealbert.pub/,200,,,,,,,,,
,NW1,NW,way,1308852871,way/1308852871,51.5299249,-0.1333891,The Prince Arthur,,80-82,Eversholt Street,London,,https://www.princearthur.co.uk/,,,,,,,,,,
,NW1,NW,way,520149634,way/520149634,51.5403907,-0.1540146,The Princess of Wales,,22,Chalcot Road,London,+44 20 7722 0354,https://lovetheprincess.com/,200,,,Mo-Fr 12:00-00:00, Sa 10:00-00:00, Su 10:00-23:00,,,,
,NW1,NW,way,225785469,way/225785469,51.534483,-0.1378475,The Purple Turtle,,65,Crowndale Road,London,,http://www.purpleturtlecamden.co.uk,200,,,,,,,,,
,NW1,NW,way,107530526,way/107530526,51.5405453,-0.1577382,The Queens,,49,Regent's Park Road,London,,https://www.thequeensprimrosehill.co.uk/,,,Q28402705,,,,,,,
,NW1,NW,way,132319674,way/132319674,51.5282703,-0.129012,The Rocket,Scream,120,Euston Road,London,,,,,Q18390480,,,,,,,
,NW1,NW,way,946022259,way/946022259,51.5351899,-0.1417022,The Sheephaven Bay,,2,Mornington Street,London,+44 20 7380 1323,https://sheephavenbaycamden.co.uk/,200,,,Mo-Sa 11:00-23:00, Su 11:00-22:30,,,,,
,NW1,NW,node,6381240591,node/6381240591,51.5280324,-0.1328679,The Signal Box,Fuller's,,Eversholt Street,London,,https://www.signalboxeuston.co.uk/,200,,,,,,,,,
,NW1,NW,way,225302691,way/225302691,51.5338211,-0.1419375,The Victoria,,,,,,,,,,,,,,,,
,NW1,NW,node,300500863,node/300500863,51.5292754,-0.1439959,The Victory,,,,,,,,,,,,,,,,
,NW1,NW,node,49311908,node/49311908,51.5239797,-0.1585799,The Volunteer,,245-247,Baker Street,London,,https://www.thevolunteernw1.co.uk/,403,,Q26639765,,,,,,,
,NW1,NW,node,296891969,node/296891969,51.5391316,-0.1422001,The World's End,,174,Camden High Street,London,,https://theworldsend.co.uk/,,,Q7775871,,,,,,,
,NW1,NW,way,193375860,way/193375860,51.5223546,-0.1634813,Victoria & Albert,,131-151,Melcombe Place,London,,,,,,,,,,,,
,NW1,NW,node,11545207226,node/11545207226,51.5415191,-0.1363874,Werewolf Beer,,87,Randolph Street,London,,https://www.werewolfbeer.com/,200,,,"We, Fr 16:00-21:00; Sa 12:00-21:00; Su 14:00-21:00",,,,,,
,NW1,NW,node,362582983,node/362582983,51.5303666,-0.1411399,White mustache,,7a,Stanhope Parade,London,,,,,,,,,,,,
,NW10,NW,node,304421987,node/304421987,51.5354797,-0.2436931,Angie's,,127,High Street Harlesden,London,,,,,,,,,,,,
,NW10,NW,way,123372224,way/123372224,51.5468723,-0.2302432,Flynn's,,117,High Road,London,,,,,,,,,,,,
,NW10,NW,node,304145828,node/304145828,51.53439,-0.260462,Grand Junction Arms,Young's,,,,,,,,,,,,,,,
,NW10,NW,way,460379480,way/460379480,51.5348421,-0.2199113,Maggie's Bar,,102,Chamberlayne Road,London,,,,,,,,,,,,
,NW10,NW,way,467012110,way/467012110,51.5286603,-0.2165136,Parlour Kensal,,5,Regent Street,London,,https://www.parlourkensal.com/,200,,,,,,,,,
,NW10,NW,way,256915441,way/256915441,51.5362605,-0.244932,Royal Oak,,95,High Street Harlesden,London,,https://www.craftunionpubs.com/royal-oak-harlesden,,,,,,,,,,
,NW10,NW,way,439016355,way/439016355,51.5340706,-0.2186709,The Chamberlayne,,83,Chamberlayne Road,London,,https://thechamberlayne.com/,,,,,,,,,,
,NW10,NW,way,1316914002,way/1316914002,51.5359825,-0.2441984,The Green Man,,109,High Street Harlesden,London,+44 20 8965 6443,,,,,,,,,,,
,NW10,NW,way,1311966735,way/1311966735,51.5352729,-0.2265726,The Island,,123,College Road,London,+44 20 8960 0693,https://theislandnw10.com/,200,,,Mo-Sa 12:00-23:00, Su 12:00-22:30,,,,,
,NW10,NW,way,229533245,way/229533245,51.5454222,-0.2303539,The Rising Sun,,,Chambers Lane,London,,,,,,,,,,,,
,NW10,NW,way,1315886898,way/1315886898,51.5365849,-0.2478768,The Shawl,,25,High Street Harlesden,London,,,,,,,,,,,,
,NW10,NW,way,256331320,way/256331320,51.5322471,-0.2178703,The Whippet Inn,,64-66,Chamberlayne Road,London,+44 20 8968 8142,https://www.urbanpubsandbars.com/venues/the-whippet-inn,200,,,,,,,,,
,NW10,NW,node,6019922913,node/6019922913,51.5594154,-0.2501576,Tiffty Tom's,,249,Neasden Lane,London,,,,,,,,,,,,
,NW10,NW,node,896149763,node/896149763,51.54892,-0.2415688,Tony's,,,,,,,,,,,,,,,,
,NW10,NW,way,477964006,way/477964006,51.5289095,-0.2183454,William IV,,786,Harrow Road,London,,https://locipubs.com/william/,,,,,,,,,,
,NW10,NW,node,304464944,node/304464944,51.5401392,-0.2535523,Wishing Well,,,,,,,,,,,,,,,,
,NW11,NW,way,143214350,way/143214350,51.5727282,-0.1959228,The Refectory,,,,,,https://refectorypub.com/,200,,,,,,,,,
,NW2,NW,node,408561640,node/408561640,51.5480318,-0.2235729,Angie's III,,,,,,,,,,,,,,,,
,NW2,NW,supabase,,0e8b618d-46a8-4f97-96e2-b8498da32e8c,51.558,-0.206619,Brondesbury Sports Club,Independent,,,,(020) 8452 2983,,,,,,,,,,,
,NW2,NW,node,12229930329,node/12229930329,51.5605361,-0.2526835,Katie's Bar,,,,,,,,,,,,,,,,
,NW2,NW,node,410936555,node/410936555,51.5572254,-0.2148383,Lucky 7,,,,,,,,,,,,,,,,
,NW2,NW,node,410949906,node/410949906,51.5559388,-0.2145933,McGovern's,,,Cricklewood Broadway,London,,,,,,,,,,,,
,NW2,NW,node,411115268,node/411115268,51.5536653,-0.2115593,The Beaten Docket,Wetherspoon,,Cricklewood Broadway,London,,https://www.jdwetherspoon.com/pubs/the-beaten-docket-cricklewood,200,,Q88916789,,,,,,,
,NW2,NW,way,172055445,way/172055445,51.5566168,-0.2141546,The Crown,,,,,,,,,Q27085857,,,,,,,
,NW2,NW,node,411115264,node/411115264,51.5535658,-0.2120334,The Windmill,,,Cricklewood Broadway,,,https://www.windmillhotelnorthlondon.co.uk/,,,,,,,,,,
,NW2,NW,node,812151434,node/812151434,51.5667671,-0.233309,Whelan's,,341,Oxgate Lane,London,,,,,,,,,,,,
,NW3,NW,way,523400975,way/523400975,51.5588884,-0.1775081,Duke of Hamilton,,,New End,London,,https://locipubs.com/duke/,,,Q23304816,,,,,,,
,NW3,NW,way,199398431,way/199398431,51.555662,-0.1768585,King William IV,,,,,,,,,Q26432008,,,,,,,
,NW3,NW,way,85192380,way/85192380,51.5468026,-0.1589108,Sir Richard Steele,,97,Haverstock Hill,London,,https://thesteelespub.co.uk/,200,,Q24553438,,,,,,,
,NW3,NW,node,596791858,node/596791858,51.554133,-0.164588,South End Green Social,,154-156,Fleet Road,London,,,,,,,,,,,,
,NW3,NW,way,334243397,way/334243397,51.5698713,-0.1740639,Spaniards Inn,,,,,,,,,Q15278847,,,,,,,
,NW3,NW,way,373710205,way/373710205,51.544046,-0.1525996,The Enterprise,,2,Haverstock Hill,London,+44 20 7485 2659,https://camdenenterprise.com/,200,,,"Su-Th 11:00-23:00; Fr,Sa 11:00-01:00",,,,,,
,NW3,NW,node,311188199,node/311188199,51.5566015,-0.1772469,The Flask,,,,,,,,,Q15957066,,,,,,,
,NW3,NW,way,131196049,way/131196049,51.5568805,-0.168968,The Freemasons Arms,,,,,,https://www.freemasonsarms.co.uk/,403,,,,,,,,,
,NW3,NW,way,1240005017,way/1240005017,51.5546837,-0.1655814,The Garden Gate,,14,South End Road,London,+44 20 7435 4938,https://www.thegardengatehampstead.co.uk/,403,,,,,,,,,
,NW3,NW,node,292183282,node/292183282,51.5524009,-0.1673616,The George,Greene King,,,,,https://www.greeneking.co.uk/pubs/greater-london/george,200,,,,,,,,,
,NW3,NW,way,942555974,way/942555974,51.5467179,-0.1578309,The Haverstock Tavern,,94,Haverstock Hill,London,,https://thehaverstocktavern.co.uk,200,,,Mo-Th 12:00-23:00, Fr-Sa 12:00-00:00, Su 12:00-22:30, PH off,,,
,NW3,NW,way,110467983,way/110467983,51.5578812,-0.1793145,The Holly Bush,Fuller's,,Holly Mount,London,,https://www.hollybushhampstead.co.uk/,200,,Q16994177,,,,,,,
,NW3,NW,way,199398466,way/199398466,51.5559557,-0.1784589,The Horseshoe,Camden Town Brewery,28,Heath Street,London,,,,,,,,,,,,
,NW3,NW,node,596791860,node/596791860,51.5555828,-0.1656213,The Magdala,,2a,South Hill Park,London,442074338322,https://www.themagdala.co.uk/,200,,Q18162256,,,,,,,
,NW3,NW,node,676853367,node/676853367,51.5458914,-0.1782275,The North Star,,,,,,,,,,,,,,,,
,NW3,NW,way,514560030,way/514560030,51.5675308,-0.1826007,The Old Bull & Bush,,,,,,https://www.thebullandbush.co.uk/,403,,Q7754813,,,,,,,
,NW3,NW,way,451645113,way/451645113,51.5548286,-0.1511323,The Old Oak,Stonegate,1,Mansfield Road,London,,https://www.craftunionpubs.com/old-oak-hampstead,200,,,Mo-Sa 11:00-23:00, Su 11:00-22:00,,,,,
,NW3,NW,way,1248129184,way/1248129184,51.5585653,-0.1758419,The Old White Bear,,1,Well Road,London,,https://theoldwhitebearhampstead.co.uk/,200,,Q20876252,Mo-Th 12:00-23:00, Fr-Sa 11:00-23:00, Su 12:00-22:30,,,,
,NW3,NW,way,67827145,way/67827145,51.5538239,-0.1675839,The Roebuck,,15,Pond Street,London,+44 20 7435 7354,https://www.roebuckhampstead.com/,,,Q26432022,,,,,,,
,NW3,NW,way,840360163,way/840360163,51.5533353,-0.161644,The Stag,,67,Fleet Road,London,,https://www.thestagnw3.com/,,,,,,,,,,
,NW3,NW,way,409316355,way/409316355,51.5456964,-0.1628229,The Washington,,50,England's Lane,London,+44 20 7722 8842,,,,Q17030743,Mo-Th 12:00-23:00, Fr 12:00-24:00, Sa 10:00-24:00, Su 12:00-22:30,,,
,NW3,NW,way,553138189,way/553138189,51.5587201,-0.1736006,The Wells Tavern,,30,Well Walk,London,+44 20 7794 3785,https://thewellshampstead.co.uk/,200,,Q16707778,Mo-Fr 12:00-23:00, Sa 12:00-23:00, Su 12:00-22:30,,,,
,NW4,NW,node,250080603,node/250080603,51.5901278,-0.226129,Claddagh Ring,,,,,+44 20 8203 2600,https://www.claddagh-ring.co.uk/,200,,,,,,,,,
,NW4,NW,node,13667302001,node/13667302001,51.5825484,-0.2280084,The Bodhran,,3,Vivian Avenue,London,+44 20 8201 5736,https://www.thebodhranpub.com/,200,,,Su-Th 12:00-00:00, Fr-Sa 12:00-01:00,,,,,
,NW4,NW,node,250080453,node/250080453,51.5913275,-0.2279046,The Greyhound,,,,,,,,,,,,,,,,
,NW5,NW,way,117607358,way/117607358,51.5588883,-0.1486554,Bull & Last,,168,Highgate Road,London,,https://thebullandlast.co.uk/,,,,,,,,,,
,NW5,NW,node,4285984291,node/4285984291,51.5468006,-0.1468365,Camden Beer Hall,Camden Town Brewery,55-59,Wilkin Street Mews,London,,https://camdentownbrewery.com/pages/visit-us,200,,,"Mo-Th,Su 12:00-22:00; Fr-Sa 12:00-23:00",,,,,,
,NW5,NW,node,2636979676,node/2636979676,51.5585343,-0.1436626,Dartmouth Arms,,,,,,,,,,,,,,,,
,NW5,NW,node,98170592,node/98170592,51.5614305,-0.1504467,Duke of St. Albans,,15,Highgate Road,London,,https://www.dukeofstalbans.com/,200,,,"Mo-Th 12:00-23:00; Fr,Sa 10:00-00:00; Su 12:00-22:00",,,,,,
,NW5,NW,way,205275925,way/205275925,51.5488017,-0.1459603,George IV,,76,Willes Road,London,,,,,,,,,,,,
,NW5,NW,way,110512372,way/110512372,51.5550791,-0.1400504,Junction Tavern,Stonegate,101,Fortess Road,London,+44 20 7485 9400,"https://www.stonegategroup.co.uk/find-your-local/?long=-0.14034&lat=51.55459&address=NW5%201AG,%20London,%20England,%20United%20Kingdom",200,,Q97503363,,,,,,,
,NW5,NW,way,1238736065,way/1238736065,51.5480938,-0.1389463,Lion and Unicorn,Young's,42-44,Gaisford Street,London,+44 20 7267 2304,https://www.thelionandunicornnw5.co.uk,,,,Mo-Su 11:00-23:00,,,,,,
,NW5,NW,way,803510674,way/803510674,51.5594241,-0.1406039,Lord Palmerston,,,,London,,,,,,,,,,,,
,NW5,NW,node,2561724243,node/2561724243,51.5542384,-0.1445626,Never For Ever,,79,Highgate Road,London,+44 20 7267 7007,https://neverforeverkt.com,200,,,,,,,,,
,NW5,NW,node,881370103,node/881370103,51.5490983,-0.1527848,Sir Robert Peel,,108,Malden Road,London,,,,,,,,,,,,
,NW5,NW,way,973132221,way/973132221,51.5509967,-0.1403427,The Assembly House,Greene King,292-294,Kentish Town Road,London,,https://www.greeneking.co.uk/pubs/greater-london/assembly-house,200,,Q15978885,,,,,,,
,NW5,NW,way,449266220,way/449266220,51.5517773,-0.1415661,The Bull & Gate,Young's,389,Kentish Town Road,London,+44 20 3437 0905,https://www.bullandgatenw5.co.uk/,200,,Q16985641,Mo-We 11:00-23:00, Th-Sa 11:00-24:00, Su 11:00-22:30,,,,
,NW5,NW,way,929791965,way/929791965,51.546085,-0.1510734,The Fiddler's Elbow,,1,Malden Road,London,,https://www.thefiddlerselbow.co.uk/,200,,Q27087042,,,,,,,
,NW5,NW,way,99475943,way/99475943,51.5508064,-0.1548178,The Gipsy Queen,,166,Malden Road,London,,https://gipsyqueentavern.co.uk/,200,,,Mo-Th 15:00-23:00, Fr-Sa 12:00-00:00, Su 12:00-23:00,,,,
,NW5,NW,way,339202679,way/339202679,51.5467895,-0.1444764,The Grafton,,20,Prince of Wales Road,London,,,,,,Mo-Th 11:00-23:00, Fr-Sa 11:00-24:00, Su 11:00-22:30,,,,
,NW5,NW,node,831456411,node/831456411,51.5497411,-0.156314,The Lord Southampton,,,,,,,,,,,,,,,,
,NW5,NW,way,291687162,way/291687162,51.5491381,-0.141203,The Old Farmhouse,,289-291,Kentish Town Road,London,,https://www.theoldfarmhousepub.com/,200,,,Mo-Su 11:00-23:00,,,,,,
,NW5,NW,way,941142501,way/941142501,51.5497556,-0.1405017,The Parakeet,,256,Kentish Town Road,London,+44 20 4599 6302,https://theparakeetpub.com,200,,,Mo-Sa 12:00-24:00, Su 12:00-22:30,,,,,
,NW5,NW,node,192399976,node/192399976,51.5529728,-0.1396355,The Pineapple,,51,Leverton Street,London,+44 20 7284 4631,https://www.thepineapplepubnw5.com/,200,,Q17361862,Mo-Th 12:00-23:00, Fr-Sa 12:00-00:00, Su 12:00-22:30,,,,
,NW5,NW,way,107827281,way/107827281,51.5503071,-0.1329586,The Rose & Crown,,71-73,Torriano Avenue,London,+44 20 7267 4305,https://www.roseandcrownkentishtown.com/,200,,,Mo-Th 16:00-23:00, Fr 16:00-24:00, Sa 12:00-24:00, Su 12:00-22:30,,,
,NW5,NW,way,117861610,way/117861610,51.5560545,-0.1462058,The Southampton Arms,,139,Highgate Road,London,,http://www.thesouthamptonarms.co.uk/,200,,,,,,,,,
,NW5,NW,node,248453431,node/248453431,51.5547125,-0.1444787,The Vine,,86,Highgate Road,London,,https://www.thevinenw5.co.uk/,,,,,,,,,,
,NW6,NW,node,630503145,node/630503145,51.5509213,-0.1916885,Alice House,,283-285,West End Lane,London,+44 20 7431 8818,,,,,,,,,,,
,NW6,NW,way,112528246,way/112528246,51.5320252,-0.1914591,Carlton Tavern,,33,Carlton Vale,London,+44 20 7625 4760,https://carltontavernhotel.co.uk/,,,Q19845020,,,,,,,
,NW6,NW,way,123092742,way/123092742,51.5407196,-0.19623,Coopers Arms,,164,Kilburn High Road,London,+44 20 7644 9951,https://www.coopersarmskilburn.co.uk/,200,,,Mo-Sa 10:00-23:00, Su 11:00-22:00,,,,,
,NW6,NW,way,107710473,way/107710473,51.5375437,-0.1934264,Kilburn Bridge,,77,Kilburn High Road,London,,https://www.craftunionpubs.com/kilburn-bridge-kilburn,,,,,,,,,,
,NW6,NW,node,899374404,node/899374404,51.5309996,-0.195836,Marian Bar,,,,,,,,,,,,,,,,
,NW6,NW,way,76844522,way/76844522,51.5411002,-0.2010976,Mc Glynn's Bar,,70,Willesden Lane,London,,,,,,,,,,,,
,NW6,NW,way,75117566,way/75117566,51.5455696,-0.2025721,North London Tavern,Greene King,375,Kilburn High Road,London,+44 20 7625 6634,https://www.greeneking.co.uk/pubs/greater-london/north-london-tavern,200,,,Mo-Th 11:00-23:00, Fr-Sa 11:00-00:00, Su 11:00-22:30,,,,
,NW6,NW,way,109187435,way/109187435,51.5350536,-0.1900541,Queens Arms,,1,Kilburn High Road,London,,https://queensarmskilburn.co.uk/,200,,,,,,,,,
,NW6,NW,way,579402933,way/579402933,51.5434539,-0.1995097,Sir Colin Campbell,,264-266,Kilburn High Road,London,+44 20 3021 1831,https://www.sircc.pub,200,,,Mo-Su 11:00-00:00,,,,,,
,NW6,NW,way,70320037,way/70320037,51.5348209,-0.2045072,The Alice House,,53-55,Salusbury Road,London,,https://alicehouse.co.uk/,200,,,"Mo-Sa 09:30-24:00; Su 00:00-01:00,09:30-23:00",,,,,,
,NW6,NW,way,1238928087,way/1238928087,51.5510363,-0.2010547,The Alliance,,40-42,Mill Lane,London,+44 2077 942860,https://locipubs.com/alliance/,200,,,Mo-Sa 12:00-23:00, Su 12:00-21:00,,,,,
,NW6,NW,way,380853128,way/380853128,51.5419117,-0.1808379,The Arches Wine Bar & Restaurant,,7,Fairhazel Gardens,London,,,,,,Mo-Sa 12:00-20:00, Su 12:00-19:00,,,,,
,NW6,NW,node,4020316989,node/4020316989,51.551175,-0.1918711,The Black Lion,,295-297,West End Lane,London,,https://www.theblacklionnw6.co.uk/,,,,,,,,,,
,NW6,NW,way,172055438,way/172055438,51.5437022,-0.1998333,The Black Lion,,274,Kilburn High Road,London,,https://blacklionkilburn.co.uk/,200,,Q16707717,Mo-Fr 16:00-00:00, Sa 12:00-00:00, Su 12:00-23:00,,,,
,NW6,NW,way,123702996,way/123702996,51.5423157,-0.1988336,The Fiddler,,229,Kilburn High Road,London,,,,,,,,,,,,
,NW6,NW,way,121897859,way/121897859,51.5408602,-0.2048174,The Kilburn Arms,,99-101,Willesden Lane,London,+44 20 3561 5854,,,,,"Su-Tu, Th 07:30-23:00; We, Fr-Sa 07:30-00:00",,,,,,
,NW6,NW,way,98612270,way/98612270,51.5370482,-0.1919539,The Old Bell,Stonegate,,Kilburn High Road,London,,https://www.greatlocalpubs.co.uk/old-bell-kilburn,200,,,,,,,,,
,NW6,NW,way,76174399,way/76174399,51.5347629,-0.1939961,The Prince of Wales,,11a,Cambridge Gardens,,,,,,Q26349999,,,,,,,
,NW6,NW,way,107755382,way/107755382,51.5384106,-0.1912867,The Priory Tavern,,250,Belsize Road,London,+44 20 7624 8044,https://priorytavern.co.uk/,200,,,Tu-Th 17:00-23:00, Fr-Sa 14:00-00:00, Su 13:00-00:00,,,,
,NW6,NW,way,239482111,way/239482111,51.5462802,-0.1908537,The Railway,Greene King,100,West End Lane,London,,https://www.greeneking.co.uk/pubs/greater-london/railway-west-hampstead,200,,,,,,,,,
,NW6,NW,way,107044526,way/107044526,51.535551,-0.205512,The Salusbury,,50-52,Salusbury Road,London,,https://thesalusbury.co.uk/,,,,,,,,,,
,NW6,NW,way,65658313,way/65658313,51.5364781,-0.2049201,Wolfpack,Wildman Project Ltd,53,Lonsdale Road,London,,https://wolfpackbars.com/queens-park-bar/,200,,,Tu-Fr 17:00-23:00, Sa 13:00-00:00, Su 13:00-23:00,,,,
,NW7,NW,way,543924851,way/543924851,51.6162072,-0.2182618,Adam & Eve,,,,,,,,,,,,,,,,
,NW7,NW,node,5762034694,node/5762034694,51.6141423,-0.2490155,Bridge Tavern,,,,,,,,,,,,,,,,
,NW7,NW,supabase,,5bcabdc0-e382-4ec0-9827-ca50d34d1d6d,51.6151,-0.243893,Mill Hill Services Club,Independent,,,,(020) 8959 3667,,,,,,,,,,,
,NW7,NW,node,535099403,node/535099403,51.6166359,-0.2594853,Railway Tavern,,129,Hale Lane,London,,https://www.railwaymillhill.com,200,,,Mo-Th 11:30-23:00, Fr-Sa 11:30-25:00, Su 11:30-22:30,,,,
,NW7,NW,way,543124606,way/543124606,51.6271027,-0.2418339,The Rising Sun,,,,,,,,,Q17361864,,,,,,,
,NW7,NW,way,813087122,way/813087122,51.621437,-0.233887,The Three Hammers,Ember Inns,,,,,https://www.emberinns.co.uk/nationalsearch/london/the-three-hammers-hammers-lane,403,,,,,,,,,
,NW8,NW,way,365916813,way/365916813,51.5282804,-0.1735404,Lord's Tavern,,,St John's Wood Road,London,+44 20 7616 8689,,,,,Mo-Sa 11:00-23:00, Su 11:00-22:00,,,,,
,NW8,NW,supabase,,89909e81-2d6c-4e7b-b8ad-07f3fd3c7ceb,51.5285,-0.173077,Marylebone Cricket Club,Independent,,,,(020) 7616 8500,,,,,,,,,,,
,NW8,NW,supabase,,311057d3-05ea-4386-a013-aae81b860996,51.5354,-0.166171,New Inn,Independent,,,,(020) 3667 7300,,,,,,,,,,,
,NW8,NW,way,366223826,way/366223826,51.5359088,-0.1851735,The Clifton,,96,Clifton Hill,London,,https://locipubs.com/clifton/,200,,,,,,,,,
,NW8,NW,way,698319681,way/698319681,51.534217,-0.1713195,The Duke Of York,,2,St. Ann's Terrace,London,,https://thedukeofyork.com/,200,,,,,,,,,
,NW8,NW,node,721555244,node/721555244,51.5358085,-0.1714893,The Ordnance Arms,Samuel Smith's,29,Ordnance Hill,London,,,,,,,,,,,,
,NW8,NW,way,691555964,way/691555964,51.5236964,-0.1701848,The Trader's Inn,,52,Church Street,London,,,,,,,,,,,,
,NW8,NW,node,12599552601,node/12599552601,51.5241025,-0.1746223,Three Falcons Indian Gastropub,,,Orchardson Street,London,,https://threefalcons.com/,200,,,Mo-Su 12:00-23:00,,,,,,
,NW9,NW,way,199925624,way/199925624,51.5932331,-0.2554072,Chandos Arms,,31,Colindale Avenue,London,,https://www.chandosarms.co.uk/,,,,,,,,,,
,NW9,NW,node,10924079510,node/10924079510,51.5871138,-0.2514525,Erins Hope,,189,Edgware Road,London,,,,,,,,,,,,
,NW9,NW,node,1993188851,node/1993188851,51.5846669,-0.2796475,Hennessys,,,,,,,,,,,,,,,,
,NW9,NW,node,3196094985,node/3196094985,51.6020997,-0.2448176,Hind and Hart,,,,,,,,,,,,,,,,
,NW9,NW,node,6284663193,node/6284663193,51.5846271,-0.2800026,J.J. Moon's,Wetherspoon,553,Kingsbury Road,London,,https://www.jdwetherspoon.com/pubs/j-j-moons-kingsbury/,200,,Q88916793,,,,,,,
,NW9,NW,way,436678592,way/436678592,51.5773286,-0.2391054,O'Hanlons,,210,West Hendon Broadway,London,,,,,,,,,,,,
,NW9,NW,node,1324709953,node/1324709953,51.5965783,-0.2428256,The Beaufort,Young's,2,Heritage Avenue,London,,https://www.thebeaufortpub.co.uk/,,,,,,,,,,
,NW9,NW,way,627999454,way/627999454,51.5734134,-0.2617569,The George,,,,London,,,,,,,,,,,,
,NW9,NW,way,968208603,way/968208603,51.5835405,-0.2670913,The Green Man,,125,Slough Lane,London,,,,,,,,,,,,
,NW9,NW,way,671115966,way/671115966,51.5874484,-0.2508585,The Moon Under Water,Wetherspoon,10,Varley Parade,London,,https://www.jdwetherspoon.com/pubs/the-moon-under-water-colindale,200,,Q88916791,,,,,,,
,SE1,SE,node,12997774504,node/12997774504,51.4974018,-0.1039252,Albert Arms,,1,Gladstone Street,London,+44 20 3337 0313,https://www.thealbertarms.co.uk/,200,,,Mo-Tu 16:00-22:00, We-Th 12:00-22:00, Fr-Sa 12:00-24:00, Su 12:00-20:30,,,
,SE1,SE,node,269859953,node/269859953,51.5041075,-0.0753099,Anchor Brewhouse,,,Shad Thames,London,,,,,Q4752667,,,,,,,
,SE1,SE,way,93710851,way/93710851,51.5035489,-0.0759247,Anchor Tap,Sam Smith's,20a,Horselydown Lane,London,,,,,Q26670161,Mo-Sa 12:00-23:00, Su 12:00-22:30,,,,,
,SE1,SE,supabase,,d33e0359-ec96-4866-834d-cda9247f3838,51.4987,-0.0734962,Arch House,Independent,,,,(020) 8617 9510,,,,,,,,,,,
,SE1,SE,node,9962758030,node/9962758030,51.5021808,-0.1154758,BrewDog,BrewDog,1,The Sidings,London,,https://brewdog.com/pages/bars/waterloo,200,,,,,,,,,
,SE1,SE,way,90650944,way/90650944,51.5049899,-0.0891933,Bunch of Grapes,Young's,2,St. Thomas Street,London,,https://www.bunchofgrapesborough.co.uk/,200,,Q26665634,"Mo-We,Sa 09:00-23:00; Th-Fr 09:00-00:00; Su 12:00-23:00",,,,,,
,SE1,SE,node,13116885908,node/13116885908,51.5006988,-0.1132497,Camel & Artichoke,,121,Lower Marsh,London,+44 20 7620 3296,https://camelandartichoke.co.uk/,200,,,Mo-Su 12:00-23:00,,,,,,
,SE1,SE,node,592037510,node/592037510,51.5053968,-0.0952802,Clinks Bar,,,,,,,,,,,,,,,,
,SE1,SE,supabase,,d927a3a9-592c-4967-918d-8b2ba373b151,51.5044,-0.08978,Coach House at the George,Greene King,,,,(020) 7407 2056,https://www.greeneking.co.uk/pubs/greater-london/coach-house-at-the-george,200,,,,,,,,,
,SE1,SE,node,11146695407,node/11146695407,51.5004616,-0.0808232,CROL&CO,,,Tanner Street,London,,https://www.crolandcocoffee.com/,200,,,,,,,,,
,SE1,SE,node,25510381,node/25510381,51.4994616,-0.1139642,Crown & Cushion,,133-135,Westminster Bridge Road,London,+44 20 7803 0573,https://www.thecrownandcushion-london.foodanddrinksites.co.uk/,200,,,Mo-Sa 11:00-23:00, Su 11:00-22:30,,,,,
,SE1,SE,way,93710844,way/93710844,51.5029476,-0.0751024,Dean Swift,,10,Gainsford Street,London,+44 20 3196 6949,https://www.thedeanswift.com/,200,,,Mo-Sa 12:00-23:00, Su 12:00-22:30,,,,,
,SE1,SE,way,77739560,way/77739560,51.5084224,-0.1048149,Doggett's Coat & Badge,Nicholson's,1,Blackfriars Bridge,London,,https://www.nicholsonspubs.co.uk/restaurants/london/doggettscoatandbadgesouthbanklondon,403,,Q108464922,Su-We 09:00-23:00, Th-Sa 09:00-00:00,,,,,
,SE1,SE,node,2182219226,node/2182219226,51.5004719,-0.0928618,Dover Castle,,6a,Great Dover Street,London,,,,,,,,,,,,
,SE1,SE,node,12889012255,node/12889012255,51.4992357,-0.0996078,Duke of York,Shepherd Neame,47,Borough Road,London,+44207 403 3590,,,,,Mo-Sa 11:00-23:00, Su 12:00-22:30,,,,,
,SE1,SE,node,5202423829,node/5202423829,51.4993771,-0.0747406,Fabal Beerhall,,88,Druid Street,London,,,,,,Th-Fr 17:00-22:00 Sa 15:00-23:00,,,,,,
,SE1,SE,node,12997774502,node/12997774502,51.4986975,-0.1065139,Flowers of the Forest,,14,Westminster Bridge Road,London,+44 20 7928 4445,https://flowersoftheforest.co.uk/,200,,,Mo-Th 11:00-24:00, Fr-Sa 11:00-25:00, Su 11:00-23:00,,,,
,SE1,SE,way,90830736,way/90830736,51.5041817,-0.0899994,George Inn,Greene King,75-77,Borough High Street,London,+44 20 7407 2056,https://www.greeneking.co.uk/pubs/greater-london/george-southwark,200,,Q12058464,Mo-Th 11:00-23:00, Fr-Sa 11:00-00:00, Su 12:00-22:30,,,,
,SE1,SE,node,13386371751,node/13386371751,51.5018437,-0.0980886,Great Guns Social,,96,Southwark Bridge Road,London,,,,,,,,,,,,
,SE1,SE,node,4813283891,node/4813283891,51.4988354,-0.0746673,Hiver Taproom,Hiver Beers,56,Stanworth Street,London,+44 7740251649,https://hiverbeers.com/pages/taproom,200,,,Fr 12:00-20:00, Sa 11:00-20:00, Su 12:00-18:00,,,,
,SE1,SE,node,266324793,node/266324793,51.5041063,-0.1137203,Hole In the Wall,,5,Mepham Street,London,,,,,Q108464970,,,,,,,
,SE1,SE,node,11304573103,node/11304573103,51.5019458,-0.0797555,Hop Kingdom,,16,Druid Street,London,+44 20 3730 4129,https://hopking.org,200,,,Mo-Th 16:00-23:00, Fr-Sa 12:00-23:00, Su 12:00-22:00,,,,
,SE1,SE,supabase,,e2c64c0b-8c72-457c-83f5-9bd863802fba,51.5057,-0.0822,Horniman at Hay's,Independent,,,,(020) 7407 1991,,,,,,,,,,,
,SE1,SE,node,11294886973,node/11294886973,51.4979274,-0.0729433,"It ain't much, if it ain't Dutch",,67-68,Enid Street,,,,,,,Th 17:00-22:00, Fr 15:00-22:30, Sa 12:00-22:30, Su 12:00-21:00,,,
,SE1,SE,way,100799936,way/100799936,51.5029076,-0.0909169,King's Arms,,65,Newcomen Street,London,,,,,Q26665488,,,,,,,
,SE1,SE,supabase,,61eead69-2103-453a-9235-ae99ca06bd5b,51.4991,-0.0809,Last Talisman,Independent,,,,(020) 8189 9546,,,,,,,,,,,
,SE1,SE,supabase,,6025e65a-011e-4070-b4b1-7b17040d12a5,51.5032,-0.114791,Lion & The Unicorn,Independent,,,,(020) 8103 5856,,,,,,,,,,,
,SE1,SE,way,77765241,way/77765241,51.5034191,-0.1026678,Lord Nelson,,243,Union Street,London,+44 20 7207 2701,https://www.lordnelsonsouthwark.com/,200,,,Mo-Sa 12:00-23:00, Su 12:00-22:30,,,,,
,SE1,SE,way,128568070,way/128568070,51.499119,-0.0736765,Marquis of Wellington,Stonegate,21,Druid Street,London,,https://www.socialpubandkitchen.co.uk/marquis-of-wellington-bermondsey,200,,,,,,,,,
,SE1,SE,way,77765224,way/77765224,51.5038251,-0.0998294,MC & Sons,,160,Union Street,London,,https://mcandsonslondon.com/,200,,,,,,,,,
,SE1,SE,node,347419938,node/347419938,51.5060052,-0.08685,Nº 1 Bar,,,,,,,,,,,,,,,,
,SE1,SE,way,658688685,way/658688685,51.5065115,-0.0881925,Old Ale Mug House,,,Tooley Street,,,,,,,,,,,,,
,SE1,SE,way,90650951,way/90650951,51.5046264,-0.0894795,Old King's Head,,45,Borough High Street,London,,,,,Q26665410,,,,,,,
,SE1,SE,node,264790279,node/264790279,51.4957145,-0.1038594,Prince of Wales,,51,St George's Road,London,,,,,,,,,,,,
,SE1,SE,way,77739551,way/77739551,51.5056803,-0.1057392,Rose & Crown,,47,Colombo Street,London,,https://www.roseandcrownse1.co.uk/,,,,Mo-Fr 12:00-23:00,,,,,,
,SE1,SE,way,102403099,way/102403099,51.4983165,-0.0829523,Simon the Tanner,,231,Long Lane,London,+44 20 7357 8740,https://www.simonthetanner.co.uk/,200,,Q26665437,,,,,,,
,SE1,SE,way,101328284,way/101328284,51.5019176,-0.0826988,Sixes Social Cricket,,46-50,Bermondsey Street,London,+44 204 531 2000,https://sixescricket.com/location/london-bridge,200,,,,,,,,,
,SE1,SE,node,4470034364,node/4470034364,51.5005941,-0.0771444,Southwark Brewing,,46,Druid Street,London,,https://www.southwarkbrewing.co.uk/,200,,,"Tu,Th,Fr 17:00-22:00; Sa 12:00-18:30; We,Su,Mo off",,,,,,
,SE1,SE,way,813457443,way/813457443,51.5049027,-0.0907975,Southwark Tavern,,22,Southwark Street,London,,https://www.thesouthwarktavern.co.uk/,403,,,,,,,,,
,SE1,SE,node,587850226,node/587850226,51.4948102,-0.0887005,Spit and Sawdust,,21,Bartholomew Street,London,,https://www.spitandsawdustpub.co.uk/,,,,,,,,,,
,SE1,SE,way,90830735,way/90830735,51.503639,-0.0909718,St Christopher's Inn,,121,Borough High Street,London,,https://www.st-christophers.co.uk/,200,,,"PH,Su-We 12:00-01:00, Th-Sa 12:00-02:00",,,,,,
,SE1,SE,way,100674156,way/100674156,51.491979,-0.1221636,Tamesis Dock,,,Albert Embankment,London,+44 20 7582 1066,https://www.tdock.co.uk,200,,,Mo-Fr 13:00-25:00, Sa-Su 12:00-25:00,,,,,
,SE1,SE,way,100615020,way/100615020,51.4972979,-0.0822597,The  Hand & Marigold,,244,Bermondsey Street,London,,,,,,,,,,,,
,SE1,SE,way,82770817,way/82770817,51.5072647,-0.0930411,The Anchor,Greene King,34,Bank End,London,,https://www.greeneking.co.uk/pubs/greater-london/anchor-bankside,200,,Q4752659,,,,,,,
,SE1,SE,node,9762808911,node/9762808911,51.5034633,-0.1066199,The Anchor & Hope,,36,The Cut,London,+44 20 7928 9898,https://www.anchorandhopepub.co.uk,403,,,Mo-Tu 16:00-22:30, We-Sa 11:00-22:30, Su 12:00-18:00,,,,
,SE1,SE,node,7398105829,node/7398105829,51.4994717,-0.0748793,The Barrel Project,,80,Druid Street,London,+44 20 7394 6763,https://thebarrelproject.co.uk/,200,,,We-Fr 16:00-23:00, Sa 11:00-23:00, Su 12:00-19:00,,,,
,SE1,SE,way,82770796,way/82770796,51.5062544,-0.0886563,The Barrowboy & Banker,Fuller's,6-8,Borough High Street,London,+44 20 7403 5415,https://www.barrowboy-and-banker.co.uk/,200,,,,,,,,,
,SE1,SE,way,428337511,way/428337511,51.5028014,-0.1113148,The Beer House,,,,London,,,,,,Mo-Sa 09:00-23:30, Su 11:00-22:00,,,,,
,SE1,SE,node,12814480101,node/12814480101,51.5025607,-0.0919382,The Blue Maid,,173,Borough High Street,London,442030074376,https://www.thebluemaid.com/,200,,,Mo-We 12:00-23:00, Th-Sa 12:00-00:00, Su 12:00-22:00,,,,
,SE1,SE,way,94069703,way/94069703,51.5044397,-0.090722,The Bridge Tap,Stonegate,,,,,,,,,,,,,,,
,SE1,SE,way,101694683,way/101694683,51.501197,-0.0870925,The Britannia,,44,Kipling Street,London,,https://www.britannia.smokd.co.uk/,,,,,,,,,,
,SE1,SE,node,5493122124,node/5493122124,51.5038279,-0.1019917,The Charlotte,,,,,,,,,,,,,,,,
,SE1,SE,way,33893568,way/33893568,51.5014125,-0.1049272,The Crown,,108,Blackfriars Road,London,+44 20 7928 3418,,,,,,,,,,,
,SE1,SE,way,95806698,way/95806698,51.5011149,-0.1100491,The Duke of Sussex,,23,Baylis Road,London,+44 20 3637 6121,https://www.thechaptercollection.co.uk/duke-of-sussex-waterloo,,,,,,,,,,
,SE1,SE,node,4564380187,node/4564380187,51.4953555,-0.0996603,The Elephant and Castle,Antic,119,Newington Causeway,London,+44 20 7403 8124,https://elephantandcastlepub.com/,500,,,Su-We 12:00-24:00, Th 12:00-25:00, Fr-Sa 12:00-26:00,,,,
,SE1,SE,node,295971752,node/295971752,51.5025485,-0.1105758,The Fire Station,,150,Waterloo Road,London,+44 20 3727 5938,https://www.firestationwaterloo.co.uk/,200,,,Mo-Th 09:00-23:00, Fr-Sa 09:00-24:00, Su 09:00-22:30,,,,
,SE1,SE,way,77755297,way/77755297,51.5085138,-0.1015821,The Founders Arms,Young's,52,Hopton Street,London,+44 20 7928 1899,https://www.foundersarms.co.uk/,200,,,"Mo-Th 09:00-23:00; Fr,Sa 09:00-00:00; Su 09:00-23:00",,,,,,
,SE1,SE,node,268430691,node/268430691,51.5071635,-0.1075107,The Fountain & Ink,,52,Stamford Street,London,,,,,,,,,,,,
,SE1,SE,way,101328343,way/101328343,51.5007212,-0.0816285,The Garrison,,99-101,Bermondsey Street,London,+44 20 7089 9355,https://www.thegarrison.co.uk/,200,,,Mo-Th 08:00-11:00, Fr 08:00-24:00, Sa 09:00-24:00, Su 09:00-22:30,,,
,SE1,SE,node,283218340,node/283218340,51.4953472,-0.0835069,The George,Stonegate,40,Tower Bridge Road,London,,https://www.craftunionpubs.com/george-southwark,200,,,"Mo-Th 11:00-23:30; Fr,Sa 11:00-24:00; Su 12:00-23:00",,,,,,
,SE1,SE,way,99929008,way/99929008,51.5009348,-0.0951266,The Gladstone Arms,,64,Lant Street,London,,https://www.thegladpub.co.uk/,,,,,,,,,,
,SE1,SE,way,82770837,way/82770837,51.5054882,-0.0899125,The Globe,,8,Bedale Street,London,,https://www.theglobeboroughmarket.com/,,,Q26657099,,,,,,,
,SE1,SE,way,85166329,way/85166329,51.4937625,-0.0750193,The Grange Pub & Kitchen,,,,,,,,,,,,,,,,
,SE1,SE,node,287240464,node/287240464,51.4958251,-0.0828758,The Hartley,,,,,,,,,,,,,,,,
,SE1,SE,node,587760188,node/587760188,51.4982379,-0.1124955,The Hercules,Fuller's,2,Kennington Road,London,+44 1909 303688,https://www.thehercules.co.uk/,200,,,Mo-Th 09:00-23:30, Fr-Sa 09:00-24:00, Su 09:00-23:00,,,,
,SE1,SE,node,247957492,node/247957492,51.5061115,-0.0829214,The Horniman,Nicholson's,,Counter Street,London,+44 20 7407 1991,https://www.nicholsonspubs.co.uk/restaurants/london/thehornimanathayslondonbridge,403,,,Mo-Su 11:00-23:00, Th-Sa 11:00-23:30,,,,,
,SE1,SE,way,102777880,way/102777880,51.502491,-0.0840184,The Horseshoe Inn,,26,Melior Street,London,+44 20 7403 6364,https://www.thehorseshoeinnpub.co.uk/index,200,,,Mo 12:00-22:00, Tu-Sa 12:00-23:30, Su 12:00-22:00,,,,
,SE1,SE,way,94758918,way/94758918,51.501513,-0.0757755,The Kings Arms,,251,Tooley Street,London,,https://www.thekingsarmstooley.com/,,,,,,,,,,
,SE1,SE,way,230419025,way/230419025,51.5044108,-0.1091004,The Kings Arms,,25,Roupell Street,London,,https://thekingsarmslondon.co.uk/,,,Q26318092,Mo-Su 11:00-23:00,,,,,,
,SE1,SE,node,352930271,node/352930271,51.5003106,-0.0842325,The Leather Exchange,Fuller's,15,Leathermarket Street,,+44 20 7407 0295,https://www.theleatherexchange.co.uk/,200,,,,,,,,,
,SE1,SE,way,100268281,way/100268281,51.5005792,-0.0972178,The Libertine,,125,Great Suffolk Street,London,,,,,,,,,,,,
,SE1,SE,way,99869588,way/99869588,51.5028065,-0.095559,The Lord Clyde,Stonegate,,,,,https://www.greatlocalpubs.co.uk/404,200,,Q26673080,,,,,,,
,SE1,SE,node,8324913615,node/8324913615,51.4867601,-0.0741916,The Lord Nelson,,386,Old Kent Road,London,+44 20 7701 8510,,,,Q17361856,Mo-Fr 11:00-23:00, Sa 11:00-01:00, Su 12:00-22:30,,,,
,SE1,SE,way,77739567,way/77739567,51.5069499,-0.1049846,The Mad Hatter Hotel,Fuller's,3-7,Stamford Street,London,+44 20 7401 9222,https://www.madhatterhotel.co.uk/,200,,,Mo-Fr 07:00-23:00, Sa 08:00-23:00, Su 08:00-20:30,,,,
,SE1,SE,way,82770869,way/82770869,51.50533,-0.0913473,The Market Porter,,9,Stoney Street,London,+44 20 7407 2495,https://themarketporter.co.uk/,200,,,"Mo-Fr 06:00-09:00,11:00-23:00; Sa 12:00-23:00; Su 12:00-22:30",,,,,,
,SE1,SE,way,101530109,way/101530109,51.5021037,-0.0875026,The Miller,,96,Snowsfields,London,,https://www.themiller.co.uk/,200,,Q132775066,"Mo-Th 12:00-23:00, Fr 12:00-01:00, Sa 16:00-01:00; Su off",,,,,,
,SE1,SE,way,82770848,way/82770848,51.5063726,-0.0889991,The Mudlark,Nicholson's,,Montague Close,London,,https://www.nicholsonspubs.co.uk/restaurants/london/themudlarklondonbridge,403,,,,,,,,,
,SE1,SE,node,13409071887,node/13409071887,51.5071257,-0.1103341,The Mulberry Bush,,89,Upper Ground,London,+44 20 7928 7940,https://www.mulberrybushpub.co.uk/,200,,,Mo-Sa 11:00-23:00, Su 12:00-21:00,,,,,
,SE1,SE,way,82770915,way/82770915,51.5070771,-0.0906365,The Old Thameside Inn,Nicholson's,,"Pickfords Wharf, Clink St",London,+44 20 7403 4243,https://www.nicholsonspubs.co.uk/restaurants/london/theoldthamesideinnlondonbridge,403,,,,,,,,,
,SE1,SE,node,12997749797,node/12997749797,51.4971851,-0.1138818,The Pineapple,,53,Hercules Road,London,+44 20 7401 2860,https://www.thepineapple.pub/,200,,,Mo 12:00-22:00, Tu 12:00-23:00, We-Sa 12:00-24:00, Su 12:00-22:30,,,
,SE1,SE,way,94758909,way/94758909,51.5024086,-0.0771434,The Pommelers Rest,Wetherspoon,196-198,Tower Bridge Road,London,+44 20 7378 1399,https://www.jdwetherspoon.com/pubs/the-pommelers-rest-tower-bridge/,200,https://www.jdwetherspoon.com/pubs/the-pommelers-rest-tower-bridge/,Q88916691,,,,,,,
,SE1,SE,way,82770789,way/82770789,51.5061867,-0.0912663,The Rake,,14a,Winchester Walk,London,,https://www.utobeer.co.uk/the-rake,200,,,Mo-Fr 12:00-23:00, Sa 11:00-23:00, Su 12:00-22:00,,,,
,SE1,SE,way,93710849,way/93710849,51.5032486,-0.0766456,The Raven,,218,Tower Bridge Road,London,,https://www.theraventowerbridge.co.uk/,200,,,,,,,,,
,SE1,SE,node,5396322682,node/5396322682,51.5035696,-0.1048294,The Ring,,72,Blackfriars Road,London,+44 20 7620 0811,https://theringbarlondon.co.uk/,200,,,,,,,,,
,SE1,SE,way,89719962,way/89719962,51.4947408,-0.0930874,The Rising,,98,Harper Road,London,,https://www.therisingse1.com,200,,,,,,,,,
,SE1,SE,node,623428274,node/623428274,51.5072244,-0.1157002,The Riverfront pub,,,,,,,,,,,,,,,,
,SE1,SE,node,293516727,node/293516727,51.4958695,-0.0996325,The Rockingham Arms,Wetherspoon,119,Newington Causeway,London,+44 20 7940 0890,https://www.jdwetherspoon.com/pubs/the-rockingham-arms-elephant-and-castle/,200,,Q88916689,"Su-Th 08:00-23:00; Fr,Sa 08:00-24:00",,,,,,
,SE1,SE,way,100275592,way/100275592,51.498102,-0.0906406,The Roebuck,,50,Great Dover Street,London,,https://www.theroebuck.net/,200,,Q18708781,,,,,,,
,SE1,SE,node,5314020623,node/5314020623,51.5021916,-0.0855668,The Rose,,,,,,,,,,,,,,,,
,SE1,SE,way,1168160316,way/1168160316,51.489757,-0.1226128,The Rose,,35,Albert Embankment,London,,https://www.therosepub.co.uk/,,,,,,,,,,
,SE1,SE,way,99869572,way/99869572,51.5038083,-0.094807,The Rose & Crown,,65,Union Street,,+44 20 7407 7090,https://www.publove.co.uk/pubs/rose-and-crown,200,,,Mo-Su 12:00-22:00,,,,,,
,SE1,SE,way,100614943,way/100614943,51.5001217,-0.0914336,The Royal Oak,Harvey's Brewery,44,Tabard Street,London,+44 20 7357 7173,https://www.royaloaklondon.co.uk/,200,,,Mo-Sa 11:00-23:00, Su 12:00-21:00,,,,,
,SE1,SE,node,534962782,node/534962782,51.5048141,-0.0911485,The Sheaf,,21,Southwark Street,London,,http://sheaf.london/,503,,,,,,,,,
,SE1,SE,way,95125312,way/95125312,51.4994744,-0.0967506,The Ship,Fuller's,68,Borough Road,London,,https://www.shipborough.co.uk/,,,,,,,,,,
,SE1,SE,node,269866730,node/269866730,51.5005923,-0.0705079,The Ship Aground,,33,Wolseley Street,London,,,,,,,,,,,,
,SE1,SE,way,140087010,way/140087010,51.5045855,-0.0835456,The Shipwrights Arms,,88,Tooley Street,London,,http://www.shipwrightsarms.co.uk/,200,,Q17361868,,,,,,,
,SE1,SE,node,306659436,node/306659436,51.5012622,-0.1073934,The Stage Door,,30,Webber Street,London,,https://www.thestagedoor.co.uk/,,,,Mo-Su 12:00-23:30,,,,,,
,SE1,SE,node,12997775906,node/12997775906,51.4969202,-0.1126499,The Steam Engine,,41-42,Cosser Street,London,+44 20 7928 0720,https://www.publove.co.uk/pubs/steam-engine,200,,Q111119370,Su-Th 09:00-24:00, Fr-Sa 09:00-25:00,,,,,
,SE1,SE,node,13376685635,node/13376685635,51.5055788,-0.0857864,The Sun Wharf,Wetherspoon,,,,,https://www.jdwetherspoon.com/pubs/the-sun-wharf-london-bridge/,200,https://www.jdwetherspoon.com/pubs/the-sun-wharf-london-bridge/,,,,,,,,
,SE1,SE,way,82459256,way/82459256,51.5082369,-0.0965944,The Swan at The Globe,,21,New Globe Walk,London,+44 20 7928 9444,https://swanlondon.co.uk/,200,,,,,,,,,
,SE1,SE,node,7138296487,node/7138296487,51.5050863,-0.0879148,The Telephone Exchange,Fuller's,10-18,London Bridge Street,London,,https://www.telephoneexchange.co.uk,200,,,,,,,,,
,SE1,SE,node,1707216586,node/1707216586,51.5070706,-0.1081175,The Thirsty Bear,,62,Stamford street,London,,https://www.thethirstybear.com/,200,,,,,,,,,
,SE1,SE,node,12997756180,node/12997756180,51.4966904,-0.1112741,The Three Stags,The Black Dog,67-69,Kennington Road,London,,https://www.threestagspub.com/,200,,,Mo-Sa 12:00-23:00, 12:00-22:30,,,,,
,SE1,SE,way,99928994,way/99928994,51.5010925,-0.0937912,The Trinity,Fuller's,202-206,Borough High Street,London,,https://www.thetrinity.co.uk/,200,,,,,,,,,
,SE1,SE,way,85166223,way/85166223,51.4945697,-0.0806705,The Victoria,,68-70,Pages Walk,London,,,,,,,,,,,,
,SE1,SE,node,348782665,node/348782665,51.4999904,-0.1143845,The Walrus,,172,Westminster Bridge Road,London,,https://www.thewalrusbarandhostel.co.uk,200,,,,,,,,,
,SE1,SE,node,287749130,node/287749130,51.5036385,-0.111312,The Wellington,Fuller's,81 - 83,Waterloo Road,London,,https://www.wellingtonhotelwaterloo.co.uk/,200,,,,,,,,,
,SE1,SE,way,115978901,way/115978901,51.5048097,-0.1105293,The White Hart,,29,Cornwall Road,London,+44 20 7928 9190,https://www.thewhitehartwaterloo.co.uk/,403,,,,,,,,,
,SE1,SE,way,207282617,way/207282617,51.504997,-0.1015713,The White Hart,Fuller's,22,Great Suffolk Street,London,+44 20 7928 8265,https://www.whitehartsouthwark.co.uk/,200,,,Mo-Sa 12:00-23:00, Su 12:00-22:30,,,,,
,SE1,SE,node,306666717,node/306666717,51.5029506,-0.1081212,The Windmill,Fuller's,86,The Cut,London,,https://www.windmillwaterloo.co.uk/,200,,,,,,,,,
,SE1,SE,way,1164917391,way/1164917391,51.4930862,-0.1203953,The Windmill,,44,Lambeth High Street,London,,https://thewindmill-lambeth.com/,,,,,,,,,,
,SE1,SE,way,101328387,way/101328387,51.5007528,-0.0820991,The Woolpack,,98,Bermondsey Street,London,+44 20 7357 9269,https://www.woolpackbar.com/,200,,,,,,,,,
,SE1,SE,supabase,,e3cdcc89-a22f-458e-98cb-591969ee1b10,51.5029,-0.0769594,Tower Bridge Arms,BrewDog,,,,(020) 7378 9995,,,,,,,,,,,
,SE1,SE,way,75392997,way/75392997,51.5031545,-0.0794846,Two Bridges,,,,,,https://www.thetwobridges.co.uk/,,,,"Su-We 12:00-23:00, Th-Sa 12:00-01:00",,,,,,
,SE1,SE,way,77765242,way/77765242,51.5035282,-0.1015946,UJ,,225,Union Street,London,,https://www.ujpub.com/,200,,,,,,,,,
,SE1,SE,supabase,,aa28b638-473b-436a-a8b5-e261755bdcee,51.5036,-0.101614,Union Jack,Independent,,,,(020) 7633 9206,,,,,,,,,,,
,SE1,SE,supabase,,c6034d33-73f7-4c51-a33b-9c8d5088c2fb,51.5034,-0.110537,Union Jack Club,The Union Jack Club (registered charity),,,,(020) 7902 6000,,,,,,,,,,,
,SE1,SE,supabase,,32c5c20c-f736-4060-8c4a-f2f8d810fe83,51.5011,-0.111919,Vaulty Towers,,,,,(020) 7928 9062,,,,,,,,,,,
,SE1,SE,supabase,,0b713a98-f03f-402f-865d-28b587838756,51.503,-0.113228,Victory,Independent,,,,(020) 8161 0394,,,,,,,,,,,
,SE1,SE,node,4067222289,node/4067222289,51.5045928,-0.1148896,Waterloo Tap,,,Sutton Walk,London,,https://waterlootap.com/,,,,Mo-Tu 13:30-23:00, We-Th 12:00-23:00, Fr 12:00-24:30, Sa 11:00-24:30, Su 12:00-21:00,,
,SE1,SE,node,12231843057,node/12231843057,51.5028376,-0.1150963,Wetherspoons - The Lion & The Unicorn,Wetherspoon,,"The Sidings, Waterloo Station",London,,https://www.jdwetherspoon.com/pubs/the-lion-the-unicorn-waterloo/,200,,,,,,,,,
,SE1,SE,way,810273931,way/810273931,51.5051681,-0.0910688,Wheatsheaf,,6,Stoney Street,London,,https://www.wheatsheafborough.co.uk/,,,Q17361880,,,,,,,
,SE10,SE,supabase,,3540c6dc-022d-48f1-a561-59e39fcc8cc3,51.4775,-0.0148,Davy's Wine Vaults,Davy's,,,,(020) 8858 7204,,,,,,,,,,,
,SE10,SE,way,390045367,way/390045367,51.490656,0.0029119,Enderby House,,23,Telegraph Avenue,London,+44 20 8897 6755,https://www.enderbyhousepub.co.uk/,200,,Q26350500,Mo-Sa 12:00-00:00, Su 12:00-22:00,,,,,
,SE10,SE,node,10266443623,node/10266443623,51.4798001,-0.0071684,Greenwich Tavern,,1,King William Walk,London,+44 20 8858 8791,https://www.greenwichtavern.co.uk/,200,,Q121296663,,,,,,,
,SE10,SE,supabase,,9a51cac6-85e5-41b2-8d94-de557ee7ed0e,51.4954,0.018642,Greenwich Yacht Club,Independent,,,,(020) 7952 2410,,,,,,,,,,,
,SE10,SE,node,10266440541,node/10266440541,51.4808515,-0.007991,Kings Arms,Greene King,16,King William Walk,London,+44 20 8858 4544,https://www.greeneking.co.uk/pubs/greater-london/kings-arms-greenwich,200,,,Mo-Th 11:00-23:00, Fr-Sa 11:00-24:00, Su 12:00-23:00,,,,
,SE10,SE,supabase,,c80da5da-c112-4daa-bfa7-592b7e45270c,51.4801,-0.00965482,Mitre,Independent,,,,(020) 8293 0037,https://stayinapub.co.uk/the-mitre-greenwich-london-stay-in-a-pub/,,,,,,,,,,
,SE10,SE,node,12890502869,node/12890502869,51.4769854,-0.0115831,Morden Arms,,1,Brand Street,London,,,,,Q26350635,,,,,,,
,SE10,SE,supabase,,67e9f328-cde2-4348-a5d2-0ba12c50baaa,51.483,-0.014815,Oystercatcher,Independent,,,,(020) 8161 8225,,,,,,,,,,,
,SE10,SE,node,12890502854,node/12890502854,51.4765706,-0.0096161,Richard I,Young's,"52,54",Royal Hill,London,+44 20 8692 2996,https://www.richardthefirst.co.uk/,200,,Q27083919,Mo-Sa 11:00-23:00, Su 12:00-22:30,,,,,
,SE10,SE,node,10266440600,node/10266440600,51.4819384,-0.0091343,The Admiral Hardy,,7,College Approach,London,+44 20 8293 9535,https://admiralhardygreenwich.co.uk/,200,,Q26350524,Mo 12:00-19:00, Tu-We 12:00-21:00, Th-Sa 12:00-23:00, Su 12:00-20:00,,,
,SE10,SE,way,1095220538,way/1095220538,51.4757712,-0.0152529,The Ashburnham Arms,Shepherd Neame,25,Ashburnham Grove,London,+44 20 8355 5141,https://www.ashburnham-arms.co.uk/,200,,,Mo-Fr 16:00-23:00, Sa-Su 12:00-23:00,,,,,
,SE10,SE,node,10266440578,node/10266440578,51.4812645,-0.0090227,The Coach and Horses,Young's,13,,London,+44 20 8293 0880,https://www.the-coach-and-horses.co.uk/,200,,Q27080590,Mo-Sa 11:00-23:00, Su 12:00-22:30,,,,,
,SE10,SE,node,12819770592,node/12819770592,51.4850474,0.0047255,The Crown,,176,Trafalgar Road,London,+44 20 3645 6126,https://highpress25.co.uk/wp-signup.php?new=frontierpubs.co.uk,200,,,Mo-Th 16:00-23:00, Fr 12:00-24:00, Sa 11:30-24:00, Su 12:00-22:30,,,
,SE10,SE,node,300452750,node/300452750,51.4863743,-0.0004177,The Cutty Sark,Young's,4-6,Ballast Quay,London,+44 20 8858 3146,https://www.cuttysarkse10.co.uk/,200,,Q16988333,Mo-Sa 11:00-23:00, Su 12:00-22:30,,,,,
,SE10,SE,node,5798900528,node/5798900528,51.5004875,0.0053629,The Dial,Meantime Brewery,,Peninsula Square,London,+44 20 3879 6316,https://thedialldn.com/,200,,,Mo-We 12:00-23:00, Th 12:00-24:00, Fr 12:00-25:00, Sa 10:00-25:00, Su 10:00-24:00,,
,SE10,SE,way,160669972,way/160669972,51.4815638,-0.0111842,The Gate Clock,Wetherspoon,210,Creek Road,London,+44 20 8269 2000,https://www.jdwetherspoon.com/pubs/the-gate-clock-greenwich,200,,Q88916694,Su-Th 08:00-24:00, Fr-Sa 08:00-25:00,,,,,
,SE10,SE,node,224146236,node/224146236,51.472899,-0.0151598,The George & Dragon,,2,Blackheath Hill,London,+44 20 8691 3764,https://georgedragon.co.uk,200,,,Th 18:00-26:00, Fr-Sa 18:00-28:00, Su 16:00-26:00,,,,
,SE10,SE,node,10266440633,node/10266440633,51.4822685,-0.0097961,The Gipsy Moth,Castle,60,Greenwich Church Street,London,+44 20 8858 0786,https://www.thegipsymothgreenwich.co.uk/,403,,,Su-Th 12:00-23:00, Fr-Sa 12:00-00:00,,,,,
,SE10,SE,node,10105926112,node/10105926112,51.4731439,-0.0153915,The Graduate,,107-109,Blackheath Road,London,+44 20 8694 8542,https://thegraduate.uk/,200,,,"Mo-Th, Sa 11:00-24:00; Fr 11:00-26:30; Su 11:30-23:00",,,,,,
,SE10,SE,way,1093802500,way/1093802500,51.4743686,-0.0149406,The Guildford Arms,,55,Guildford Grove,London,+44 20 8691 6293,https://www.theguildfordarms.co.uk/,200,,,Tu-Su 12:00-23:00, Dec 25-26 off,,,,,
,SE10,SE,node,12952885350,node/12952885350,51.4784371,-0.0114778,The Lost Hour,Stonegate,217-219,Greenwich High Road,London,+44 20 8269 1411,"https://www.stonegategroup.co.uk/find-your-local/?long=0.011&lat=51.49413&address=SE10%200,%20London,%20England,%20United%20Kingdom",200,,,Mo-We 12:00-23:00, Th 12:00-24:00, Fr 12:00-25:00, Sa 10:00-25:00, Su 10:00-23:00,,
,SE10,SE,way,160665955,way/160665955,51.4801661,-0.009709,The Mitre Hotel,,291,Greenwich High Road,London,,,,,Q16997944,Mo-Th 12:00-23:00, Fr-Sa 12:00-24:00, Su 12:00-22:30,,,,
,SE10,SE,node,12961239334,node/12961239334,51.4768597,-0.0167946,The North Pole,,131,Greenwich High Road,London,+44 20 8853 3020,https://www.northpolegreenwich.co.uk/,200,,,Su-We 12:00-24:00, Th 12:00-24:30, Fr-Sa 12:00-25:00,,,,
,SE10,SE,way,1240494108,way/1240494108,51.5041262,0.0033751,The Observatory,Nicholson's,,,London,,https://www.nicholsonspubs.co.uk/restaurants/london/theobservatory,403,,,,,,,,,
,SE10,SE,way,1095646248,way/1095646248,51.4829151,-0.0083741,The Old Brewery,Young's,,The Old Royal Naval College,London,,https://www.oldbrewerygreenwich.com/,200,,,Mo-Sa 11:00-23:00, Su 12:00-22:30,,,,,
,SE10,SE,way,889916461,way/889916461,51.4868637,0.0025129,The Pelton Arms,,23-25,Pelton Road,London,+44 20 8858 0572,https://www.peltonarms.com/,200,,,Mo-Th 12:00-24:00, Fr-Sa 12:00-25:00, Su 12:00-23:00,,,,
,SE10,SE,way,193321876,way/193321876,51.4961494,0.0102574,The Pilot Inn,Fuller's,68,River Way,London,+44 20 8858 5910,https://www.pilotgreenwich.co.uk/,200,,,Mo-Sa 10:00-23:00, Su 10:00-22:30,,,,,
,SE10,SE,node,10266449760,node/10266449760,51.481845,-0.0011257,The Plume of Feathers,,19,Park Vista,London,+44 20 8858 1661,https://plumegreenwich.com/,200,,,Mo-Th 12:00-23:00, Fr 12:00-23:30, Sa 11:00-23:30, Su 12:00-22:30,,,
,SE10,SE,node,12890502853,node/12890502853,51.4761817,-0.0098595,The Prince Of Greenwich,,"70,72",Royal Hill,London,+44 20 8692 6089,https://www.theprinceofgreenwichpub.com,200,,,Tu-Fr 16:00-23:00, Sa-Su 12:00-23:00,,,,,
,SE10,SE,node,10253245701,node/10253245701,51.4862674,0.0132944,The River Ale House,,131,Woolwich Road,London,,https://www.theriveralehouse.com/,200,,,Mo-Th 16:00-23:00, Fr 14:00-23:00, Sa 12:00-23:00, Su 13:00-23:00,,,
,SE10,SE,node,5659383343,node/5659383343,51.4830352,-0.0142556,The Sail Loft,Fuller's,11,Victoria Parade,London,,https://www.sailloftgreenwich.co.uk/,200,,,Mo-Sa 10:00-23:00, Su 10:00-22:30,,,,,
,SE10,SE,node,10266440595,node/10266440595,51.4816772,-0.0098856,The Spanish Galleon,,48,Greenwich Church Street,London,+44 20 8858 3664,https://www.spanishgalleon.co.uk/,200,,Q17020810,Mo-We 10:30-23:00, Th 10:30-24:00, Fr 10:30-26:00, Sa 10:00-26:00, Su 10:00-23:00,,
,SE10,SE,way,1240494104,way/1240494104,51.5039142,0.0021201,The Stargazer,Wetherspoon,,,London,,https://www.jdwetherspoon.com/pubs/the-stargazer-greenwich/,200,,,Mo-Su 10:00-24:15,,,,,,
,SE10,SE,way,299668095,way/299668095,51.4846028,-0.0041688,The Trafalgar Tavern,,,Park Row,London,+44 20 3887 9886,https://www.trafalgartavern.co.uk/,200,,Q16331613,Su-Th 11:00-23:00, Fr-Sa 11:00-24:00,,,,,
,SE10,SE,way,299668096,way/299668096,51.4846841,-0.0038677,The Yacht,Greene King,5,Crane Street,London,+44 20 8858 0175,https://www.greeneking.co.uk/pubs/greater-london/yacht,200,,,Mo-Th 11:30-23:00, Fr-Sa 11:30-24:00, Su 12:00-22:30,,,,
,SE10,SE,supabase,,777b89b1-c081-40f3-ab0e-79ce2e91e3f5,51.4813,-0.0115472,Up The Creek Brewery Tap,Independent,,,,(020) 8858 4581,,,,,,,,,,,
,SE10,SE,way,1075176772,way/1075176772,51.4794409,-0.0078799,Ye Olde Rose and Crown,Greene King,1,Crooms Hill,London,+44 20 8293 1898,https://www.greeneking.co.uk/pubs/greater-london/ye-olde-rose-and-crown,200,,,Mo-Th 12:00-23:00, Fr-Sa 12:00-25:30, Su 12:00-22:30,,,,
,SE11,SE,way,97202478,way/97202478,51.4896519,-0.1121123,Black Prince,,6,Black Prince Road,London,,https://www.theblackprincepub.co.uk/,200,,,,,,,,,
,SE11,SE,relation,15903999,relation/15903999,51.4891606,-0.1144513,Duchy Arms,,63,Sancroft Street,London,,https://duchyarmspub.com,,,,,,,,,,
,SE11,SE,way,426236899,way/426236899,51.4862228,-0.1195375,MC & Sons,,355,Kennington Lane,London,,https://www.mcandsonsvauxhall.com,200,,,,,,,,,
,SE11,SE,way,1211922928,way/1211922928,51.4894591,-0.1051293,Old Red Lion,,42,Kennington Park Road,London,,https://theoldredlion.uk/,,,Q17361860,,,,,,,
,SE11,SE,node,2153030788,node/2153030788,51.4933071,-0.1131345,Oxymoron - The Royal Oak,,78,Fitzalan Street,London,,,,,,closed,,,,,,
,SE11,SE,way,421792158,way/421792158,51.4848236,-0.1183442,The Beehive,,51,Durham Street,London,+44 20 7735 4327,https://thebeehivepub.co.uk/,200,,,Mo-Su 15:00-23:30,,,,,,
,SE11,SE,node,313234121,node/313234121,51.4886893,-0.1209019,The Black Dog,,112,Vauxhall Walk,London,,https://theblackdogvauxhall.co.uk/,200,,,Mo-Sa 12:00-23:30, Su 12:00-21:30,,,,,
,SE11,SE,node,264041224,node/264041224,51.4891613,-0.1108437,The Dog House,,293,Kennington Road,London,+44 20 3893 1239,https://www.doghouse.pub/,,,,,,,,,,
,SE11,SE,node,475257316,node/475257316,51.4813791,-0.1130873,The Hanover Arms,,326,Kennington Park Road,London,,,,,Q27084213,,,,,,,
,SE11,SE,way,374461268,way/374461268,51.4913329,-0.1182347,The Jolly Gardeners,,49–51,Black Prince Road,London,,https://www.thejollygardeners.co.uk/,200,,,,,,,,,
,SE11,SE,node,264797790,node/264797790,51.4899576,-0.1081407,The Little Apple,,,,,,,,,,,,,,,,
,SE11,SE,node,264797750,node/264797750,51.489311,-0.1052036,The Mansion House,,,,,,,,,,,,,,,,
,SE11,SE,way,422986678,way/422986678,51.4867311,-0.1138523,The Pilgrim,,247,Kennington Lane,London,,https://www.thepilgrimpub.com/,,,,,,,,,,
,SE11,SE,way,1175033346,way/1175033346,51.4882573,-0.1090085,The Prince of Wales,The Black Dog Pub Company,48,Cleaver Square,London,+44 207 735 9916,https://www.princeofwaleskennington.co.uk,200,,,Mo-Th 15:00-23:00, Fr 15:00-23:00, Sa 12:00-23:00, Su 12:00-22:00,,,
,SE11,SE,way,136012106,way/136012106,51.4863513,-0.1218284,The Royal Vauxhall Tavern,,372,Kennington Lane,London,,https://www.rvt.org.uk/,200,,Q7374962,Mo-Fr 19:00-00:00, Sa 21:00-02:00, Su 14:00-00:00,,,,
,SE11,SE,node,601523012,node/601523012,51.4931919,-0.1105588,The Ship,,171,Kennington Road,London,,https://highpress25.co.uk/wp-signup.php?new=frontierpubs.co.uk,200,,,Mo-Th 15:00-23:00, Fr 15:00-00:00, Sa 11:30-00:00, Su 12:00-22:30,,,
,SE11,SE,node,601521583,node/601521583,51.4953279,-0.1106915,The Tankard,,111,Kennington Road,London,,https://thetankard.pub/,,,,,,,,,,
,SE11,SE,node,264803342,node/264803342,51.4886442,-0.1108233,The Tommyfield,Shepherd Neame,185,Kennington Road,,,https://www.thetommyfield.com/,,,,,,,,,,
,SE11,SE,way,539369586,way/539369586,51.4868645,-0.1080348,The White Bear,,138,Kennington Park Road,London,,https://www.whitebearkennington.co.uk/,200,,Q26355083,,,,,,,
,SE12,SE,supabase,,f9f0a5ff-e662-44a2-9581-7c1fe288c508,51.4497,0.00972624,Brockley Brewery & Taproom,Independent,,,,,,,,,,,,,,,
,SE12,SE,supabase,,b2fe0ed9-877a-4a43-a080-85bbc8eca74a,51.4436,0.0178,Crown Tavern,Independent,,,,(020) 8857 6607,,,,,,,,,,,
,SE12,SE,node,449213965,node/449213965,51.4567562,0.0093084,Duke of Edinburgh,,394,Lee High Road,London,,,,,,,,,,,,
,SE12,SE,way,427545499,way/427545499,51.4436785,0.0178906,The Crown,Young's,117,Burnt Ash Hill,London,,https://www.thecrownlee.co.uk/,,,,,,,,,,
,SE12,SE,way,214245068,way/214245068,51.4509025,0.012222,The Lord Northbrook,Fuller's,116,Burnt Ash Road,London,,https://www.thelordnorthbrook.co.uk/,200,,,,,,,,,
,SE12,SE,way,802738856,way/802738856,51.4434344,0.0147396,The Summerfield,,60,Baring Road,London,,https://www.thesummerfield.co.uk/,,,,,,,,,,
,SE13,SE,supabase,,1255c131-659c-431e-a65a-33ab779cf30c,51.4516,-0.004711,Hither Green & District Railwaymens Social Club,Independent,,,,(020) 8852 1034,,,,,,,,,,,
,SE13,SE,node,9607793865,node/9607793865,51.4632432,-0.0107425,Joiners Arms,,66,Lewisham High Street,London,,,,,,,,,,,,
,SE13,SE,way,214247037,way/214247037,51.4562993,-0.0214408,Ladywell Tavern,,80,Ladywell Road,London,,https://www.ladywell.pub/,200,,,Su-Th 12:00-24:00, Fr 12:00-01:00, Sa 11:00-01:00,,,,
,SE13,SE,node,2519314340,node/2519314340,51.462457,-0.0088954,Lewisham Tavern,Stonegate,1,Lee High Road,London,,https://www.craftunionpubs.com/lewisham-tavern-lewisham,200,,,Mo-Th 11:00-23:00, Fr-Sa 11:00-24:00,,,,,
,SE13,SE,way,525502439,way/525502439,51.4661401,-0.0196004,Llama's Head Pub,,26,Loampit Hill,London,,,,,,Tu-Fr 16:00+, Sa 14:00+,,,,,
,SE13,SE,way,214245963,way/214245963,51.4530692,-0.0001318,Station Hotel,,14-16,Staplehurst Road,London,,https://www.stationhotelhithergreen.co.uk/,,,,,,,,,,
,SE13,SE,way,965258342,way/965258342,51.4656574,-0.0107691,The Anchor,,165,Lewisham Road,London,,,,,,,,,,,,
,SE13,SE,way,576049162,way/576049162,51.4609585,0.0033488,The Dacre Arms,,11,Kingswood Place,London,,https://wanderlog.com/place/details/12520919/dacre-arms,,,,,,,,,,
,SE13,SE,node,2652399072,node/2652399072,51.456851,-0.0142378,The Fox & Firkin,,316,Lewisham High Street,London,,https://foxfirkin.com/,200,,,,,,,,,
,SE13,SE,node,2147605894,node/2147605894,51.4551359,-0.0161035,The Jolly Farmer,,354,Lewisham High Street,London,,,,,,,,,,,,
,SE13,SE,node,684522391,node/684522391,51.4655611,-0.0183026,The Rising Sun,,120,Loampit Vale,London,,,,,,,,,,,,
,SE13,SE,way,315002920,way/315002920,51.4599718,-0.0117079,The Watch House,Wetherspoon,198-204,Lewisham High Street,London,+44 20 8318 3136,https://www.jdwetherspoon.com/pubs/the-watch-house-lewisham,200,,Q88917010,Su-Th 08:00-24:00, Fr-Sa 08:00-25:00,,,,,
,SE14,SE,node,444540131,node/444540131,51.4757315,-0.0325764,Amersham Arms,,388,New Cross Road,London,+44 20 8691 9506,https://www.theamershamarms.net/,404,,,Su-We 12:00-24:00, Th-Sa 12:00-27:00,,,,,
,SE14,SE,supabase,,d89d1c50-35aa-4c17-8083-c36411b96e69,51.471,-0.0502284,Earl of Derby,Parched Pub Co,,,,(020) 3750 5511,,,,,,,,,,,
,SE14,SE,node,12532959125,node/12532959125,51.4755875,-0.0359293,Marquis of Granby,,322,New Cross Road,London,+44 20 8692 3140,https://marquis-of-granby.edan.io/,200,,,Mo-Th 14:00-24:00, Fr-Sa 12:00-25:00, Su 12:00-24:00,,,,
,SE14,SE,way,729179400,way/729179400,51.4754249,-0.0368846,New Cross House,Greene King,316,New Cross Road,London,+44 20 8691 8875,https://www.greeneking.co.uk/pubs/greater-london/new-cross-house,200,,,Mo-Th 12:00-23:00, Fr-Sa 12:00-24:00, Su 12:00-22:30,,,,
,SE14,SE,node,280592972,node/280592972,51.4757953,-0.0370911,New Cross Inn,,323,New Cross Road,London,+44 20 8469 4382,https://www.newcrossinn.com/,200,,Q123059126,Mo-Th 18:00-27:00, Fr-Sa 18:00-28:00, Su 18:00-26:00,,,,
,SE14,SE,node,280606917,node/280606917,51.4751561,-0.0286653,Royal Albert,,460,New Cross Road,London,+44 20 8692 3737,https://royalalbertpub.co.uk/,200,,Q26354066,"Mo-Fr 16:00-23:00; Sa,Su 12:00-23:00",,,,,,
,SE14,SE,way,845506223,way/845506223,51.4675797,-0.0494654,Skehans,,1,Kitto Road,London,+44 20 7732 4859,https://www.skehans.com/,200,,,"Mo-Fr 14:00-24:00, Sa,Su 12:00-24:00",,,,,,
,SE14,SE,node,550437192,node/550437192,51.4739677,-0.0341953,The Fat Walrus,,44,Lewisham Way,London,,https://thefatwalrus.com/,200,,,We-Fr 16:00-23:00, Sa 12:00-23:00, Su 12:00-20:00,,,,
,SE14,SE,node,12569588804,node/12569588804,51.4754886,-0.0466889,The Five Bells,Stonegate,155,New Cross Road,London,,https://www.craftunionpubs.com/five-bells-new-cross,200,,Q27085557,Mo-Th 12:00-23:00, Fr-Sa 12:00-24:00, Su 12:00-23:00,,,,
,SE14,SE,node,280593932,node/280593932,51.4722877,-0.0311244,The Flower of Kent,,135,Lewisham Way,London,+44 20 8694 4936,,,,,,,,,,,
,SE14,SE,node,12876936674,node/12876936674,51.4751413,-0.0268685,The Little Crown,,495,New Cross Road,London,+44 20 8691 0601,https://thelittlecrownpub.com/,200,,,Mo-Th 11:00-23:00, Fr-Sa 11:00-24:00, Su 12:00-22:30,,,,
,SE14,SE,way,775813753,way/775813753,51.4748939,-0.0396785,The Rose,,272,New Cross Road,London,+44 20 8692 3193,https://www.urbanpubsandbars.com/venues/the-rose,200,,Q123059080,Su-Tu 11:30-23:00, We-Th 11:30-24:00, Fr-Sa 11:30-25:00,,,,
,SE14,SE,node,12532959124,node/12532959124,51.4754484,-0.0356579,The Shirker's Rest,,9,Lewisham Way,London,,https://www.theshirkersrest.co.uk/,,,,,,,,,,
,SE14,SE,way,1019982948,way/1019982948,51.4709113,-0.0501184,The Telegraph at The Earl of Derby,,87,Dennett's Road,London,,,,,,,,,,,,
,SE15,SE,node,275452092,node/275452092,51.4772459,-0.0586344,Asylum Tavern,,40-42,Asylum Road,London,,,,,,,,,,,,
,SE15,SE,node,12569614013,node/12569614013,51.4737143,-0.0586599,Beer Rebellion,,129,Queen's Road,London,,,,,,,,,,,,
,SE15,SE,way,458113481,way/458113481,51.4696738,-0.0695788,Brick Brewery,,Arch 209,Blenheim Grove,London,,,,,,,,,,,,
,SE15,SE,node,9833906511,node/9833906511,51.4696022,-0.0695297,Brick Brewery Taproom,,,,,,,,,,,,,,,,
,SE15,SE,way,81199165,way/81199165,51.4775113,-0.0557691,Carlton Tavern,,,,,,,,,,,,,,,,
,SE15,SE,way,284450394,way/284450394,51.4788219,-0.0651521,Duke of Sussex,,77,Friary Road,London,+44 20 7732 2404,https://www.thedukeofsussexse15.com/,,,,Mo-Th 15:00-23:00, Fr 15:00-00:00, Sa 12:00-00:00, Su 12:00-22:30,,,
,SE15,SE,node,12797314961,node/12797314961,51.4697741,-0.0664803,Eko Brewery and Taproom,,"Unit 2A-2, 133","Copeland Park, Copeland Rd",London,,,,,,,,,,,,
,SE15,SE,way,596687021,way/596687021,51.4696347,-0.0661692,Kanpai,,133,Copeland Road,London,,https://kanpai.london,200,,,,,,,,,
,SE15,SE,way,73046057,way/73046057,51.4682355,-0.0723019,Prince Albert,,111,Bellenden Road,London,,,,,,,,,,,,
,SE15,SE,way,35428104,way/35428104,51.4736149,-0.0653738,Prince of Peckham,,1,Clayton Road,London,+44 20 7635 8844,https://princeofpeckham.co.uk/,200,,,"Mo-Th 16:00-00:30, Fr 16:00-02:30, Sa 12:00-02:30, Su 12:00-00:30",,,,,,
,SE15,SE,way,81679128,way/81679128,51.4660838,-0.0581479,Pyrotechnists Arms,,39,Nunhead Green,London,,,,,,,,,,,,
,SE15,SE,way,79220804,way/79220804,51.4646173,-0.0655098,The Angel Oak,,29-31,Peckham Rye,London,+44 20 7639 5397,https://www.angeloakpeckham.com/,200,,,Mo-Th 12:00-23:00, Fr-Sa 12:00-24:00, Su 12:00-22:00,,,,
,SE15,SE,way,1095462380,way/1095462380,51.4656148,-0.0576862,The Beer Shop,,40,Nunhead Green,London,,https://www.thebeershoplondon.co.uk/,200,,,Tu-Th 16:00-23:00, Fr 16:00-23:30, Sa 12:00-23:30, Su 12:00-20:00,,,
,SE15,SE,node,415580971,node/415580971,51.473719,-0.0641206,The Copper Tap,,190-192,Peckham High Street,London,,,,,,,,,,,,
,SE15,SE,way,82105873,way/82105873,51.4694896,-0.0523607,The Golden Anchor,,16,Evelina Road,London,,,,,,,,,,,,
,SE15,SE,way,71327531,way/71327531,51.4637722,-0.0705585,The Gowlett,,62,Gowlett Road,London,,,,,,,,,,,,
,SE15,SE,way,291700402,way/291700402,51.4741545,-0.0685735,The Greyhound,,109,Peckham High Street,London,+44 20 7639 2402,https://www.thegreyhound.uk,200,,,Tu-Su 12:00-1:30,,,,,,
,SE15,SE,way,1208183645,way/1208183645,51.4696248,-0.0563697,The Hollydale Tavern,,115,Hollydale Road,London,,,,,,,,,,,,
,SE15,SE,node,3735026264,node/3735026264,51.4736629,-0.0711057,The Hope,,3,Melon Road,London,+44 20 7701 1113,,,,,Mo-Fr 16:00-00:00, Sa 12:00-00:00, Su 12:00-23:00,,,,
,SE15,SE,way,243679451,way/243679451,51.4582061,-0.0520969,The Ivy House,,40,Stuart Road,London,+44 20 7277 8233,https://www.ivyhousenunhead.com/,200,,Q16995255,Mo-Th 12:00-23:00, Fr-Sa 12:00-24:00, Su 12:00-22:30,,,,
,SE15,SE,way,65382138,way/65382138,51.4737059,-0.0700553,The Kentish Drovers,Wetherspoon,71-79,Peckham High Street,London,+44 20 7277 4283,https://www.jdwetherspoon.com/pubs/the-kentish-drovers-peckham,200,,Q88917012,Mo-Su 08:00-24:00,,,,,,
,SE15,SE,way,1453911336,way/1453911336,51.4647647,-0.0586861,The Man of Kent,,2,Nunhead Green,London,,,,,,,,,,,,
,SE15,SE,way,73045981,way/73045981,51.4676094,-0.0702911,The Montpelier,,43,Choumert Road,London,,https://www.themontpelier.net/,200,,,,,,,,,
,SE15,SE,way,78765631,way/78765631,51.4671763,-0.0658808,The Nags Head,Stonegate,231-235,Rye Lane,London,,https://www.craftunionpubs.com/nags-head-peckham,200,,,,,,,,,
,SE15,SE,way,81679283,way/81679283,51.4652674,-0.0594873,The Old Nun's Head,,15,Nunhead Green,London,,https://www.theoldnunshead.co.uk/,200,,,,,,,,,
,SE15,SE,way,70913303,way/70913303,51.4796221,-0.0737839,The Olde Apple Tree,,107,Sumner Road,London,+44 20 7277 0056,,,,,,,,,,,
,SE15,SE,way,78230784,way/78230784,51.4738231,-0.0679858,The Red Bull,,116,Peckham High Street,London,,,,,,,,,,,,
,SE15,SE,way,73045803,way/73045803,51.4673315,-0.0722426,The Victoria Inn,,79,Choumert Road,London,,https://www.victoriainnpeckham.com/,200,,,,,,,,,
,SE15,SE,way,1267662909,way/1267662909,51.4612704,-0.0470974,The Waverley Arms,,202,Ivydale Road,London,,https://www.waverleyarms.com/,200,,,,,,,,,
,SE15,SE,way,71299826,way/71299826,51.4659899,-0.0672178,The White Horse,,20,Peckham Rye,London,+44 2076 391 459,https://www.whitehorsepeckham.co.uk/,200,,,Mo-We 12:00-23:00, Th 12:00-24:00, Fr-Sa 12:00-25:00, Su 12:00-23:00,,,
,SE15,SE,node,303189871,node/303189871,51.4783235,-0.0539226,The Windsor,,888,Old Kent Road,London,,https://www.thewindsoroldkentroad.co.uk/,,,,,,,,,,
,SE16,SE,node,7398105830,node/7398105830,51.4978208,-0.0727331,71 Enid Street,,71,Enid Street,London,,,,,,,,,,,,
,SE16,SE,node,6795775062,node/6795775062,51.491708,-0.0595038,Battersea Brewery,,8,Almond Road,London,,https://batterseabrew.co.uk/,200,,,Sa 12:00-21:00,,,,,,
,SE16,SE,node,9008509217,node/9008509217,51.4974282,-0.0719546,Bianca Road Brew Co.,,83-84,Enid Street,London,,https://biancaroad.com/,200,,,We-Fr 14:00-22:00, Sa 13:00-21:00, Su 12:00-19:00,,,,
,SE16,SE,node,9008497216,node/9008497216,51.4977423,-0.072581,Cloudwater,,73,Enid Street,London,,https://cloudwaterbrew.co/,200,,Q104869040,Mo 17:00-22:00, Tu-Th 15:00-22:00, Fr-Sa 13:00-22:00, Su 13:00-20:00,,,
,SE16,SE,supabase,,50cc2439-b94a-463e-b6db-6ef610ea8439,51.4977,-0.072614,Cloudwater Tap Room,Cloudwater Brew Co,,,,,,,,,,,,,,,
,SE16,SE,node,9008509218,node/9008509218,51.4973064,-0.0717147,Craft Beer Junction,,86,Enid Street,London,,https://www.craftbeerjunction.co.uk/,,,,We-Th 16:00-23:00, Fr 15:00-23:00, Sa 12:00-23:00, Su 12:00-22:00,,,
,SE16,SE,node,4172844859,node/4172844859,51.4913821,-0.0587851,EeBria,,15,Almond Road,London,,,,,,Sa 12:30-20:00,,,,,,
,SE16,SE,node,11007684249,node/11007684249,51.4972723,-0.0716422,Enid Street Tavern,,87,Enid Street,,,https://enidstreettavern.com/,,,,,,,,,,
,SE16,SE,node,7398105832,node/7398105832,51.4977781,-0.0726563,Gosnells Meadery Taproom,,72,Enid Street,London,,https://www.gosnells.co.uk/pages/gosnells-meadery-taproom,404,,,We-Fr 16:00-22:30, Sa-Su 12:00-22:30,,,,,
,SE16,SE,supabase,,1b353c41-c236-4d31-a8ab-7b31cc4b3856,51.496,-0.0697974,Kernel Tap Room Spa Road,Independent,,,,(020) 7231 4516,,,,,,,,,,,
,SE16,SE,supabase,,45e0093b-6f6b-4912-b270-1b4532c1418b,51.4978,-0.072666,Moor Beer Co. Vaults & Tap Room,Moor Beer Company,,,,(020) 3952 5456,,,,,,,,,,,
,SE16,SE,way,392465039,way/392465039,51.5046443,-0.047594,Salt Quay,Greene King,163,Rotherhithe Street,London,,https://www.greeneking.co.uk/pubs/greater-london/salt-quay,200,,,Tu-Sa 12:00-23:00, Su-Mo 12:00-22:00,,,,,
,SE16,SE,way,391904298,way/391904298,51.4968625,-0.0341614,Ship & Whale,Shepherd Neame,2,Gulliver Street,London,,https://shipandwhale.com/,,,,"Mo-Th 17:00-23:00, Fr 17:00-24:00, Sa 12:00-24:00, Su 12:00-22:00",,,,,,
,SE16,SE,supabase,,b9713f01-d149-4ab2-af68-a88cdda7a237,51.4858,-0.0587513,Small Beer Brew Co Taproom,Independent,,,,(020) 7096 2353,,,,,,,,,,,
,SE16,SE,supabase,,ba9252a7-02d1-4000-88ca-86fead976020,51.4954,-0.0659303,St James of Bermondsey,Independent,,,,(020) 8127 6850,,,,,,,,,,,
,SE16,SE,node,288026530,node/288026530,51.4954065,-0.065873,St James Tavern,,72,St James's Road,London,,,,,,,,,,,,
,SE16,SE,way,952012500,way/952012500,51.4949382,-0.0588125,Stanley Arms,,,,,,,,,,,,,,,,
,SE16,SE,supabase,,017d042c-83f2-42d2-9ae4-08b945db021b,51.4918,-0.0599665,Substation,Battersea Brewery,,,,(020) 8161 2366,,,,,,,,,,,
,SE16,SE,way,87977984,way/87977984,51.4919519,-0.0605046,The Ancient Forresters,,,,,,,,,,,,,,,,
,SE16,SE,way,260843129,way/260843129,51.5006424,-0.0590624,The Angel,Sam Smith's,101,Bermondsey Wall East,London,,,,,Q26657127,,,,,,,
,SE16,SE,node,270420472,node/270420472,51.5051439,-0.0339857,The Blacksmiths Arms,Fuller's,257,Rotherhithe Street,London,,https://www.blacksmithsarmsrotherhithe.co.uk/,404,,,,,,,,,
,SE16,SE,way,544344833,way/544344833,51.4924261,-0.062629,The Blue Anchor,,251,Southwark Park Road,London,,https://www.craftunionpubs.com/blue-anchor-bermondsey,,,,,,,,,,
,SE16,SE,node,273533110,node/273533110,51.5013181,-0.0509211,The Brunel,,47,Swan Road,London,,https://www.brunel-rotherhithe.co.uk,,,,"Mo-Th 12:00-00:00, Fr-Sa 12:00-01:30, Su 12:00-00:00",,,,,,
,SE16,SE,way,474345654,way/474345654,51.4975225,-0.0664557,The Gregorian,,96,Jamaica Road,,+44 20 7252 0449,https://thegregorian.co.uk/,200,,,"Mo-We 16:00-23:00; Th 16:00-00:00; Fr,Sa 12:00-00:00; Su 12:00-22:30",,,,,,
,SE16,SE,way,444744679,way/444744679,51.5017858,-0.0535746,The Mayflower,,117,Rotherhithe Street,London,+44 20 7237 4088,https://www.mayflowerpub.co.uk/,200,,,Mo-Sa 12:00-23:00, Su 12:00-22:00,,,,,
,SE16,SE,node,248546654,node/248546654,51.4954636,-0.0395511,The Moby Dick,Fuller's,6,Russell Place,London,,https://www.mobydickgreenlanddock.co.uk/,200,,,,,,,,,
,SE16,SE,way,614423170,way/614423170,51.4924072,-0.0632535,The Old Bank,,239-241,Southwark Park Road,London,,,,,,10:00-23:00,,,,,,
,SE16,SE,node,559985361,node/559985361,51.5001947,-0.0642294,The Old Justice,,,Farncombe Street,,,,,,,,,,,,,
,SE16,SE,node,9006872322,node/9006872322,51.4917553,-0.0596016,The Outpost,Three Mills Brewing,7,Almond Road,London,,https://www.threehillsbrewing.com/,200,,,Tu 13:00-17:00, Th 17:00-23:00, Fr 16:00-23:00, Sa 13:00-23:00,,,
,SE16,SE,way,87939544,way/87939544,51.4922356,-0.067096,The Queen Victoria,Stonegate,148,Southwark Park Road,London,,https://www.craftunionpubs.com/queen-victoria-bermondsey,200,,,,,,,,,
,SE16,SE,way,501842066,way/501842066,51.5005893,-0.0549929,The Ship,,39-47,St Marychurch Street,London,,https://shiprotherhithe.co.uk/,,,,,,,,,,
,SE16,SE,way,424790398,way/424790398,51.4930717,-0.0463704,The Surrey Docks,Wetherspoon,185,Lower Road,London,,https://www.jdwetherspoon.com/pubs/the-surrey-docks-rotherhithe,200,,Q88916695,,,,,,,
,SE16,SE,node,10803150329,node/10803150329,51.4924675,-0.0653751,The Tranquil Tiger,,,,,,,,,,Mo-Fr 12:00-23:00, Sa-Su 12:00-24:00,,,,,
,SE16,SE,way,1199596936,way/1199596936,51.4928328,-0.0474916,Whelans,,11,Rotherhithe Old Road,London,,,,,,,,,,,,
,SE17,SE,node,3813864109,node/3813864109,51.4827551,-0.1027726,Canterbury Arms,,2-4,,London,,,,,,,,,,,,
,SE17,SE,node,11163028502,node/11163028502,51.4916783,-0.0963181,Feed the Yak,,,,,,,,,,,,,,,,
,SE17,SE,node,605393557,node/605393557,51.487872,-0.094495,Good Intent,,24-26,East Street,London,,,,,,,,,,,,
,SE17,SE,node,287243496,node/287243496,51.4899499,-0.08567,Huntsman and Hounds,,,,,,,,,,,,,,,,
,SE17,SE,node,3493582134,node/3493582134,51.4851591,-0.095928,Orbit Beers Brewery Tap Room,,,Fielding Street,London,,https://orbitbeers.com/pages/taproom,200,,,We-Fr 16:00-22:30, Sa 12:00-00:00, Su 12:00-21:30,,,,
,SE17,SE,node,3796261415,node/3796261415,51.4874059,-0.10409,Royal British Legion,,,,,,,,,,,,,,,,
,SE17,SE,node,322959268,node/322959268,51.4861851,-0.098272,The Beehive,,,,,,,,,,,,,,,,
,SE17,SE,node,605393296,node/605393296,51.488455,-0.093289,The Bell,,,,,,,,,,,,,,,,
,SE17,SE,node,605393006,node/605393006,51.4894265,-0.093757,The Gladstone,,,,,,,,,,,,,,,,
,SE17,SE,node,265662292,node/265662292,51.486375,-0.0843308,The Hour Glass,,,,,,,,,,,,,,,,
,SE17,SE,way,962636590,way/962636590,51.4857506,-0.0914326,The Queen Elizabeth,,42,Merrow Street,London,+44 20 7708 1404,https://queenelizabethpub.co.uk/,200,,,"Mo-Th,Sa 10:00-23:00; Fr 10:00-24:00; Su 11:00-22:30",,,,,,
,SE17,SE,node,293506221,node/293506221,51.4845509,-0.0935392,The Red Lion,,407,Walworth Road,London,,https://www.redlionse17.co.uk/,,,,,,,,,,
,SE17,SE,node,10062643211,node/10062643211,51.4938637,-0.0973295,The Rosy Hue,,,,,,,,,,,,,,,,
,SE17,SE,node,3796265638,node/3796265638,51.4901547,-0.097159,The Tankard,,178,Walworth Road,London,,,,,,,,,,,,
,SE18,SE,node,1199372547,node/1199372547,51.4824675,0.0668964,Clyde,,,,,,,,,,,,,,,,
,SE18,SE,node,958785623,node/958785623,51.493609,0.0631706,Coopers Arms,,,,,,,,,,,,,,,,
,SE18,SE,way,135669417,way/135669417,51.4925644,0.0699635,Dial Arch,,,No 1 Street,London,+44 20 3130 0700,https://www.dialarch.com/,200,,,Mo-Su 10:00-23:00,,,,,,
,SE18,SE,node,958765282,node/958765282,51.4902348,0.0666216,Earl of Chatham,Stonegate,15,Thomas Street,London,,https://www.craftunionpubs.com/earl-of-chatham-woolwich,200,,,Su-Th 12:00-24:00, Fr-Sa 12:00-28:00,,,,,
,SE18,SE,node,290869247,node/290869247,51.4908177,0.0689386,Elephant and Castle,,18,Elephant And Castle,London,,,,,Q26350368,,,,,,,
,SE18,SE,node,11293946841,node/11293946841,51.4822347,0.0698498,Fox & Hounds,,57,Plumstead Common Road,London,,,,,,,,,,,,
,SE18,SE,way,1091557043,way/1091557043,51.4915411,0.0604727,George IV,,,,,,,,,,,,,,,,
,SE18,SE,node,1493030273,node/1493030273,51.4921451,0.0484523,Le Wouri,Le Wouri Entertainment,48,Woolwich Church Street,London,,,,,,,,,,,,
,SE18,SE,node,441312009,node/441312009,51.4885639,0.0893341,O'Dowds,,,,,,,,,,,,,,,,
,SE18,SE,node,441292032,node/441292032,51.485632,0.0996762,Plume of Feathers,,,,,,,,,Q27085812,,,,,,,
,SE18,SE,node,10095833252,node/10095833252,51.4933673,0.0634517,Prince Albert Rose's,,,,,,,,,,,,,,,,
,SE18,SE,node,3932136290,node/3932136290,51.4923617,0.0717588,SALT Woolwich,,15,Major Draper Street,London,+44 20 8316 4413,https://www.saltbeerfactory.co.uk/,200,,,Mo-Th 16:00-23:00, Fr-Sa 12:00-23:00, Su 12:00-22:00,,,,
,SE18,SE,supabase,,60bdc89d-78fd-4b40-a52b-6780a36f49a9,51.4809,0.0790106,Star,Independent,,,,(020) 8316 7141,,,,,,,,,,,
,SE18,SE,node,3510377459,node/3510377459,51.4692994,0.0665873,The Bull,,,,,,,,,Q27080464,Mo 15:00-23:00, Tu-Th 14:00-23:00, Fr-Sa 13:00-24:00, Su 12:00-23:00,,,
,SE18,SE,node,958790121,node/958790121,51.4928826,0.0614609,The Castle Tavern,,179,Powis Street,London,,,,,,,,,,,,
,SE18,SE,node,958771969,node/958771969,51.4899129,0.0667107,The Great Harry,Wetherspoon,,,,,https://www.jdwetherspoon.com/pubs/the-great-harry-woolwich,200,,Q88973883,,,,,,,
,SE18,SE,way,984433443,way/984433443,51.4926497,0.0555787,The Greyhound,,18,Kingsman Parade,London,,,,,,,,,,,,
,SE18,SE,node,4515363508,node/4515363508,51.4918809,0.0691701,The Guard House,Young's,,No 1 Street,London,+44 20 3437 0900,https://www.theguardhousewoolwich.co.uk/,200,,,Mo-Fr 10:00-23:00, Sa 08:00-23:00, Su 09:00-23:00,,,,
,SE18,SE,node,10880980667,node/10880980667,51.4795761,0.0690296,The Lord Herbert,,47,Herbert Road,London,+44 20 8854 6409,https://www.lemonrock.com/lordherbertplumstead,,,,,,,,,,
,SE18,SE,way,984391915,way/984391915,51.4934627,0.0607094,The Mitre,,,,,,,,,,,,,,,,
,SE18,SE,way,232838695,way/232838695,51.4817113,0.084047,The Old Mill,,1,Old Mill Road,London,,https://www.lemonrock.com/oldmillplumsteadcommon,,,Q120499444,,,,,,,
,SE18,SE,node,9669182144,node/9669182144,51.4808444,0.078666,The Plum Tree Beer Shop,,154,Plumstead Common Road,London,,,,,,,,,,,,
,SE18,SE,way,1211376678,way/1211376678,51.4707095,0.0601942,The Red Lion,,6,Red Lion Place,London,,,,,,,,,,,,
,SE18,SE,node,2684055013,node/2684055013,51.4810866,0.0802208,The Ship,,205,Plumstead Common Road,London,,,,,,,,,,,,
,SE18,SE,node,1199974660,node/1199974660,51.4808347,0.079028,The Star Inn,,158,Plumstead Common Road,London,,,,,,,,,,,,
,SE18,SE,supabase,,8d00564b-b2c7-4f2f-b65b-c7ed3d5cdf99,51.4872,0.0930043,Volunteer,Independent,,,,(020) 8316 7570,,,,,,,,,,,
,SE19,SE,supabase,,b7ff71b0-ca8b-4a4b-9bf1-df7192c27c2f,51.4246,-0.08347,Bull & Finch,Bullfinch Brewery,,,,07795 546630,,,,,,,,,,,
,SE19,SE,way,1020264673,way/1020264673,51.4224345,-0.08228,Railway Bell,,14,Cawnpore Street,London,,,,,,,,,,,,
,SE19,SE,way,189512277,way/189512277,51.4172699,-0.0808522,The Alma,,95,Church Road,London,+44 20 8768 1885,https://www.thealmapub.com/,200,,,Su-Th 12:00-23:00, Fr-Sa 12:00-00:00,,,,,
,SE19,SE,way,297712176,way/297712176,51.4248544,-0.0833836,The Colby Arms,,132,Gipsy Hill,London,,https://thecolbyarms.co.uk/,,,,,,,,,,
,SE19,SE,way,297712178,way/297712178,51.4238782,-0.083825,The Great Southern,,79,Gipsy Hill,London,+44 20 8766 8390,https://www.thegreatsouthernpub.co.uk/,200,,,Tu 16:00-23:00, We-Sa 12:00-23:00, Su 12:00-22:30,,,,
,SE19,SE,way,111213087,way/111213087,51.4195028,-0.0812353,The Royal Albert,Southside Pub Company,42,Westow Hill,London,,,,,,,,,,,,
,SE19,SE,way,189057265,way/189057265,51.4196116,-0.0828508,The Sparrowhawk,Stonegate,2,Westow Hill,London,+44 20 8761 4831,https://www.sparrowhawkcp.com/,200,,Q116225112,,,,,,,
,SE19,SE,way,194526301,way/194526301,51.4270937,-0.0889941,The Two Towers,,201,Gipsy Road,London,,,,,,,,,,,,
,SE19,SE,way,189512279,way/189512279,51.4171869,-0.08136,The White Hart,,96,Church Road,London,+44 20 8771 9389,https://www.thewhitehartse19.co.uk/,403,,,"Mo-Sa 11:00-23:00, Su 12:00-22:30",,,,,,
,SE19,SE,way,194212864,way/194212864,51.4200838,-0.0788102,Westow House,Portobello Brewery,79,Westow Hill,London,+44 20 8670 0654,https://westowhouse.co.uk/,200,,,Mo-Th 07:00-23:00, Fr 07:00-00:00, Sa 08:00-00:00, Su 08:00-23:00,,,
,SE2,SE,node,13505172132,node/13505172132,51.4907062,0.1210794,The Abbey Arms,,31,Wilton Road,London,,,,,,"Mo,Tu 15:00-23:00; We-Sa 12:00-23:00; Su 12:00-22:00",,,,,,
,SE2,SE,node,596495525,node/596495525,51.497791,0.1151296,The Birchwood,,,Grovebury Road,London,,,,,,,,,,,,
,SE2,SE,way,1328401445,way/1328401445,51.501013,0.1240746,The Lakeside Bar,,,,,,,,,,,,,,,,
,SE20,SE,way,239013600,way/239013600,51.41812,-0.0604524,Bridge House,,2,High Street,London,+44 20 8778 2100,https://www.bridgehousese20.co.uk/,200,,,Mo-Fr 13:00-23:00, Sa 12:00-23:00, Su 12:00-22:30,,,,
,SE20,SE,way,177636940,way/177636940,51.4147393,-0.0709374,Douglas Fir,,144,Anerley Road,London,+44 20 3583 3130,https://www.gipsyhillbrew.com/bar/the-douglas-fir,200,,,Mo-Th 16:00-22:00, Fr 16:00-23:00, Sa 12:00-23:00, Su 12:00-21:00,,,
,SE20,SE,way,863145766,way/863145766,51.4039706,-0.0558567,Grace's,,1,Witham Road,London,,,,,,,,,,,,
,SE20,SE,node,318020585,node/318020585,51.4164144,-0.045372,Kent House Tavern,,,,,,,,,,,,,,,,
,SE20,SE,way,376224323,way/376224323,51.413816,-0.0520256,Pawleyne Arms,Stonegate,156,High Street,London,,https://www.craftunionpubs.com/pawleyne-arms-penge,200,,,Su-Th 11:00-23:00, Fr-Sa 11:00-00:00,,,,,
,SE20,SE,supabase,,9f796171-5af4-42eb-9344-034265e5ac2a,51.4152,-0.0523031,Southey Brewery & Taproom,,,,,,,,,,,,,,,,
,SE20,SE,node,13279695976,node/13279695976,51.4171804,-0.0511192,The Alexandra,,163,Parish Lane,,,https://linktr.ee/thealexandrapenge,,,,,,,,,,
,SE20,SE,way,251145063,way/251145063,51.4127284,-0.0659576,The Anerley Arms,Samuel Smith,2,Ridsdale Road,London,,,,,,,,,,,,
,SE20,SE,way,376224324,way/376224324,51.4159916,-0.0531748,The Crooked Billet,Stonegate,99,High Street,London,,https://www.craftunionpubs.com/crooked-billet-penge,200,,,Mo-Sa 11:00-23:00, Su 11:00-22:00,,,,,
,SE20,SE,way,422434399,way/422434399,51.4133245,-0.0519242,The Goldsmith Arms,,3,Croydon Road,London,+44 20 8659 1242,https://goldsmithsarms.com/,200,,,Mo-Th 16:00-23:00, Fr 16:00-00:00, Sa 12:00-00:00, Su 12:00-22:00,,,
,SE20,SE,way,997355498,way/997355498,51.412038,-0.0577892,The Maple Tree,,52-54,Maple Road,London,,,,,,off,,,,,,
,SE20,SE,way,422437719,way/422437719,51.4126201,-0.0510605,The Moon & Stars,Wetherspoon,164 - 166,High Street,London,+44 20 8776 5680,https://www.jdwetherspoon.com/pubs/the-moon-stars-penge/,200,,Q88917015,"PH,Mo-Su 08:00-24:00",,,,,,
,SE21,SE,way,489593405,way/489593405,51.4494041,-0.0847221,Crown & Greyhound,,73,Dulwich Village,London,,,,,Q17361842,,,,,,,
,SE21,SE,way,524304727,way/524304727,51.4368214,-0.0884423,The Alleyn's Head,Ember Inns,,Park Hall Road,London,+44 20 8670 6540,https://www.emberinns.co.uk/nationalsearch/london/the-alleyns-head-west-dulwich,403,,,Mo-Sa 11:30-23:00, Su 11:30-22:30,,,,,
,SE21,SE,way,922524127,way/922524127,51.4357566,-0.0942128,The Rosendale,,65,Rosendale Road,London,+44 20 8761 9008,https://www.therosendale.co.uk/,200,,Q27084492,Mo-Th 11:00-23:00, Fr 11:00-00:00, Sa 11:00-01:00, Su 12:00-22:00,,,
,SE22,SE,node,4354425004,node/4354425004,51.4444476,-0.0685982,Dulwich Beer Dispensary,,481,Lordship Lane,London,,,,,,,,,,,,
,SE22,SE,way,59959849,way/59959849,51.4603836,-0.0750161,East Dulwich Tavern,,1,Lordship Lane,London,,https://www.urbanpubsandbars.com/venues/the-east-dulwich-tavern,,,,,,,,,,
,SE22,SE,supabase,,72fca699-cbeb-45c4-969c-087253b32c41,51.456,-0.076019,Franklins,Independent,,,,(020) 8299 9598,,,,,,,,,,,
,SE22,SE,way,59993524,way/59993524,51.4575484,-0.0714469,The Actress,,90,Crystal Palace Road,London,,https://www.theactresseastdulwich.com/,,,,,,,,,,
,SE22,SE,way,59959811,way/59959811,51.4597564,-0.0749221,The Bishop,,25-27,Lordship Lane,London,,https://www.thebishopeastdulwich.com/,,,,,,,,,,
,SE22,SE,way,106895343,way/106895343,51.4519928,-0.0733729,The Castle,,280,Crystal Palace Road,,,https://thecastlepublondon.com/,,,,,,,,,,
,SE22,SE,way,72247006,way/72247006,51.4615699,-0.0790245,The Cherry Tree,,31-33,Grove Vale,London,,https://www.thecherrytreedulwich.co.uk/,200,,,,,,,,,
,SE22,SE,way,58640885,way/58640885,51.4589311,-0.0666034,The Clock House,,196a,Peckham Rye,London,,https://clockhousetavern.co.uk/particulars/,,,,,,,,,,
,SE22,SE,way,62325658,way/62325658,51.4549245,-0.0717489,The Great Exhibition,,193,Crystal Palace Road,London,+44 20 8693 4968,,,,,"Mo-Th 12:00-15:00, 17:00-21:00; Fr 12:00-21:00; Sa 11:00-13:00, 14:00-21:00; Su 12:00-18:00",,,,,,
,SE22,SE,way,161857848,way/161857848,51.4541199,-0.0632652,The Herne Tavern,,2,Forest Hill Road,London,,http://www.thehernetavern.co.uk/,200,,Q18160221,,,,,,,
,SE22,SE,way,74220865,way/74220865,51.4546059,-0.0769282,The Lordship Pub,,211,Lordship Lane,London,,https://thelordshippub.co.uk/,200,,,,,,,,,
,SE22,SE,way,59982027,way/59982027,51.4579552,-0.074921,The Palmerston,,91,Lordship Lane,London,,,,,,,,,,,,
,SE22,SE,way,106788720,way/106788720,51.4494908,-0.074236,The Plough,,381,Lordship Lane,London,,,,,,,,,,,,
,SE22,SE,way,27515855,way/27515855,51.451764,-0.0598629,Watson's General Telegraph,,108,Forest Hill Road,London,,https://www.watsonstelegraph.pub/,200,,,,,,,,,
,SE23,SE,way,289374226,way/289374226,51.4379331,-0.0541814,Bird in Hand,,35,Dartmouth Road,London,,https://birdinhandforesthill.com/,200,,,"Mo-Th 11:00-23:00; Fr 11:00-24:00; Sa 00:00-01:00,11:00-24:00; Su 00:00-01:00,11:00-22:00",,,,,,
,SE23,SE,node,2847109210,node/2847109210,51.4476511,-0.0411842,Chandos,,56,Brockley Rise,London,,,,,,,,,,,,
,SE23,SE,way,289374236,way/289374236,51.4386863,-0.0537937,Dartmouth Arms,,7,Dartmouth Road,London,,https://meatliquor.com/restaurant/the-dartmouth-arms/,,,,"Mo-Fr 12:00-24:00; Sa,Su 00:00-01:00,12:00-24:00",,,,,,
,SE23,SE,node,26992533,node/26992533,51.4455382,-0.044651,General Napier,,73,Bovill Road,London,,https://www.thegeneralnapierpub.co.uk/,,,,,,,,,,
,SE23,SE,node,150609647,node/150609647,51.4337044,-0.0424719,Prince Of Wales,,52,Perry Rise,London,,,,,,,,,,,,
,SE23,SE,node,479652522,node/479652522,51.4420406,-0.0475952,Railway Telegraph,Shepherd Neame,112,Stanstead Road,London,+44 20 8699 5504,https://www.railwaytelegraph.co.uk/,200,,,Mo-Th 16:00-21:00, Fr-Su 13:00-21:00,,,,,
,SE23,SE,node,1933445586,node/1933445586,51.4380542,-0.0546961,Sylvan Post,,24-28,Dartmouth Road,London,+44 20 8291 5712,https://sylvanpost.co.uk/,200,,,Mo-Sa 12:00-23:00, Su 12:00-22:30,,,,,
,SE23,SE,way,289754952,way/289754952,51.4384548,-0.0524129,The Foresters Arms,,53,Perry Vale,London,442082593470,https://www.faunabrewing.com/the-foresters-arms,200,,,Mo-Th 15:00-23:00, Fr-Sa 12:00-00:00, Su 12:00-22:00,,,,
,SE23,SE,way,289446739,way/289446739,51.4376592,-0.0543483,The Hill,Stonegate,45-47,Dartmouth Road,London,,https://www.craftunionpubs.com/hill-pub-forest-hill,200,,,,,,,,,
,SE23,SE,node,26992933,node/26992933,51.4432329,-0.0422998,The Honor Oak,,1,St Germans Road,London,,https://www.honoroak.pub/,200,,,Su-Th 12:00-23:00, Fr-Sa 12:00-25:00,,,,,
,SE23,SE,way,289754934,way/289754934,51.4395629,-0.0540187,The Signal,,7,Devonshire Road,London,,https://signalforesthill.com/,200,,,Mo 17:00-23:00, Tu-Sa 12:00-23:00, Su 12:00-22:30,,,,
,SE24,SE,supabase,,bec3728e-39ab-4ff7-89b1-d14abea3fc73,51.452,-0.100949,Bird House Brewery & Tap Room,Independent,,,,07471 299106,,,,,,,,,,,
,SE24,SE,node,6568034385,node/6568034385,51.4481716,-0.1016817,Bullfinch Brewery,,,,London,,,,,,Tu-Su 12:00-22:00,,,,,,
,SE24,SE,way,185915390,way/185915390,51.4530189,-0.1026578,The Commercial,,210-212,Railton Road,London,,,,,Q55076555,,,,,,,
,SE24,SE,way,337242148,way/337242148,51.4527614,-0.1030341,The Florence,,131-133,Dulwich Road,London,,https://www.florencehernehill.com/,200,,,,,,,,,
,SE24,SE,way,126610395,way/126610395,51.4526477,-0.1007062,The Half Moon,Fuller's,10,Half Moon Lane,London,,https://www.halfmoonhernehill.co.uk/,200,,Q16707737,,,,,,,
,SE24,SE,way,142242672,way/142242672,51.4538252,-0.1065026,The Prince Regent,,69,Dulwich Road,London,,https://www.urbanpubsandbars.com/venues/the-prince-regent,,,,,,,,,,
,SE25,SE,way,1232672895,way/1232672895,51.396493,-0.0862872,Clifton Arms,,21,Clifton Road,London,,,,,,,,,,,,
,SE25,SE,way,1441909739,way/1441909739,51.3942005,-0.0675178,Portland Arms,,,,,,,,,,,,,,,,
,SE25,SE,supabase,,672727b2-5f01-4943-a319-a3ac921406c9,51.3998,-0.075016,South Norwood Conservative Club,Independent,,,,(020) 8653 5505,,,,,,,,,,,
,SE25,SE,node,1110092576,node/1110092576,51.3974221,-0.0664347,The Albert Tavern,,,Harrington Road,London,,https://www.alberttavernsouthnorwood.co.uk/index,,,,,,,,,,
,SE25,SE,node,663887799,node/663887799,51.3996517,-0.0745544,The Albion,,26,High Street,London,+44 20 8653 0558,https://albionpublondon.com/,200,,,,,,,,,
,SE25,SE,node,316076964,node/316076964,51.3973143,-0.0753947,The Cherry Tree,,32,Station Road,London,,,,,,,,,,,,
,SE25,SE,node,8757588717,node/8757588717,51.3870114,-0.0703479,The Joiners Arms,,50-52,Woodside Green,London,,,,,,,,,,,,
,SE25,SE,node,663887781,node/663887781,51.3992942,-0.0745606,The Jolly Sailor,,64,High Street,London,+44 20 3581 1865,https://www.thejollysailorsouthnorwood.co.uk/,200,,,Mo-We 14:00-23:00, Th 14:00-00:00, Fr 13:00-00:00, Sa 12:00-00:00, Su 12:00-23:00,,
,SE25,SE,node,269235458,node/269235458,51.3985503,-0.0761693,The Shelverdine Goathouse,,7-8,High Street,London,+44 20 8916 1001,https://shelverdinegoathouse.com/,200,,,"Mo-We 16:00-23:00; Th 16:00-00:00; Fr,Sa 12:00-00:00; Su 12:00-23:00",,,,,,
,SE25,SE,supabase,,667237c8-aa93-4370-bcc9-b0b06a5fc11b,51.3976,-0.078951,Victory Club,,,,,(020) 8653 2617,,,,,,,,,,,
,SE25,SE,node,603248300,node/603248300,51.3889404,-0.0908287,White Horse,,,,,,,,,,,,,,,,
,SE26,SE,way,289802013,way/289802013,51.4329249,-0.0590174,Bricklayers Arms,,189,Dartmouth Road,London,,https://www.bricklayersarmslondon.co.uk/,,,,,,,,,,
,SE26,SE,node,2447618917,node/2447618917,51.4257348,-0.0436314,Prince Alfred,,178,Sydenham Road,London,+44 20 8778 2589,https://thealfredpub.co.uk/,200,,,Mo-We 11:00-23:00, Th-Sa 11:00-00:00, Su 12:00-22:30,,,,
,SE26,SE,node,611889351,node/611889351,51.4279898,-0.0332121,Railway Tavern,,401,Southend Lane,London,,,,,,,,,,,,
,SE26,SE,way,555937241,way/555937241,51.4290847,-0.0368149,The Bell,,59,Bell Green,London,+44 20 8778 9884,,,,,"Mo-Th 11:00-00:00, Fr-Sa 11:00-01:30, Su 12:00-00:00",,,,,,
,SE26,SE,way,334030129,way/334030129,51.4260155,-0.0484651,The Dolphin,,121,Sydenham Road,London,+44 20 8778 8101,https://thedolphinsydenham.com/,200,,,Su-Th 12:00-23:00, Fr-Sa 12:00-00:00,,,,,
,SE26,SE,node,479652529,node/479652529,51.4309935,-0.0598895,The Fox & Hounds Pub,,150,Kirkdale,London,+44 20 8291 0482,https://thefoxandhoundspub.com/,200,,Q97570002,Su-Th 12:00-23:00, Fr-Sa 12:00-00:00,,,,,
,SE26,SE,way,618118967,way/618118967,51.4254437,-0.0476101,The Golden Lion,,116,Sydenham Road,London,,,,,,,,,,,,
,SE26,SE,node,2395017747,node/2395017747,51.4270033,-0.0555319,The Greyhound,,313-315,Kirkdale,London,+44 20 8659 0231,https://thegreyhoundsydenham.co.uk/,200,,,Mo-Th 12:00-23:00, Fr-Sa 12:00-00:00, Su 12:00-22:00,,,,
,SE26,SE,node,659512226,node/659512226,51.4267585,-0.0549107,The Pavillion,,325,Kirkdale,London,,https://info6435372.wixsite.com/pavilionpub-1,200,,,Mo-Th 11:00-23:00, Fr-Sa 11:00-01:00, Su 11:00-22:30,,,,
,SE26,SE,node,479625238,node/479625238,51.4307728,-0.065099,The Talma,,,,,,,,,,,,,,,,
,SE26,SE,way,111349153,way/111349153,51.4327769,-0.0726707,The Wood House,Young's,39,Sydenham Hill,London,+44 20 8693 5666,https://www.thewoodhousedulwich.co.uk/,200,,Q116168104,Mo-We 12:00-23:00, Th-Su 10:00-23:00,,,,,
,SE27,SE,node,3637918315,node/3637918315,51.4341311,-0.103571,Badger Badger,,543,Norwood Road,London,+44 20 8176 6257,https://www.badgerbadger.org/,200,,,Mo-Tu off, We-Th 12:00-23:00, Fr-Sa 12:00-00:00, Su 12:00-22:00,,,
,SE27,SE,way,1245783602,way/1245783602,51.4285303,-0.088923,Gipsy Hill Brewery and Taproom,,160,Hamilton Road,London,,https://gipsyhillbrew.com/bar/the-taproom,200,,,We-Th 16:00-22:00, Fr 16:00-23:00, Sa 12:00-23:00, Su 12:00-20:00,,,
,SE27,SE,way,452834181,way/452834181,51.4321099,-0.1041582,Horns Tavern,,40,Knights Hill,London,+44 20 8670 2231,https://www.craftunionpubs.com/horns-tavern-norwood,,,,11:00-11:30,,,,,,
,SE27,SE,node,4232481693,node/4232481693,51.4359536,-0.1045567,Knowles of Norwood,Portobello Brewing,294-296,Norwood Road,London,+44 20 8670 4284,https://knowlesofnorwood.co.uk/,200,,Q116037040,"Mo-Th 11:00-23:00; Fr, Sa 11:00-00:00; Su 12:00-22:30 || Mo-Sa 11:21:00; Su 12:00-19:00 ""Kitchen""",,,,,,
,SE27,SE,node,273456489,node/273456489,51.4399206,-0.1060377,Queen Of The South Pub,,367,Norwood Road,London,,,,,,,,,,,,
,SE27,SE,way,821901394,way/821901394,51.4401575,-0.1053082,Railway Tavern,,7,Station Rise,London,,,,,,,,,,,,
,SE27,SE,way,583053300,way/583053300,51.4313995,-0.0921257,The Bricklayers Arms,,1,Hamilton Road,London,,,,,,,,,,,,
,SE27,SE,node,429257204,node/429257204,51.4315293,-0.1039329,The Great North Wood,,3,Knights Hill,London,+44 20 8766 0351,https://www.thegreatnorthwood.co.uk/,200,,,,,,,,,
,SE27,SE,node,264156218,node/264156218,51.430843,-0.101908,The Hope,Young's,49,Norwood High Street,London,,https://www.hopepubwestnorwood.co.uk,,,,,,,,,,
,SE27,SE,way,145406190,way/145406190,51.4279875,-0.0864556,The Paxton,,255,Gipsy Hill,London,,http://www.thepaxtongipsyhill.com/,200,,,,,,,,,
,SE28,SE,way,1112549296,way/1112549296,51.5073066,0.1077457,The Cutty Sark,,14,Joyce Dawson Way,London,,,,,,,,,,,,
,SE28,SE,way,96584368,way/96584368,51.4981915,0.0893583,The Princess Alice,,,,,,,,,,,,,,,,
,SE3,SE,supabase,,94351842-0a52-4e1e-89ac-d0b6651ee2b0,51.4782,0.022195,Blackheath Newbridge Social Club,Independent,,,,(020) 8858 0525,,,,,,,,,,,
,SE3,SE,way,1080977183,way/1080977183,51.47618,0.0261743,British Oak,,109,Old Dover Road,London,+44 20 8305 1781,https://britishoakblackheath.com/,200,,,Mo 13:00-22:00, Tu-Th 12:30-23:00, Fr-Sa 12:30-23:30, Su 12:30-22:30,,,
,SE3,SE,supabase,,e4713ed1-5ad2-48d0-9741-68c276ae207c,51.4658,0.0346,Charlton Park Rugby Football Club,Independent,,,,(020) 8856 1025,,,,,,,,,,,
,SE3,SE,supabase,,a8a95f1c-36de-4a22-8cda-08c9ae461132,51.4616,0.0266756,Depot,Young's,,,,(020) 3437 1410,,,,,,,,,,,
,SE3,SE,node,90272342,node/90272342,51.4738476,0.039705,Fox Under The Hill,Greene King,286,Shooters Hill Road,London,+44 20 8856 5518,https://www.greeneking.co.uk/pubs/greater-london/fox-under-the-hill,200,,,Mo-Th 11:00-23:00, Fr 11:00-24:00, Sa 09:00-24:00, Su 09:00-23:00,,,
,SE3,SE,node,10280296806,node/10280296806,51.4667202,0.0078239,O'Neill's,O'Neill's,52,Tranquil Vale,London,+44 20 8463 9230,https://www.oneills.co.uk/national-search/london/blackheath,403,,,Mo-Th 12:00-23:00, Fr 12:00-24:00, Sa 10:00-24:00, Su 10:00-23:00,,,
,SE3,SE,node,449207412,node/449207412,51.4568581,0.0113057,Old Tigers Head,,351,Lee High Road,London,+44 20 4568 0111,,,,,Mo-Th 12:00-23:00, Fr-Sa 12:00-24:00, Su 12:00-22:00,,,,
,SE3,SE,node,12202023783,node/12202023783,51.4665378,0.0071768,The Crown,Shepherd Neame,49,Tranquil Vale,London,+44 20 8852 0326,https://www.crownblackheath.co.uk/,200,,,Mo-Fr 12:00-23:00, Sa 11:00-23:00, Su 12:00-22:30,,,,
,SE3,SE,node,9891375140,node/9891375140,51.4771393,0.0188457,The Green Goddess,,43A,Vanbrugh Park,London,,https://www.thegreengoddess.pub/,200,,,Tu 16:00-22:30, We-Sa 12:00-22:30, Su 12:00-21:00,,,,
,SE3,SE,way,479277796,way/479277796,51.4679778,0.0036919,The Hare and Billet,Greene King,1a,Eliot Cottages,London,+44 20 8852 2352,https://www.hareandbillet.com/,200,,Q16993679,Mo-Th 12:00-23:00, Fr 12:00-24:00, Sa 11:00-24:00, Su 11:00-22:30,,,
,SE3,SE,node,12189261755,node/12189261755,51.469352,0.0104158,The Princess of Wales,,1a,Montpelier Row,London,+44 20 8852 5784,https://www.princessofwalespub.co.uk/,403,,,Mo-Sa 12:00-23:00, Su 12:00-22:30,,,,,
,SE3,SE,way,593459444,way/593459444,51.4654192,0.0089095,The Railway,Castle,16,Blackheath Village,London,+44 20 8852 2390,https://www.therailwayblackheath.co.uk/,403,,,Mo-Th 12:00-23:00, Fr-Sa 12:00-01:00, Su 12:00-23:00,,,,
,SE3,SE,node,12185302738,node/12185302738,51.4767777,0.0187041,The Royal Standard,,44,Vanbrugh Park,London,+44 20 8858 1533,https://www.royalstandardblackheath.co.uk,403,,Q106231502,Mo-Th 12:00-23:00, Fr-Sa 12:00-24:00, Su 12:00-22:30,,,,
,SE4,SE,supabase,,318db6de-bea0-4c64-b95b-bea8d6010e9a,51.4622,-0.0362106,Brockley Brewery & Taproom,Independent,,,,07814 584338,,,,,,,,,,,
,SE4,SE,node,616235574,node/616235574,51.4559687,-0.03659,Crofton Park Tavern,Mosaic Pub & Dining,330-332,Brockley Road,London,,https://croftonparktavern.co.uk/,200,,,,,,,,,
,SE4,SE,supabase,,d0a06ced-ab32-44c2-bf6f-1df4112c4bb6,51.4638,-0.035608,Ellary's,Independent,,,,(020) 8692 4756,,,,,,,,,,,
,SE4,SE,node,11786475613,node/11786475613,51.4591881,-0.0340818,Joyce,,294,Brockley Road,London,,https://joycebrockley.com/,200,,,Tu-Th 16:00-23:00, Fr 16:00-24:00, Sa 12:00-24:00, Su 12:00-23:00,,,
,SE4,SE,supabase,,fd9129f4-92f7-4fe4-8e75-805e35729f8a,51.4547,-0.0371062,Lawrence Arms,Independent,,,,(020) 8694 6962,,,,,,,,,,,
,SE4,SE,node,2846285826,node/2846285826,51.4546705,-0.0370883,LDN Beer Dispensary,,389,Brockley Road,London,,,,,,,,,,,,
,SE4,SE,node,9510946145,node/9510946145,51.4642009,-0.0373021,Parlez,,16,Coulgate Street,London,,https://parlezlocal.com/,,,,,,,,,,
,SE4,SE,way,200175760,way/200175760,51.4640504,-0.036488,The Brockley Barge,Wetherspoon,184,Brockley Road,London,+44 20 8694 7690,https://www.jdwetherspoon.com/pubs/the-brockley-barge-brockley,200,,Q88917023,,,,,,,
,SE4,SE,node,25729218,node/25729218,51.4534062,-0.038511,The Brockley Jack,Greene King,408-410,Brockley Road,London,,https://www.greeneking.co.uk/pubs/greater-london/brockley-jack,200,,,,,,,,,
,SE4,SE,way,211942078,way/211942078,51.4672607,-0.0236773,The Talbot,,2,Tyrwhitt Road,London,+44 20 8692 2665,https://www.thetalbotbrockley.co.uk/,200,,,,,,,,,
,SE4,SE,way,200499475,way/200499475,51.4686388,-0.0326926,Wickham Arms,,69,Upper Brockley Road,London,,,,,,"Mo-Fr 15:00-24:00, Sa,Su 12:00-24:00",,,,,,
,SE5,SE,node,1828784790,node/1828784790,51.477497,-0.101174,Clarendon Arms,,225,Camberwell New Road,London,,,,,,,,,,,,
,SE5,SE,way,82732716,way/82732716,51.4680576,-0.0861283,George Canning,Stonegate,123,Grove Lane,London,,https://www.craftunionpubs.com/george-canning-camberwell,200,,,,,,,,,
,SE5,SE,way,86678068,way/86678068,51.4721287,-0.0881518,Grove House Tavern,,26,Camberwell Grove,London,,https://grovehousetavern.co.uk/,200,,,,,,,,,
,SE5,SE,node,13367060313,node/13367060313,51.4769011,-0.0941155,Nag's Head,,242,Camberwell Road,London,,,,,,,,,,,,
,SE5,SE,node,12572448581,node/12572448581,51.4740302,-0.0903889,Stormbird,,25,Camberwell Church Street,London,,https://stormbirdcamberwell.com,200,,,Mo 16:00-23:00, Tu-Fr 16:00-24:00, Sa 12:30-24:00, Su 12:30-23:00,,,
,SE5,SE,node,333125738,node/333125738,51.4750095,-0.095975,The Bear,,,,,,,,,,closed,,,,,,
,SE5,SE,node,12572476260,node/12572476260,51.4737308,-0.0883606,The Camberwell Arms,,65,Camberwell Church Street,London,,https://thecamberwellarms.co.uk/,200,,,"Mo 17:00-23:00, Tu-Th 12:00-23:00, Fr 12:00-24:00, Sa 11:00-24:00, Su 12:00-23:00",,,,,,
,SE5,SE,way,157452542,way/157452542,51.464479,-0.0981144,The Cambria,,40,Kemerton Road,London,+44 20 7326 0426,https://thecambrialondon.co.uk/,200,,,Mo-Fr 11:00-23:00, Sa 11:00-24:00, Su 12:00-22:30,,,,
,SE5,SE,node,3892264316,node/3892264316,51.4785402,-0.0854863,The Flying Dutchman,,156,Wells Way,London,,,,,,,,,,,,
,SE5,SE,way,80823095,way/80823095,51.4651372,-0.0895432,The Fox on the Hill,Wetherspoon,149-153,Denmark Hill,London,,https://www.jdwetherspoon.com/pubs/the-fox-on-the-hill-camberwell,200,,Q88917025,,,,,,,
,SE5,SE,node,12572448556,node/12572448556,51.4738247,-0.0906436,The Hermits Cave,,28,Camberwell Church Street,London,,,,,,,,,,,,
,SE5,SE,node,12572476234,node/12572476234,51.4723805,-0.0928715,The Joiners Arms,,35,Denmark Hill,London,,,,,,,,,,,,
,SE5,SE,way,171081629,way/171081629,51.4799808,-0.107944,The Kennington,,60,Camberwell New Road,London,+44 20 7735 9990,https://www.thekennington.com/,200,,,,,,,,,
,SE5,SE,node,1666149588,node/1666149588,51.4729515,-0.0899048,The Kerfield Arms,,16,Grove Lane,London,,http://www.thecrookedwell.com/,200,,,Mo-Su closed,,,,,,
,SE5,SE,node,333125744,node/333125744,51.4743058,-0.0935548,The Old Dispensary,,,,,,,,,,,,,,,,
,SE5,SE,node,4821946845,node/4821946845,51.4680147,-0.0896697,The Phoenix,,,Windsor Walk,London,,,,,,,,,,,,
,SE5,SE,way,76866041,way/76866041,51.4799077,-0.0843727,The St Georges Tavern,,14,Coleman Road,,,,,,,08:00-18:00,,,,,,
,SE5,SE,way,579389935,way/579389935,51.470021,-0.0948102,The Sun of Camberwell,,61-63,Coldharbour Lane,London,+44 20 7737 5861,,,,,,,,,,,
,SE5,SE,node,12572448542,node/12572448542,51.4738085,-0.0926516,The Tiger,,18-19,Camberwell Green,London,,,,,,,,,,,,
,SE6,SE,supabase,,279656b7-87e2-41c8-955e-039b0f140d1b,51.4314,-0.0175818,Bellingham Ex Servicemen's Club,Independent,,,,(020) 8698 4202,,,,,,,,,,,
,SE6,SE,way,434179033,way/434179033,51.4446223,-0.0244596,Catford Bridge Tavern,,,Station Approach,London,+44 20 8690 6759,https://catfordtavern.com/,200,,,"Mo-Th 12:00-23:00; Fr 12:00-24:00; Sa 00:00-01:00,12:00-24:00; Su 00:00-01:00,12:00-23:00",,,,,,
,SE6,SE,node,5264614507,node/5264614507,51.4417841,-0.019064,Catford Cricket Club,,,Penerley Road,London,+44 20 8698 3070,https://www.catfordcricketclub.co.uk/,,,,,,,,,,
,SE6,SE,way,930752231,way/930752231,51.4457342,-0.0215002,The Black Cat,,9,Winslade Way,London,,,,,,"Mo-Th 12:00-22:00; Fr,Sa 12:00-23:00; Su 12:00-21:00",,,,,,
,SE6,SE,node,9117411107,node/9117411107,51.4423194,-0.033722,The Blythe Hill Tavern,,319,Stanstead Road,London,+44 20 8690 5176,,,,Q112810610,Mo-We 11:00-23:00, Th-Sa 11:00-24:00, Su 12:00-23:00,,,,
,SE6,SE,way,492411237,way/492411237,51.4451904,-0.0227716,The Catford House,,,Catford Broadway,London,+44 20 4542 2138,https://www.thecatfordhouse.pub/,200,,,Mo-Th 17:00-23:00, Fr 15:00-24:00, Sa 12:00-24:00, Su 12:00-23:00,,,
,SE6,SE,node,282022744,node/282022744,51.4327487,-0.0198466,The Fellowship Inn,,,Randlesdown Road,London,,https://fellowshipinn.co.uk/,,,Q18159900,,,,,,,
,SE6,SE,node,178448909,node/178448909,51.4362614,-0.0346656,The Perry Hill,,,,,,,,,,,,,,,,
,SE7,SE,way,224131481,way/224131481,51.4871148,0.0258024,Rose of Denmark,,296,Woolwich Road,London,+44 20 8473 0038,https://roseofdenmarkpub.co.uk/,200,,Q113564648,,,,,,,
,SE7,SE,way,754110894,way/754110894,51.4882994,0.0393978,Royal Oak,,54,Charlton Lane,London,,,,,,,,,,,,
,SE7,SE,way,1033935072,way/1033935072,51.4815958,0.0365735,The Bugle Horn,,6,The Village,London,+44 20 8319 2623,https://buglehornpub.com/,200,,Q26350649,,,,,,,
,SE8,SE,node,9657161178,node/9657161178,51.4790804,-0.0262163,Badger Badger,,139-145,Deptford High Street,London,+44 20 8691 5642,https://www.badgerbadger.org/,200,,,Mo-Th 10:00-23:00, Fr 10:00-25:00, Sa-Su 12:00-25:00,,,,
,SE8,SE,node,12827193551,node/12827193551,51.4757724,-0.0260653,Big J's Biltong Bar,,29,Deptford High Street,London,+44 7472 692492,,,,,Mo-We 16:00-22:00, Th 16:00-23:00, Fr 16:00-24:00, Sa 14:00-24:00, Su 16:00-20:00,,
,SE8,SE,supabase,,d4088ee0-6dec-42ae-9f33-77654f1ddb68,51.4812,-0.020403,Duke,Independent,,,,(020) 3949 9880,,,,,,,,,,,
,SE8,SE,node,12532965637,node/12532965637,51.4783704,-0.025882,Jam Circus,Antic,120-122,Deptford High Street,London,+44 20 8692 6859,https://jamcircus.com/,200,,,Mo-Th 16:00-23:00, Fr 16:00-25:00, Sa 12:00-25:00, Su 12:00-22:30,,,
,SE8,SE,supabase,,a5d83f32-5395-48f1-ac56-df151a464ca0,51.4755,-0.0257538,Lucky Anchor Ale House,Independent,,,,,,,,,,,,,,,
,SE8,SE,node,12876881598,node/12876881598,51.4719833,-0.0286184,Royal George,,85,Tanners Hill,London,,,,,,,,,,,,
,SE8,SE,node,280606863,node/280606863,51.4736103,-0.0272264,Royal Standard,,86,Tanners Hill,London,,,,,,,,,,,,
,SE8,SE,node,5843761645,node/5843761645,51.4780491,-0.0265975,Salt Deptford,,,Market Yard,London,+44 20 8469 1622,https://www.saltbeerfactory.co.uk/,200,,,Mo-Th 16:00-23:00, Fr-Sa 12:00-23:00, Su 12:00-22:00,,,,
,SE8,SE,way,1187589494,way/1187589494,51.4761623,-0.0225385,The Birds Nest,,32,Deptford Church Street,London,+44 20 8305 6503,http://www.thebirdsnestpub.co.uk/,200,,,Mo-Th 10:00-23:00, Fr-Su 11:00-26:00,,,,,
,SE8,SE,node,280606890,node/280606890,51.4708059,-0.0218807,The Brookmill Pub,,65,Cranbrook Road,London,,https://www.thebrookmill.co.uk/,,,,,,,,,,
,SE8,SE,way,372116667,way/372116667,51.4832971,-0.0257312,The Dog & Bell,,116,Prince Street,London,+44 20 8692 5664,,,,,Mo 12:00-00:00, Tu-Th 11:00-00:00, Fr 11:00-01:00, Sa 09:00-01:00, Su 09:00-00:00,,
,SE8,SE,node,13054215867,node/13054215867,51.4754391,-0.0258346,The Lucky Anchor,,18,Deptford High Street,London,,,,,,Mo-Th 15:00-24:30, Fr-Su 13:30-24:30,,,,,
,SE8,SE,way,492091342,way/492091342,51.487899,-0.0344522,The Victoria,,177,Grove Street,London,,,,,,,,,,,,
,SE8,SE,way,288984963,way/288984963,51.4856662,-0.0341113,The Wolf's Tavern,,195,Evelyn Street,London,,,,,,,,,,,,
,SE8,SE,node,9026571820,node/9026571820,51.4784965,-0.0238312,Villages,,21-26,Resolution Way,London,,https://villagesbrewery.com/,200,,,Th-Fr 18:00-23:00, Sa 12:00-23:00, Su 12:00-22:00,,,,
,SE8,SE,supabase,,404189b2-2698-467f-b89e-10eec8074728,51.4785,-0.0241693,Villages Brewery Taproom,Independent,,,,(020) 3489 1143,,,,,,,,,,,
,SE9,SE,node,2478195217,node/2478195217,51.4567307,0.0512247,Berry and Barrel,,18,Well Hall Parade,London,,,,,,,,,,,,
,SE9,SE,node,2464003776,node/2464003776,51.4510468,0.0501424,Draughts,,34,Eltham High Street,London,,,,,,,,,,,,
,SE9,SE,supabase,,10935e99-30af-49de-bfee-81164637d5b7,51.4504,0.053979,Eltham GPO,Portobello,,,,(020) 8850 9685,https://elthamgpo.com/,,,,,,,,,,
,SE9,SE,supabase,,fa52175e-6499-4ed0-b601-1973767cfe15,51.4528,0.068633,Eltham Warren Golf Club,Independent,,,,(020) 8850 4477,,,,,,,,,,,
,SE9,SE,node,12438617775,node/12438617775,51.4589403,0.0802428,Lingfield,,11,Lingfield Crescent,,,,,,,,,,,,,
,SE9,SE,supabase,,9469276a-51fa-47b7-bf35-69746b76a144,51.4388,0.074404,New Eltham Social Club,,,,,(020) 8850 1472,,,,,,,,,,,
,SE9,SE,node,1708956919,node/1708956919,51.4503207,0.0539598,Old Post Office,,4,Passey Place,London,,,,,,,,,,,,
,SE9,SE,way,1013465936,way/1013465936,51.450953,0.0585275,Rising Sun,Greene King,189-191,Eltham High Street,London,+44 20 8850 0019,https://www.greeneking.co.uk/pubs-near-me,200,,,Mo-Th 12:00-23:00, Fr-Sa 12:00-24:00, Su 12:00-22:30,,,,
,SE9,SE,supabase,,7f7e0245-29cf-4b6d-8bd9-dbc59a8fbb15,51.4455,0.055415,Royal Blackheath Golf Club,Independent,,,,(020) 8850 1795,,,,,,,,,,,
,SE9,SE,way,1141797704,way/1141797704,51.436364,0.045868,The Bat and Ball,,275,Court Road,London,,,,,,,,,,,,
,SE9,SE,way,638690911,way/638690911,51.4392321,0.0708227,The Beehive,,365,Footscray Road,London,,https://www.beehiveneweltham.com/,,,,,,,,,,
,SE9,SE,way,950101217,way/950101217,51.4456719,0.0845945,The Black Boy,,,Southspring,Sidcup,,https://blackboysidcup.com/,200,,,,,,,,,
,SE9,SE,node,13691299423,node/13691299423,51.4510008,0.063956,The Last Drop Inn,,279,Eltham High Street,London,+44 20 3623 6367,https://www.thelastdropinn.co.uk/,200,,,Tu-Th 17:00-22:30, Fr 17:00-23:00, Sa 14:00-23:00, Su 14:00-22:30,,,
,SE9,SE,node,4463795243,node/4463795243,51.4569365,0.0596235,The Long Pond,,110,Westmount Road,London,+44 20 8331 6767,https://thelongpond.co.uk/,200,,,"Mo 17:00-22:00; Tu-We 11:30-14:30,17:00-22:00; Th-Fr 11:30-14:30, 17:00-23:00; Sa 11:00-15:00,18:00-23:00; Su 12:30-14:30",,,,,,
,SE9,SE,way,239552326,way/239552326,51.4497476,0.0544058,The Park Tavern,,45,Passey Place,London,,https://www.parktaverneltham.co.uk/,,,,,,,,,,
,SE9,SE,way,262471686,way/262471686,51.4392125,0.051094,The Royal,,185,Court Road,London,,,,,,,,,,,,
,SE9,SE,node,412209049,node/412209049,51.450381,0.0521384,The Rusty Bucket,,11,Court Yard,London,,https://www.therustybucket.pub/,,,,Mo-Th 16:00-23:00, Fr 16:00-23:00, Sa 12:00-23:00, Su 16:00-22:00,,,
,SE9,SE,supabase,,4012a8de-14d7-48ce-906a-6f6a3d68c6c6,51.4571,0.04926,Tudor Barn,Independent,,,,0800 433 2351,,,,,,,,,,,
,SE9,SE,way,238585366,way/238585366,51.4511432,0.0488265,White Hart,Stonegate,2,Eltham High Street,London,,https://www.craftunionpubs.com/white-hart-eltham,200,,,,,,,,,
,SE9,SE,supabase,,1d2a492b-1cc4-4cd8-838f-075a6ff76406,51.4504,0.062365,Woodcroft Club,Independent,,,,(020) 8850 8659,,,,,,,,,,,
,SW10,SW,way,909348524,way/909348524,51.4791956,-0.1826133,Chelsea Ram,,32,Burnaby Street,London,+44 20 7351 4008,https://www.thechelsearam.co.uk/,200,,,Mo-Sa 11:00-22:00, Su 12:00-22:30,,,,,
,SW10,SW,way,112344676,way/112344676,51.4865651,-0.1900741,Finborough Arms,,118,Finborough Road,London,,https://www.finborougharms.co.uk/,403,,,,,,,,,
,SW10,SW,way,363961554,way/363961554,51.4861283,-0.1840439,Hollywood Arms,,45,Hollywood Road,London,+44 20 7349 7840,https://www.hollywoodarmschelsea.com/,200,,Q15979009,Mo 12:00-23:00, Tu-We 12:00-23:30, Th-Sa 12:00-00:00, Su 12:00-22:30,,,
,SW10,SW,way,875868241,way/875868241,51.4861796,-0.1809646,King's Arms,,190,Fulham Road,London,+44 20 7351 5043,https://www.thekingsarmschelsea.co.uk/,200,,,Mo-Th 11:00-23:00, Fr-Sa 11:00-00:00, Su 12:00-22:30,,,,
,SW10,SW,node,27512718,node/27512718,51.4776729,-0.1833426,Lots Road,,114,Lots Road,London,+44 20 7352 6645,https://www.lotsroadchelsea.co.uk/,200,,,Mo-Sa 12:00-23:00, Su 12:00-22:00,,,,,
,SW10,SW,node,1375162583,node/1375162583,51.4816598,-0.1875734,The Chelsea Gate,,358,Fulham Road,London,+44 20 7351 0422,,,,,Tu-Th 17:00-00:00, Fr 15:00-00:00, Sa 13:00-00:00, Su 13:00-21:00,,,
,SW10,SW,way,879574206,way/879574206,51.4819646,-0.1875604,The Fox and Pheasant,,1,Billing Road,London,+44 20 7352 2943,https://www.thefoxandpheasant.com/,200,,Q18159932,Mo-Sa 11:00-23:00, Su 12:00-22:30,,,,,
,SW10,SW,node,8167917118,node/8167917118,51.4889152,-0.1914946,The Pembroke,,261,Old Brompton Road,London,+44 20 7373 8337,https://www.thepembrokesw5.co.uk/,200,,Q5142962,,,,,,,
,SW10,SW,node,364654278,node/364654278,51.4845997,-0.1794648,The Sporting Pages,,6,Camera Place,London,+44 20 7349 0455,https://www.thesportingpage.co.uk/,200,,,,,,,,,
,SW11,SW,supabase,,d061c16d-3e27-495a-b31b-ad77af26753a,51.4699,-0.171477,Asparagus,Portobello,,,,(020) 8161 0899,,,,,,,,,,,
,SW11,SW,way,769615459,way/769615459,51.4608385,-0.1630262,Brewdog,BrewDog,11-13,Battersea Rise,London,,,,,,,,,,,,
,SW11,SW,way,204733070,way/204733070,51.4601881,-0.1765762,Churchills,,151,Saint John's Hill,London,,,,,,,,,,,,
,SW11,SW,node,441202439,node/441202439,51.4729383,-0.1660967,Duke of Cambridge,,228,Battersea Bridge Road,London,+44 20 7223 5662,https://www.thedukeofcambridge.com/,200,,,Mo-Sa 11:00-23:00, Su 11:00-22:30,,,,,
,SW11,SW,node,1720298837,node/1720298837,51.4551121,-0.1632003,Eagle Ale House,,,,,,,,,,,,,,,,
,SW11,SW,node,615621429,node/615621429,51.4671126,-0.1628828,Fox and Hounds,,66-68,Latchmere Road,London,,https://www.thefoxandhoundspub.co.uk/,,,,"Mo-Th 17:00-23:00; Fr,Sa 12:00-23:00; Su 12:00-22:30",,,,,,
,SW11,SW,node,679821063,node/679821063,51.4606421,-0.1690263,Hawkins Forge,,110,Battersea Rise,London,,https://www.hawkinsforge.co.uk/,403,,,,,,,,,
,SW11,SW,node,2287275689,node/2287275689,51.4758826,-0.1489065,Paya and Horse,,181,Battersea Park Road,London,+44 787 066 9043,,,,,,,,,,,
,SW11,SW,way,204738603,way/204738603,51.4627585,-0.170396,Project Orange,,43,Saint John's Hill,London,,,,,,,,,,,,
,SW11,SW,supabase,,ddfe0721-b16e-4c5c-8f56-8b762a183107,51.4593,-0.1667,Red Setter,Urban Pubs & Bars,,,,(020) 3883 4308,,,,,,,,,,,
,SW11,SW,supabase,,d5e31bf2-f872-4659-9270-e9aeef7ba818,51.4783,-0.170162,Rose,BrewDog,,,,(020) 8129 1856,,,,,,,,,,,
,SW11,SW,way,204733077,way/204733077,51.4601961,-0.1763624,St John's Tavern,,147,Saint John's Hill,London,,https://stjohnstavern.co.uk/,,,,"Mo-We 17:00-23:00, Th 17:00-24:00, Fr 17:00-02:00, Sa 12:00-02:00, Su 12:00-23:00",,,,,,
,SW11,SW,node,3068306969,node/3068306969,51.4652553,-0.1792283,The Anchor,,82,Hope Street,London,,,,,,,,,,,,
,SW11,SW,way,251032188,way/251032188,51.4598611,-0.1781536,The Beehive,Fuller's,197,Saint John's Hill,London,,https://www.beehivewandsworth.co.uk/,200,,,,,,,,,
,SW11,SW,node,1958568591,node/1958568591,51.4539089,-0.1640944,The Bolingbroke,,174-172,Northcote Road,London,,,,,,,,,,,,
,SW11,SW,way,854337125,way/854337125,51.4710831,-0.1576151,The British Flag,,103,Culvert Road,London,,,,,,,,,,,,
,SW11,SW,way,339465008,way/339465008,51.4705723,-0.1725367,The Candlemaker,,136,Battersea High Street,London,,https://www.thecandlemakerpub.com/,,,,,,,,,,
,SW11,SW,node,3340684903,node/3340684903,51.4656767,-0.1560344,The Crown,,102,Lavender Hill,London,,,,,,,,,,,,
,SW11,SW,way,99790830,way/99790830,51.4638067,-0.1681049,The Falcon,Nicholson's,2,Saint John's Hill,London,,https://www.nicholsonspubs.co.uk/restaurants/london/thefalconclaphamjunctionlondon,403,,Q15978989,,,,,,,
,SW11,SW,way,324737722,way/324737722,51.469896,-0.1712821,The Falconbrook,Portobello,1-13,Falcon Road,London,,https://thefalconbrook.co.uk/,404,,Q88917041,,,,,,,
,SW11,SW,node,287612487,node/287612487,51.4609207,-0.1664373,The Goat,,66B,Battersea Rise,London,,,,,,,,,,,,
,SW11,SW,node,1112173867,node/1112173867,51.463322,-0.169801,The Junction,Greene King,36,Saint John's Hill,London,+44 20 7228 1708,https://www.greeneking.co.uk/pubs/greater-london/junction,200,,,,,,,,,
,SW11,SW,way,341419642,way/341419642,51.4720217,-0.1654401,The Latchmere,,503,Battersea Park Road,London,,https://www.thelatchmere.co.uk/,,,,,,,,,,
,SW11,SW,way,425003585,way/425003585,51.4726075,-0.1625978,The Lighthouse,,441,Battersea Park Road,London,,https://www.thelighthousebattersea.com/,200,,,Mo-Th 12:00-23:00, Fr 12:00-00:00, Sa 10:00-00:00, Su 10:00-22:30,,,
,SW11,SW,way,1249142247,way/1249142247,51.4640941,-0.1676343,The London and South Western,Wetherspoon,276-288,Lavender Hill,London,,https://www.jdwetherspoon.com/pubs/the-london-and-south-western-battersea/,200,,,,,,,,,
,SW11,SW,node,3468565224,node/3468565224,51.4740944,-0.1570764,The Lost Society,,339,Battersea Park Road,London,,https://www.lostbattersea.co.uk,,,,,,,,,,
,SW11,SW,node,3362469515,node/3362469515,51.4753058,-0.1508474,The Magic Garden,,231,Battersea Park Road,London,,https://magicgardenpub.com/,,,,,,,,,,
,SW11,SW,way,770274342,way/770274342,51.4608068,-0.1635516,The Merchant of Battersea,,23-25,Battersea Rise,London,,https://www.themerchantbattersea.com/,,,,,,,,,,
,SW11,SW,node,287612242,node/287612242,51.4607139,-0.1671587,The Northcote,,2,Northcote Road,London,,https://www.youngs.co.uk/food-drink,200,,,,,,,,,
,SW11,SW,node,1112279162,node/1112279162,51.4574347,-0.1659716,The Northcote Saviour,,94,Northcote Road,London,,https://northcotesaviour.com/,200,,,,,,,,,
,SW11,SW,node,1601053417,node/1601053417,51.4615658,-0.1733056,The Plough,,89,St. John's Hill,London,,https://www.theploughstjohnshill.co.uk/,200,,,,,,,,,
,SW11,SW,way,111787083,way/111787083,51.4796011,-0.1658176,The Prince Albert,,,,,+44 20 7228 0923,https://www.theprincealbertbattersea.co.uk/,200,,,Mo-Sa 11:00-23:00, Su 12:00-10:30,,,,,
,SW11,SW,node,344369989,node/344369989,51.4782512,-0.1701422,The Rose Battersea,,74-76,Battersea Bridge Road,London,,https://www.therosebattersea.co.uk/,,,,,,,,,,
,SW11,SW,way,162477134,way/162477134,51.4758626,-0.1730747,The Stag Bar,,96,Westbridge Road,London,,,,,,,,,,,,
,SW11,SW,way,340395024,way/340395024,51.4735246,-0.1738275,The Woodman,Hall & Woodhouse,60,Battersea High Street,London,+44 20 7228 2968,https://www.woodman-battersea.co.uk/,200,,,,,,,,,
,SW11,SW,way,824641941,way/824641941,51.4770129,-0.1683786,Union Arms,,109,Battersea Bridge Road,London,,,,,,,,,,,,
,SW12,SW,supabase,,5e8cd155-6880-4f2a-9666-8897bfcbf0de,51.4506,-0.148038,Avalon,Three Cheers Pub Co,,,,(020) 8675 8613,,,,,,,,,,,
,SW12,SW,node,2217127366,node/2217127366,51.4449518,-0.1523815,Balham Bowls Club,,7-9,Ramsden Road,London,+44 20 8673 4700,https://www.balhambowlsclub.com/,500,,,Mo-We 16:00-23:00, Th 16:00-00:00, Fr 14:00-01:00, Sa 12:00-01:00, Su 12:00-23:00,,
,SW12,SW,node,12199018632,node/12199018632,51.4462618,-0.1501313,Balham House,,92A,Balham High Road,London,,https://www.postmarket.co.uk/,200,,,Mo-Su 18:00-23:00,,,,,,
,SW12,SW,node,12197064449,node/12197064449,51.4461436,-0.1500124,Bob's Courtyard Bar,,92A,Balham High Road,London,,https://www.postmarket.co.uk/,200,,,,,,,,,
,SW12,SW,supabase,,4fd2672f-dd88-4f4a-a6ab-2b6f9b8b913e,51.4425,-0.153266,Firefly,Independent,,,,(020) 8673 9796,,,,,,,,,,,
,SW12,SW,way,310822362,way/310822362,51.4438599,-0.1521445,Hagen & Hyde,,157,Balham High Road,London,+44 20 8772 0016,https://hagenandhyde.com,200,,,Mo-We 16:00-23:00, Th 16:00-00:00, Fr-Sa 12:00-02:00, Su 12:00-22:30,,,
,SW12,SW,way,305154786,way/305154786,51.4440529,-0.1537792,Regent,,21,Chestnut Grove,London,,https://theregentbalham.co.uk/,200,,,,,,,,,
,SW12,SW,node,251526423,node/251526423,51.4427243,-0.1493607,The Bedford,,77,Bedford Hill,London,,https://thebedford.com/,,,Q21008638,,,,,,,
,SW12,SW,node,291671992,node/291671992,51.4437389,-0.1528177,The Cyclist,,,Balham High Road,London,+44 20 8066 2070,https://www.urbanpubsandbars.com/venues/the-cyclist,200,,,Su-Tu 12:00-23:00, We-Fr 12:00-00:00, Sa 10:00-13:00,,,,
,SW12,SW,node,283614125,node/283614125,51.4469022,-0.1490137,The Devonshire,,39,Balham High Road,London,,https://www.devonshirebalham.co.uk/,,,,,,,,,,
,SW12,SW,node,292938407,node/292938407,51.4483422,-0.1510468,The Grove,,39,Oldridge Road,London,,https://www.grovebalham.com/,,,,,,,,,,
,SW12,SW,way,302327793,way/302327793,51.4500122,-0.1578579,The Nightingale,Young's,97,Nightingale Lane,London,,https://www.youngs.co.uk/our-pubs?PubID=430,200,,,,,,,,,
,SW13,SW,supabase,,8430444c-e831-4279-b3ac-149545453001,51.4775,-0.248699,Barnes Sports Club,Independent,,,,(020) 8748 6220,,,,,,,,,,,
,SW13,SW,way,698372312,way/698372312,51.473544,-0.2500676,Coach and Horses,Young's,27,Barnes High Street,London,,https://www.coachandhorsesbarnes.co.uk/,,,,,,,,,,
,SW13,SW,way,138701168,way/138701168,51.4754816,-0.2389577,Red Lion,Fuller's,2,Castelnau,London,,https://www.red-lion-barnes.co.uk/,200,,,,,,,,,
,SW13,SW,way,688103320,way/688103320,51.4859404,-0.2323561,The Bridge,Freehold,204,Castelnau,London,,https://www.thebridgeinbarnes.co.uk/,,,,"Su-Th 11:00-23:00; Fr,Sa 11:00-24:00",,,,,,
,SW13,SW,way,816983433,way/816983433,51.4689501,-0.2515614,The Brown Dog,,28,Cross Street,London,,https://www.thebrowndog.co.uk/,,,,,,,,,,
,SW13,SW,way,592451312,way/592451312,51.4737884,-0.2510598,The Bull's Head,,373,Lonsdale Road,London,,https://www.thebullsheadbarnes.com/,,,Q7720543,,,,,,,
,SW13,SW,way,815853897,way/815853897,51.4687288,-0.2544744,The Crossing,,73,White Hart Lane,London,,https://thecrossing-barnes.co.uk/,,,,,,,,,,
,SW13,SW,node,800705084,node/800705084,51.4734842,-0.2473424,The Sun Inn,,7,Church Road,London,,,,,Q15979540,,,,,,,
,SW13,SW,way,592451311,way/592451311,51.4736575,-0.2511243,The Watermans Arms,,375,Lonsdale Road,London,,,,,,,,,,,,
,SW13,SW,way,592373230,way/592373230,51.4710013,-0.2557512,Ye White Hart,Ram Pub Company,,The Terrace,London,,https://www.whitehartbarnes.co.uk/,200,,,,,,,,,
,SW14,SW,way,592186849,way/592186849,51.4696261,-0.2684992,Jolly Gardeners,Ram Pub Company,36,Lower Richmond Road,London,,https://www.lemonrock.com/jollygardenersmortlake,,,,,,,,,,
,SW14,SW,way,460102253,way/460102253,51.4650355,-0.2669668,Pig & Whistle,,86,Sheen Lane,London,,https://www.thepigandwhistle-eastsheen.foodanddrinksites.co.uk/,,,,,,,,,,
,SW14,SW,way,459902731,way/459902731,51.4652327,-0.2647865,The Hare and Hounds,,214-216,Upper Richmond Road West,London,,https://www.theharesheen.co.uk/,,,Q15979003,,,,,,,
,SW14,SW,way,804352652,way/804352652,51.4607996,-0.2709818,The Plough,Fuller's,42,Christchurch Road,London,,https://www.plougheastsheen.co.uk/,200,,,,,,,,,
,SW14,SW,way,809290502,way/809290502,51.4711876,-0.2681537,The Ship,Greene King,,Thames Bank,London,,https://www.greeneking.co.uk/pubs/greater-london/ship,200,,,,,,,,,
,SW14,SW,way,244995917,way/244995917,51.4658189,-0.2521877,The Stags Head,,24,Priests Bridge,London,,,,,,,,,,,,
,SW14,SW,way,592186836,way/592186836,51.4693795,-0.2685666,The Tapestry,,1,Lower Richmond Road,London,,https://www.thetapestrybar.com/,,,,Mo-Sa 11:00-23:00, Su 12:00-22:30,,,,,
,SW14,SW,way,804352650,way/804352650,51.4610779,-0.275693,The Victoria,,10,West Temple Sheen,London,,https://www.victoriasheen.co.uk/,,,,,,,,,,
,SW15,SW,way,158998447,way/158998447,51.4660548,-0.2167546,Bricklayer's Arms,Free House,32,Waterman Street,London,,http://www.bricklayers-arms.co.uk/,200,,Q16846398,Mo-Su 12:00-23:00,,,,,,
,SW15,SW,way,157991592,way/157991592,51.4673052,-0.2171074,Duke's Head,Young's,8,Lower Richmond Road,London,+44 20 8788 2552,https://www.dukesheadputney.com/,200,,Q15979555,"Mo-Th 12:00-24:00; Fr,Sa 12:00-01:00; Su 12:00-22:30",,,,,,
,SW15,SW,way,29391600,way/29391600,51.4597422,-0.2111405,East Putney Tavern,,94-98,Upper Richmond Road,London,+44 20 8780 0088,https://www.eastputneytavern.co.uk/,200,,,,,,,,,
,SW15,SW,way,837636082,way/837636082,51.4534441,-0.2216041,Green Man,Young's,,Wildcroft Road,London,,https://www.greenmanputney.co.uk/,200,,Q23010554,"Mo-Th 11:00-23:00; Fr, Sa 11:00-24:00; Su 12:00-22:30",,,,,,
,SW15,SW,way,1053467007,way/1053467007,51.4645476,-0.2185703,Jolly Gardeners,Mitchells & Butlers,61-63,Lacy Road,London,,https://www.thejollygardenerssw15.co.uk/,403,,,Mo-Fr 12:00-23:00, Sa 10:00-23:00, Su 12:00-22:30,,,,
,SW15,SW,way,987524634,way/987524634,51.4502576,-0.240762,King's Head,Young's,1,Roehampton High Street,London,,https://www.kingsheadsw15.co.uk/,200,,Q16707743,Mo-Fr 11:00-23:00, Sa 10:00-23:00, Su 10:00-22:30,,,,
,SW15,SW,supabase,,af1d3a1f-73bc-446e-8aa4-d8d7d9511609,51.4578,-0.207557,Putney Club,,,,,,,,,,,,,,,,
,SW15,SW,way,30838121,way/30838121,51.459882,-0.1993179,Queen Adelaide,Young's,35,Putney Bridge Road,London,+44 20 8874 1695,https://www.thequeenadelaide.co.uk/,200,,,Mo-Th 11:00-23:00, Fr-Sa 11:00-00:00, Su 09:00-18:00,,,,
,SW15,SW,supabase,,6383b5c1-16fc-4369-9921-dd932226fee0,51.4611,-0.217272,Railway,Urban Pubs & Bars,,,,(020) 8161 0446,,,,,,,,,,,
,SW15,SW,supabase,,0eb62335-7845-4e33-86cb-bad294451b6a,51.4698,-0.220718,Thames Rowing Club,Independent,,,,(020) 8788 0798,,,,,,,,,,,
,SW15,SW,way,951404431,way/951404431,51.4502849,-0.2399899,The Angel,,11,Roehampton High Street,London,,,,,,,,,,,,
,SW15,SW,node,18235090,node/18235090,51.4628591,-0.2266975,The Arab Boy,,289,Upper Richmond Road,London,,https://www.thearabboyputney.com/,404,,,,,,,,,
,SW15,SW,way,157991596,way/157991596,51.4652003,-0.2127718,The Boathouse,Young's,32,Brewhouse Lane,London,,https://www.boathouseputney.co.uk/,200,,,12:00-23:00,,,,,,
,SW15,SW,way,1011542614,way/1011542614,51.4645104,-0.2166246,The Coat and Badge,Geronimo Inns,8,Lacy Road,London,,https://www.youngs.co.uk/food-drink,200,,,"Mo-Th 11:00-23:00; Fr,Sa 11:00-24:00; Su 12:00-22:30",,,,,,
,SW15,SW,way,1011068934,way/1011068934,51.4609044,-0.2176862,The Fox & Hounds,Stonegate,167,Upper Richmond Road,London,,https://www.greatlocalpubs.co.uk/404,200,,,,,,,,,
,SW15,SW,way,145796452,way/145796452,51.4672811,-0.2201128,The Half Moon,Free House,93,Lower Richmond Road,London,+44 20 8780 9383,https://www.halfmoon.co.uk/,200,,Q7738651,"Mo-Th 11:00-23:00; Fr,Sa 11:00-01:00; Su 11:00-23:00",,,,,,
,SW15,SW,way,1010368002,way/1010368002,51.4600943,-0.2126243,The Prince of Wales,,138,Upper Richmond Road,London,,https://www.princeofwalesputney.com/,,,,,,,,,,
,SW15,SW,node,812415878,node/812415878,51.4655321,-0.2130828,The Rocket,Wetherspoon,,Brewhouse Lane,London,,https://www.jdwetherspoon.com/pubs/the-rocket-putney,200,,Q88967141,,,,,,,
,SW15,SW,way,407868651,way/407868651,51.4682418,-0.2280072,The Spencer Arms,,237,Lower Richmond Road,London,,,,,,10:00-00:30,,,,,,
,SW15,SW,way,1011102852,way/1011102852,51.4627,-0.2166218,The Spotted Horse,Young's,120-122,Putney High Street,London,+44 208 788 0246,https://www.spottedhorse.co.uk/,200,,,,,,,,,
,SW15,SW,way,1011414093,way/1011414093,51.4669909,-0.2161948,The Star & Garter,,4,Lower Richmond Road,London,,,,,,,,,,,,
,SW15,SW,way,287678177,way/287678177,51.4487409,-0.2264503,The Telegraph,,,Telegraph Road,London,,https://www.brunningandprice.co.uk/telegraph/,,,,,,,,,,
,SW15,SW,supabase,,18d14389-d379-4b85-a05a-7d018bf4ce15,51.4672,-0.217289,Winchester House Club,Independent,,,,(020) 8785 6657,,,,,,,,,,,
,SW16,SW,supabase,,5d295bf3-ccd9-464f-a312-38715be43905,51.4194,-0.128182,Bull,Young's,,,,(020) 8764 4003,,,,,,,,,,,
,SW16,SW,way,1223071579,way/1223071579,51.4237778,-0.1327152,Earl Ferrers,,,,,,https://www.earlferrers-london.foodndrink.uk/,,,,,,,,,,
,SW16,SW,node,11383287251,node/11383287251,51.4362887,-0.1280882,Five Bells,,68-70,Streatham High Road,London,,https://www.fivebellspub.co.uk/,,,,,,,,,,
,SW16,SW,way,256603481,way/256603481,51.43017,-0.1296214,Pratts & Payne,,103-105,Streatham High Road,London,,,,,,,,,,,,
,SW16,SW,node,11383287247,node/11383287247,51.4365801,-0.1280279,Stanley's of Streatham,,,Streatham High Road,London,,,,,,,,,,,,
,SW16,SW,node,12979925719,node/12979925719,51.4216049,-0.1291775,The Black Kitchen,,426-428,Streatham High Road,London,,,,,,,,,,,,
,SW16,SW,way,1251782791,way/1251782791,51.4198337,-0.1063501,The Conquering Hero,,262,Beulah Hill,London,,,,,,,,,,,,
,SW16,SW,node,194249790,node/194249790,51.4242687,-0.1420041,The Furzedown,,118,Mitcham Lane,London,,https://www.thefurzedown.com/,,,,,,,,,,
,SW16,SW,node,1446829604,node/1446829604,51.4301098,-0.1298559,The Holland Tringham,Wetherspoon,107-109,Streatham High Road,London,,https://www.jdwetherspoon.com/pubs/the-holland-tringham-streatham,200,,Q88917048,,,,,,,
,SW16,SW,node,1314591894,node/1314591894,51.4301215,-0.1271884,The Leigham Arms,,1-3,Wellfield Road,London,,,,,,,,,,,,
,SW16,SW,way,1155060967,way/1155060967,51.4280995,-0.1323485,The Manor Arms,,,,,,,,,,,,,,,,
,SW16,SW,way,640503431,way/640503431,51.4129028,-0.1420149,The Mitcham Mint,,1a,Lilian Road,London,,,,,,,,,,,,
,SW16,SW,way,479854544,way/479854544,51.407101,-0.1215304,The Moon Under Water,Wetherspoon,1327,London Road,London,,https://www.jdwetherspoon.com/pubs/the-moon-under-water-norbury,200,,Q88917046,,,,,,,
,SW16,SW,node,288991925,node/288991925,51.4194298,-0.1282304,The Pied Bull,Young's,498,Streatham High Road,London,,https://www.thebullstreatham.co.uk/,200,,,,,,,,,
,SW16,SW,way,410303607,way/410303607,51.4218378,-0.1298091,The Rabbit Hole,,151-153,Greyhound Lane,London,,,,,,,,,,,,
,SW16,SW,way,913129291,way/913129291,51.4183587,-0.1346805,The Railway,,2,Greyhound Lane,London,,https://www.therailwaysw16.co.uk/,200,,,,,,,,,
,SW16,SW,node,1657901115,node/1657901115,51.4354235,-0.1284003,The Rebel Inn,,78A-78B,Streatham High Road,London,,,,,,,,,,,,
,SW16,SW,node,1314592576,node/1314592576,51.4307931,-0.1296637,The White Lion,,232-234,Streatham High Road,London,,,,,,,,,,,,
,SW17,SW,supabase,,c26bc5d2-9d06-40c9-8e4d-4fed67556ea4,51.4449,-0.166709,Althorp,,,,,(020) 8767 9677,,,,,,,,,,,
,SW17,SW,node,1858255566,node/1858255566,51.4195338,-0.1616491,Gorringe Park,Young's,29,London Road,London,,,,,,,,,,,,
,SW17,SW,way,927544927,way/927544927,51.426924,-0.1669478,Graveney and Meadow,,,,,,https://graveneyandmeadow.com/,,,,,,,,,,
,SW17,SW,node,6284670927,node/6284670927,51.4278691,-0.1684081,J.J. Moon's,Wetherspoon,,,,,https://www.jdwetherspoon.com/pubs/j-j-moons-tooting/,200,,,,,,,,,
,SW17,SW,node,8736085499,node/8736085499,51.4226708,-0.1601958,Ramble Inn,,,,,,,,,,,,,,,,
,SW17,SW,node,288988361,node/288988361,51.4330224,-0.1543083,Rose and Crown,,,,,,,,,,,,,,,,
,SW17,SW,node,1296827396,node/1296827396,51.4260884,-0.1659185,The Antelope,,76,Mitcham Road,London,+44 20 8672 3888,https://www.urbanpubsandbars.com/venues/the-antelope-tooting,,,,Mo-Th 16:00-23:00, Fr 16:00-24:00, Sa 12:00-24:00, Su 12:00-22:30,,,
,SW17,SW,node,298368300,node/298368300,51.4285893,-0.1677325,The Castle,Young's,38,Tooting High Street,London,,https://www.castletooting.com/,,,,,,,,,,
,SW17,SW,way,574202702,way/574202702,51.4331964,-0.1859874,The Corner Pin,,10,Summerstown,London,,,,,,,,,,,,
,SW17,SW,node,169140546,node/169140546,51.4461541,-0.1654356,The Hope,,1,Bellevue Road,London,,,,,,,,,,,,
,SW17,SW,way,129098686,way/129098686,51.4338461,-0.1632003,The Kings Head,Greene King,84,Upper Tooting Road,London,,https://www.greeneking.co.uk/pubs/greater-london/kings-head-tooting,200,,Q15979032,,,,,,,
,SW17,SW,node,5554760222,node/5554760222,51.4368719,-0.1871873,The Leather Bottle,Young's,538,Garratt Lane,London,,https://www.leatherbottlepub.co.uk/,200,,Q26318598,,,,,,,
,SW17,SW,node,11735382754,node/11735382754,51.4307605,-0.1869567,The Phoenix,,,Plough Lane,London,,,,,,,,,,,,
,SW17,SW,way,237918839,way/237918839,51.430339,-0.169464,The Selkirk,,60,Selkirk Road,London,+44 20 8672 6235,https://www.theselkirksw17.com/,200,,,Mo-Su 12:00-22:00,,,,,,
,SW17,SW,node,2261568916,node/2261568916,51.4238635,-0.1725702,The Tooting Tavern,,196,Tooting High Street,London,,https://www.thetootingtavern.co.uk,403,,,"Mo-We 16:00-23:00; Th,Fr 16:00-24:00; Sa,Su 12:00-24:00",,,,,,
,SW17,SW,way,129098674,way/129098674,51.4357093,-0.1601142,The Wheatsheaf,,2,Upper Tooting Road,London,,https://www.urbanpubsandbars.com/venues/the-wheatsheaf,200,,Q97097229,,,,,,,
,SW17,SW,supabase,,b139b7a0-e175-4e1b-8add-b71d2cc27e63,51.4272,-0.166025,Tooting Conservative & Unionist Club,Independent,,,,(020) 8672 4243,,,,,,,,,,,
,SW17,SW,node,8605476853,node/8605476853,51.426693,-0.1667803,Tooting Tram & Social,,,,,,,,,,,,,,,,
,SW17,SW,way,856154834,way/856154834,51.4251582,-0.171215,Trafalgar Arms,Geronimo Inns,148-158,Tooting High Street,London,,https://www.thetrafalgararms.co.uk/,,,,,,,,,,
,SW18,SW,supabase,,c4c659d0-07f4-41a5-bce3-89e968513f46,51.453,-0.191102,Garratt Tavern,,,,,(020) 8870 8721,,,,,,,,,,,
,SW18,SW,way,436523538,way/436523538,51.4586664,-0.1905688,Grapes,Young's,39,Fairfield Street,London,,https://www.youngs.co.uk/our-pubs?PubID=283,200,,Q15979559,,,,,,,
,SW18,SW,node,1737829082,node/1737829082,51.4417303,-0.1872736,Halfway House,Young's,521,Garratt Lane,London,,https://www.thehalfway.com/,200,,,"Mo-Sa 11:00-23:00, Su 11:00-22:30",,,,,,
,SW18,SW,supabase,,2d87e410-ea13-4489-9c97-6b8743143571,51.4534,-0.17452,Le Gothique,Independent,,,,(020) 8870 6567,,,,,,,,,,,
,SW18,SW,supabase,,8dc88f23-6738-49dc-a5b6-4228d42ef9ad,51.4577,-0.192474,Sambrook's Brewery Tap,Sambrook's Brewery,,,,(020) 7228 0598,,,,,,,,,,,
,SW18,SW,way,204180591,way/204180591,51.4564866,-0.1922365,Spread Eagle,Young's,69-71,Wandsworth High Street,London,+44 208 161 0038,https://www.spreadeaglewandsworth.co.uk/,200,,Q15979291,"Mo-Th 07:00-23:00, Fr 07:00-00:00, Sa 08:00-00:00, Su 08:00-22:30",,,,,,
,SW18,SW,way,204031258,way/204031258,51.4606306,-0.1876687,The Alma,Young's,499,Old York Road,London,+44 20 8870 2537,https://www.almawandsworth.com,200,,,Mo-Sa 10:00-23:00, Su 11:00-22:30,,,,,
,SW18,SW,way,436529105,way/436529105,51.4567153,-0.1893401,The Brewers Inn,Young's,145-147,East Hill,London,,https://www.youngs.co.uk/our-pubs?PubID=361,200,,,,,,,,,
,SW18,SW,way,836367566,way/836367566,51.4618465,-0.1994356,The Cat's Back,,86-88,Point Pleasant,London,,https://www.thecatsback.co.uk/,,,,,,,,,,
,SW18,SW,node,5782065244,node/5782065244,51.4420315,-0.1889649,The Country House,,2,Groton Road,London,,,,,,Mo-Th 12:00-23:00, Fr-Sa 12:00-24:00, Su 12:00-22:30,,,,
,SW18,SW,node,169140424,node/169140424,51.4500913,-0.1743309,The County Arms,Young's,345,Trinity Road,London,,https://www.countyarms.co.uk/,,,,,,,,,,
,SW18,SW,way,924558051,way/924558051,51.4482332,-0.1994752,The Earl Spencer,,260-262,Merton Road,London,,,,,,,,,,,,
,SW18,SW,node,3423539966,node/3423539966,51.4423773,-0.1880911,The Earlsfield,,511,Garratt Lane,London,,,,,,,,,,,,
,SW18,SW,way,790879743,way/790879743,51.4586814,-0.185742,The East Hill,,21,Alma Road,London,,https://www.theeasthill.co.uk/,,,,,,,,,,
,SW18,SW,way,924558086,way/924558086,51.4479788,-0.1993952,The Gardeners,,268,Merton Road,London,+44 20 8875 1524,https://www.thegardenerspub.co.uk/,200,,,,,,,,,
,SW18,SW,way,757708326,way/757708326,51.4473553,-0.1895832,The Grovesnor Arms,,204,Garratt Lane,London,,https://grosvenorarms.uk/,,,,,,,,,,
,SW18,SW,way,791132629,way/791132629,51.4592887,-0.1981973,The Hop Pole,Shepherd Neame,64,Putney Bridge Road,London,+44 20 8870 8188,https://www.hoppolewandsworth.co.uk,200,,,Mo-Su 12:00-23:00,,,,,,
,SW18,SW,way,757708319,way/757708319,51.4469019,-0.1896131,The Jolly Gardener,,214,Garratt Lane,London,,,,,,,,,,,,
,SW18,SW,way,204488347,way/204488347,51.4573591,-0.1946573,The King’s Arms,,96,Wandsworth High Street,London,+44 20 8875 7000,https://www.kingsarmswandsworth.co.uk,200,,,Su-Th 12:00-23:00, Fr-Sa 12:00-00:00,,,,,
,SW18,SW,way,956366728,way/956366728,51.4446485,-0.20516,The Old Fields,Greene King,20,Replingham Road,London,,https://www.greeneking.co.uk/pubs/greater-london/old-fields,200,,,,,,,,,
,SW18,SW,way,317442798,way/317442798,51.4515396,-0.1905875,The Old Sergeant,Young's,104,Garratt Lane,London,,https://theoldsergeant.co.uk/,,,,,,,,,,
,SW18,SW,node,1973954225,node/1973954225,51.4398179,-0.1866171,The Open Page,,573,Garratt Lane,London,,https://theopenpage.co.uk/,,,,,,,,,,
,SW18,SW,way,791165727,way/791165727,51.4506179,-0.1994364,The Park Tavern,,212,Merton Road,London,+44 20 8488 8855,,,,,Su-Tu 12:00-23:00, We-Th 12:00-00:00, Fr-Sa 12:00-01:00,,,,
,SW18,SW,way,1106704861,way/1106704861,51.4410668,-0.1966886,The Pig & Whistle,,479-481,Merton Road,London,,https://pigandwhistlesw18.co.uk/,,,,,,,,,,
,SW18,SW,way,204180594,way/204180594,51.456956,-0.1928787,The Ram Inn,,68,Wandsworth High Street,London,+44 20 8871 9752,https://www.theraminnsw18.co.uk/,200,,Q26670454,Mo 09:00-23:00, Tu-Sa 12:00-23:00, Su 12:00-22:30,,,,
,SW18,SW,way,99420375,way/99420375,51.4590456,-0.1740769,The Roundhouse,,2,North Side Wandsworth Common,London,,https://www.theroundhousewandsworth.com/,200,,,,,,,,,
,SW18,SW,way,790879751,way/790879751,51.4608866,-0.1866791,The Royal Standard,,1,Ballantine Street,London,,https://royalstandardwandsworth.co.uk/,,,,,,,,,,
,SW18,SW,way,331995902,way/331995902,51.4635343,-0.1881457,The Ship,Young's,41,Jews Row,London,,https://www.theship.co.uk/,200,,,,,,,,,
,SW18,SW,node,1737829080,node/1737829080,51.4428801,-0.1891411,The Wandle,,332,Garratt Lane,London,+44 20 8874 4209,https://www.wandleearlsfield.com/,200,,,Mo-Su 12:00-23:00,,,,,,
,SW18,SW,node,1141570209,node/1141570209,51.464527,-0.1856879,The Waterfront,Young's,,Juniper Drive,London,,https://www.thewaterfrontlondon.co.uk/,,,,,,,,,,
,SW18,SW,way,800485597,way/800485597,51.4525967,-0.1908731,Tir Na Nog,,107,Garratt Lane,London,,,,,,,,,,,,
,SW19,SW,node,4117016441,node/4117016441,51.4209255,-0.2056591,601 Queens Road,,,The Broadway,London,,https://601queensrd.co.uk/,200,,,,,,,,,
,SW19,SW,way,450830263,way/450830263,51.4215864,-0.2273684,Hand in Hand,Young's,6-9,Crooked Billet,London,,https://www.thehandinhandwimbledon.co.uk/,200,,,Mo-Th 11:00-23:00, Fr-Sa 11:00-00:00, Su 12:00-23:00,,,,
,SW19,SW,node,39663028,node/39663028,51.4155329,-0.1917749,Horse & Groom,Stonegate,131,Merton High Street,London,,https://www.craftunionpubs.com/horse-and-groom-wimbledon,200,,,,,,,,,
,SW19,SW,node,258750121,node/258750121,51.411219,-0.2091116,Leather Bottle,Greene King,277,Kingston Road,London,,https://www.greeneking.co.uk/pubs/greater-london/leather-bottle,200,,,Mo-Th 11:00-23:00, Fr-Sa 11:00-00:00, Su 12:00-23:00,,,,
,SW19,SW,supabase,,02bce488-dadc-438c-a8ea-49dd2fc1d56f,51.4371,-0.225704,London Scottish Golf Club,,,,,(020) 8789 1207,,,,,,,,,,,
,SW19,SW,node,394943631,node/394943631,51.4197677,-0.2026026,O'Neills,O'Neill's,66,The Broadway,London,,https://www.oneills.co.uk/national-search/london/wimbledon,403,,,Su-Th 09:00-00:00, Fr-Sa 09:00-02:00,,,,,
,SW19,SW,supabase,,0fdb3db4-821d-468c-ba00-79a03090768e,51.4079,-0.199334,Old Rutlishians' Association,Independent,,,,(020) 8542 3678,,,,,,,,,,,
,SW19,SW,node,1645487214,node/1645487214,51.4107626,-0.1927304,Prince of Wales,Young's,98,Morden Road,London,,,,,,,,,,,,
,SW19,SW,supabase,,e1a73c7f-e9a1-42c8-907c-052d489ae43d,51.4258,-0.235045,Royal Wimbledon Golf Club,Independent,,,,(020) 8946 2125,,,,,,,,,,,
,SW19,SW,way,481262557,way/481262557,51.4220261,-0.2080726,The Alexandra,Young's,31-33,Wimbledon Hill Road,London,,https://www.alexandrawimbledon.com/,200,,,Mo-We 11:00-23:00, Th 11:00-00:00, Fr-Sa 11:00-01:00, Su 12:00-23:00,,,
,SW19,SW,way,450830265,way/450830265,51.421505,-0.2277423,The Crooked Billet,Young's,14-15,Crooked Billet,London,,https://www.thecrookedbilletwimbledon.com/,200,,Q28048518,Su-Th 11:00-23:00, Fr-Sa 11:00-00:00,,,,,
,SW19,SW,way,379967724,way/379967724,51.4251594,-0.2177203,The Dog and Fox,Young's,24,High Street,London,,https://www.dogandfoxwimbledon.co.uk/,200,,,Mo-Sa 08:00-23:00, Su 12:00-23:00,,,,,
,SW19,SW,way,531068519,way/531068519,51.4264515,-0.2299513,The Fox and Grapes,,10,Camp Road,London,,https://www.foxandgrapeswimbledon.co.uk/,200,,,Mo-Sa 08:30-23:00, Su 08:30-22:30,,,,,
,SW19,SW,way,1229048703,way/1229048703,51.4202281,-0.1868119,The Garden Shed,,145-147,Haydons Road,London,,,,,,,,,,,,
,SW19,SW,node,395410781,node/395410781,51.4197508,-0.2054971,The Garratt & Gauge,Stonegate,20,Hartfield Road,London,,https://www.crafted-social.co.uk/garratt-and-gauge-wimbledon,200,,,Mo-Tu 10:00-23:00, We-Su 10:00-00:00,,,,,
,SW19,SW,way,481262547,way/481262547,51.4218437,-0.2079249,The Hand and Racquet,Greene King,25-27,Wimbledon Hill Road,London,,https://www.greeneking.co.uk/pubs/greater-london/hand-and-racquet,200,,,Mo-Th 11:00-23:00, Fr-Sa 11:00-00:00, Su 12:00-22:30,,,,
,SW19,SW,way,488752418,way/488752418,51.4179557,-0.1786772,The Holden,,198,High Street Colliers Wood,London,,http://www.thecharlesholden.co.uk/,200,,Q97049790,"Su-Th 12:00-23:00, Fr,Sa 12:00-24:00",,,,,,
,SW19,SW,node,4926469145,node/4926469145,51.4132666,-0.1832663,The Merton Apprentice,,14,Watermill Way,London,,https://www.mertonabbeymills.org.uk/,,,,,,,,,,
,SW19,SW,way,1212143912,way/1212143912,51.4158367,-0.1864811,The Nelson Arms,,15,Merton High Street,London,+44 20 3132 4590,https://www.nelsonarms.co.uk/,200,,Q97044206,Mo-Th 16:00-23:00, Fr 16:00-00:00, Sa 12:00-00:00, Su 12:00-22:30,,,
,SW19,SW,way,460796326,way/460796326,51.41976,-0.202139,The Old Frizzle,,74-78,The Broadway,London,,https://theoldfrizzle.co.uk/,200,,,Mo-We 11:00-23:00, Th-Fr 11:00-00:00, Sa 10:00-00:00, Su 10:00-22:30,,,
,SW19,SW,way,487723323,way/487723323,51.420513,-0.2061701,The Prince of Wales,Greene King,2,Hartfield Road,London,,https://www.greeneking.co.uk/pubs/greater-london/prince-of-wales-wimbledon,200,,,Mo-Th 11:00-00:00, Fr-Sa 11:00-01:00, Su 12:00-23:00,,,,
,SW19,SW,way,531239102,way/531239102,51.4258555,-0.2202053,The Rose and Crown,Young's,55,High Street,London,,https://www.roseandcrownwimbledon.co.uk/,200,,,Mo-Sa 08:00-23:00, Su 12:00-22:30,,,,,
,SW19,SW,node,1295894932,node/1295894932,51.4183453,-0.178222,The Royal Standard,,180,High Street Colliers Wood,London,,,,,,,,,,,,
,SW19,SW,way,448014277,way/448014277,51.4207893,-0.2205668,The Rushmere,Metropolitan Pub Company,89,Ridgway,London,,https://www.therushmeresw19.com/,200,,,Mo-Sa 12:00-23:00, Su 12:00-22:00,,,,,
,SW19,SW,node,39741897,node/39741897,51.4185272,-0.1853025,The Sultan,,78,Norman Road,London,,https://www.hopback.co.uk/our-pubs/the-sultan/,,,,,,,,,,
,SW19,SW,way,1287078169,way/1287078169,51.4138957,-0.1891002,The Trafalgar,,23,High Path,London,,http://www.thetrafsw19.co.uk/,200,,,Mo-Th 16:00-23:00, Fr-Su 12:00-23:00,,,,,
,SW19,SW,node,394942390,node/394942390,51.4190546,-0.2022217,The Wibbas Down Inn,Wetherspoon,6-12,Gladstone Road,London,,https://www.jdwetherspoon.com/pubs/the-wibbas-down-inn-wimbledon,200,,Q88917053,Su-Th 08:00-00:00, Fr-Sa 08:00-01:00,,,,,
,SW19,SW,way,96105013,way/96105013,51.412748,-0.1837245,The William Morris,,20,Watermill Way,London,,,,,,,,,,,,
,SW19,SW,node,1316301006,node/1316301006,51.434765,-0.196272,The Woodman,,222,Durnsford Road,London,,https://www.thewoodman.co/,200,,,Mo-Fr 12:00-23:30, Sa 11:00-23:30, Su 12:00-23:00,,,,
,SW19,SW,supabase,,8a50bcc2-906c-45e3-8db9-d665b8aed25b,51.4132,-0.173727,Wimbledon Brewery Tap,Wimbledon Brewery,,,,(020) 3674 9786,,,,,,,,,,,
,SW19,SW,supabase,,4e97460d-1ac4-4cc1-91b4-6314a6f14e93,51.4237,-0.217479,Wimbledon Village Club,,,,,(020) 8946 5223,,,,,,,,,,,
,SW1A,SW,supabase,,a867c35f-ebe2-42ab-b8fe-be22fc7098a7,51.5059,-0.1404,American Bar,Independent,,,,(020) 7493 0111,https://thestaffordlondon.com/american-bar/,,,,,,,,,,
,SW1A,SW,way,418075242,way/418075242,51.5068767,-0.1404741,Blue Posts,Greene King,6,Bennet Street,London,,https://www.greeneking.co.uk/pubs/greater-london/blue-posts-st-james-s,200,,,,,,,,,
,SW1A,SW,supabase,,409b421e-0a49-4d53-9fe4-1c4ec01f1d1f,51.5065,-0.125614,Civil Service Club,Independent,,,,(020) 7930 4881,,,,,,,,,,,
,SW1A,SW,node,345871050,node/345871050,51.5073963,-0.1291207,Rockwell,,2,Spring Gardens,London,+44 20 7870 2900,,,,,,,,,,,
,SW1A,SW,way,547522392,way/547522392,51.5065905,-0.1269789,Silver Cross,Greene King,33,Whitehall,London,,https://www.greeneking.co.uk/pubs/greater-london/silver-cross,200,,Q15673036,Mo-Sa 10:00-23:00, Su 11:00-22:30,,,,,
,SW1A,SW,node,267432002,node/267432002,51.501146,-0.125595,St Stephen's Tavern,Hall & Woodhouse,10,Bridge Street,London,,https://www.ststephenstavern.co.uk/,200,,Q27084775,,,,,,,
,SW1A,SW,node,581058547,node/581058547,51.5072749,-0.128886,The Admiralty,Fuller's,66,Trafalgar Square,London,,https://www.admiraltytrafalgar.co.uk/,200,,Q14955146,,,,,,,
,SW1A,SW,way,140515796,way/140515796,51.506152,-0.1267234,The Clarence,Young's,53,Whitehall,London,+44 20 7930 4808,https://www.theclarencewhitehall.com/,200,,Q28026682,Mo-Sa 11:00-23:00, Su 12:00-23:00,,,,,
,SW1A,SW,way,140469340,way/140469340,51.5064582,-0.1275872,The Horse and Guardsman,,16-18,Whitehall,London,,https://www.mcmullens.co.uk/local-pub/horse-guardsman/,200,,,,,,,,,
,SW1A,SW,way,547522399,way/547522399,51.5064799,-0.1268229,The Old Shades,,37,Whitehall,London,,https://www.oldshades.co.uk/,,,Q18161687,,,,,,,
,SW1A,SW,node,311153571,node/311153571,51.5056546,-0.1376692,The Red Lion,,23,Crown Passage,London,,,,,Q26319820,,,,,,,
,SW1A,SW,way,547238388,way/547238388,51.502063,-0.1256876,The Red Lion,Fuller's,48,Parliament Square,London,+44 20 7930 5826,https://www.redlionwestminster.co.uk/,200,,Q18161385,,,,,,,
,SW1A,SW,way,31200563,way/31200563,51.5044913,-0.1225521,The Tattershall Castle,Stonegate,,Victoria Embankment,London,,https://www.thetattershallcastle.co.uk/,200,,Q11667202,,,,,,,
,SW1A,SW,node,246518042,node/246518042,51.5067276,-0.1269618,Walkers of Whitehall,,15,Craig's Court,London,,https://www.walkersofwhitehall.co.uk/,,,,,,,,,,
,SW1E,SW,node,295905009,node/295905009,51.4981242,-0.1434293,Bbar,,43,Buckingham Palace Road,London,,https://bbarlondon.com:443/,200,,,,,,,,,
,SW1E,SW,node,169440015,node/169440015,51.4985497,-0.1402518,Cask & Glass,,39-41,Palace Street,London,,https://www.caskandglass.co.uk/,,,,,,,,,,
,SW1E,SW,supabase,,2d533330-770b-4dfc-a5be-ce453c398953,51.4967,-0.142678,Duke of York,Samuel Smith's,,,,(020) 7630 1572,,,,,,,,,,,
,SW1E,SW,way,161490890,way/161490890,51.4967254,-0.1426512,Duke of York Public House,,130-134,Victoria Street Victoria,London,,,,,,,,,,,,
,SW1E,SW,node,5205813437,node/5205813437,51.4971488,-0.1391026,Lane7,,,,,,,,,,,,,,,,
,SW1E,SW,way,263674306,way/263674306,51.4987272,-0.1420441,The Phoenix,,14,Palace Street,London,+44 20 7828 8136,https://www.thephoenixinvictoria.co.uk/,,,,,,,,,,
,SW1E,SW,node,169384510,node/169384510,51.4986377,-0.139521,The Pineapple,Greene King,25,Wilfred Street,London,,https://www.greeneking.co.uk/pubs/greater-london/pineapple,200,,,,,,,,,
,SW1H,SW,way,603491262,way/603491262,51.4994601,-0.1356217,Adam & Eve,Greene King,81,Petty France,London,,https://www.greeneking.co.uk/pubs/greater-london/adam-and-eve,200,,,"Mo-Th, Sa 11:00-23:00; Fr 11:00-22:00",,,,,,
,SW1H,SW,way,113115182,way/113115182,51.4974684,-0.1341079,Grafton Arms,Greene King,2,Strutton Ground,London,,https://www.greeneking.co.uk/pubs/greater-london/grafton-arms,200,,,,,,,,,
,SW1H,SW,node,287553265,node/287553265,51.4981992,-0.1324675,Munich Cricket Club,,1,Abbey Orchard Street,London,,,,,,,,,,,,
,SW1H,SW,way,161490892,way/161490892,51.4976759,-0.1355396,The Albert,Greene King,52,Victoria Street,London,+44 20 7222 5577,https://www.greeneking.co.uk/pubs/greater-london/albert,200,,Q21008630,Mo-We 10:00-23:00, Th-Sa 10:00-00:00, Su 10:00-22:30,,,,
,SW1H,SW,way,531216986,way/531216986,51.4991586,-0.1367932,The Buckingham Arms,,,Petty France,London,,,,,,,,,,,,
,SW1H,SW,way,529667796,way/529667796,51.4992398,-0.1329903,The Feathers,Nicholson's,18-20,Broadway,London,,https://www.nicholsonspubs.co.uk/restaurants/london/thefeatherswestminsterlondon,403,,,,,,,,,
,SW1H,SW,way,321967936,way/321967936,51.4999401,-0.1337243,The Old Star,Greene King,66,Broadway,London,,https://www.greeneking.co.uk/pubs/greater-london/old-star,,,,,,,,,,
,SW1H,SW,way,544897741,way/544897741,51.4995203,-0.1318218,The Sanctuary House,Fuller's,33,Tothill Street,London,,https://www.sanctuaryhousehotel.co.uk/,200,,,Mo-Fr 07:00-23:00, Sa 08:00-23:00, Su 08:00-22:30,,,,
,SW1H,SW,way,531373357,way/531373357,51.5006307,-0.1316211,Two Chairmen,Greene King,39,Dartmouth Street,London,,https://www.greeneking.co.uk/pubs/greater-london/two-chairmen,200,,,,,,,,,
,SW1P,SW,way,116957518,way/116957518,51.49306,-0.138177,Jugged Hare,Fuller's,172,Vauxhall Bridge Road,London,+44 20 7828 1543,https://www.juggedharevictoria.co.uk/,200,,,,,,,,,
,SW1P,SW,supabase,,f95b09be-710d-4cdf-a364-aeb6af1084dc,51.4947,-0.131306,Loose Box,Independent,,,,(020) 7932 0123,,,,,,,,,,,
,SW1P,SW,way,118720825,way/118720825,51.4951774,-0.1271749,Marquis of Granby,Nicholson's,41,Romney Street,London,,https://www.nicholsonspubs.co.uk/restaurants/london/themarquisofgranbywestminsterlondon,403,,,Mo-Su 10:00-23:00,,,,,,
,SW1P,SW,way,112544263,way/112544263,51.4893764,-0.1286818,Morpeth Arms,Young's,58,Millbank,London,,https://www.morpetharms.com/,200,,Q20878182,,,,,,,
,SW1P,SW,way,188091841,way/188091841,51.4950766,-0.1316873,The Barley Mow,,104,Horseferry Road,London,+44 20 7222 2330,https://barleymowhorseferryrd.co.uk/,,,,Mo-Sa 12:00-23:00, Su 12:00-22:30,,,,,
,SW1P,SW,way,203884513,way/203884513,51.4967404,-0.1353985,The Bay & Bracket,Stonegate,17-19,Artillery Row,London,,,,,,,,,,,,
,SW1P,SW,way,130873539,way/130873539,51.4962998,-0.1358633,The Greencoat Boy,Greene King,,,,,https://www.greeneking.co.uk/pubs/greater-london/greencoat-boy,200,,,,,,,,,
,SW1P,SW,way,100822478,way/100822478,51.4942147,-0.1325383,The Royal Oak,,2,Regency Street,London,,https://royaloakpimlico.co.uk/,,,,,,,,,,
,SW1P,SW,way,1211583959,way/1211583959,51.4969051,-0.1322595,The Speaker,Stonegate,46,Great Peter Street,London,,https://www.greatlocalpubs.co.uk/404,200,,,,,,,,,
,SW1P,SW,way,418385090,way/418385090,51.4950272,-0.1308568,The White Horse and Bower,,86,Horseferry Road,London,,,,,,Mo-Fr 11:00-23:00, Sa 12:00-23:00,,,,,
,SW1P,SW,way,1182778179,way/1182778179,51.4898669,-0.1314626,The White Swan,Taylor Walker,14,Vauxhall Bridge Road,London,,,,,,,,,,,,
,SW1P,SW,way,129805303,way/129805303,51.4951694,-0.1377979,The Windsor Castle,Samuel Smith,23,Francis Street,London,,https://windsorcastle-victoria.co.uk/,,,,,,,,,,
,SW1P,SW,way,545664029,way/545664029,51.5005551,-0.1298128,Westminster Arms,,9,Storey's Gate,London,,https://www.westminsterarms.co.uk/,,,Q110192503,,,,,,,
,SW1V,SW,way,449283140,way/449283140,51.4944179,-0.1407171,Brass Monkey,,250,Vauxhall Bridge Road,London,,https://www.brassmonkeylondon.co.uk/,,,,,,,,,,
,SW1V,SW,node,271387709,node/271387709,51.491093,-0.1373223,Cask,,6,Charlwood Street,London,,https://www.caskpubandkitchen.com/,200,,,Mo-Sa 12:00-23:00, Su 12:00-22:30,,,,,
,SW1V,SW,supabase,,027ccc56-b3f8-47fb-b208-746a4546ce97,51.4911,-0.137429,Cask Pub & Kitchen,Independent,,,,(020) 7630 7225,,,,,,,,,,,
,SW1V,SW,way,448420160,way/448420160,51.4918154,-0.1408772,Marquis of Westminster,Stonegate,50,Warwick Way,London,+44 20 7828 1700,https://www.thechaptercollection.co.uk/marquis-of-westminster,,,,"Fr,Sa 11:00-24:00; Su 12:00-22:30; Mo-Th 11:00-23:00",,,,,,
,SW1V,SW,node,271516102,node/271516102,51.4898941,-0.1353645,Pride of Pimlico,Stonegate,85,Tachbrook Street,London,,https://www.craftunionpubs.com/pride-of-pimlico,200,,,Mo-Su 11:00-23:00,,,,,,
,SW1V,SW,way,448872664,way/448872664,51.4925922,-0.1406359,Prince of Wales,,91,Wilton Road,London,,https://princeofwalespimlico.co.uk/,,,,"Mo-Su,PH 12:00-23:00",,,,,,
,SW1V,SW,node,3688619646,node/3688619646,51.4957277,-0.1440761,Sports Bar and Grill,Stonegate,,,,,,,,,,,,,,,
,SW1V,SW,way,242294516,way/242294516,51.4931984,-0.1447524,St. Georges Tavern,Nicholson's,14,Belgrave Road,London,,https://www.nicholsonspubs.co.uk/restaurants/london/thestgeorgestavernvictorialondon,403,,,,,,,,,
,SW1V,SW,node,370604215,node/370604215,51.495503,-0.143319,The Beer House,,,Terminus Place,London,,,,,,,,,,,,
,SW1V,SW,way,449102845,way/449102845,51.4935578,-0.1417387,The Brougham,,27,Gillingham Street,London,,,,,,,,,,,,
,SW1V,SW,node,128329850,node/128329850,51.4935531,-0.1418267,The Camel,,,,,,,,,,,,,,,,
,SW1V,SW,way,447309968,way/447309968,51.4913571,-0.1392005,The Constitution,,42,Churton Street,London,,https://www.constitutionpimlico.co.uk/,200,,,,,,,,,
,SW1V,SW,way,542748010,way/542748010,51.4886987,-0.134275,The Gallery,,1,Lupus Street,London,,,,,,,,,,,,
,SW1V,SW,node,302011571,node/302011571,51.4866135,-0.1315923,The Grosvenor,,79,Grosvenor Road,London,,https://thegrosvenorpub.site/,,,,,,,,,,
,SW1V,SW,way,907561728,way/907561728,51.4854086,-0.1415489,The King William IV,,111,Grosvenor Road,London,,,,,,,,,,,,
,SW1V,SW,way,340180684,way/340180684,51.4925929,-0.1391746,The Queen's Arms,,11,Warwick Way,London,,,,,,,,,,,,
,SW1V,SW,way,447309973,way/447309973,51.4924142,-0.1397044,The Warwick,,25,Warwick Way,London,,,,,,,,,,,,
,SW1V,SW,node,148782410,node/148782410,51.4889866,-0.1467405,The White Ferry,,1a,Sutherland Street,London,,,,,Q27081607,"Mo-Su,PH 00:00-00:00",,,,,,
,SW1V,SW,node,385560795,node/385560795,51.495038,-0.142477,The Willow Walk,Wetherspoon,25,Wilton Road,London,+44 20 7828 2953,https://www.jdwetherspoon.com/pubs/the-willow-walk-victoria,200,,Q88965899,,,,,,,
,SW1V,SW,supabase,,4e5caa67-dc69-4fd5-90aa-2d88ce0d6536,51.4936,-0.1418,Victoria Taps,Independent,,,,(020) 7096 6991,,,,,,,,,,,
,SW1V,SW,node,618653525,node/618653525,51.495106,-0.1441475,Wetherspoons,Wetherspoon,,,London,,https://www.jdwetherspoon.com/pubs/wetherspoons-milton-keynes/,200,https://www.jdwetherspoon.com/pubs/wetherspoons-milton-keynes/,Q88967136,,,,,,,
,SW1W,SW,way,538990064,way/538990064,51.4980217,-0.1441295,Bag O Nails,Greene King,6,Buckingham Palace Road,London,,https://www.greeneking.co.uk/pubs/greater-london/bag-o-nails,200,,Q27080711,,,,,,,
,SW1W,SW,way,158919239,way/158919239,51.4930914,-0.1533357,Duke of Wellington,,63,Eaton Terrace,London,,https://www.dukeofwellingtonbelgravia.co.uk/,200,,Q26319747,Mo-Sa 12:00-23:00, Su 12:00-21:00,,,,,
,SW1W,SW,supabase,,a956ed3f-23c9-4f54-b5f6-6c3b9bea1749,51.4933,-0.150084,Elizabeth,Independent,,,,(020) 3971 0761,,,,,,,,,,,
,SW1W,SW,node,568198493,node/568198493,51.4910922,-0.1549035,Fox and Hounds,,29,Passmore Street,London,,https://foxandhoundssw1.co.uk/,,,,,,,,,,
,SW1W,SW,way,174444748,way/174444748,51.4897475,-0.1504368,Rising Sun,,44-46,Ebury Bridge Road,London,,https://www.risingsunbelgravia.co.uk/,,,,,,,,,,
,SW1W,SW,node,8363665233,node/8363665233,51.4901063,-0.1569458,Rose & Crown,,90-92,Lower Sloane Street,London,+44 20 7730 2967,https://www.roseandcrownlowersloane.co.uk/,,,,,,,,,,
,SW1W,SW,way,262477180,way/262477180,51.4939824,-0.155528,The Antelope,Fuller's,22-24,Eaton Terrace,London,+44 20 7824 8512,https://www.antelope-eaton-terrace.co.uk/,200,,,,,,,,,
,SW1W,SW,node,290621086,node/290621086,51.4924915,-0.1514301,The Belgravia,,,,,,,,,,,,,,,,
,SW1W,SW,way,147249462,way/147249462,51.4905315,-0.1523459,The Orange,,37-39,Pimlico Road,London,,https://www.cubitthouse.co.uk/the-orange-boutique-hotel-belgravia/,200,,Q27081264,,,,,,,
,SW1W,SW,way,159407057,way/159407057,51.4964883,-0.1475447,The Plumbers Arms,Greene King,14,Lower Belgrave Street,London,,https://www.greeneking.co.uk/pubs/greater-london/plumbers-arms,200,,Q18161227,,,,,,,
,SW1W,SW,way,203984283,way/203984283,51.4962607,-0.1448413,The Shakespeare,Greene King,91 - 99,Buckingham Palace Road,London,,https://www.greeneking.co.uk/pubs/greater-london/shakespeare,200,,,"Mo-We 10:00-23:30, Th-Sa 10:00-24:00, Su 10:00-22:30",,,,,,
,SW1W,SW,way,547171167,way/547171167,51.4937571,-0.1507588,The Thomas Cubitt,,44,Elizabeth Street,London,,https://www.cubitthouse.co.uk/the-thomas-cubitt-belgravia/,200,,,,,,,,,
,SW1W,SW,node,295905003,node/295905003,51.4956292,-0.1460347,The Victoria,Greene King,1,Lower Belgrave Street,London,,https://www.greeneking.co.uk/pubs/greater-london/victoria,200,,,Mo-Fr 11:00-23:00,,,,,,
,SW1W,SW,node,3223507051,node/3223507051,51.4929364,-0.1488249,Travellers Tavern,Greene King,4,Elizabeth Street,London,+44 20 7730 3957,https://www.greeneking.co.uk/pubs/greater-london/travellers-tavern,200,,,,,,,,,
,SW1X,SW,supabase,,095a700d-b74c-47d8-b738-c22db71a39d9,51.5007,-0.152953,Caledonian Club,Independent,,,,(020) 7235 5162,,,,,,,,,,,
,SW1X,SW,way,633865298,way/633865298,51.5015476,-0.1623073,Paxton’s Head,Greene King,153,Knightsbridge,London,,https://www.greeneking.co.uk/pubs/greater-london/paxtons-head,200,,Q17017445,,,,,,,
,SW1X,SW,supabase,,8d942947-78ba-4457-8998-b59409b6fcef,51.4982,-0.160577,Special Forces Club,Independent,,,,(020) 7589 9483,,,,,,,,,,,
,SW1X,SW,node,295466191,node/295466191,51.5011085,-0.1625201,Tattersalls Tavern,Greene King,,,,,https://www.greeneking.co.uk/pubs/greater-london/tattersalls-tavern,200,,,,,,,,,
,SW1X,SW,way,121526267,way/121526267,51.4996328,-0.1564557,The Alfred Tennyson,,10,Motcomb Street,London,+44 20 7730 6074,https://www.cubitthouse.co.uk/the-alfred-tennyson-belgravia/,,,Q27080856,,,,,,,
,SW1X,SW,way,161525099,way/161525099,51.4999692,-0.159533,The Gloucester,Greene King,187,Sloane Street,London,,https://www.greeneking.co.uk/pubs/greater-london/gloucester,200,,,,,,,,,
,SW1X,SW,node,13235500301,node/13235500301,51.5014836,-0.154907,The Grenadier,,18,Wilton Row,London,+44 20 3205 2915,https://www.grenadierbelgravia.com,200,,,Mo-Sa 12:00-23:00, Su 12:00-22:00,,,,,
,SW1X,SW,way,551566816,way/551566816,51.4993341,-0.1511014,The Horse and Groom,,7,Groom Place,London,,https://www.horseandgroombelgravia.co.uk,200,,,,,,,,,
,SW1X,SW,way,121526242,way/121526242,51.5011212,-0.1569722,The Nags Head,,53,Kinnerton Street,London,,,,,,,,,,,,
,SW1X,SW,node,27718642,node/27718642,51.4984423,-0.155855,The Star Tavern,Fuller's,6,Belgrave Mews West,London,,https://www.star-tavern-belgravia.co.uk/,200,,Q17021189,Mo-Fr 11:00-23:00, Sa 12:00-23:00, Su 12:00-22:30,,,,
,SW1X,SW,way,121526273,way/121526273,51.5015349,-0.157127,The Wilton Arms,,,,London,,,,,Q17031191,,,,,,,
,SW1Y,SW,way,421258894,way/421258894,51.5075416,-0.1377677,Chequers,,16,Duke Street St James's,London,,https://chequerstavern.co.uk/,,,,,,,,,,
,SW1Y,SW,supabase,,8d6e361e-c34f-4123-935b-66e09934ac62,51.5075,-0.137837,Chequers Tavern,Shannon Pubs,,,,(020) 7930 4007,,,,,,,,,,,
,SW1Y,SW,supabase,,2a735f8f-0630-44a2-8754-d9b94df239b9,51.51,-0.132182,Coach House,Independent,,,,(020) 7839 7261,,,,,,,,,,,
,SW1Y,SW,node,675808547,node/675808547,51.5060459,-0.1380125,Davy's,,,Crown Passage,London,+44 20 7839 8831,https://www.davy.co.uk/,,,,Mo-Fr 12:00-22:00,,,,,,
,SW1Y,SW,supabase,,e6cfdfad-da89-4b14-9484-4f244a7a8907,51.5071,-0.136455,East India Club,Independent,,,,(020) 7930 1000,,,,,,,,,,,
,SW1Y,SW,supabase,,c20dd7c8-c0db-4ba2-8257-7466ae53ae85,51.5081,-0.134851,In & Out,Independent,,,,(020) 7827 5757,,,,,,,,,,,
,SW1Y,SW,node,675803384,node/675803384,51.5063153,-0.1374883,The Golden Lion,Greene King,,,,,https://www.greeneking.co.uk/pubs/greater-london/golden-lion-st-james-s,200,,Q27080748,,,,,,,
,SW1Y,SW,node,675867856,node/675867856,51.5083234,-0.1364346,The Red Lion,Fuller's,,,,,https://www.redlionmayfair.co.uk/,200,,Q17747095,,,,,,,
,SW1Y,SW,node,675942580,node/675942580,51.5086113,-0.1351466,Three Crowns,Greene King,,Babmaes Street,London,,https://www.greeneking.co.uk/pubs/greater-london/three-crowns,200,,,,,,,,,
,SW1Y,SW,node,670648653,node/670648653,51.5095922,-0.1317508,Tom Cribb,Shepherd Neame,36,Panton Street,London,+44 20 7839 3801,https://www.tomcribblondon.co.uk/,,,,,,,,,,
,SW2,SW,node,291047638,node/291047638,51.4451138,-0.1247972,Crown and Sceptre,,2A,Streatham Hill,London,,https://crownandsceptre.co.uk/,,,,,,,,,,
,SW2,SW,way,372477665,way/372477665,51.4598728,-0.1131321,Effra Hall Tavern,,38a,Kellett Road,London,,,,,,,,,,,,
,SW2,SW,way,298087465,way/298087465,51.4557109,-0.1131843,Effra Social,Portobello Brewery,89,Effra Road,London,+44 20 7737 6800,https://effrasocial.co.uk/,,,,,,,,,,
,SW2,SW,node,290017300,node/290017300,51.4492346,-0.1176409,Elm Park Tavern,,,,,,,,,,,,,,,,
,SW2,SW,way,273602168,way/273602168,51.4553901,-0.1132281,Hootananny Brixton,,95,Effra Road,London,+44 20 7737 7273,https://hootanannybrixton.co.uk/,200,,,,,,,,,
,SW2,SW,node,274268703,node/274268703,51.4595646,-0.1266272,Hope & Anchor,,123,Acre Lane,London,,https://www.hopeandanchorbrixton.co.uk/,200,,,Mo-Th 12:00-23:00, Fr-Sa 12:00-01:00, Su 12:00-22:00,,,,
,SW2,SW,way,96598023,way/96598023,51.4534513,-0.1267274,Prince of Wales,,169-171,Lyham Road,London,,https://brakspear.co.uk/pubs/prince-of-wales/,,,,,,,,,,
,SW2,SW,node,275549532,node/275549532,51.4476771,-0.1268273,The Hand in Hand,Stonegate,61,New Park Road,London,,https://www.craftunionpubs.com/hand-in-hand-brixton,200,,,,,,,,,
,SW2,SW,node,2510273562,node/2510273562,51.447958,-0.1259312,The Sultan,,37-39,New Park Road,London,,,,,,,,,,,,
,SW2,SW,way,96598337,way/96598337,51.4540068,-0.1224894,The Windmill,,,,,,https://www.windmillbrixton.co.uk/,200,,Q7775089,,,,,,,
,SW2,SW,way,529414452,way/529414452,51.4411987,-0.1066273,Tulse Hill Hotel,,150,Norwood Road,London,,https://www.tulsehillhotel.com/,,,,,,,,,,
,SW2,SW,node,291977904,node/291977904,51.4547784,-0.1199229,White Horse,,94,Brixton Hill,London,,https://whitehorsebrixton.co.uk/,,,,,,,,,,
,SW20,SW,supabase,,1abb10d5-727c-4246-b93d-d9e053e0a3db,51.4098,-0.23382,Cavern,Independent,,,,(020) 8946 7980,,,,,,,,,,,
,SW20,SW,supabase,,d5eea275-b9df-4473-95ff-2422b44a5c9c,51.4092,-0.226736,Prince George's Club,Independent,,,,(020) 8395 4757,,,,,,,,,,,
,SW20,SW,node,292615228,node/292615228,51.4096476,-0.2301826,Raynes Park Tavern,Greene King,32,Coombe Lane,London,,https://www.greeneking.co.uk/pubs/greater-london/raynes-park-tavern,200,,,Mo-Th 11:30-00:00, Fr-Sa 11:30-01:00, Su 11:30-23:00,,,,
,SW3,SW,way,863832100,way/863832100,51.4944794,-0.1685953,Brompton Cross,,279-283,Brompton Road,London,+44 20 7581 2497,https://www.thebromptoncross.co.uk/,,,,,,,,,,
,SW3,SW,supabase,,1cd6360d-8f7b-4d9d-8acb-4aa1b706e490,51.4907,-0.163161,Chalk,Independent,,,,(020) 3958 4444,,,,,,,,,,,
,SW3,SW,supabase,,33f2d007-8c43-4a2d-b67e-350d21fb8dd5,51.4879,-0.174613,Chelsea Arts Club,Independent,,,,(020) 7376 3311,,,,,,,,,,,
,SW3,SW,supabase,,046f2507-f75c-4872-8502-d667379ddd42,51.4873,-0.158445,Chelsea Pensioners' Club,LSE,,,,,,,,,,,,,,,
,SW3,SW,way,147249458,way/147249458,51.4884962,-0.1659109,Chelsea Potter,Greene King,119,King's Road,London,+44 20 7352 9479,https://www.greeneking.co.uk/pubs/greater-london/chelsea-potter,200,,Q22000660,,,,,,,
,SW3,SW,supabase,,f56f4432-acdf-452f-9330-73480bab79a4,51.4835,-0.170487,Cross Keys,DM Group (lessee/operator),,,,(020) 7351 0686,,,,,,,,,,,
,SW3,SW,way,865707213,way/865707213,51.4937142,-0.1661901,The Admiral Codrington,,17,Mossop Street,London,+44 20 7581 0005,https://theadmiralcodrington.com/,200,,,,,,,,,
,SW3,SW,way,893965349,way/893965349,51.4891107,-0.1677353,The Builder's Arms,,13,Britten Street,London,+44 20 7349 9040,https://www.cubitthouse.co.uk/the-builders-arms/,200,,,,,,,,,
,SW3,SW,way,861436031,way/861436031,51.4975342,-0.1671243,The Bunch Of Grapes,Greene King,207,Brompton Road,London,+44 20 7589 4944,https://www.greeneking.co.uk/pubs/greater-london/bunch-of-grapes,200,,Q27085338,,,,,,,
,SW3,SW,node,280835217,node/280835217,51.4859699,-0.1729707,The Cadogan Arms,,298,Old Church Street,,,,,,,,,,,,,
,SW3,SW,way,781302184,way/781302184,51.4907361,-0.1631802,The Chalk Freehouse,,25-27,Tryon Street,London,+44 20 3958 4444,https://thechalkfreehouse.co.uk,200,,,,,,,,,
,SW3,SW,way,902771276,way/902771276,51.4862093,-0.1651019,The Coopers Arms,,87,Flood Street,London,+44 20 7376 3120,https://www.coopersarms.co.uk/,200,,,,,,,,,
,SW3,SW,node,862464724,node/862464724,51.4902108,-0.1733776,The Crown,,153,Dovehouse Street,London,+44 20 7352 9505,,,,,"Mo-Fr 12:00-15:00,17:00-22:00; Sa 12:00-21:00; Su 12:00-19:00",,,,,,
,SW3,SW,way,121083435,way/121083435,51.4900842,-0.1749576,The Hunter's Moon,,86,Fulham Road,London,+44 20 3904 2270,https://huntersmoonlondon.co.uk/,200,,,,,,,,,
,SW3,SW,way,904652259,way/904652259,51.4852255,-0.1676703,The Phene,,9,Phene Street,London,,https://www.thephene.com/,200,,Q18161180,Mo-Fr 12:00-23:00, Sa 10:00-23:00, Su 10:00-22:00,,,,
,SW3,SW,node,443032351,node/443032351,51.4885827,-0.16266,The Phoenix,,23,Smith Street,,+44 20 7730 9182,https://www.thephoenixchelsea.co.uk/,200,,,,,,,,,
,SW3,SW,node,280835439,node/280835439,51.4842633,-0.1722964,The Pig's Ear,,,Old Church Street,London,,https://www.pigsearpub.com/,200,,,Tu-Sa 12:00-23:00, Mo 17:00-23:00, Su 12:00-22:00,,,,
,SW3,SW,way,225536856,way/225536856,51.4862162,-0.1631491,The Surprise,,6,Christchurch Street,Christchurch Terrace,,https://www.thesurprise-chelsea.co.uk/,,,http://www.geronimo-inns.co.uk/thesurprise/,,,,,,,
,SW3,SW,node,8308248176,node/8308248176,51.4887592,-0.1695057,The Sydney Arms,,70,Sydney Street,London,+44 20 7352 7924,https://www.sydneyarmschelsea.com/,200,,,,,,,,,
,SW3,SW,supabase,,2da5edda-4fc4-45bf-995b-c5540caa2438,51.4879,-0.168166,Trafalgar,Three Cheers Pub Co,,,,,,,,,,,,,,,
,SW4,SW,supabase,,4b718a41-2e82-4ebb-b9f0-675c729686c7,51.4653,-0.141036,Apollo Arms,Independent,,,,(020) 3827 1213,,,,,,,,,,,
,SW4,SW,node,246112013,node/246112013,51.4618322,-0.1376414,Belle Vue,,1,Clapham Common South Side,London,,https://www.bellevueclapham.com/,,,,,,,,,,
,SW4,SW,node,9878756230,node/9878756230,51.4661168,-0.1421957,Old Town Tavern,,29,North Street,,+44 20 7642 8642,https://oldtowntavern.co.uk/,200,,,"Mo 17:00-22:00; Tu-Th 17:00-00:00; Fr, Sa 14:00-02:00; Su 12:00-23:00",,,,,,
,SW4,SW,node,392625788,node/392625788,51.462091,-0.1379819,O’Neill’s,O'Neill's,196,Clapham High Street,London,+44 20 7498 4931,https://oneills.co.uk,403,,,"Mo-Th,Su 12:00-23:00; Fr-Sa 12:00-01:00",,,,,,
,SW4,SW,supabase,,e3273078-3cd6-4569-af75-2e8518682f00,51.4657,-0.141031,Pig's Head,Independent,,,,(020) 4568 5830,,,,,,,,,,,
,SW4,SW,way,1106581292,way/1106581292,51.4639157,-0.141922,Prince of Wales,,38,Old Town,,,,,,,Mo-Th 15:00-23:00, Fr 15:00-24:00, Sa 12:00-24:00, Su 12:00-23:00,,,
,SW4,SW,supabase,,d26bd560-6a2d-4727-ad56-ba82f5e8256b,51.4562,-0.143813,Rookery,Independent,,,,(020) 8673 9162,,,,,,,,,,,
,SW4,SW,node,246115186,node/246115186,51.454953,-0.1395127,The Abbeville,,67-69,Abbeville Road,London,,https://www.theabbeville.co.uk/,,,,,,,,,,
,SW4,SW,node,246111569,node/246111569,51.4612829,-0.1382297,The Alexandra,,,,,,https://www.alexandraclapham.com/,,,,,,,,,,
,SW4,SW,way,1106823471,way/1106823471,51.4658691,-0.1365376,The Bread and Roses,Workers Beer Company,68,Clapham Manor Street,London,,https://breadandrosespub.co.uk/,200,,,Mo-Th-16:00-23:00, Fr 16:00-24:00, Sa 12:00-24:00, Su 12:00-22:30,,,
,SW4,SW,node,13577578001,node/13577578001,51.4651728,-0.1329012,the Bridge bar,,,,,,,,,,,,,,,,
,SW4,SW,node,248921525,node/248921525,51.4655827,-0.1410858,The Calf,,87,Rectory Grove,London,,,,,,,,,,,,
,SW4,SW,node,248932665,node/248932665,51.4642991,-0.1353883,The Clapham Tap,,128,Clapham Manor Street,London,+44 20 7498 9633,https://the-clapham-tap.business.site/,404,,,Mo-Th 16:00-23:00, Fr 16:00-00:00, Sa 12:00-00:00, Su 12:00-23:00,,,
,SW4,SW,way,1206353507,way/1206353507,51.4597977,-0.1313996,The Coach & Horses,,173,Clapham Park Road,London,+44 20 7498 6308,,,,,Mo-Th 16:00-23:00, Fr 12:00-00:00, Sa 11:30-00:00, Su 12:00-22:30,,,
,SW4,SW,node,273509342,node/273509342,51.4642947,-0.1291283,The Falcon,,33,Bedford Road,London,,,,,,,,,,,,
,SW4,SW,node,248921524,node/248921524,51.465258,-0.1410423,The Grafton,,,,,,,,,,,,,,,,
,SW4,SW,node,4717389968,node/4717389968,51.4595004,-0.1340734,The King & Co.,,100,Clapham Park Road,London,+44 20 7498 1971,https://thekingandco.uk/,200,,,"Mo-We 16:00-23:00, Th 16:00-00:00, Fr 16:00-01:00, Sa 12:00-01:00, Su 12:00-23:00",,,,,,
,SW4,SW,node,12679983901,node/12679983901,51.4639376,-0.1326362,The Ox,,50,Clapham High Street,London,+44 20 3011 2223,https://www.theoxclapham.com/,200,,,,,,,,,
,SW4,SW,node,1314925438,node/1314925438,51.4536596,-0.1464242,The Perky Nel,,7-8,Cavendish Road,London,,,,,,Tu-Th 16:00-22:00, Fr 16:00-00:00, Sa 12:00-00:00, Su 12:00-22:30,,,
,SW4,SW,node,248933565,node/248933565,51.4645547,-0.1311338,The Railway Tavern,,18,Clapham High Street,London,,,,,,,,,,,,
,SW4,SW,node,248921520,node/248921520,51.4637043,-0.14135,The Rose and Crown,,2,The Polygon,London,,https://www.roseandcrownclapham.com/,,,,,,,,,,
,SW4,SW,way,961153760,way/961153760,51.4639577,-0.1369646,The Stonhouse,,165,Stonhouse Street,London,+44 20 7819 9312,https://www.thestonhouse.co.uk/,200,,,Mo-Th 11:00-23:00, Fr-Sa 11:00-24:00, Su 11:00-22:30,,,,
,SW4,SW,node,248921522,node/248921522,51.4639712,-0.1409221,The Sun,,47,Old Town,London,,,,,,,,,,,,
,SW4,SW,way,481010121,way/481010121,51.4662837,-0.1428044,The Tim Bobbin,,,,London,,,,,Q26318148,,,,,,,
,SW4,SW,node,279526311,node/279526311,51.4575038,-0.1441572,The Windmill,Young's,,Windmill Drive,London,+44 20 8673 4578,https://www.windmillclapham.co.uk/,200,,,,,,,,,
,SW4,SW,node,248921516,node/248921516,51.4661242,-0.1421645,Traders,,,,,,,,,,,,,,,,
,SW4,SW,node,289829475,node/289829475,51.4630642,-0.1348176,Two Brewers,Stonegate,114,Clapham High Street,London,+44 20 7819 9539,https://www.the2brewers.com/london,200,,,"17:00-02:00; Th 17:00-03:00; Fr,Sa 17:00-04:00",,,,,,
,SW4,SW,node,12093799635,node/12093799635,51.4623566,-0.137969,VennStreet Records,,78,Venn Street,,+44 20 3006 5911,https://www.vennstreetrecords.com/,200,,,"Mo-Tu,Su 17:00-24:00; We 17:00-01:00; Th-Sa 17:00-02:00",,,,,,
,SW5,SW,way,837514107,way/837514107,51.4921841,-0.1925589,Courtfield,Greene King,187,Earl's Court Road,London,+44 20 7370 2626,https://www.greeneking.co.uk/pubs/greater-london/courtfield,200,,,,,,,,,
,SW5,SW,way,835630866,way/835630866,51.4937393,-0.1945779,Earls Court Tavern,Greene King,123,Earl's Court Road,London,+44 20 7370 2760,https://www.greeneking.co.uk/pubs/greater-london/earls-court-tavern,200,,,"Mo-Th 11:00-23:00; Fr,Sa 11:00-00:00; Su 12:00-22:30",,,,,,
,SW5,SW,way,835849598,way/835849598,51.4928353,-0.1937433,Prince of Teck,,161,Earl's Court Road,London,+44 20 7373 4291,https://princeofteck.co.uk/,,,Q15979250,"Mo-Th 08:30-23:30; Fr,Sa 08:30-00:00; Su 08:30-23:30",,,,,,
,SW5,SW,way,837514114,way/837514114,51.4917937,-0.1920514,The Blackbird,Fuller's,209,Earl's Court Road,London,+44 20 7835 1855,https://www.blackbirdearlscourt.co.uk/,200,,Q112013259,,,,,,,
,SW5,SW,node,59169435,node/59169435,51.4895785,-0.1904313,The Bolton,O'Neill's,326,Old Brompton Road,London,,https://theboltonearlscourt.co.uk/,200,,,Mo-Th 12:00-23:00, Fr 12:00-00:00, Sa 10:00-00:00, Su 10:00-23:00,,,
,SW5,SW,way,182697408,way/182697408,51.490633,-0.1833461,The Drayton Arms,,153,Old Brompton Road,London,+44 20 7835 2301,https://www.thedraytonarmssw5.co.uk/,403,,Q15978976,,,,,,,
,SW5,SW,node,7858027226,node/7858027226,51.4908911,-0.1825444,The Duke of Clarence,,148,Old Brompton Road,London,+44 20 7373 1285,https://www.thedukeofclarencesw5.co.uk/,200,,,,,,,,,
,SW5,SW,way,469910180,way/469910180,51.4933822,-0.1926426,The King's Head,Fuller's,17,Hogarth Place,London,+44 20 7373 5239,https://www.kingsheadearlscourt.co.uk/,200,,,,,,,,,
,SW6,SW,supabase,,bb9391c3-6c01-41b0-b2a9-1316b3d9662a,51.4726,-0.200474,Aragon House,Young's,,,,(020) 7731 7313,,,,,,,,,,,
,SW6,SW,node,9908253789,node/9908253789,51.474133,-0.2131703,Bishops,,399,Fulham Palace Road,London,,https://www.bishopsbar.co.uk/,200,,,,,,,,,
,SW6,SW,way,151171737,way/151171737,51.4799074,-0.1960165,Bootsy Brogan's,,1,Fulham Broadway,London,,https://www.allinlondon.co.uk/clubs-bars/pubs/1639-bootsy-brogans,200,,,,,,,,,
,SW6,SW,node,1134441899,node/1134441899,51.4801804,-0.1956699,Broadway Bar and Grill,,474476,Fulham Road,London,,http://www.broadwaybandg.co.uk/,404,,,,,,,,,
,SW6,SW,supabase,,a82c31e5-476a-492c-b891-a20fb8022349,51.4758,-0.193324,Brook House,Independent,,,,(020) 7371 5283,,,,,,,,,,,
,SW6,SW,way,150574019,way/150574019,51.4813577,-0.1995737,Cock Tavern,Young's,360,North End Road,London,,https://www.cocktavern.co.uk/,,,Q15979552,,,,,,,
,SW6,SW,way,1211008216,way/1211008216,51.4725192,-0.1994851,Duke on the Green,,235,New King's Road,London,,https://www.dukeonthegreen.co.uk/,,,Q15978977,,,,,,,
,SW6,SW,node,2252633852,node/2252633852,51.4856569,-0.1993009,George & Dragon,,,,London,,,,,,,,,,,,
,SW6,SW,way,144670488,way/144670488,51.4871099,-0.1969104,Imperial Arms,,8,Lillie Road,London,,,,,,,,,,,,
,SW6,SW,node,20973312,node/20973312,51.4691887,-0.2100687,Kings Arms,Wadworth,425,New King's Road,London,,https://www.kingsarms-fulham.co.uk/,200,,,,,,,,,
,SW6,SW,supabase,,ef634373-6512-4b8b-8163-282e7a6731c3,51.4799,-0.202799,Mitre (SW6),Independent,,,,(020) 7386 8877,,,,,,,,,,,
,SW6,SW,supabase,,0d32922c-f940-4d7a-870a-35717c250a6e,51.4671,-0.198022,Parsons Green Sports & Social Club,Independent,,,,(020) 7736 1401,,,,,,,,,,,
,SW6,SW,node,4026677008,node/4026677008,51.4746783,-0.1888037,Queen Elisabeth,,,,,,,,,,,,,,,,
,SW6,SW,node,364655406,node/364655406,51.4861841,-0.1962858,The Atlas,,16,Seagrave Road,London,,https://www.theatlaspub.co.uk/,,,,,,,,,,
,SW6,SW,way,1210875022,way/1210875022,51.4813889,-0.2097696,The Bedford Arms,,204,Dawes Road,London,,https://www.craftunionpubs.com/bedford-arms-fulham,,,,,,,,,,
,SW6,SW,node,1375172419,node/1375172419,51.4751367,-0.2063716,The Brown Cow,,676,Fulham Road,London,,https://butcombe.com/the-brown-cow-pub-fulham/,200,,,,,,,,,
,SW6,SW,way,151288979,way/151288979,51.4801859,-0.189043,The Butcher's Hook,Greene King,477,Fulham Road,London,+44 20 3764 2816,https://www.greeneking.co.uk/pubs/greater-london/butchers-hook,200,,,,,,,,,
,SW6,SW,node,1149064292,node/1149064292,51.481119,-0.2097328,The Captain Cook,,203-205,Dawes Road,London,,,,,,,,,,,,
,SW6,SW,way,641951206,way/641951206,51.4820946,-0.2234092,The Crabtree,,,Rainville Road,London,,https://www.thecrabtreew6.co.uk/,,,,,,,,,,
,SW6,SW,node,377720122,node/377720122,51.4742491,-0.2072711,The Durrell Arms,,,,,,,,,,,,,,,,
,SW6,SW,way,331966112,way/331966112,51.4680333,-0.2100896,The Eight Bells,,89,Fulham High Street,London,,,,,Q23301469,,,,,,,
,SW6,SW,node,1375172418,node/1375172418,51.4750782,-0.2064016,The Fest,,678-680,Fulham Road,London,+44 20 7736 5293,https://www.octoberfestpub.com/,404,,,"Mo-Th,Su 12:00-23:00; Fr-Sa 12:00-24:00",,,,,,
,SW6,SW,way,911213761,way/911213761,51.4711161,-0.1873261,The Fulham Arms,,"135, 137",Stephendale Road,London,,https://butcombe.com/the-fulham-arms-london/,,,,Mo-Su 08:30-23:00,,,,,,
,SW6,SW,way,146549714,way/146549714,51.4799368,-0.2026796,The Fulham Mitre,,,,London,,,,,,,,,,,,
,SW6,SW,way,1211647587,way/1211647587,51.4699155,-0.2099689,The Golden Lion,,57,Fulham High Street,London,,,,,Q15221812,,,,,,,
,SW6,SW,way,150563483,way/150563483,51.4850136,-0.2024335,The Goose,,248,North End Road,London,,,,,,"Mo-Th 09:00-22:00, Fr,Su 09:00-23:00, Sa 09:00-24:00",,,,,,
,SW6,SW,way,944382658,way/944382658,51.4829445,-0.1965425,The Harwood Arms,,,Walham Grove,London,,https://harwoodarms.com/,200,,,,,,,,,
,SW6,SW,node,364654823,node/364654823,51.4786216,-0.1883136,The Imperial Arms,,,,,,,,,,,,,,,,
,SW6,SW,way,836216414,way/836216414,51.479427,-0.1869597,The Jam Tree,,541,King's Road,London,,,,,,,,,,,,
,SW6,SW,way,120935754,way/120935754,51.486642,-0.1973357,The Lillie Langtry,,19,Lillie Road,London,,https://www.hotellily.co.uk/,200,,,,,,,,,
,SW6,SW,way,144670484,way/144670484,51.4871078,-0.1971699,The Prince,Taylor Walker,14,Lillie Road,London,,https://www.theprincelondon.com/,,,,,,,,,,
,SW6,SW,way,836216417,way/836216417,51.4769979,-0.1893014,The Rose,,1,Harwood Terrace,London,,https://therosefulham.co.uk/,,,,,,,,,,
,SW6,SW,way,144713460,way/144713460,51.4838316,-0.2069013,The Rylston,,197,Lillie Road,London,,,,,,,,,,,,
,SW6,SW,node,49300405,node/49300405,51.4693971,-0.2104963,The Temperance,Stonegate,90,Fulham High Street,London,,https://www.socialpubandkitchen.co.uk/temperance-fulham,200,,Q15979548,,,,,,,
,SW6,SW,node,20973316,node/20973316,51.4727261,-0.1811598,The Waterside,,,The Boulevard,London,,https://www.watersideimperialwharf.co.uk/,,,,,,,,,,
,SW6,SW,node,996533375,node/996533375,51.4823451,-0.2030471,The Wellington,,,,,,,,,,,,,,,,
,SW6,SW,way,374780156,way/374780156,51.4744229,-0.200294,The White Horse,,1-3,Parsons Green,London,,https://www.whitehorsesw6.com/,403,,Q7774508,,,,,,,
,SW6,SW,node,290621074,node/290621074,51.4788399,-0.1927249,Tommy Tucker,,,,,,,,,,,,,,,,
,SW6,SW,way,87853299,way/87853299,51.4803221,-0.1952777,Walham Green,Wetherspoon,472,Fulham Road,London,,https://www.jdwetherspoon.com/pubs/walham-green-fulham/,200,,,,,,,,,
,SW6,SW,node,364655175,node/364655175,51.4813478,-0.1981412,Wolfpack,,17,Vanston Place,London,,https://wolfpackbars.com/fulham-bar/,,,,,,,,,,
,SW7,SW,way,121083434,way/121083434,51.4901297,-0.1769367,Anglesea Arms,,15,Selwood Terrace,London,,https://www.angleseaarms.com/,,,Q27083223,Mo-Su 12:00-22:00,,,,,,
,SW7,SW,node,539689482,node/539689482,51.4989739,-0.1720838,Eastside,,,,,,,,,,,,,,,,
,SW7,SW,node,1478210424,node/1478210424,51.5004131,-0.1779662,FiveSixEight,,,,,,,,,,"Th,Sa-Tu 12:00-22:30, We,Fr 12:00-24:00+",,,,,,
,SW7,SW,supabase,,e34dc9d8-eac0-4dad-a4de-14fccc19053a,51.4987,-0.177422,h-bar,,,,,,,,,,,,,,,,
,SW7,SW,way,655597244,way/655597244,51.4947098,-0.1743438,Hoop & Toy,Greene King,34,Thurloe Place,London,+44 20 7589 8360,https://www.greeneking.co.uk/pubs/greater-london/hoop-and-toy,200,,,Mo-Sa 11:00-00:00, Su 12:00-23:00,,,,,
,SW7,SW,supabase,,85be582f-8511-456c-bb3f-bf4a185c54c4,51.4999,-0.17807,Imperial College Union Bars,Imperial College Union,,,,,,,,,,,,,,,
,SW7,SW,node,1360505703,node/1360505703,51.4940964,-0.1821606,Stanhope Arms,Greene King,97,Gloucester Road,London,+44 20 7373 4192,https://www.greeneking.co.uk/pubs/greater-london/stanhope-arms,200,,,,,,,,,
,SW7,SW,node,2080592567,node/2080592567,51.4945303,-0.1849558,Tavern Pub,Holiday Inn,97,Cromwell Road,London,,https://hikensingtonforumhotel.co.uk/food-drink/the-tavern-a-traditional-english-pub-in-the-heart-of-london,200,,,"Mo-Fr 17:00-02:00; Sa,Su 12:00-02:00",,,,,,
,SW7,SW,way,813541218,way/813541218,51.4987508,-0.1839267,The Gloucester Arms,Greene King,34,Gloucester Road,London,,https://www.greeneking.co.uk/pubs/greater-london/gloucester-arms,200,,Q27085366,Mo-We 11:00-23:00, Th-Sa 11:00-00:00, Su 12:00-22:30,,,,
,SW7,SW,way,121272357,way/121272357,51.4929281,-0.1812962,The Hereford Arms,Fuller's,127,Gloucester Road,London,+44 20 7370 4988,https://www.herefordarms.co.uk/,200,,,Mo-Sa 11:00-23:00, Su 12:00-21:00,,,,,
,SW7,SW,way,809594843,way/809594843,51.4992807,-0.1808525,The Queens Arms,,30,Queen's Gate Mews,London,+44 20 7823 9293,https://www.thequeensarmskensington.co.uk/,403,,,,,,,,,
,SW7,SW,node,20821133,node/20821133,51.5004234,-0.1777428,The Union Bar,,,,,,,,,,"""by appointment""",,,,,,
,SW7,SW,way,121558830,way/121558830,51.4934164,-0.1759347,Zetland Arms,Greene King,2,Bute Street,London,,https://www.greeneking.co.uk/pubs/greater-london/zetland-arms,200,,Q23301500,,,,,,,
,SW7,SW,node,3701524147,node/3701524147,51.4986275,-0.1783206,ħ,Imperial College Union,,,,,,,,,,,,,,,
,SW8,SW,way,1424762272,way/1424762272,51.4829055,-0.1364486,Battersea BARge,,,Tideway Walk,London,,,,,,,,,,,,
,SW8,SW,node,6345003065,node/6345003065,51.4828518,-0.147044,Battersea Brewery,,12-14,Arches Lane,London,+44 20 8161 2366,https://batterseabrew.co.uk,200,,,Mo-Th 12:00-23:00, Fr-Sa 12:00-24:00, Su 12:00-23:00,,,,
,SW8,SW,node,1786388184,node/1786388184,51.471497,-0.1349448,Feeleys,,,,,,,,,,,,,,,,
,SW8,SW,node,1275835684,node/1275835684,51.4768147,-0.1468975,Masons Arms,Fuller's,169,Battersea Park Road,London,,https://www.masons-arms-battersea.co.uk/,200,,Q26318611,,,,,,,
,SW8,SW,way,803764529,way/803764529,51.4782009,-0.1257661,Mawbey Arms,,7,Mawbey Street,London,,,,,,,,,,,,
,SW8,SW,node,12595899238,node/12595899238,51.4746712,-0.1402311,Mondo Tap,,86-92,Stewarts Road,London,,https://mondobeer.com/location/tap-house/,404,,,We-Fr 17:00-23:00, Sa 13:00-23:00, Su 14:00-22:00,,,,
,SW8,SW,node,4975270291,node/4975270291,51.4825263,-0.1375016,Nine Elms Tavern,,3,Riverlight Quay,London,,https://www.nineelmstavern.co.uk/,,,,,,,,,,
,SW8,SW,node,261310647,node/261310647,51.4795759,-0.1259483,Nolan's,,33,Wilcox Road,London,,,,,,,,,,,,
,SW8,SW,node,379822603,node/379822603,51.4712492,-0.1380284,Pensbury Arms,,,,,,,,,,,,,,,,
,SW8,SW,supabase,,3c36e23d-3d63-4d09-812a-050f14ea77b4,51.4681,-0.149415,Queens Arms,Independent,,,,07561 733253,,,,,,,,,,,
,SW8,SW,supabase,,af5a235c-b2d1-44b5-af45-0b2db5d3517f,51.4854,-0.12621,Riverside,,,,,(020) 7735 8129,,,,,,,,,,,
,SW8,SW,way,1007077773,way/1007077773,51.4771539,-0.122896,The Canton Arms,,177,South Lambeth Road,London,+44 20 7582 8710,https://cantonarms.com/,200,,,,,,,,,
,SW8,SW,node,261348576,node/261348576,51.4764537,-0.1276913,The Cavendish Arms,,128,Hartington Road,London,,,,,,,,,,,,
,SW8,SW,node,1103275887,node/1103275887,51.4811678,-0.1132925,The Derby,,336,Kennington Park Road,London,,https://thederbyse11.co.uk,200,,,Su-Tu 12:00-23:30, We-Th 12:00-00:30, Fr-Sa 12:00-01:00,,,,
,SW8,SW,way,428293736,way/428293736,51.4791724,-0.1424812,The Duchess Belle,,101,Battersea Park Road,London,,,,,,,,,,,,
,SW8,SW,way,296861478,way/296861478,51.4809873,-0.1182178,The Fentiman Arms,,64,Fentiman Road,London,+44 20 7793 9796,https://www.thefentimanarms.co.uk,200,,,Mo-Sa 11:30-23:00, Su 12:00-22:30,,,,,
,SW8,SW,way,498824930,way/498824930,51.4816981,-0.1256251,The Griffin Belle,,8,Wyvil Road,London,,,,,,,,,,,,
,SW8,SW,node,108035448,node/108035448,51.4787002,-0.1288063,The Nottingham Castle,,257,Wandsworth Road,London,,,,,,,,,,,,
,SW8,SW,node,1112222569,node/1112222569,51.4681008,-0.1447743,The Plough Inn,,,,,,,,,Q27084576,,,,,,,
,SW8,SW,node,261000393,node/261000393,51.4748429,-0.128315,The Priory Arms,,,,,,,,,,Mo-Fr 16:00-23:00, Sa 12:00-23:00, Su 12:00-22:30,,,,
,SW8,SW,node,904362356,node/904362356,51.4856332,-0.1270319,The Riverside Vauxhall,Young's,5,St. George's Wharf,London,+44 20 7735 8129,https://www.riversidelondon.co.uk/,200,,,Mo-Su 08:00-00:00,,,,,,
,SW8,SW,node,7061825385,node/7061825385,51.47448,-0.1313166,The Surprise,,16,Southville,London,,,,,,,,,,,,
,SW8,SW,way,972617699,way/972617699,51.4729361,-0.1481698,The Victoria,,166,Queenstown Road,London,,,,,,,,,,,,
,SW9,SW,node,10087011293,node/10087011293,51.4634936,-0.1094562,Brixton Brewery Tap Room,,548,Brixton Station Road,London,,https://brixtonbrewery.com/pages/brixtonbrewerytaproom,200,,,,,,,,,
,SW9,SW,node,279391479,node/279391479,51.4706805,-0.112081,Brixton Jamm,,261,Brixton Road,London,,https://www.brixtonjamm.org/,200,,,,,,,,,
,SW9,SW,supabase,,8f87f083-846d-40cf-956c-8bf2d144d07f,51.4656,-0.103491,Clarkshaw Tap Room,Independent,,,,07989 402687,,,,,,,,,,,
,SW9,SW,way,321450395,way/321450395,51.4634753,-0.1139357,Craft Beer Co,The Craft Beer Co.,11-13,Brixton Station Road,London,+44 20 7095 9129,http://www.thecraftbeerco.com/brixton,200,,,Mo-We 16:30-23:00,Th 16:30-00:00,Fr 16:30-01:00,Sa 12:00-01:00,Su 12:00-22:30,,
,SW9,SW,node,261245915,node/261245915,51.4713507,-0.1128611,Crown & Anchor,Conway Taverns,246,Brixton Road,London,,https://crownandanchorbrixton.co.uk,200,,,Mo 16:30-23:00, Tu-Th 16:30-24:00, Fr 16:30-25:00, Sa 12:00 - 25:00, Su 12:00-23:00,,
,SW9,SW,node,12029142595,node/12029142595,51.4617441,-0.1118766,Flamingo Electric,,,,,,,,,,,,,,,,
,SW9,SW,node,11006274641,node/11006274641,51.4609224,-0.111238,Ghost Whale,,70,Atlantic Road,London,+44 20 7207 1641,https://www.ghostwhalelondon.com,200,,,"Mo 16:00-20:00; Tu 16:00-21:00; We 16:00-23:00; Th-Sa 12:00-23:00; Su, PH 12:00-20:00",,,,,,
,SW9,SW,node,9316184134,node/9316184134,51.4699105,-0.1172631,Grosvenor Arms,,17,Sidney Road,London,,https://www.thegrosvenorarmsbrixton.com/,200,,,"Mo-Fr 16:00-23:59,00:00-11:30; Sa 12:00-23:30; Su 12:00-22:30",,,,,,
,SW9,SW,supabase,,f74deb9b-b189-4561-bd39-e0d60a245b5e,51.4657,-0.12609,Landor,,,,,(020) 7737 3419,,,,,,,,,,,
,SW9,SW,way,155062259,way/155062259,51.4663769,-0.1197249,Marquis of Lorne,,,,,,,,,,,,,,,,
,SW9,SW,way,321450393,way/321450393,51.46374,-0.1142024,The Beehive,Wetherspoon,407,Brixton Road,London,,https://www.jdwetherspoon.com/pubs/the-beehive-brixton,200,,Q88917057,,,,,,,
,SW9,SW,way,1090549508,way/1090549508,51.4654182,-0.1291587,The Clapham North,,409,Clapham Road,London,,https://www.claphamnorthpub.co.uk/,200,,,Mo-Th 11:00-00:00, Fr-Sa 11:00-01:00, Su 12:00-23:00,,,,
,SW9,SW,way,503405904,way/503405904,51.4633044,-0.1200405,The Duke of Edinburgh,,204,Ferndale Road,London,,https://dukeofedinburghpub.com/,,,Q21008652,,,,,,,
,SW9,SW,node,279391483,node/279391483,51.4781203,-0.1034297,The Golden Goose,,,,,,,,,,,,,,,,
,SW9,SW,node,266877019,node/266877019,51.4657075,-0.1260872,The Landor Theatre,,,,,,,,,Q6484917,,,,,,,
,SW9,SW,node,132960560,node/132960560,51.4687716,-0.1270502,The Phoenix,,348,Clapham Road,,,,,,,,,,,,,
,SW9,SW,way,321929832,way/321929832,51.4617074,-0.1136822,The Prince Albert,Greene King,418,Coldharbour Lane,London,+44 20 7274 3771,https://www.greeneking.co.uk/pubs/greater-london/prince-albert,200,,,,,,,,,
,SW9,SW,way,321923641,way/321923641,51.4615534,-0.1149433,The Prince of Wales,,467-469,Brixton Road,London,+44 20 7095 1978,https://www.pow-london.com,200,,,Mo-Fr 16:00-24:00, Sa 15:00-02:00, Su 15:00-24:00,,,,
,SW9,SW,way,171299014,way/171299014,51.4672687,-0.1181225,The Queens Head,,144,Stockwell Road,London,,https://www.queensheadbrixton.co.uk,404,,Q26318052,,,,,,,
,SW9,SW,way,321214835,way/321214835,51.4720013,-0.1223,The Swan,,,,,,,,,,,,,,,,
,SW9,SW,way,1006213538,way/1006213538,51.4617779,-0.1193137,Trinity Arms,,45,Trinity Gardens,London,+44 20 7274 4544,https://www.trinityarms.co.uk/,,,,Mo-Th 12:00-23:00, Fr-Sa 12:00-24:00, Su 12:00-23:00,,,,
,W10,W,way,777761485,way/777761485,51.5260958,-0.2114382,Frames,,265,Kensal Road,London,,,,,,,,,,,,
,W10,W,way,784394726,way/784394726,51.5131208,-0.2180273,Garden Bar,,41,Bramley Road,London,+44 20 7229 1111,https://housebars.co.uk/gardenbar/,200,,,,,,,,,
,W10,W,node,446882323,node/446882323,51.518181,-0.2088068,Nova Cafe,,,,,,,,,,,,,,,,
,W10,W,way,439037559,way/439037559,51.5288525,-0.2162893,Paradise by way of Kensal Green,,19,Kilburn Lane,London,,https://domainlore.uk/theparadise.co.uk,200,,,,,,,,,
,W10,W,way,501361093,way/501361093,51.5141098,-0.2173947,Pig & Whistle,,92,Bramley Road,London,+44 20 8960 8071,,,,,,,,,,,
,W10,W,way,775919714,way/775919714,51.5222126,-0.2125415,The Eagle,,250,Ladbroke Grove,London,+44 20 3757 8051,https://www.theeagleladbroke.com/,,,,"Su-Th 12:00-23:00, Fr,Sa 12:00-24:00",,,,,,
,W10,W,node,446882529,node/446882529,51.5169298,-0.20989,The Knight of Notting Hill,,139,Lancaster Road,London,,https://theknightofnottinghill.com/,,,,"Su-Th 11:00-24:00, Fr,Sa 11:00-01:00",,,,,,
,W11,W,supabase,,5b79398e-8173-4a5e-bc4d-8a22fe7a8cef,51.5089,-0.198774,Archer Street,Independent,,,,(020) 8075 5233,,,,,,,,,,,
,W11,W,way,357280502,way/357280502,51.5134582,-0.2027232,Earl of Lonsdale,Samuel Smiths,277-281,Westbourne Grove,London,+44 20 7727 6335,https://earloflonsdale.co.uk/,,,,,,,,,,
,W11,W,node,30592674,node/30592674,51.5095361,-0.1975022,Prince Albert,,11,Pembridge Road,London,,https://www.the-prince-albert.co.uk/,403,,,,,,,,,
,W11,W,way,356687576,way/356687576,51.5109396,-0.1978277,Sun in Splendour,,7,Portobello Road,London,+44 20 7792 0914,https://www.suninsplendourpub.co.uk/,403,,,,,,,,,
,W11,W,way,159741243,way/159741243,51.5069343,-0.2070241,The Castle,,100,Holland Park Avenue,London,+44 20 7313 9301,,,,,,,,,,,
,W11,W,way,357564841,way/357564841,51.5166253,-0.2057168,The Castle,,225,Portobello Road,London,+44 20 7221 7103,https://www.castleportobello.co.uk,403,,,Mo-Th 12:00-23:00, Fr-Sa 11:00-00:00, Su 12:00-20:00,,,,
,W11,W,way,363039919,way/363039919,51.5154093,-0.1975326,The Cock and Bottle,,17,Needham Road,London,,https://www.cockandbottlew11.com/,200,,,,,,,,,
,W11,W,way,357280516,way/357280516,51.5152183,-0.2047974,The Duke of Wellington,Young's,179,Portobello Road,London,+44 20 7727 6727,https://www.thedukeofwellingtonpub.com/,200,,,,,,,,,
,W11,W,way,772671772,way/772671772,51.5162447,-0.2088498,The Elgin,,96,Ladbroke Grove,London,+44 20 7229 5663,https://www.theelginnottinghill.co.uk/,200,,Q15978982,"Mo-Th 10:00-23:00, Su 11:00-22:30, Fr,Sa 10:00-24:00",,,,,,
,W11,W,way,765454461,way/765454461,51.5090809,-0.2029018,The Ladbroke Arms,,54,Ladbroke Road,London,+44 20 7727 6648,https://www.ladbrokearms.com/,200,,,,,,,,,
,W11,W,way,436849635,way/436849635,51.5206295,-0.2007329,The Lock and Lantern,,60,Great Western Road,London,,https://thelockandlantern.co.uk/,,,,Mo-Tu Closed, We-Fr 16:00-24:00, Sa 12:00-24:00, Su 12:00-23:00,,,
,W11,W,node,489706578,node/489706578,51.5079559,-0.2034601,The Mitre,,40,Holland Park Avenue,London,+44 20 7727 6332,https://www.themitrew11.co.uk/,200,,,Mo-Sa 12:00-22:00, Su 12:00-21:00,,,,,
,W11,W,node,2151137768,node/2151137768,51.5188056,-0.2046257,The Pelican,Allsopp's,45,All Saints Road,London,,https://thepelicanw11.com/,,,,,,,,,,
,W11,W,way,790740459,way/790740459,51.505595,-0.2161022,The Stewart Arms,,26,Norland Road,London,+44 20 3602 1417,https://www.stewartarmsnottinghill.co.uk/,,,,,,,,,,
,W11,W,node,1587485161,node/1587485161,51.51677,-0.201699,The Tabernacle,,,,,,,,,,,,,,,,
,W11,W,way,362240472,way/362240472,51.5151881,-0.1991615,Walmer Castle,,58,Ledbury Road,London,+44 20 7229 4620,https://www.walmercastle-nottinghill.co.uk/,,,,Mo-Fr 12:00-23:00, Sa 10:00-23:00, Su 12:00-22:30,,,,
,W12,W,way,948721326,way/948721326,51.5062343,-0.2382427,Coningham Arms,,191,Uxbridge Road,London,+44 20 8749 1024,,,,,,,,,,,
,W12,W,relation,12704739,relation/12704739,51.5034189,-0.2364542,Crown and Sceptre,Fuller's,57,Melina Road,London,,https://www.crownandsceptreshepherdsbush.co.uk/,200,,,,,,,,,
,W12,W,supabase,,92ee03b5-35c2-4ffa-99cb-e18b31c916e5,51.5066,-0.238712,Hawthorn,Independent,,,,(020) 3620 7283,,,,,,,,,,,
,W12,W,node,402386714,node/402386714,51.5065799,-0.2386957,Pocket Watch,,434,Uxbridge Road,London,+44 20 8749 0313,https://www.barrelandstone.co.uk/pub/the-pocket-watch-pub-shepherds-bush/,,,,"Mo-Th 10:00-23:00; Fr-Sa 10:00-24:00; Su 10:00-23:00 || Mo-Fr 12:00-22:00 open ""Kitchen"" || Sa 10:00-22:00; Su 10:00-21:00 open ""Kitchen""",,,,,,
,W12,W,relation,12811040,relation/12811040,51.5063373,-0.241095,Princess Victoria,,217,Uxbridge Road,London,+44 20 8749 4466,https://princessvictoria.co.uk/,200,,Q39073526,Mo-Th 11:00-23:00, Fr-Sa 11:00-24:00, Su 11:00-22:30,,,,
,W12,W,node,8620475154,node/8620475154,51.5104553,-0.230398,Queens Tavern,,121,South Africa Road,London,+44 7778 707000,,,,,,,,,,,
,W12,W,way,226382772,way/226382772,51.5032494,-0.2241037,Sindercombe Social,,2,Goldhawk Road,London,,,,,,"Su-Th 12:00-24:00, Fr,Sa 12:00-02:00",,,,,,
,W12,W,way,952193494,way/952193494,51.5065324,-0.2448325,The Askew,,269,Askew Road,London,+44 20 8743 2791,https://www.askewshepherdsbush.co.uk/,200,,,,,,,,,
,W12,W,node,13435875145,node/13435875145,51.509913,-0.2247588,The Broadcast,,,,,,,,,,,,,,,,
,W12,W,node,1496718867,node/1496718867,51.50638,-0.2201483,The Bull,,,Ariel Way,London,,,,,,,,,,,,
,W12,W,node,13518978862,node/13518978862,51.5029285,-0.2239108,The Bush Tavern,,,,,,https://thebushtavern.com/,200,,,,,,,,,
,W12,W,node,1713315332,node/1713315332,51.5038323,-0.2191034,The Central Bar,Wetherspoon,,Shepherd's Bush Green,London,,https://www.jdwetherspoon.com/pubs/the-central-bar-shepherds-bush,200,,Q88917067,,,,,,,
,W12,W,way,159244751,way/159244751,51.5053327,-0.2243896,The Defector's Weld,,170,Uxbridge Road,London,+44 20 8749 0008,https://www.defectors-weld.co.uk/,200,,,,,,,,,
,W12,W,way,945088844,way/945088844,51.5006446,-0.239172,The Eagle,,,,,,https://www.theeaglew12.co.uk/,200,,,"Su-Th 11:00-23:00; Fr,Sa 11:00-24:00",,,,,,
,W12,W,node,8648598325,node/8648598325,51.50531,-0.2248736,The Green,Stonegate,172-174,Uxbridge Road,London,,https://www.craftunionpubs.com/green-shepherds-bush,200,,,,,,,,,
,W12,W,way,959553654,way/959553654,51.5016181,-0.2419074,The Orchard Tavern,,136,Askew Road,London,+44 20 8746 7800,,,,,,,,,,,
,W12,W,way,273759179,way/273759179,51.518941,-0.2276448,The Pavilion,Greene King,,Wood Lane,London,,https://www.greeneking.co.uk/pubs/greater-london/pavilion,200,,,,,,,,,
,W12,W,way,880067176,way/880067176,51.5066247,-0.2374796,The Queen Adelaide,Greene King,412,Uxbridge Road,London,,https://www.greeneking.co.uk/pubs-near-me,200,https://www.greeneking.co.uk/pubs-near-me,Q27083453,Mo-Th 12:00-23:00, Fr-Sa 12:00-24:00, Su 12:00-22:30,,,,
,W12,W,node,425362689,node/425362689,51.5021889,-0.228507,The Shepherd and Flock,,84,Goldhawk Road,,+44 20 8743 4046,,,,,,,,,,,
,W12,W,way,937498584,way/937498584,51.5056366,-0.2280941,The White Horse,Stonegate,31,Uxbridge Road,London,+44 20 8723 4531,https://www.craftunionpubs.com/white-horse-shepherds-bush,200,,,,,,,,,
,W12,W,node,11343785904,node/11343785904,51.5095827,-0.2228276,Westwood,,,,,,,,,,,,,,,,
,W13,W,node,8427001121,node/8427001121,51.5111175,-0.3173636,Black George,,181,Uxbridge Road,London,,,,,,,,,,,,
,W13,W,node,540414280,node/540414280,51.525204,-0.3202214,Duke of Kent,Fuller's,,,,,https://www.dukeofkent.co.uk/,200,,Q16989158,,,,,,,
,W13,W,node,6572865790,node/6572865790,51.5113903,-0.3155599,O'Briens,,137,Uxbridge Road,London,,,,,,,,,,,,
,W13,W,node,8714409426,node/8714409426,51.5009748,-0.3154255,Players,,184,Northfield Avenue,London,,,,,,,,,,,,
,W13,W,node,249786782,node/249786782,51.5114253,-0.3150232,Prince Arthur,,123,Uxbridge Road,London,+44 20 8567 4446,,,,,,,,,,,
,W13,W,node,249793689,node/249793689,51.5115625,-0.3159141,Star And Scorpion,,94,Uxbridge Road,London,,,,,,,,,,,,
,W13,W,node,411901766,node/411901766,51.5116701,-0.3154088,The Castlebar,,84,Uxbridge Road,London,,,,,,,,,,,,
,W13,W,node,3226659717,node/3226659717,51.5142424,-0.3192824,The Drayton Court,Fuller's,2,The Avenue,London,,https://www.draytoncourtlondon.co.uk/,200,,Q7730896,,,,,,,
,W13,W,way,524800980,way/524800980,51.5061829,-0.3204628,The Forester,Fuller's,2,Leighton Road,London,+44 20 8567 1654,https://www.foresterealing.co.uk/,200,,Q16992302,Mo 11:00-22:00, Tu-Sa 11:00-24:00, Su 11:00-22:30,,,,
,W13,W,node,7179078030,node/7179078030,51.5097694,-0.3272,The Leather Saddle,,138,Broadway,London,,https://www.lemonrock.com/leathersaddlewestealing,,,,,,,,,,
,W13,W,node,7179078032,node/7179078032,51.509947,-0.3265639,The Old Hat,,128,Broadway,London,,https://www.theoldhatealing.co.uk/,,,,,,,,,,
,W13,W,node,8707334318,node/8707334318,51.5029728,-0.3170027,The Owl and the Pussycat,,106,Northfield Avenue,London,,,,,Q81047950,Mo-Sa 16:00-22:00, Su 13:00-17:00,,,,,
,W13,W,supabase,,4456ec16-ae84-4862-acfb-5e73ea1e0e34,51.5253,-0.32949,Trailfinders Sports Club,Independent,,,,(020) 8998 7928,,,,,,,,,,,
,W13,W,supabase,,d8dba1a8-6464-4eb3-a303-880f7ff742bf,51.5008,-0.3234,West Ealing Bowls & Social Club,Independent,,,,(020) 8567 7658,,,,,,,,,,,
,W14,W,way,159731315,way/159731315,51.4979862,-0.2074023,Crown & Sceptre,,34,Holland Road,London,,https://www.crownandsceptrepub.com/,403,,,,,,,,,
,W14,W,way,151542785,way/151542785,51.4894003,-0.2095192,Curtains Up,,28a,Comeragh Road,London,,https://www.thecurtainsup.co.uk/,,,,,,,,,,
,W14,W,way,151524248,way/151524248,51.4907224,-0.2064449,Famous 3 Kings,,171,North End Road,London,,,,,,Mo-Th 12:00-23:00, Fr 12:00-25:00, Sa 11:00-25:00, Su 11:00-23:00,,,
,W14,W,node,9205363977,node/9205363977,51.4944109,-0.2127554,The Albion,,121,Hammersmith Road,London,,http://www.thealbionpub.com/,200,,,,,,,,,
,W14,W,way,151490690,way/151490690,51.4997305,-0.2153352,The Bird in Hand,,88,Masbro' Road,London,,https://thebirdinhandlondon.com/,200,,,,,,,,,
,W14,W,way,147314581,way/147314581,51.4882987,-0.2043968,The Clarence,,148,North End Road,London,,,,,,,,,,,,
,W14,W,node,312668636,node/312668636,51.4865599,-0.210879,The Colton Arms,,,,,,,,,,,,,,,,
,W14,W,way,148723643,way/148723643,51.4943978,-0.2101886,The Cumberland Arms,,29,North End Road,London,,https://www.thecumberlandarmspub.co.uk/,200,,,,,,,,,
,W14,W,way,147338881,way/147338881,51.4866671,-0.2033323,The Elm,,206,North End Road,London,,https://theelmfulham.co.uk/,,,,,,,,,,
,W14,W,way,115595349,way/115595349,51.4958307,-0.2080294,The Hand and Flower,Fuller's,1,Hammersmith Road,London,+44 20 7371 4105,https://www.handandflower.co.uk/,200,,,,,,,,,
,W14,W,way,987866346,way/987866346,51.4993171,-0.2161018,The Havelock Tavern,,57,Masbro' Road,London,,https://www.havelocktavern.com/,200,,,,,,,,,
,W14,W,way,225552211,way/225552211,51.4971369,-0.2162176,The Keep of Brook Green,,43,Blythe Road,London,,,,,,,,,,,,
,W14,W,way,147338883,way/147338883,51.4873532,-0.203726,The Old Oak,,180,North End Road,London,,,,,,,,,,,,
,W14,W,node,266819667,node/266819667,51.5002698,-0.221756,The Richmond,,55,Shepherds Bush Road,,,,,,,,,,,,,
,W14,W,node,312669400,node/312669400,51.4870402,-0.2031196,The Seven Stars,,,,,,,,,Q20876293,,,,,,,
,W14,W,way,144667841,way/144667841,51.4953255,-0.2030862,The Warwick Arms,Fuller's,160,Warwick Road,London,+44 20 7603 3560,https://www.warwick-arms-kensington.co.uk/,200,,,,,,,,,
,W1A,W,supabase,,5d1f2a70-56a1-4e7c-9535-863a0fe34071,51.519,-0.143504,BBC Club W1,Independent,,,,(020) 7765 3620,,,,,,,,,,,
,W1B,W,supabase,,bf418214-00fc-4336-a96d-dd03d17fe0d0,51.5129,-0.139682,Ain't Nothin' But...,Independent,,,,(020) 7287 0514,,,,,,,,,,,
,W1B,W,way,582746347,way/582746347,51.5123553,-0.1387019,Ticket Hall,,5,Kingly Street,London,,https://www.cahoots.co.uk/ticket-hall/,,,,,,,,,,
,W1B,W,way,273610363,way/273610363,51.5128934,-0.1394384,The Blue Posts,Greene King,,,London,,https://www.greeneking.co.uk/pubs/greater-london/blue-posts,200,,,,,,,,,
,W1B,W,way,272198116,way/272198116,51.5135268,-0.1402271,The Clachan,Nicholson's,34,Kingly Street,London,,https://www.nicholsonspubs.co.uk/restaurants/london/theclachankinglystreetlondon,403,,Q26314557,,,,,,,
,W1B,W,way,107803104,way/107803104,51.5106157,-0.1370583,The Glassblower,Greene King,,,London,,https://www.greeneking.co.uk/pubs/greater-london/glass-blower,404,,,,,,,,,
,W1B,W,node,452215462,node/452215462,51.510566,-0.1376134,The Leicester Arms,Greene King,44,Glasshouse Street,London,,https://www.greeneking.co.uk/pubs/greater-london/leicester-arms,200,,,,,,,,,
,W1B,W,way,582498694,way/582498694,51.5126815,-0.1391446,The Red Lion,,14,Kingly Street,London,+44 20 7734 4985,,,,,Mo-Sa 12:00-23:00, Su 12:30-22:30,,,,,
,W1B,W,node,5513818707,node/5513818707,51.5174615,-0.1431601,The Wigmore,,15,Langham Place,London,,https://www.the-wigmore.co.uk/,,,,Mo-We 12:00-00:00, Th-Sa 12:00-01:00, Su 12:00-19:00,,,,
,W1C,W,node,503562786,node/503562786,51.5139051,-0.1577933,City Of Quebec,Greene King,,,,,https://www.greeneking.co.uk/pubs/greater-london/city-of-quebec,200,,,,,,,,,
,W1C,W,supabase,,1eb724e5-78ff-4241-aea6-e89289311ee0,51.5154,-0.149489,Oriental Club (Stratford House),Independent,,,,(020) 7629 5126,,,,,,,,,,,
,W1C,W,node,452240939,node/452240939,51.5143279,-0.1474367,Spread Eagle,Greene King,8,Woodstock Street,London,+44 20 7629 4695,https://www.greeneking.co.uk/pubs/greater-london/spread-eagle,200,,,,,,,,,
,W1C,W,way,249211268,way/249211268,51.5142989,-0.1477665,The Woodstock,,,,London,,,,,,,,,,,,
,W1D,W,way,157779526,way/157779526,51.5129204,-0.1322801,Admiral Duncan,Stonegate,54,Old Compton Street,London,,https://www.admiral-duncan.co.uk/soho,200,,Q4683676,,,,,,,
,W1D,W,node,1937328128,node/1937328128,51.5126049,-0.1325151,Comptons of Soho,Stonegate,51-53,Old Compton Street,London,,https://www.comptonsofsoho.co.uk/comptons,200,,Q5157187,,,,,,,
,W1D,W,supabase,,61371506-6876-4f10-83e9-00a780028d2c,51.5121,-0.131318,De Hems,Castle,,,,(020) 7437 2494,https://www.dehemspub.co.uk/#/,,,,,,,,,,
,W1D,W,way,993439403,way/993439403,51.5121146,-0.1311792,De Hems Cafe Bar,Nicholson's,11,Macclesfield Street,London,+44 20 7437 2494,https://www.nicholsonspubs.co.uk/dehemsdutchcafebarsoholondon/,403,,Q5244433,Mo-Th 10:00-24:00, Fr-Sa 0:00-0:30, Fr-Sa 10:00-24:00, Su 10:00-23:00,,,
,W1D,W,supabase,,8e4e58c7-07e1-4707-af1f-aee7853fb23f,51.5106,-0.1353,Devonshire,Independent,,,,,,,,,,,,,,,
,W1D,W,node,12988179262,node/12988179262,51.5118593,-0.1346803,Duke of Argyll,Samuel Smith,37,Brewer Street,London,,https://thedukeofargyll.co.uk/,,,,,,,,,,
,W1D,W,way,157779556,way/157779556,51.5123174,-0.1331259,Duke of Wellington,Stonegate,77,Wardour Street,London,+44 20 7439 1274,https://www.dukeofwellingtonsoho.co.uk/london,200,,,Mo-Sa 12:00-24:00, Su 12:00-23:30,,,,,
,W1D,W,way,280985110,way/280985110,51.5127389,-0.1317138,French House,,49,Dean Street,London,,http://www.frenchhousesoho.com/,200,,Q7735253,"Mo-Sa 11:30-23:00, Su 12:00-22:30",,,,,,
,W1D,W,way,559103590,way/559103590,51.5125364,-0.1315545,Golden Lion,Greene King,51,Dean Street,London,,https://www.greeneking.co.uk/pubs/greater-london/golden-lion,200,,,,,,,,,
,W1D,W,way,993781439,way/993781439,51.5113045,-0.1323807,O'Neills,O'Neill's,,Wardour Street,London,,,,,,,,,,,,
,W1D,W,node,565470149,node/565470149,51.5151393,-0.130809,Royal George,,133,Charing Cross Road,London,+44 20 7734 8837,https://www.theroyalgeorgewc2.co.uk/,403,,,,,,,,,
,W1D,W,node,348874860,node/348874860,51.5121343,-0.1334375,Rupert Street,Stonegate,50,Rupert Street,London,+44 20 7494 3059,https://www.rupert-street.com/london,200,,,"Mo-Th 12:00-23:00; Fr,Sa 12:00-23:45; Su 12:00-22:30",,,,,,
,W1D,W,way,572503114,way/572503114,51.5109004,-0.1341155,St James Tavern,,45,Great Windmill Street,London,+44 20 7437 5009,,,,,,,,,,,
,W1D,W,way,157771389,way/157771389,51.513882,-0.1296871,The Coach & Horses,Shepherd Neame,2,Old Compton Street,London,+44 20 7434 4294,https://www.coachandhorsesoldcompton.co.uk/,200,,Q27082196,,,,,,,
,W1D,W,way,279533213,way/279533213,51.5132692,-0.1301436,The Coach and Horses,Fuller's,29,Greek Street,London,+44 20 7437 5920,https://www.coachandhorsessoho.pub/,200,,Q5137601,Mo-Su 12:00-22:00,,,,,,
,W1D,W,way,280980550,way/280980550,51.5138688,-0.1324606,The Crown & Two Chairmen,,31-32,Dean Street,London,,,,,Q121745465,,,,,,,
,W1D,W,way,279570944,way/279570944,51.5139982,-0.1319614,The Dog and Duck,Nicholson's,18,Bateman Street,London,,https://www.nicholsonspubs.co.uk/restaurants/london/thedogandducksoholondon,403,,Q15978971,Mo-We 12:00-23:00, Th 12:00-23:30, Fr 12:00-24:00, Sa 11:30-24:00, Su 12:00-22:30,,
,W1D,W,node,26699558,node/26699558,51.5165109,-0.1307587,The Flying Horse,Nicholson's,,,,,https://www.nicholsonspubs.co.uk/restaurants/london/theflyinghorseoxfordstreetlondon,403,,Q16707773,Mo-Sa 11:00-23:00, Su 12:00-22:30,,,,,
,W1D,W,way,249343304,way/249343304,51.5113086,-0.1343662,The Lyric,,37,Great Windmill Street,London,,http://www.lyricsoho.co.uk,200,,,,,,,,,
,W1D,W,way,279322556,way/279322556,51.5140004,-0.1301956,The Montagu Pyke,Wetherspoon,,,London,,https://www.jdwetherspoon.com/pubs/the-montagu-pyke-westminster/,200,https://www.jdwetherspoon.com/pubs/the-montagu-pyke-westminster/,,Mo-Th 08:00-23:00, Fr-Sa 08:00-23:30, Su 10:00-22:30,,,,
,W1D,W,way,288392846,way/288392846,51.5148507,-0.1334328,The Nellie Dean of Soho,,89,Dean Street,London,+44 20 7734 2572,https://nelliedeansoho.co.uk/,200,,,,,,,,,
,W1D,W,way,572506209,way/572506209,51.5108129,-0.1353585,The Queen's Head,,,,,+44 20 7437 1540,https://www.queensheadpiccadilly.com/,200,,,,,,,,,
,W1D,W,way,157767122,way/157767122,51.5133979,-0.1298595,The Spice of Life,,6,Moor Street,London,+44 20 7437 7013,https://www.spiceoflifesoho.com/,200,,Q7762629,,,,,,,
,W1D,W,node,4467119633,node/4467119633,51.5134435,-0.1303052,The Three Greyhounds,Nicholson's,,,,,https://www.nicholsonspubs.co.uk/restaurants/london/thethreegreyhoundssoholondon,403,,,Mo-Th 11:00-23:00, Fr-Sa 11:00-24:00, Su 12:00-22:30,,,,
,W1D,W,way,288392857,way/288392857,51.5151219,-0.1331395,The Toucan,,19,Carlisle Street,London,+44 20 7437 4123,https://www.thetoucansoho.co.uk/,200,,,Mo-Tu 16:00-23:00, We-Sa 13:00-23:00, Su off,,,,
,W1D,W,node,11926973569,node/11926973569,51.5107981,-0.1323302,Waxy O'Connor's London,,14-16,Rupert Street,London,442072870255,https://waxyoconnorslondon.co.uk,200,,,,,,,,,
,W1D,W,node,348867089,node/348867089,51.5111295,-0.1318044,Waxy's Little Sister,,20,Wardour Street,London,,https://waxyslittlesister.co.uk/,,,,,,,,,,
,W1D,W,node,348911273,node/348911273,51.51186,-0.133452,White Horse,,,,,,,,,,,,,,,,
,W1F,W,way,475957291,way/475957291,51.5149385,-0.1373567,Coach and Horses,Greene King,1,Great Marlborough Street,London,,https://www.greeneking.co.uk/pubs/greater-london/coach-and-horses,200,,,,,,,,,
,W1F,W,node,12988179261,node/12988179261,51.5115163,-0.1353915,Glasshouse Stores,,55,Brewer Street,London,,https://theglasshousestores.co.uk/,,,,,,,,,,
,W1F,W,node,383980821,node/383980821,51.5155449,-0.1366581,Green Man,Nicholson's,57,Berwick Street,London,+44 20 7494 9731,https://www.nicholsonspubs.co.uk/restaurants/london/thegreenman,403,,Q27083993,Mo-We 11:00-23:30, Th-Sa 10:00-01:00, Su 10:00-22:30,,,,
,W1F,W,way,475721718,way/475721718,51.5151572,-0.1371828,King's Arms,Stonegate,23,Poland Street,London,+44 20 7734 5907,https://www.kingsarms-soho.co.uk/london,200,,,,,,,,,
,W1F,W,way,477968049,way/477968049,51.5154909,-0.134496,Mr Fogg's Hat Tavern,,22,Great Chapel Street,London,+44 20 7590 3608,https://www.mr-foggs.com/mr-foggs-hat-tavern/,200,,,Mo-Tu 12:01-23:01, We-Sa 12:01-00:01, Su 12:01-22:31,,,,
,W1F,W,way,54666911,way/54666911,51.5140701,-0.1391839,O'Neills,O'Neill's,37-38,Great Marlborough Street,London,,https://www.oneills.co.uk/carnaby-street/,403,,,,,,,,,
,W1F,W,way,273720735,way/273720735,51.5136265,-0.1365676,Star & Garter,,62,Poland Street,London,,,,,,,,,,,,
,W1F,W,way,153698493,way/153698493,51.5126563,-0.1365791,Sun and 13 Cantons,Fuller's,21,Great Pulteney Street,London,,https://www.sunand13cantons.co.uk/,200,,Q18162102,,,,,,,
,W1F,W,node,499350848,node/499350848,51.5150632,-0.141263,The Argyll Arms,Nicholson's,18,Argyll Street,London,,https://www.nicholsonspubs.co.uk/restaurants/london/theargyllarmsoxfordcircuslondon,403,,Q15978878,,,,,,,
,W1F,W,way,156620042,way/156620042,51.5138375,-0.1349787,The Blue Posts,,22,Berwick Street,London,+44 20 7437 5008,https://www.theblueposts.net/,200,,,Mo-Sa 11:30-23:00, Su 11:30-22:30,,,,,
,W1F,W,node,466926232,node/466926232,51.5111757,-0.1363142,The Crown,Nicholson's,,,,,https://www.nicholsonspubs.co.uk/restaurants/london/thecrownbrewerstreetlondon,403,,,,,,,,,
,W1F,W,node,12183990594,node/12183990594,51.5130058,-0.1391809,The Ganton Arms,,,Ganton Street,London,+44 20 3813 5941,https://www.urbanpubsandbars.com/venues/the-ganton-arms,,,,"Mo-We,Su 11:30-23:00; Th-Sa 11:30-24:00",,,,,,
,W1F,W,way,275127241,way/275127241,51.5149308,-0.1352685,The George,,1,D'Arblay Street,London,,https://www.shepherdneame.co.uk/pubs/soho/george,404,,Q27087335,"Mo-Th 12:00-23:00, Fr,Sa 12:00-24:00, Su 12:00-21:00",,,,,,
,W1F,W,way,273697641,way/273697641,51.5132705,-0.1366002,The John Snow,Samuel Smith,39,Broadwick Street,London,,,,,Q123244004,,,,,,,
,W1F,W,way,273631904,way/273631904,51.5125902,-0.1373939,The Old Coffee House,,49,Beak Street,London,,,,,,,,,,,,
,W1F,W,way,272198115,way/272198115,51.5136828,-0.1395644,The Shakespeare's Head,Greene King,29,Great Marlborough Street,London,,https://www.greeneking.co.uk/pubs/greater-london/shakespeares-head,200,,,,,,,,,
,W1F,W,way,272084523,way/272084523,51.5134393,-0.1382439,The Shaston Arms,Hall & Woodhouse,4-6,Ganton Street,London,,https://www.theshastonarms.co.uk/,,,,,,,,,,
,W1F,W,way,157779664,way/157779664,51.5140538,-0.1341888,The Ship,Fuller's,116,Wardour Street,London,,https://www.shipsoho.co.uk/,200,,Q113728208,"Mo-Fr 12:00-23:00, Sa 13:00-23:00",,,,,,
,W1F,W,way,272299419,way/272299419,51.5133925,-0.1386614,White Horse,Nicholson's,16,Newburgh Street,London,,https://www.nicholsonspubs.co.uk/restaurants/london/thewhitehorsecarnabystreetlondon,403,,,,,,,,,
,W1G,W,way,671497302,way/671497302,51.5213943,-0.1505519,Inn 1888,,21a,Devonshire Street,London,,https://inn1888marylebone.co.uk/,200,,,,,,,,,
,W1G,W,supabase,,d41c94e3-765a-4f0b-82d8-cd771149d5ec,51.5162,-0.143528,Phoenix,Independent,,,,(020) 7493 8003,,,,,,,,,,,
,W1G,W,way,147997976,way/147997976,51.5200699,-0.1461846,The Jackalope,Samuel Smith's Brewery,43,Weymouth Mews,London,,https://jackalopelondon.com/#firstPage,200,,,,,,,,,
,W1G,W,way,149052141,way/149052141,51.5196676,-0.1502131,The King's Head,,13,Westmoreland Street,London,,,,,,,,,,,,
,W1G,W,way,244772128,way/244772128,51.5159299,-0.142972,The New Explorer,Greene King,23,Great Castle Street,London,+44 20 7491 0467,https://www.greeneking.co.uk/pubs/greater-london/new-explorer,200,,,,,,,,,
,W1G,W,way,244772129,way/244772129,51.516091,-0.1436072,The Phoenix Public House,,37,Cavendish Square,London,,,,,,,,,,,,
,W1H,W,node,298220963,node/298220963,51.5175308,-0.1640235,Duke of York,,45,Harrowby Street,London,,,,,,,,,,,,
,W1H,W,node,298220599,node/298220599,51.5181298,-0.1657799,Lord Wargrave,,40-42,Brendon Street,London,+44 20 7723 0559,https://www.urbanpubsandbars.com/venues/lord-wargrave,200,,,Mo-Sa 10:00-23:30, Su 10:00-23:00,,,,,
,W1H,W,way,678633914,way/678633914,51.5147702,-0.1609427,The Carpenters Arms,,12,Great Cumberland Mews,London,,https://www.thecarpentersarmspub.co.uk/,200,,,Mo-Sa 11:00-23:00, Su 11:00-22:30,,,,,
,W1H,W,node,10582361575,node/10582361575,51.5193391,-0.1614773,The Duke of Wellington,,94A,Crawford Street,London,,https://thedukew1h.co.uk/,200,,Q21008653,,,,,,,
,W1H,W,node,6351723681,node/6351723681,51.5152677,-0.1581425,The Grazing Goat,,6,New Quebec Street,London,,,,,,,,,,,,
,W1H,W,way,680918475,way/680918475,51.5187249,-0.1648827,The Larrik,,32,Crawford Place,London,,https://www.thelarrik.com/,200,,,,,,,,,
,W1H,W,way,678633921,way/678633921,51.5151832,-0.1611659,The Portman,,51,Upper Berkeley Street,London,,https://gofabx.org/,200,,,Mo-Sa 12:00-23:00, Su 12:00-22:30,,,,,
,W1H,W,way,202339356,way/202339356,51.5200584,-0.1624203,The Royal Oak,,74-76,York Street,London,,https://theroyaloakw1.com/,200,,Q27081017,,,,,,,
,W1H,W,way,208892606,way/208892606,51.5145249,-0.1559152,The Three Tuns,Greene King,1,Portman Mews South,London,,https://www.greeneking.co.uk/pubs/greater-london/three-tuns,200,,,,,,,,,
,W1H,W,way,202339357,way/202339357,51.5207515,-0.1625269,Thornbury Castle,,29a,Enford Street,London,,,,,,,,,,,,
,W1J,W,supabase,,4c3dbf2a-3d87-461b-8e47-b1f507cced94,51.5061,-0.1478,Chesterfield Arms,Metropolitan Pub Company,,,,(020) 7499 3017,https://www.thechesterfieldarms.com/,,,,,,,,,,
,W1J,W,way,299039548,way/299039548,51.5091147,-0.1472593,Coach and Horses,,5,Hill Street,London,,https://www.coachandhorsesmayfair.co.uk/,200,,,,,,,,,
,W1J,W,way,338696812,way/338696812,51.5108085,-0.1437708,Coach and Horses,Greene King,5,Bruton Street,London,,https://www.greeneking.co.uk/pubs/greater-london/coach-and-horses,200,,Q28026659,,,,,,,
,W1J,W,supabase,,3e51487c-ef26-4ce0-b431-bd1e6d7c6ed3,51.5084,-0.14618,Footman,Independent,,,,(020) 7499 2988,https://www.thefootmanmayfair.com/,,,,,,,,,,
,W1J,W,way,629793088,way/629793088,51.5061371,-0.1467943,Market Tavern,,7,Shepherd Street,London,,https://www.themarkettavernmayfair.co.uk/,403,,,,,,,,,
,W1J,W,supabase,,59661873-fc5b-4244-b7eb-22c1eee8a369,51.5041,-0.148428,Royal Air Force Club,The Royal Air Force Club,,,,(020) 7399 1001,,,,,,,,,,,
,W1J,W,node,489826802,node/489826802,51.5061405,-0.1477362,Shepherds Tavern,,50,Hertford Street,London,,https://www.greeneking.co.uk/pubs-near-me,200,,,,,,,,,
,W1J,W,way,605452758,way/605452758,51.5111275,-0.1450193,The Guinea,,30,Bruton Place,London,,https://www.theguinea.co.uk/,200,,,,,,,,,
,W1J,W,node,289996602,node/289996602,51.5062952,-0.146163,The Kings Arms,Greene King,2,Shepherd Market,London,+44 20 7629 0416,https://www.greeneking.co.uk/pubs-near-me,200,https://www.greeneking.co.uk/pubs-near-me,,,,,,,,
,W1J,W,way,299039550,way/299039550,51.50852,-0.146141,The Only Running Footman,,5,Charles Street,London,,https://www.thefootmanmayfair.com/,200,,Q20005803,,,,,,,
,W1J,W,way,237795434,way/237795434,51.5090776,-0.1494373,The Punch Bowl,,41,Farm Street,London,,https://butcombe.com/the-punchbowl-pub-mayfair/,,,Q7758738,,,,,,,
,W1J,W,way,629171088,way/629171088,51.5066196,-0.1463012,Ye Grapes,,16,Shepherd Market,London,+44 20 7629 4989,https://yegrapesmayfair.co.uk/,200,,,,,,,,,
,W1K,W,supabase,,455c549c-34dc-4b5a-b895-d87943f2d871,51.5096,-0.151698,Audley,Artfarm (Iwan & Manuela Wirth) / Hauser & Wirth,,,,(020) 3840 9862,https://theaudleypublichouse.com/,,,,,,,,,,
,W1K,W,node,462025244,node/462025244,51.5129113,-0.1509087,Barley Mow,,82,Duke Street,London,,https://www.cubitthouse.co.uk/the-barley-mow-mayfair/,,,,,,,,,,
,W1K,W,way,631474504,way/631474504,51.5041033,-0.1489078,Rose & Crown,Greene King,2,Old Park Lane,London,,https://www.greeneking.co.uk/pubs/greater-london/rose-and-crown,200,,,,,,,,,
,W1K,W,node,259774303,node/259774303,51.5131349,-0.1484154,Running Horse,,,,,,,,,Q27084619,,,,,,,
,W1K,W,way,342206350,way/342206350,51.5097236,-0.1515716,The Audley Public House,,41-43,Mount Street,London,,https://theaudleypublichouse.com/,,,,,,,,,,
,W1K,W,way,608184600,way/608184600,51.512711,-0.1458775,The Iron Duke,Fuller's,11,Avery Row,London,,https://www.irondukemayfair.co.uk/,200,,,,,,,,,
,W1S,W,way,249211261,way/249211261,51.514038,-0.145796,Bonds,,11-16,Dering Street,London,+44 20 7629 0531,https://www.thechaptercollection.co.uk/bonds-mayfair,,,,,,,,,,
,W1S,W,way,249211263,way/249211263,51.5142132,-0.1458846,Duke of York,Greene King,8,Dering Street,London,+44 20 7629 0319,https://www.greeneking.co.uk/pubs/greater-london/duke-of-york,200,,,,,,,,,
,W1S,W,way,592220489,way/592220489,51.5113665,-0.1417634,The Burlington Arms,,21,Old Burlington Street,London,,https://burlingtonarms.com/,200,,,,,,,,,
,W1S,W,way,166891510,way/166891510,51.5078573,-0.1413284,The Clarence,Nicholson's,4,Dover Street,London,,https://www.nicholsonspubs.co.uk/restaurants/london/theclarencemayfairlondon,403,,,,,,,,,
,W1S,W,way,290081133,way/290081133,51.508832,-0.1412627,The Goat Tavern,Greene King,3,Stafford Street,London,,https://www.greeneking.co.uk/pubs/greater-london/goat-tavern,200,,,,,,,,,
,W1S,W,way,289953461,way/289953461,51.5086659,-0.1412111,The King's Head,Nicholson's,10,Stafford Street,London,,https://www.nicholsonspubs.co.uk/restaurants/london/thekingsheadmayfairlondon,403,,,,,,,,,
,W1S,W,way,589641506,way/589641506,51.5128542,-0.1425971,The Mason Arms,Greene King,38,Maddox Street,London,+44 20 7491 7809,https://www.greeneking.co.uk/pubs/greater-london/masons-arms,200,,,,,,,,,
,W1S,W,node,259774404,node/259774404,51.5124213,-0.1422011,The Windmill,,6-8,Mill Street,London,,https://www.youngs.co.uk/,200,,,,,,,,,
,W1T,W,way,244772119,way/244772119,51.5167096,-0.1330019,Black Horse,,6,Rathbone Place,London,+44 20 3582 4137,https://www.urbanpubsandbars.com/venues/the-black-horse,200,,,Mo-Th 12:00-23:30, Fr-Sa 12:00-24:00, Su 12:00-22:00,,,,
,W1T,W,node,385564475,node/385564475,51.5165329,-0.1326779,Bradley's Spanish Bar,,42-44,Hanway Street,London,+44 20 7636 0359,https://www.bradleysspanishbar.com/,200,,,Mo-Sa 12:00-22:00, Su 12:00-18:00,,,,,
,W1T,W,node,12045676386,node/12045676386,51.517691,-0.1333706,Bricklayers Arms,Samuel Smith,31,Gresse Street,London,+44 20 7636 5593,,,,Q132716823,Mo-Sa 11:00-23:00, Su 12:00-22:30,,,,,
,W1T,W,way,40917016,way/40917016,51.5217801,-0.1364802,Carpenters Arms,,68-70,Whitfield Street,London,,,,,,Mo-We 12:00-23:00, Th 12:00-23:30, Fr 12:00-24:00, Sa 12:00-23:00, Su 12:00-22:00,,
,W1T,W,way,98535850,way/98535850,51.5187247,-0.1359643,Duke of York,,47,Rathbone Street,London,+44 20 7636 7065,,,,Q18748734,Mo-Fr 12:00-23:00, Sa 13:00-23:00, Su off,,,,
,W1T,W,way,750447445,way/750447445,51.5225133,-0.1357722,Fitzrovia Belle,,174,Tottenham Court Road,London,,https://www.bellepubsandrestaurants.co.uk/fitzroviabelle,,,,,,,,,,
,W1T,W,way,138339524,way/138339524,51.518648,-0.1346453,Fitzroy Tavern,,16,Charlotte Street,London,+44 20 7580 3714,https://fitzroytavern.co.uk/,,,Q5455720,Mo-Sa 11:00-23:00, Su 12:00-22:30,,,,,
,W1T,W,way,745483505,way/745483505,51.5220874,-0.1395832,Lore of the Land,,4,Conway Street,London,,https://gritchiepubs.com/contact/,403,,,Mo-Fr 11:00-23:00,,,,,,
,W1T,W,way,226909129,way/226909129,51.5180126,-0.1346444,Marquis of Granby,Nicholson's,2,Rathbone Street,London,+44 20 7580 7836,https://www.nicholsonspubs.co.uk/restaurants/london/themarquisofgranbyrathbonestreetlondon,403,,Q18748735,Mo 12:00-23:00, Tu-Sa 11:00-23:00, Su 12:00-22:30,,,,
,W1T,W,way,648689210,way/648689210,51.5181303,-0.1352502,Newman Arms,,23,Rathbone Street,London,+44 20 7636 1127,https://www.thenewmanarms.co.uk/,200,,Q18748737,,,,,,,
,W1T,W,way,427341994,way/427341994,51.5242012,-0.1384898,Prince of Wales Feathers,,8,Warren Street,London,+44 20 7383 4849,https://www.theprinceofwalesfeathersw1.co.uk/,403,,,"Mo-Th 12:00-23:00; Fr,Sa 12:00-24:00; Su 12:00-22:00",,,,,,
,W1T,W,way,420411288,way/420411288,51.5236793,-0.1410207,Smuggler's Tavern,,28,Warren Street,London,+44 20 7388 8686,https://thesmugglerstavern.co.uk/,200,,,,,,,,,
,W1T,W,node,271949863,node/271949863,51.5165073,-0.1373884,The Adam & Eve,,77A,Wells Street,London,+44 20 7636 0717,https://www.theadamandevew1.co.uk/,200,,,,,,,,,
,W1T,W,way,97209483,way/97209483,51.5169725,-0.1354669,The Blue Posts,Samuel Smith,81,Newman Street,London,,,,,Q132732978,,,,,,,
,W1T,W,way,651644530,way/651644530,51.5168838,-0.137281,The Champion,,12-13,Wells Street,London,+44 20 7323 1228,https://www.thechampionpub.co.uk/,403,,Q27083432,Mo-Sa 12:00-23:00, Su 12:00-22:30,,,,,
,W1T,W,way,294886275,way/294886275,51.5229841,-0.1369163,The Court,,108A,Tottenham Court Road,London,,,,,,,,,,,,
,W1T,W,way,188549801,way/188549801,51.5198704,-0.1348351,The Fitzrovia,Greene King,18,Goodge Street,London,,https://www.greeneking.co.uk/pubs/greater-london/fitzrovia,200,,,,,,,,,
,W1T,W,way,210891582,way/210891582,51.5229896,-0.1420012,The George & Dragon,,151,Cleveland Street,London,,,,,Q18344137,Mo-Th 12:00-23:30, Fr 12:00-00:00, Sa 12:00-23:00,,,,
,W1T,W,node,257937397,node/257937397,51.5231854,-0.138689,The Grafton Arms,,72,Grafton Way,London,,https://www.graftonarms.co.uk/,200,,,,,,,,,
,W1T,W,way,251068938,way/251068938,51.5204168,-0.1353404,The Hope,,15,Tottenham Street,London,,,,,,,,,,,,
,W1T,W,way,294646443,way/294646443,51.5187726,-0.1321679,The Jack Horner,Fuller's,236,Tottenham Court Road,London,,https://www.jackhornerpub.co.uk/,200,,,Mo 09:00-23:00, Tu, We 08:00-23:00, Th-Sa 08:00-23:00, Su 09:00-22:30,,
,W1T,W,way,294886276,way/294886276,51.5235026,-0.1373876,The Northumberland Arms,,119,Tottenham Court Road,London,,https://www.northumberland-arms.com/,200,,,Mo-Sa 11:00-01:00, Su 12:00-01:00,,,,,
,W1T,W,way,118806519,way/118806519,51.5191444,-0.1367032,The One Tun,Young's,58-60,Goodge Street,London,,https://www.theonetun.co.uk/,,,Q132732920,,,,,,,
,W1T,W,way,98535852,way/98535852,51.5192265,-0.1357686,The Queen Charlotte,BrewDog,43,Goodge Street,London,+44 20 7323 9361,https://www.thequeencharlotte.co.uk/,,,,Mo-Sa 12:00-23:00, Su off,,,,,
,W1T,W,way,422540681,way/422540681,51.5191866,-0.1332007,The Rising Sun,Greene King,46,Tottenham Court Road,London,,https://www.greeneking.co.uk/pubs/greater-london/rising-sun,200,,Q18708780,"Mo 11:00-23:00; Tu,We 11:00-23:30; Th-Sa 11:00-00:00; Su 12:00-22:30",,,,,,
,W1T,W,supabase,,9eeb2b4b-d67f-4976-b80f-0cfd197c9634,51.5177,-0.134025,Wheatsheaf,Independent,,,,(020) 7580 1585,,,,,,,,,,,
,W1U,W,way,148893860,way/148893860,51.5180582,-0.1513399,Angel In The Fields,Samuel Smith,37,Thayer Street,London,,https://angelinthefields.site/,,,,,,,,,,
,W1U,W,way,110479652,way/110479652,51.5161552,-0.1521278,Devonshire Arms,,7,Duke Street,London,,https://www.thedevonshirepub.co.uk/,200,,,,,,,,,
,W1U,W,way,134708045,way/134708045,51.5176529,-0.150847,Golden Eagle,,59,Marylebone Lane,London,,,,,,,,,,,,
,W1U,W,way,107039274,way/107039274,51.5149145,-0.1504122,Lamb & Flag,Greene King,24,James Street,London,,https://www.greeneking.co.uk/pubs/greater-london/lamb-and-flag,200,,,Mo-Sa 11:30-23:00, Su 11:30-22:30,,,,,
,W1U,W,way,148011247,way/148011247,51.5196984,-0.155661,The Barley Mow,,8,Dorset Street,London,,,,,Q17985738,,,,,,,
,W1U,W,way,300860985,way/300860985,51.5200509,-0.1573052,The Beehive,,126,Crawford Street,London,+44 20 7486 8037,,,,Q21008639,"Mo-Sa 12:00-23:00; Su, PH 12:00-22:00",,,,,,
,W1U,W,way,134708046,way/134708046,51.5171656,-0.1506344,The Coach Makers Arms,,88,Marylebone Lane,London,,https://www.cubitthouse.co.uk/the-coach-makers-arms-marylebone/,200,,,,,,,,,
,W1U,W,way,134071472,way/134071472,51.5163697,-0.1497601,The Cock and Lion,,62,Wigmore Street,London,+44 20 7935 8727,,,,,,,,,,,
,W1U,W,way,159039182,way/159039182,51.5147407,-0.1514512,The Duchess,,39,Duke Street,London,,https://www.thechaptercollection.co.uk/duchess-marylebone,200,,,Mo-Th 11:00-23:00, Fr-Sa 11:00-00:00, Su 12:00-22:00,,,,
,W1U,W,way,235396553,way/235396553,51.5192313,-0.1531915,The Gunmakers,,33,Aybrook Street,London,,https://gunmakershouse.co.uk/,200,,,Mo-Sa 12:00-23:00, Su 11:00-22:30,,,,,
,W1U,W,way,235395299,way/235395299,51.5184192,-0.1547788,The Hart,,56,Blandford Street,London,,https://www.thehartw1.com/,,,,,,,,,,
,W1U,W,way,148878074,way/148878074,51.5214796,-0.1520653,The Prince Regent,,71,Marylebone High Street,London,,https://www.theprinceregentw1.co.uk/,403,,Q27081696,Mo-Sa 12:00-23:00, Su 12:00-22:30,,,,,
,W1W,W,way,276146932,way/276146932,51.5193164,-0.1407249,Crown & Sceptre,,86,Great Titchfield Street,London,+44 20 7307 9971,https://www.thecrownandsceptrew1.co.uk/,403,,,Mo-Sa 10:00-23:00, Su 12:00-22:30,,,,,
,W1W,W,way,345140316,way/345140316,51.5198684,-0.142414,Horse and Groom,Samuel Smith's Brewery,128,Great Portland Street,London,,,,,,,,,,,,
,W1W,W,way,345696147,way/345696147,51.5185115,-0.1402942,Kings Arms,,68,Great Titchfield Street,London,,https://www.kingsarmsw1.co.uk/,,,,,,,,,,
,W1W,W,node,13504981692,node/13504981692,51.5214835,-0.1430944,Sixes,,,,,,,,,,,,,,,,
,W1W,W,node,6185626255,node/6185626255,51.5199434,-0.1432132,Stag's Head,,102,New Cavendish Street,London,,,,,,,,,,,,
,W1W,W,node,312159181,node/312159181,51.523319,-0.143984,The Albany,,240-242,Great Portland Street,London,,,,,,,,,,,,
,W1W,W,way,244772127,way/244772127,51.5167819,-0.1414027,The Cock Tavern,Samuel Smith,27,Great Portland Street,London,,https://cocktavern-london.co.uk/,,,Q132732809,,,,,,,
,W1W,W,way,148695430,way/148695430,51.5176529,-0.1418638,The George,Greene King,55,Great Portland Street,London,,https://thegeorge.london/pub/,404,,Q27087166,,,,,,,
,W1W,W,way,431545353,way/431545353,51.5189364,-0.1394686,The Green Man,,36,Riding House Street,London,+44 20 7580 9087,,,,,,,,,,,
,W1W,W,way,659258969,way/659258969,51.5202347,-0.1386516,The King & Queen,,1,Foley Street,London,,https://www.thekingandqueenpub.com/,200,,,,,,,,,
,W1W,W,way,110753811,way/110753811,51.5222206,-0.1441885,The Lucky Saint,,58,Devonshire Street,London,,https://luckysaint.co/pages/the-lucky-saint-pub-london-w1,200,,,,,,,,,
,W1W,W,way,659467810,way/659467810,51.5203515,-0.1407759,The Ship,,134,New Cavendish Street,London,,https://theshipw1.com/,,,,,,,,,,
,W1W,W,way,183024352,way/183024352,51.5189024,-0.1413529,Yorkshire Grey,Samuel Smith,46,Langham Street,London,,,,,Q18162297,,,,,,,
,W2,W,supabase,,5358fac6-0b9d-42f1-9a0d-c1834240f62e,51.5149,-0.17577,Bear,Craft Beer Co,,,,(020) 7262 3907,,,,,,,,,,,
,W2,W,node,3813178074,node/3813178074,51.5167823,-0.1764521,Beer House,SSP UK,,,,,https://thebeerhouseuk.com/locations/paddington/,404,,,Mo-Sa 11:00-22:00, Su 11:00-20:00,,,,,
,W2,W,node,2492718707,node/2492718707,51.5190539,-0.1705643,Brewdog Paddington,BrewDog,Unit 1,West End Quay,London,,https://brewdog.com/pages/bars/paddington,200,,,,,,,,,
,W2,W,node,375792331,node/375792331,51.5157797,-0.1745199,Dickens Tavern,Greene King,25,London Street,London,,https://www.greeneking.co.uk/pubs/greater-london/dickens-tavern,200,,,,,,,,,
,W2,W,way,155494899,way/155494899,51.5169157,-0.1729579,Fountains Abbey,Greene King,109,Praed Street,London,,https://www.greeneking.co.uk/pubs/greater-london/fountains-abbey,200,,,,,,,,,
,W2,W,node,4810177421,node/4810177421,51.5188127,-0.1761484,Heist Bank,,5,North Wharf Road,London,+44 20 7723 8080,https://heistbank.com/,200,,,Mo 12:00-22:00, Tu 12:00-23:00, We-Th 12:00-23:30, Fr-Sa 12:00-24:00, Su 12:00-20:00,,
,W2,W,way,761312030,way/761312030,51.5123734,-0.1891188,Kings Head,Greene King,33,Moscow Road,London,+44 20 7229 4233,https://www.greeneking.co.uk/pubs/greater-london/kings-head,200,,,,,,,,,
,W2,W,way,107155373,way/107155373,51.512317,-0.1898887,Phoenix,Greene King,51,Moscow Road,London,,https://www.greeneking.co.uk/pubs/greater-london/phoenix,200,,,,,,,,,
,W2,W,way,753467777,way/753467777,51.5136724,-0.187465,Prince Alfred,,112,Queensway,London,+44 20 7229 1474,https://prince-alfred.co.uk/,200,,,"Mo-Th 12:00-23:00, Fr,Sa 12:00-24:00, Su 12:00-22:30",,,,,,
,W2,W,way,42030132,way/42030132,51.5173439,-0.1801918,Prince of Wales,,2,Cleveland Terrace,London,,https://www.princeofwalespaddington.co.uk/index,200,,,,,,,,,
,W2,W,way,733941338,way/733941338,51.5182131,-0.1698328,Royal Exchange,,26,Sale Place,London,,https://royalexchangepub.co.uk/,,,,,,,,,,
,W2,W,way,155488603,way/155488603,51.5154924,-0.1746004,Sawyers Arms,Greene King,8-9,London Street,London,,https://www.greeneking.co.uk/pubs/greater-london/sawyers-arms,200,,,,,,,,,
,W2,W,way,517877764,way/517877764,51.5129481,-0.1747397,Stablehand,,4,Bathurst Street,London,+4420 7402 0083,https://thestablehand.co.uk/,200,,,,,,,,,
,W2,W,node,30585304,node/30585304,51.5126423,-0.187786,The Bayswater Arms,Taylor Walker,,,,,,,,,,,,,,,
,W2,W,node,2261572101,node/2261572101,51.5210275,-0.1842132,The Bridge House,,13,Westbourne Terrace Road,London,,,,,,,,,,,,
,W2,W,way,149060320,way/149060320,51.5100381,-0.1923192,The Champion,,1,Wellington Terrace,London,+44 20 7792 4527,,,,,,,,,,,
,W2,W,way,130524644,way/130524644,51.5148732,-0.1809743,The Cleveland Arms,,28,Chilworth Street,London,+44 20 7706 1759,https://www.theclevelandarms.com/,200,,,Mo-Sa 12:00-23:00, Su 12:00-22:00,,,,,
,W2,W,way,121101761,way/121101761,51.5191374,-0.1953635,The Cow,,89,Westbourne Park Road,London,,https://thecowlondon.com,200,,,,,,,,,
,W2,W,way,383103312,way/383103312,51.5145802,-0.1662032,The Duke of Kendal,,36-38,Connaught Street,London,,,,,Q26511583,"Mo-Sa 11:00-23:00; Su 12:00-15:00,19:00-22:30",,,,,,
,W2,W,way,226743215,way/226743215,51.520345,-0.1703356,The Green Man,,,,,,,,,,,,,,,,
,W2,W,node,7099537759,node/7099537759,51.5153695,-0.1913501,The Hayden,,,,,,https://www.haydennottinghill.com/,200,,,Mo-Sa 10:00-23:00, Su 10:00-22:30,,,,,
,W2,W,way,739710241,way/739710241,51.5169802,-0.1680924,The Heron,,,Norfolk Crescent,London,+44 20 7724 8463,https://www.theheronpaddington.com/,200,,,,,,,,,
,W2,W,way,95307390,way/95307390,51.5116128,-0.1828626,The Leinster Arms,,17,Leinster Terrace,London,,,,,Q26516308,,,,,,,
,W2,W,node,10895507318,node/10895507318,51.5160154,-0.1769998,The Mad Bishop & Bear,Fuller's,,,,,https://www.madbishopandbear.co.uk/,200,,,,,,,,,
,W2,W,way,107063289,way/107063289,51.5123637,-0.1785028,The Mitre,Young's,24,Craven Terrace,London,+44 20 7262 5240,https://www.themitrehydepark.com/,200,,Q16997942,,,,,,,
,W2,W,node,15262028,node/15262028,51.5164813,-0.1698266,The Monkey Puzzle,Hall & Woodhouse,30,Southwick Street,London,+44 20 7723 0143,https://themonkeypuzzlepub.co.uk/,200,,,Mo-Sa 12:00-23:30, Su 12:00-22:30,,,,,
,W2,W,way,192794418,way/192794418,51.5161815,-0.1877444,The Porchester,,88,Bishop's Bridge Road,London,+44 20 7229 2886,https://www.theporchester.co.uk/,200,,,,,,,,,
,W2,W,way,739178496,way/739178496,51.5149697,-0.1763335,The Pride of Paddington,,1-3,Craven Road,London,+44 20 7402 2156,https://www.theprideofpaddington.co.uk/,200,,,,,,,,,
,W2,W,way,756311627,way/756311627,51.5173989,-0.1955377,The Prince Bonaparte,,80,Chepstow Road,London,+44 20 7313 9491,https://www.theprincebonapartew2.co.uk/,200,,,,,,,,,
,W2,W,way,621622012,way/621622012,51.5129438,-0.1935314,The Prince Edward,Hall & Woodhouse,73,Prince's Square,London,+44 20 7727 2221,https://www.theprince-edward.co.uk/,200,,,,,,,,,
,W2,W,way,756195971,way/756195971,51.5155848,-0.1943554,The Princess Royal,,47,Hereford Road,London,,,,,,,,,,,,
,W2,W,node,3895190286,node/3895190286,51.518664,-0.1736444,The Sir Alexander Fleming,Wetherspoon,5,Merchant Square,London,,https://www.jdwetherspoon.com/pubs/the-sir-alexander-fleming-paddington/,200,,,,,,,,,
,W2,W,way,155488605,way/155488605,51.5150087,-0.1739,The Sussex Arms,,21,London Street,London,+44 20 7723 1026,https://www.stylotel.com/sussex-arms/,200,,,,,,,,,
,W2,W,way,749323368,way/749323368,51.5116567,-0.1770506,The Swan,Fuller's,66,Bayswater Road,London,,https://www.swanhydepark.co.uk/,200,,Q7653450,,,,,,,
,W2,W,way,744634826,way/744634826,51.5134848,-0.1712024,The Victoria,Fuller's,10a,Strathearn Place,London,,https://www.victoriapaddington.co.uk/,200,,Q17030403,,,,,,,
,W2,W,way,121101785,way/121101785,51.5194293,-0.1948285,The Westbourne,,101,Westbourne Park Villas,London,+44 20 7221 5400,https://www.thewestbourne.com/,200,,,Mo-Su 11:00-23:00,,,,,,
,W2,W,supabase,,82059d1f-af40-4efd-a2ee-afd0835be1db,51.5195,-0.179849,Union Bar & Grill,,,,,(020) 7289 3063,,,,,,,,,,,
,W2,W,supabase,,a5592ab3-a436-4299-a7f1-e3a08d8ab09c,51.5139,-0.162431,Victory Services Club,Independent,,,,(020) 7723 4474,,,,,,,,,,,
,W3,W,node,288041147,node/288041147,51.5096305,-0.2718999,Duke of York,,,,,,,,,,,,,,,,
,W3,W,node,302172067,node/302172067,51.5072726,-0.2718046,George & Dragon,,183,High Street,London,,https://georgeanddragonacton.co.uk/,200,,Q26641139,Mo-Th 17:00-23:00, Fr 15:00-24:00, Sa 12:00-24:00, Su 12:00-22:00,,,
,W3,W,supabase,,3958a7fe-47b7-4be1-91af-9d7f55d5644b,51.51,-0.25261,Shepherds Bush Cricket Club,Independent,,,,07734 709458,,,,,,,,,,,
,W3,W,node,288041082,node/288041082,51.508471,-0.275381,The Aeronaut,,264,High Street,London,,,,,,,,,,,,
,W3,W,node,288044068,node/288044068,51.5078444,-0.2730275,The King's Head,,214,High Street,London,,https://kedisinhotels.com/hotels/the-kings-head-hotel/,200,,,"Su-Th 07:30-23:30; Fr,Sa 07:30-24:00",,,,,,
,W3,W,node,302166735,node/302166735,51.5081822,-0.2764777,The Red Lion & Pineapple,Wetherspoon,281,High Street,London,,https://www.jdwetherspoon.com/pubs/the-red-lion-pineapple-acton/,200,,Q88917069,,,,,,,
,W3,W,node,288353870,node/288353870,51.5087219,-0.2639648,The Rocket,,11-13,Churchfield Road,London,,,,,,,,,,,,
,W3,W,node,288353972,node/288353972,51.5078484,-0.2712627,The Sheepwalk Tavern,,,Market Place,London,,,,,,,,,,,,
,W3,W,node,1941233361,node/1941233361,51.5087338,-0.2631006,The Station House,,,Churchfield Road,London,,https://www.thestationhousew3.com/,200,,,,,,,,,
,W3,W,way,1044731268,way/1044731268,51.5065477,-0.2734651,The Talbot Inn,,1,Mill Hill Road,London,,,,,,,,,,,,
,W3,W,node,288044066,node/288044066,51.5067866,-0.2663317,The Windmill,,50,High Street,London,,,,,,,,,,,,
,W3,W,supabase,,5869cd52-4ac7-4ff7-902d-4d208e69d378,51.5065,-0.26567,West London Trades Union Club,West London Trades Union Club (co-operative),,,,(020) 8992 4557,,,,,,,,,,,
,W4,W,node,249573138,node/249573138,51.4917587,-0.2622862,Betty,,,,,,,,,,,,,,,,
,W4,W,supabase,,c1202159-c413-4369-a70e-9f3d30f91410,51.492,-0.260148,Chiswick Memorial Club Association,Independent,,,,(020) 8995 3910,,,,,,,,,,,
,W4,W,way,205562545,way/205562545,51.4929522,-0.2674541,Connolly's Bar,,450,Chiswick High Road,London,,,,,,,,,,,,
,W4,W,way,209271380,way/209271380,51.4893455,-0.2547491,Duke of York,Fuller's,,,,,,,,,,,,,,,
,W4,W,supabase,,64119e65-84b1-4148-ad54-e96473b7ce60,51.4877,-0.249842,Fullers Brewery Shop & Tap Room,Asahi,,,,(020) 8996 2664,,,,,,,,,,,
,W4,W,way,1381522782,way/1381522782,51.4863656,-0.2520318,George and Devonshire,Fuller's,8,Burlington Lane,London,+44 20 8742 7342,https://www.georgeanddevonshire.co.uk/,200,,Q15978995,,,,,,,
,W4,W,supabase,,f0859474-0517-49d0-b84f-d48174c99307,51.4891,-0.2701,Hole in the Wall,Independent,,,,(020) 3887 2973,,,,,,,,,,,
,W4,W,supabase,,dde5c4b7-0674-4104-8e63-19bd290436fa,51.4928,-0.256848,Hound,Independent,,,,(020) 3872 5533,,,,,,,,,,,
,W4,W,supabase,,2fda8330-7a08-4540-b6a2-17f669e4dc58,51.4922,-0.26253,Lamb,Castle,,,,(020) 8994 1880,https://www.thelambchiswick.co.uk/#/,,,,,,,,,,
,W4,W,way,416458387,way/416458387,51.4879358,-0.2883958,One Over The Ait,Fuller's,8,Kew Bridge Road,Brentford,,https://www.oneovertheait.co.uk/,200,,,,,,,,,
,W4,W,node,266214958,node/266214958,51.4890151,-0.2701228,Smokehouse,,,,,,,,,,,,,,,,
,W4,W,node,130577719,node/130577719,51.4869374,-0.2830003,The Bell and Crown,Fuller's,,,,,https://www.bell-and-crown.co.uk/,200,,,,,,,,,
,W4,W,node,255959341,node/255959341,51.4955664,-0.2700726,The Bollo,,,,,,https://www.thebollohouse.com/,,,,,,,,,,
,W4,W,node,130577747,node/130577747,51.4844753,-0.2783571,The Bull's Head,Chef & Brewer,,,,,https://www.chefandbrewer.com/pubs/greater-london/bulls-head,200,,Q15978924,,,,,,,
,W4,W,way,909926391,way/909926391,51.4850495,-0.279078,The City Barge,,,Strand-on-The-Green,London,,https://www.citybargechiswick.com/,200,,,,,,,,,
,W4,W,way,205143238,way/205143238,51.4927335,-0.2637316,The Crown and Anchor,Young's,374,Chiswick High Road,London,+44 20 8995 2607,https://www.crownandanchorchiswick.com/,200,,Q26352597,Mo-Sa 12:00-23:00, Su 12:00-22:00,,,,,
,W4,W,way,948427610,way/948427610,51.4791134,-0.2584549,The Duck and Ball,,,Riverside Drive,London,,https://www.chiswickcc.org/clients/,200,,,,,,,,,
,W4,W,node,251811996,node/251811996,51.4962711,-0.2641399,The Duke of Sussex,,75,South Parade,London,+44 20 8742 8801,https://www.thedukeofsussex.co.uk/,200,,Q26558796,Mo-Th 12:00-23:00, Fr-Sa 12:00-24:00, Su 12:00-22:00,,,,
,W4,W,way,205902789,way/205902789,51.4922883,-0.2570649,The George IV,Fuller's,185,Chiswick High Road,London,+44 20 8994 4624,https://www.georgeiv.co.uk/,200,,,,,,,,,
,W4,W,way,175629795,way/175629795,51.4925578,-0.2758099,The Gunnersbury,,,,,,,,,,,,,,,,
,W4,W,way,205143239,way/205143239,51.4920281,-0.2623859,The Lamb Brewery,,,,,,,,,,,,,,,,
,W4,W,way,175629798,way/175629798,51.4928652,-0.2666266,The Old Pack Horse,Fuller's,434,Chiswick High Road,London,+44 20 8994 2872,https://www.oldpackhorsechiswick.co.uk/,200,,Q15979214,"Mo-Th,Sa 12:00-24:00; Fr 12:00-26:00; Su 12:00-23:00",,,,,,
,W4,W,way,209434696,way/209434696,51.492524,-0.2546494,The Packhorse and Talbot,Greene King,145,Chiswick High Road,,+44 20 8994 0360,https://www.greeneking.co.uk/pubs/greater-london/packhorse-and-talbot,200,,,"Mo-Th,Su 11:00-23:00; Fr-Sa 11:00-24:00",,,,,,
,W4,W,node,251802173,node/251802173,51.4902978,-0.277684,The Pilot,Fuller's,,,,,https://www.pilot-chiswick.co.uk/,200,,,,,,,,,
,W4,W,node,262702979,node/262702979,51.4929603,-0.252613,The Roebuck,,122,Chiswick High Road,London,+44 20 3978 2162,https://www.brunningandprice.co.uk/company/urban/,200,,,Su-Th 12:00-23:00, Fr-Sa 12:00-24:00,,,,,
,W4,W,node,288598379,node/288598379,51.4992672,-0.2644126,The Stag,,177,Acton Lane,London,,,,,,,,,,,,
,W4,W,node,3507694575,node/3507694575,51.4874025,-0.2847041,The Steam Packet,Brunning & Price,85,Strand on the Green,London,+44 20 3994 8140,https://www.brunningandprice.co.uk/company/urban/,200,,,,,,,,,
,W4,W,way,1136139752,way/1136139752,51.4979272,-0.2651911,The Swan,,119,Acton Lane,London,,https://www.theswanchiswick.co.uk/,,,,,,,,,,
,W4,W,way,209445869,way/209445869,51.4956885,-0.2547054,The Tabard,Greene King,,,,,https://www.greeneking.co.uk/pubs/greater-london/tabard,200,,Q16707771,,,,,,,
,W5,W,supabase,,1676b713-0c0a-499e-bdad-61e7fa48e15c,51.5015,-0.28874,Actonians Sports Club,Old Actonians Association,,,,(020) 8567 4556,,,,,,,,,,,
,W5,W,node,12077358666,node/12077358666,51.529258,-0.2916185,Ashbourne Bar and Restaurant,,,,,,,,,,,,,,,,
,W5,W,supabase,,348b8143-549e-4348-a173-2e6f3a5cb9c6,51.5288,-0.30939,Brentham Club,Independent,,,,(020) 8997 2624,,,,,,,,,,,
,W5,W,supabase,,562a3441-ccc9-419b-876a-2dfc385beab8,51.5184,-0.29843,Ealing Cricket Club,Independent,,,,(020) 8997 1858,,,,,,,,,,,
,W5,W,supabase,,93672fa3-e657-4eea-938c-5eb320491187,51.5131,-0.2874,Ealing Lawn Tennis Club,Independent,,,,(020) 8992 0370,,,,,,,,,,,
,W5,W,supabase,,fd851dff-1b64-4b3e-8ecf-bb1c6fbaa0e6,51.4986,-0.30327,Ealing Oak,Independent,,,,(020) 8579 3266,,,,,,,,,,,
,W5,W,supabase,,ec2da994-c7d3-4e9d-8874-4b03eafa97f7,51.5259,-0.315463,Harrison's - Delicatessen & Vintners,Independent,,,,(020) 8998 7866,,,,,,,,,,,
,W5,W,node,265255748,node/265255748,51.5101535,-0.2869312,Jono's Bar,,,,,,,,,,,,,,,,
,W5,W,node,923084994,node/923084994,51.5109852,-0.3021186,King's Arms,,55,The Grove,London,,,,,,"Mo-Fr 12:00-15:00,17:00-22:00; Sa 11:00-22:00; Su 12:00-21:00",,,,,,
,W5,W,supabase,,8992e89b-9e6f-415f-a6ff-70f177fc022b,51.5113,-0.30954,Questors Grapevine Club,Independent,,,,(020) 8567 0011,,,,,,,,,,,
,W5,W,node,1097959374,node/1097959374,51.4984745,-0.3061795,Roddy's Bar,,,,,,,,,,,,,,,,
,W5,W,node,293970330,node/293970330,51.5040481,-0.3059067,Rose and Crown,Fuller's,1,Church Place,London,,https://www.roseandcrownealing.co.uk/,200,,,,,,,,,
,W5,W,node,8737259738,node/8737259738,51.49837,-0.3140408,Ryan's,,282-284,Northfield Avenue,London,,,,,,,,,,,,
,W5,W,supabase,,f2134054-ab09-458e-a4d4-0446d4978f77,51.5045,-0.30684,SECC Social Club,Independent,,,,(020) 8567 0640,,,,,,,,,,,
,W5,W,supabase,,52c1d590-4e38-40fe-a99f-06cdbc4a7ba7,51.5135,-0.28454,Springfield (Acton) Bowls Club,Independent,,,,(020) 8992 1810,,,,,,,,,,,
,W5,W,node,27476034,node/27476034,51.5061889,-0.3053344,The Castle Inn,Fuller's,36,St Marys Road,London,,https://www.castleealing.co.uk/,200,,,,,,,,,
,W5,W,node,27408323,node/27408323,51.5116826,-0.3051555,The Drapers Arms,,24-25,High Street,London,,,,,,,,,,,,
,W5,W,node,1765203848,node/1765203848,51.5332135,-0.2956664,The Fox and Goose,,,,,,,,,,,,,,,,
,W5,W,way,96929137,way/96929137,51.5082881,-0.2962339,The Grange,,,Warwick Road,London,,https://www.grangeealing.co.uk/,,,,,,,,,,
,W5,W,node,76660110,node/76660110,51.5169424,-0.2899892,The Greystoke,Greene King,7,Queens Parade,London,,https://www.greeneking.co.uk/pubs/greater-london/greystoke,200,,,,,,,,,
,W5,W,node,27475739,node/27475739,51.5102956,-0.3052313,The Grove,,,,,,https://www.thegrovew5.co.uk/,,,,,,,,,,
,W5,W,node,27477159,node/27477159,51.5168303,-0.3000951,The Haven Arms,,33,Haven Lane,London,+44 20 8997 0378,,,,,,,,,,,
,W5,W,node,1117274863,node/1117274863,51.513793,-0.2995294,The Lodge Tavern,,,,,,,,,,,,,,,,
,W5,W,node,567052197,node/567052197,51.5050789,-0.3057201,The New Inn,,62,St Marys Road,London,,https://www.newinnealing.com/,,,,,,,,,,
,W5,W,node,27476990,node/27476990,51.5138717,-0.3018562,The North Star,,,,,,,,,,,,,,,,
,W5,W,node,249257137,node/249257137,51.497219,-0.312545,The Plough,Fuller's,297,Northfield Avenue,London,,https://www.ploughnorthfields.co.uk/,200,,,"Su-Th 11:00-24:00; Fr,Sa 11:00-00:30",,,,,,
,W5,W,node,27475983,node/27475983,51.5080196,-0.3050181,The Red Lion,Fuller's,,,,,https://www.theredlionw5.com/,200,,,,,,,,,
,W5,W,node,27476983,node/27476983,51.5148399,-0.302661,The Shanakee,,,,,,,,,,,,,,,,
,W5,W,node,1117274890,node/1117274890,51.5136177,-0.2988011,The Sir Michael Balcon,Wetherspoon,46-47,The Mall,London,,https://www.jdwetherspoon.com/pubs/the-sir-michael-balcon-ealing,200,,Q88917071,,,,,,,
,W5,W,node,27477157,node/27477157,51.5169211,-0.299932,The Wheatsheaf,Fuller's,41,Haven Lane,London,+44 20 8997 5240,https://www.wheatsheaf-ealing.co.uk/,200,,,,,,,,,
,W5,W,way,863760449,way/863760449,51.5265311,-0.312486,Village Inn,Village Inn,,Pitshanger Lane,London,,https://www.village-inn.co.uk/,,,,,,,,,,
,W6,W,way,148755881,way/148755881,51.4973241,-0.2230041,Brook Green,Young's,170,Shepherds Bush Road,London,,https://www.brookgreenhotel.co.uk/,,,,,,,,,,
,W6,W,way,965793174,way/965793174,51.498676,-0.2352418,Anglesea Arms,,35,Wingate Road,London,+44 20 8749 1291,https://www.angleseaarmspub.co.uk/,200,,,,,,,,,
,W6,W,way,174088740,way/174088740,51.4895924,-0.2308542,Blue Anchor,,,Lower Mall,London,,https://www.thechaptercollection.co.uk/blue-anchor-hammersmith,,,Q23301464,,,,,,,
,W6,W,way,971536330,way/971536330,51.4946442,-0.2273039,Dartmouth Castle,,26,Glenthorne Road,London,,https://www.thedartmouthcastle.co.uk,200,,,Tu-Fr 12:00-23:00, Sa 16:00-23:00, Su 12:00-23:30, Mo 14:00-23:00,,,
,W6,W,node,631298804,node/631298804,51.4893138,-0.223209,Distillers,Fuller's,,,,,https://www.distillershammersmith.co.uk/,200,,,,,,,,,
,W6,W,node,631298788,node/631298788,51.4905527,-0.2237557,Duke of Cornwall,,,,,,,,,,,,,,,,
,W6,W,supabase,,9d3a85af-8142-4a68-a79e-282c0c7af2ad,51.4942,-0.224031,Duke of Hammersmith,BrewDog,,,,(020) 7042 5109,,,,,,,,,,,
,W6,W,supabase,,8c1a4d5d-853d-413f-aea9-1fd797f4c889,51.4973,-0.227353,Grove Tavern,Independent,,,,(020) 8748 2966,,,,,,,,,,,
,W6,W,way,1228717963,way/1228717963,51.4927323,-0.2355598,Hammersmith Belle,,,,,,,,,,,,,,,,
,W6,W,way,117232134,way/117232134,51.4931536,-0.2166475,Latymers,Fuller's,157,Hammersmith Road,London,,https://www.latymershammersmith.co.uk/,200,,,,,,,,,
,W6,W,supabase,,0322b035-7e0b-433f-aa09-6d2a9bc831e6,51.4906,-0.238774,London Corinthian Sailing & Sons of the Thames Rowing Clubs,Independent,,,,(020) 8748 1841,,,,,,,,,,,
,W6,W,node,631298816,node/631298816,51.4887915,-0.2229529,Old Suffolk Punch,,,,,,,,,,,,,,,,
,W6,W,node,1532645515,node/1532645515,51.4879025,-0.219236,Reynold's Bar,,,,,,,,,,,,,,,,
,W6,W,way,586427054,way/586427054,51.4966164,-0.2348657,Thatched House,,115,Dalling Road,London,+44 20 8741 6282,https://www.thatchedhousepub.com/,200,,,Mo-Su 12:00-23:00,,,,,,
,W6,W,way,966387179,way/966387179,51.496791,-0.2327044,The Andover Arms,Fuller's,57,Aldensley Road,London,+44 20 8748 2155,https://www.theandoverarmsw6.com/,200,,,,,,,,,
,W6,W,way,176710324,way/176710324,51.4902482,-0.2416762,The Black Lion,,,,,,,,,Q15978902,,,,,,,
,W6,W,way,503644476,way/503644476,51.487257,-0.2268806,The Blue Boat,Fuller's,,,,,https://www.theblueboat.co.uk/,200,,,,,,,,,
,W6,W,node,313617793,node/313617793,51.4925603,-0.2426718,The Carpenter's Arms,,,,,,,,,,,,,,,,
,W6,W,way,97403235,way/97403235,51.4885224,-0.2269261,The Chancellors,,25,Crisp Road,London,,,,,,,,,,,,
,W6,W,node,3793532459,node/3793532459,51.4916954,-0.2241818,The Craft Beer Co.,The Craft Beer Co.,17-18,Broadway Shopping Centre,London,+44 20 8748 7033,http://www.thecraftbeerco.com/hammersmith,200,,,,,,,,,
,W6,W,node,313617797,node/313617797,51.4918251,-0.2426222,The Cross Keys,Fuller's,,,,,https://www.crosskeyshammersmith.co.uk/,200,,,,,,,,,
,W6,W,way,174088755,way/174088755,51.4904854,-0.2348421,The Dove,Fuller's,19,Upper Mall,London,,https://www.dovehammersmith.co.uk/,200,,Q15979554,,,,,,,
,W6,W,way,961791327,way/961791327,51.4985673,-0.2439523,The Duchess W6,,320,Goldhawk Road,London,+44 20 8748 9128,https://www.theduchesshammersmith.co.uk/,200,,,Mo-Su 11:00-22:00,,,,,,
,W6,W,way,970789393,way/970789393,51.4973073,-0.2275097,The Grove,,83,Hammersmith Grove,London,+44 20 8748 2966,https://www.thegrovetavern.co.uk,200,,,,,,,,,
,W6,W,node,419139639,node/419139639,51.4924346,-0.2283606,The Hammersmith Ram,,,,,,https://www.thehammersmithram.co.uk/,,,,,,,,,,
,W6,W,node,257464728,node/257464728,51.4933656,-0.2433411,The Hart,,,,,,,,,,,,,,,,
,W6,W,node,1522909770,node/1522909770,51.4927467,-0.2257217,The Hop Poles,Stonegate,,,,,https://www.socialpubandkitchen.co.uk/hop-poles-hammersmith,200,,Q15979561,,,,,,,
,W6,W,node,419139634,node/419139634,51.4893442,-0.2290789,The Old City Arms,Stonegate,,,,,https://www.greatlocalpubs.co.uk/404,200,,,,,,,,,
,W6,W,way,176677099,way/176677099,51.4903483,-0.2398601,The Old Ship,Young's,25,Upper Mall,London,+44 20 8748 2593,https://www.oldshiphammersmith.co.uk/,200,,,Mo-Th 11:00-23:00, Fr 12:00-23:00, Sa 12:00-23:00, Su 12:00-22:00,,,
,W6,W,way,922721396,way/922721396,51.4868498,-0.2155137,The Pear Tree,,14,Margravine Road,London,,https://www.thepeartreefulham.com/,,,,,,,,,,
,W6,W,way,586427057,way/586427057,51.4949778,-0.2347815,The Prince of Wales Townhouse,,73,Dalling Road,London,+44 20 8563 1713,https://www.princeofwales-townhouse.co.uk/,200,,,"Mo-Th, Su 09:00-23:00; Fr, Sa 09:00-00:00",,,,,,
,W6,W,way,173773738,way/173773738,51.4958631,-0.2207425,The Queen's Head,Fuller's,13,Brook Green,London,,https://www.queensheadhammersmith.co.uk/,200,,Q18161329,,,,,,,
,W6,W,node,400899977,node/400899977,51.4950799,-0.2445682,The Raven,,375,Goldhawk Road,London,,,,,,,,,,,,
,W6,W,way,174088756,way/174088756,51.4896885,-0.2310991,The Rutland Arms,Greene King,15,Lower Mall,London,,https://www.greeneking.co.uk/pubs/greater-london/rutland-arms,200,,Q23891212,,,,,,,
,W6,W,way,332723845,way/332723845,51.4928922,-0.2332148,The Salutation,Fuller's,154,King Street,London,,https://www.salutationhammersmith.co.uk/,200,,Q15979280,,,,,,,
,W6,W,way,972149539,way/972149539,51.4943846,-0.2301509,The Stonemasons Arms,Fuller's,54,Cambridge Grove,London,,https://stonemasonsarms.co.uk/,200,,,,,,,,,
,W6,W,way,1002485821,way/1002485821,51.4931261,-0.225061,The Swan,Nicholson's,46,Hammersmith Broadway,London,+44 20 8748 1043,https://www.nicholsonspubs.co.uk/restaurants/london/theswanhammersmithlondon,403,,Q15979572,,,,,,,
,W6,W,way,1002485834,way/1002485834,51.4931336,-0.2254146,The William Morris,Wetherspoon,2-4,King Street,London,,https://www.jdwetherspoon.com/pubs/the-william-morris-hammersmith,200,,,"Mo-Th 08:00-24:00; Fr 08:00-24:00; Sa 00:00-01:00,08:00-24:00; Su 00:00-01:00,08:00-24:00",,,,,,
,W7,W,node,3261904462,node/3261904462,51.5067295,-0.3374416,Dodo,,52,Boston Road,London,,https://www.thedodomicropub.com/,200,,,"We,Th 17:00-22:00; Fr 16:00-22:30; Sa 15:00-22:30; Su 14:00-19:00",,,,,,
,W7,W,supabase,,fb1e8d73-8835-4d5a-af17-5b369f82bcd4,51.5071,-0.337626,Dodo Micropub,Independent,,,,(020) 8567 5959,,,,,,,,,,,
,W7,W,supabase,,21456e4e-30d0-4195-b427-c78e71313be4,51.5088,-0.333249,Hanwell Conservative Club,Independent,,,,(020) 8567 0517,,,,,,,,,,,
,W7,W,node,2928247913,node/2928247913,51.506332,-0.3374822,Prince of Wales,,62,Boston Road,London,,https://www.lemonrock.com/princeofwaleshanwell,,,,,,,,,,
,W7,W,node,25592547,node/25592547,51.5089598,-0.3385051,The Duke of York,,161,Uxbridge Road,London,,,,,,,,,,,,
,W7,W,node,242925119,node/242925119,51.5042436,-0.3433342,The Fox,,,,,,,,,Q16891401,,,,,,,
,W7,W,node,242938605,node/242938605,51.5071386,-0.3395948,The Green W7,,13,Lower Boston Road,London,,https://www.thegreenw7.com/,200,,,Su-We 09:00-23:00, Th-Sa 11:00-00:00,,,,,
,W7,W,node,242925249,node/242925249,51.5067265,-0.3276291,The Grosvenor,,127,Oaklands Road,London,442088400007,https://grosvenorpub.com/,200,,,Mo-Sa 12:00-23:20, Su 12:00-22:50,,,,,
,W7,W,node,7581534029,node/7581534029,51.5086895,-0.3373287,The Kings Arms,,110,Uxbridge Road,London,,,,,Q18160446,,,,,,,
,W7,W,way,315531458,way/315531458,51.5085303,-0.341956,The Viaduct,Fuller's,221,Uxbridge Road,London,,https://www.viaduct-hanwell.co.uk/,200,,,,,,,,,
,W7,W,node,2928263022,node/2928263022,51.5059033,-0.3372049,Village Inn,,,,,,,,,,,,,,,,
,W8,W,way,128419853,way/128419853,51.4994337,-0.1883577,Builders Arms,Mitchells & Butlers,1,Kensington Court Place,London,+44 20 7937 6213,,,,,Mo-Sa 11:00-23:00, Su 12:00-22:30,,,,,
,W8,W,way,128292693,way/128292693,51.5020851,-0.1877493,Goat Tavern,Greene King,3,Kensington High Street,London,,https://www.greeneking.co.uk/pubs/greater-london/goat-tavern,200,,Q23301475,"Mo-Th 12:00-23:00; Fr,Sa 12:00-24:00; Su 12:00-22:00",,,,,,
,W8,W,supabase,,d8471bd3-5d86-408c-b0c7-925f30aba817,51.4981,-0.19785,Holland,Independent,,,,(020) 4599 1369,,,,,,,,,,,
,W8,W,way,807272441,way/807272441,51.5084628,-0.1939267,Mall Tavern,,71-73,Palace Gardens Terrace,London,+44 20 7229 3374,http://www.themallw8.com/,200,,,,,,,,,
,W8,W,way,824948809,way/824948809,51.4981906,-0.1979652,Princess Victoria,,25,Earl's Court Road,London,+44 20 7937 6930,,,,,,,,,,,
,W8,W,node,12437701305,node/12437701305,51.5072365,-0.1948618,The Blue Stoops,,127-129,Kensington Church Street,London,+44 7538 677570,https://www.thebluestoops.com,200,,,"Mo-We 12:00-23:30, Th-Sa 12:00-24:00, Su 12:00-22:30",,,,,,
,W8,W,way,824789669,way/824789669,51.498619,-0.1955963,The Britannia,,1,Allen Street,London,,https://www.britanniakensington.co.uk/,200,,,,,,,,,
,W8,W,way,192794336,way/192794336,51.5068744,-0.1948709,The Churchill Arms,Fuller's,119,Kensington Church Street,London,,https://www.churchillarmskensington.co.uk/,200,,Q39047441,Mo-Sa 11:00-23:00, Su 12:00-22:30,,,,,
,W8,W,way,151789101,way/151789101,51.4968085,-0.1926957,The Devonshire Arms,Mitchells & Butlers,37,Marloes Road,London,+44 20 7937 0710,https://www.thedevonshirearmskensington.co.uk/,403,,,Mo-Sa 12:00-23:30, Su 12:00-22:30,,,,,
,W8,W,way,803223234,way/803223234,51.5030614,-0.1935345,The Elephant and Castle,Nicholson's,40-42,Holland Street,London,+44 20 7937 6382,https://www.nicholsonspubs.co.uk/restaurants/london/theelephantandcastlekensingtonlondon,403,,,,,,,,,
,W8,W,way,128292738,way/128292738,51.5010872,-0.1893616,The Greyhound,Greene King,1,Kensington Square,London,,https://www.greeneking.co.uk/pubs/greater-london/greyhound,200,,Q27080908,"Mo-We,Sa 12:00-23:00; Th,Fr 12:00-00:00; Su 12:00-22:30",,,,,,
,W8,W,way,829086948,way/829086948,51.49646,-0.1972511,The Hansom Cab,,84-86,Earl's Court Road,London,,https://thehansomcab.com/,200,,Q18160134,,,,,,,
,W8,W,way,367518277,way/367518277,51.5079008,-0.1976158,The Hillgate,,24,Hillgate Place,London,+44 20 7727 8566,https://thehillgate.com/,200,,,,,,,,,
,W8,W,way,112673208,way/112673208,51.5089768,-0.1949996,The Old Swan,Greene King,206,Kensington Church Street,London,,https://www.greeneking.co.uk/pubs/greater-london/old-swan,200,,,"Su-We 12:00-23:00, Th 12:00-24:00, Fr,Sa 12:00-01:00",,,,,,
,W8,W,node,7532833476,node/7532833476,51.5023506,-0.1909183,The Prince of Wales,Greene King,8,Kensington Church Street,London,,https://www.greeneking.co.uk/pubs/greater-london/prince-of-wales,200,,,Mo-Fr 11:00-23:00, Sa 11:00-23:30, Su 11:00-22:30,,,,
,W8,W,way,112678856,way/112678856,51.4969796,-0.1989743,The Scarsdale Tavern,Fuller's,23A,Edwardes Square,London,+44 20 7937 1811,https://www.scarsdaletavern.co.uk/,200,,Q18161626,,,,,,,
,W8,W,way,364768722,way/364768722,51.5083386,-0.1988359,Uxbridge Arms,,13,Uxbridge Street,London,+44 20 7792 1362,https://theuxbridgearms.com/,,,,,,,,,,
,W8,W,way,364339508,way/364339508,51.5062926,-0.1985253,Windsor Castle,,114,Campden Hill Road,London,+44 20 7243 8797,https://www.thewindsorcastlekensington.co.uk/,403,,Q15979613,,,,,,,
,W9,W,way,361312259,way/361312259,51.5230563,-0.2008264,Angie's Free House,,33-35,Woodfield Place,London,,https://www.lemonrock.com/angiesfreehousemaidahill,,,,,,,,,,
,W9,W,way,360905405,way/360905405,51.5304109,-0.1854857,Elgin,,255,Elgin Avenue,London,+44 20 7625 5511,https://www.theelgin.com/,200,,,Mo-Th 09:00-23:30, Fr-Sa 09:00-24:00, Su 12:00-22:00,,,,
,W9,W,way,122260658,way/122260658,51.5244127,-0.1848884,Prince Alfred,Young's,5A,Formosa Street,London,+44 20 7286 3287,https://www.theprincealfred.com/,200,,Q17018181,,,,,,,
,W9,W,supabase,,e873d450-30fc-443f-8018-d7b087c14db3,51.5246,-0.18456,Real Drinks,,,,,(020) 7286 2244,,,,,,,,,,,
,W9,W,way,155265199,way/155265199,51.5255015,-0.1791993,The Eagle,,15,Clifton Road,London,,,,,,,,,,,,
,W9,W,way,361341226,way/361341226,51.5251065,-0.2029469,The Frankfort Arms,Stonegate,518,Harrow Road,London,,,,,,,,,,,,
,W9,W,way,98535839,way/98535839,51.5243607,-0.1887059,The Hero,,55,Shirland Road,London,+44 20 3960 9109,https://clydeinsider.co.uk/,200,,,,,,,,,
,W9,W,way,361094607,way/361094607,51.5228017,-0.201367,The Union Tavern,Fuller's,45,Woodfield Road,London,,https://www.union-tavern.co.uk/,200,,,Mo-Th 12:00-23:00, Fr-Sa 12:00-24:00, Su 12:00-22:30,,,,
,W9,W,node,3154333461,node/3154333461,51.5226664,-0.1877985,The Waterway,,54,Formosa Street,London,+44 20 7266 3557,https://www.thewaterway.co.uk/,200,,,Mo-Fr 11:00-23:00,Sa 10:00-23:00,Su 10:00-22:30,,,,
,W9,W,way,154952350,way/154952350,51.5271918,-0.1830815,Warrington,,93,Warrington Crescent,London,+44 20 7286 8282,https://thewarringtonhotel.co.uk/,,,Q17062311,Mo-Th 15:00-23:00, Fr 15:00-00:00, Sa 12:00-00:00, Su 12:00-22:30,,,
,W9,W,way,155001536,way/155001536,51.5220225,-0.1838677,Warwick Castle,,6,Warwick Place,London,,https://www.warwickcastlemaidavale.com/,,,Q17041248,,,,,,,
,W9,W,node,311481378,node/311481378,51.5254495,-0.1788998,Windsor Castle,,3,Lanark Place,London,,,,,,,,,,,,
,WC1A,WC,way,157757561,way/157757561,51.5169981,-0.1250478,The Old Crown Pub,,33,New Oxford Street,London,,https://samuelsmithsbrewery.co.uk/,200,,,,,,,,,
,WC1A,WC,way,553157400,way/553157400,51.517732,-0.1257947,The Plough,Greene King,27,Museum Street,London,+44 20 7636 7964,https://www.greeneking.co.uk/pubs/greater-london/plough,200,,Q27084319,,,,,,,
,WC1A,WC,supabase,,068f5b5e-5e8d-46d0-942d-f1db4e586f4a,51.5185,-0.1241,Truckles of Pied Bull Yard,Independent,,,,(020) 7404 5338,,,,,,,,,,,
,WC1B,WC,node,311877348,node/311877348,51.5209322,-0.1231994,Dean's Bar,,,,,,,,,,,,,,,,
,WC1B,WC,way,553157392,way/553157392,51.5181743,-0.1258623,Museum Tavern,Greene King,49,Great Russell Street,London,,https://www.greeneking.co.uk/pubs/greater-london/museum-tavern,200,,Q16707752,,,,,,,
,WC1E,WC,way,422540678,way/422540678,51.5199129,-0.1318718,The College Arms,Stonegate,18,Store Street,London,+44 20 7436 4697,,,,,,,,,,,
,WC1E,WC,way,847530472,way/847530472,51.5251547,-0.1350356,The Huntley,Students' Union UCL,134-136,Gower Street,London,,https://studentsunionucl.org/eat-drink-shop/bars/huntley,200,,,Mo-Th 12:00-23:00, Fr 12:00-01:30, Sa 19:00-01:30,,,,
,WC1E,WC,way,79504992,way/79504992,51.52354,-0.1355974,The Jeremy Bentham,,31,University Street,London,,https://thejeremybentham.co.uk/,200,,,Mo-We 12:00-23:00, Th-Fr 12:00-00:30, Sa 12:00-23:00, Su 12:00-10:30,,,
,WC1E,WC,node,49319602,node/49319602,51.5218219,-0.1337724,The Marlborough Arms,Greene King,36,Torrington Place,London,,https://www.greeneking.co.uk/pubs/greater-london/marlborough-arms,200,,,,,,,,,
,WC1H,WC,supabase,,ff68e911-4971-4c71-8f52-ab989410f141,51.5274,-0.1209,Harrison Pub & Hotel,Independent,,,,(020) 7278 3966,,,,,,,,,,,
,WC1H,WC,node,2624195137,node/2624195137,51.5238854,-0.1273035,London Pub,,,,,,https://www.imperialhotels.co.uk/eat-drink/london-pub,403,,,,,,,,,
,WC1H,WC,way,800089338,way/800089338,51.5277994,-0.1275984,Mabel's Tavern,,9,Mabledon Place,London,,https://www.mabelstavern.co.uk/,,,,,,,,,,
,WC1H,WC,way,100267362,way/100267362,51.5266401,-0.1251894,Norfolk Arms,,28,Leigh Street,London,+44 20 7388 3937,https://norfolkarms.co.uk/,200,,,Mo-Sa 11:00-23:00, Su 12:00-22:30,,,,,
,WC1H,WC,node,10937912505,node/10937912505,51.5264877,-0.1243374,Shuffleboard Bar London,Generator London,37,Tavistock Place,London,,https://shuffleboardbars.com/london/,200,,,Mo-Su 12:00-23:00,,,,,,
,WC1H,WC,node,298347049,node/298347049,51.5281822,-0.1251425,Skinners Arms,,114,Judd Street,London,442078376521,https://skinnersarmslondon.com/,200,,,,,,,,,
,WC1H,WC,node,298347050,node/298347050,51.527567,-0.1241966,The Boot,,116,Cromer Street,London,,https://theboot.website/,,,Q7719374,Mo-Sa 12:00-23:00, Su 12:00-22:30,,,,,
,WC1H,WC,node,833772427,node/833772427,51.5288971,-0.124761,The Dolphin,,47,Tonbridge Street,London,442079163191,https://www.bloomsburylondon.com/tenants/the-dolphin-pub,,,,,,,,,,
,WC1H,WC,way,275292695,way/275292695,51.527547,-0.1205826,The Harrison,,28,Harrison Street,London,,https://theharrisonpub.com/,200,,,Mo-Su 12:00-23:00,,,,,,
,WC1H,WC,supabase,,710fe506-5ce6-4e45-85e9-4c0f72a36871,51.5242,-0.1283,Woolf & Whistle,,,,,(020) 7636 8383,,,,,,,,,,,
,WC1N,WC,node,851223228,node/851223228,51.5240185,-0.1249796,Callaghan's,,,Coram Street,London,,https://www.bloomsburylondon.com/tenants/holiday-inn-bloomsbury,,,,"Mo-Su,PH 00:00-23:59+",,,,,,
,WC1N,WC,supabase,,242139f8-1f21-4ba4-bbca-6747af66e948,51.5227,-0.1165,Duke,Independent,,,,(020) 7242 7230,,,,,,,,,,,
,WC1N,WC,node,2316821043,node/2316821043,51.5228503,-0.1245944,Friend at Hand,Greene King,2-4,Herbrand Street,London,+44 20 7837 5524,https://www.greeneking.co.uk/pubs/greater-london/friend-at-hand,200,,,Mo-Su 11:00-23:00,,,,,,
,WC1N,WC,way,800089340,way/800089340,51.5260382,-0.1258729,Lord John Russell,,91-93,Marchmont Street,London,,https://www.bloomsburylondon.com/tenants/lord-john-russell,,,,,,,,,,
,WC1N,WC,way,290457617,way/290457617,51.524439,-0.1250962,Marquis Cornwallis,,31,Marchmont Street,London,,https://www.themarquiscornwalliswc1.co.uk/,403,,,Mo-Th 12:00-23:30, Fr 12:00-00:00, Sa 11:00-00:00, Su 12:00-22:30,,,
,WC1N,WC,node,383932467,node/383932467,51.5228039,-0.1165486,The Duke (of York),,,,London,+44 20 7242 7230,http://www.dukepub.co.uk/,404,,Q17747299,,,,,,,
,WC1N,WC,node,7590593053,node/7590593053,51.5220506,-0.1150708,The Lady Ottoline,,11a,Northington Street,London,,https://www.theladyottoline.com/,200,,,,,,,,,
,WC1N,WC,way,112564610,way/112564610,51.5230913,-0.1190466,The Lamb,Young's,94,Lambs Conduit Street,London,+44 20 7405 0713,https://www.thelamblondon.com/,200,,Q7745280,Mo-We 11:00-23:00, Th-Sa 11:00-24:00, Su 12:00-22:30,,,,
,WC1N,WC,node,7549942987,node/7549942987,51.5222375,-0.1188581,The Perseverance,,63,Lamb's Conduit Street,London,,https://www.theperseverance.co.uk/,,,Q27086674,,,,,,,
,WC1N,WC,node,29039088,node/29039088,51.5212273,-0.1225308,The Queen's Larder,,,,London,,,,,Q26432040,,,,,,,
,WC1N,WC,node,7550117864,node/7550117864,51.5219851,-0.1173567,The Rugby Tavern,,19,Great James Street,London,,https://rugbytavern.co.uk/,,,Q27083480,,,,,,,
,WC1N,WC,node,25475914,node/25475914,51.5210917,-0.1228519,The Swan,Greene King,,,,,https://www.greeneking.co.uk/pubs/greater-london/swan,200,,,,,,,,,
,WC1R,WC,node,338504993,node/338504993,51.5190282,-0.1135508,Horse and Wig,,14,Fulwood Place,London,,https://www.horseandwig.com/,200,,,,,,,,,
,WC1R,WC,way,421566584,way/421566584,51.519107,-0.1162953,Old Nick,Hall & Woodhouse,20-22,Sandland Street,London,+44 20 7430 9503,https://www.oldnickholborn.co.uk/,200,,,Tu-Fr 11:00-23:00, Mo 11:00-22:00, Sa 12:00-21:00,,,,
,WC1R,WC,way,421882353,way/421882353,51.5186421,-0.1183508,The Bountiful Cow,,51,Eagle Street,London,+44 20 7404 0200,https://www.thebountifulcow.co.uk/,,,,Tu-Fr 12:00-23:00, Sa 17:00-23:00,,,,,
,WC1R,WC,node,647873586,node/647873586,51.519968,-0.117691,The Dolphin Tavern,,44,,London,+44 20 7831 6298,,,,,,,,,,,
,WC1R,WC,way,527245738,way/527245738,51.5202538,-0.1173374,The Enterprise,,38,Red Lion Street,London,+44 20 7404 8461,https://www.the-enterprise.co.uk/,200,,,Mo-We 12:00-23:00, Th-Sa 12:00-24:00,,,,,
,WC1R,WC,way,421882356,way/421882356,51.5187444,-0.1191411,The Square Pig and Pen,,30-32,Procter Street,London,+44 20 7691 3144,,,,,,,,,,,
,WC1V,WC,way,75422589,way/75422589,51.5185237,-0.1128229,Cittie of Yorke,Samuel Smith,22-23,High Holborn,London,+44 20 7242 7670,,,,Q5122929,,,,,,,
,WC1V,WC,supabase,,d250c99d-3686-4ad1-a872-18debbadf20f,51.5157,-0.1253,Craft Beer Co. Covent Garden,Craft Beer Co,,,,(020) 7836 5485,,,,,,,,,,,
,WC1V,WC,way,1194233515,way/1194233515,51.517962,-0.1155493,Penderel's Oak,Wetherspoon,283-288,High Holborn,London,+44 20 7242 5669,https://www.jdwetherspoon.com/pubs/penderels-oak-holborn,200,,Q88973882,,,,,,,
,WC1V,WC,way,97237916,way/97237916,51.5173025,-0.1215604,Princess Louise,Samuel Smith,208,High Holborn,London,+44 20 7405 8816,https://princesslouiseholborn.co.uk/,,,Q7244677,,,,,,,
,WC1V,WC,supabase,,cc912fbd-2b8c-4e5b-a0e9-d14a961ab745,51.5187,-0.11934,Square Pig,Independent,,,,(020) 7691 3144,https://www.squarepigholborn.com/,,,,,,,,,,
,WC1V,WC,way,191317959,way/191317959,51.5181096,-0.1166841,The Old Red Lion,,72,High Holborn,London,,,,,Q23041989,,,,,,,
,WC1V,WC,way,278118730,way/278118730,51.516189,-0.1240614,The White Hart,,,Drury Lane,London,,,,,,,,,,,,
,WC1X,WC,node,383970848,node/383970848,51.5248119,-0.1161427,Calthorpe Arms,Young's,252,Gray's Inn Road,London,,https://www.calthorpearmswc1.co.uk/,,,Q26407029,,,,,,,
,WC1X,WC,node,7929807779,node/7929807779,51.5248677,-0.1170162,London Welsh Bar,,157-163,Gray's Inn Road,London,+44 20 7837 3722,,,,,Mo Off, Tu-Th 18:00-23:00, Fr Off, Sa Off, Su Off,,
,WC1X,WC,way,85817497,way/85817497,51.5307642,-0.1199055,The Big Chill House,,257-259,Pentonville Road,London,+44 20 7427 2540,https://www.bigchillbar.com/,403,,Q26407136,,,,,,,
,WC1X,WC,way,155731385,way/155731385,51.5240077,-0.1157437,The Blue Lion,,133,Gray's Inn Road,London,,https://www.bloomsburylondon.com/tenants/the-blue-lion,,,,Mo-Fr 12:00-23:00, Sa Off, Su Off,,,,
,WC1X,WC,way,155724663,way/155724663,51.5285099,-0.1158985,The Carpenters Arms,Taylor Walker,,,,,,,,,,,,,,,
,WC1X,WC,node,281455014,node/281455014,51.5284133,-0.1195557,The Lucas Arms,Greene King,245a,Gray's Inn Road,London,,https://www.greeneking.co.uk/pubs/greater-london/lucas-arms,200,,,,,,,,,
,WC1X,WC,way,100264369,way/100264369,51.5297841,-0.116134,The Northumberland Arms,,141,Kings Cross Road,London,,https://www.northumberlandarmskingscross.co.uk/,,,,,,,,,,
,WC1X,WC,node,1215861506,node/1215861506,51.5284524,-0.1181488,The Queen's Head,,66,Acton Street,London,+44 20 7713 5772,https://queensheadlondon.com/,200,,,Tu-Sa 12:00-00:00, Su-Mo 12:00-23:00,,,,,
,WC1X,WC,node,7550093574,node/7550093574,51.5206791,-0.1170161,The Queens Head,,64,Theobalds Road,London,,,,,,,,,,,,
,WC1X,WC,way,161255236,way/161255236,51.5263091,-0.1113191,The Queens Head,,22,Easton Street,London,,https://www.publove.co.uk/pubs/queens-head,200,,,,,,,,,
,WC1X,WC,way,155724665,way/155724665,51.5266545,-0.113356,The Union Tavern,,52,Lloyd Baker Street,London,+44 20 7278 0111,https://uniontavernlondon.uk/,200,,,Mo-Sa 10:00-23:00, Su 10:00-22:30,,,,,
,WC1X,WC,node,430432974,node/430432974,51.5290018,-0.1195828,The Water Rats,,328,Gray's Inn Road,London,,https://www.thewaterratsvenue.london/,,,Q7773713,"Su-Th 08:00-24:00, Fr-Sa 08:30-01:00",,,,,,
,WC1X,WC,node,380568360,node/380568360,51.5215753,-0.1136199,The Yorkshire Grey,Samuel Smith's,2,Theobald's Road,London,,https://www.yorkshiregrey.com/,200,,Q18162297,Mo-Th 12:00-23:00, Fr 12:00-24:00, Sa 12:00-18:00,,,,
,WC2A,WC,way,277929219,way/277929219,51.5168798,-0.1193086,Shakespeare's Head,Wetherspoon,64-68,Kingsway,London,+44 20 7404 8846,https://www.jdwetherspoon.com/pubs/shakespeares-head-holborn,200,,Q88967138,Mo-Th 07:00-24:00, Fr 07:00-01:00, Sa 08:00-01:00, Su 08:00-24:00,,,
,WC2A,WC,node,21593236,node/21593236,51.5172518,-0.1191791,Ship Tavern,,12,Gate Street,London,+44 20 7405 1992,https://theshiptavern.co.uk/,,,Q7497944,,,,,,,
,WC2A,WC,node,255747947,node/255747947,51.5147063,-0.1168421,The George IV,London School of Economics and Political Science (LSE),31,Portugal Street,London,+44 20 7955 7743,,,,,12:00-24:00,,,,,,
,WC2A,WC,node,21593232,node/21593232,51.5153316,-0.1117428,The Last Judgement,,95,Chancery Lane,London,,https://thelastjudgment.co.uk/,,,Q88965904,,,,,,,
,WC2A,WC,node,6358222785,node/6358222785,51.5165968,-0.1122479,The Pregnant Man,,40,Chancery Lane,London,+44 20 7462 7174,https://thepregnantman.co.uk/,200,,,Mo-We 12:00-23:00, Th-Fr 12:00-00:00,,,,,
,WC2A,WC,way,185312889,way/185312889,51.5149672,-0.1135036,The Seven Stars,,53–54,Carey Street,London,+44 20 7242 8521,http://www.thesevenstars1602.co.uk/,200,,Q15979287,Mo-Sa 11:00-23:00, Su 12:00-22:30,,,,,
,WC2A,WC,node,1962911438,node/1962911438,51.5148475,-0.1175088,The Three Tuns,London School of Economics Students' Union (LSESU),,,London,,,,,,,,,,,,
,WC2A,WC,way,309646651,way/309646651,51.5146695,-0.1171766,Ye Olde White Horse,,2,St Clement's Lane,London,,,,,,,,,,,,
,WC2B,WC,way,196657745,way/196657745,51.512569,-0.1209025,Coach & Horses,,,,,,,,,,,,,,,,
,WC2B,WC,way,277929202,way/277929202,51.5158562,-0.1209866,Hercules Pillars,,18,Great Queen Street,London,,https://www.herculespillars.co.uk/,200,,,,,,,,,
,WC2B,WC,supabase,,c6b9c4c8-b459-46d1-a4e5-314dae929731,51.5148,-0.122427,Marlborough Head,Independent,,,,(020) 7379 7446,,,,,,,,,,,
,WC2B,WC,node,25471087,node/25471087,51.5128467,-0.1212167,Marquess of Anglesey,Young's,39,Bow Street,London,,https://www.themarquess.co.uk/,200,,,,,,,,,
,WC2B,WC,way,986920651,way/986920651,51.5125851,-0.1206291,Nell of Old Drury,Stonegate,,Catherine Street,London,,https://www.nellofolddrury.co.uk/,,,Q112779782,,,,,,,
,WC2B,WC,supabase,,54e92513-f23f-4c5f-8dff-e7cc23a41e01,51.5151,-0.1219,Philomena's,Independent,,,,(020) 7242 5560,,,,,,,,,,,
,WC2B,WC,way,277929211,way/277929211,51.5150278,-0.1219974,Philomena's Irish Bar & Kitchen,,40,Great Queen Street,London,,https://www.philomenasbar.co.uk/,,,,,,,,,,
,WC2B,WC,node,663260803,node/663260803,51.515545,-0.120776,Sway,Stonegate,61-65,Great Queen Street,London,,https://www.swaybar.co.uk/,,,,,,,,,,
,WC2B,WC,way,277929217,way/277929217,51.5161674,-0.120441,The George,,8,Great Queen Street,London,,https://www.thegeorgecoventgarden.co.uk/,,,,,,,,,,
,WC2B,WC,node,312156665,node/312156665,51.5145794,-0.121732,The Prince of Wales,Greene King,150-151,Drury Lane,London,,https://www.greeneking.co.uk/pubs/greater-london/prince-of-wales,200,,,,,,,,,
,WC2E,WC,way,986906891,way/986906891,51.512945,-0.1213091,Bow Street Tavern,,37,Bow Street,London,,https://www.bowstreettavern.com/,,,,,,,,,,
,WC2E,WC,supabase,,d3dd63ca-9b23-452f-a409-b67355089cfe,51.5144,-0.122479,Bull & Egret,Independent,,,,(020) 4631 3476,https://thebullandegret.co.uk/,,,,,,,,,,
,WC2E,WC,supabase,,fcbda728-fe90-45ba-9329-5f4095883dba,51.5115,-0.126329,Garrick Club,Independent,,,,(020) 7379 6478,,,,,,,,,,,
,WC2E,WC,node,566313869,node/566313869,51.5118249,-0.1230419,Punch & Judy,Greene King,40,The Market,London,+44 20 7379 0923,https://www.greeneking.co.uk/pubs/greater-london/punch-and-judy,200,,,Mo-Th 11:00-23:00, Fr-Sa 11:00-24:00, Su 12:00-22:30,,,,
,WC2E,WC,way,565171598,way/565171598,51.5117446,-0.1256753,The Lamb and Flag,Fuller's,33,Rose Street,London,+44 20 7497 9504,https://www.lambandflagcoventgarden.co.uk/,200,,Q18353351,Mo-Sa 11:00-23:00, Su 12:00-22:30,,,,,
,WC2E,WC,way,100013433,way/100013433,51.511047,-0.1227275,The Maple Leaf,Greene King,41,Maiden Lane,London,+44 20 7240 2843,https://www.greeneking.co.uk/pubs/greater-london/maple-leaf,200,,,Mo-Sa 11:00-23:00, Su 12:00-22:30,,,,,
,WC2E,WC,way,123318572,way/123318572,51.5129662,-0.1236536,The Nags Head,,10,James Street,London,,,,,Q18379002,,,,,,,
,WC2E,WC,way,80208385,way/80208385,51.5139873,-0.1226274,The Sun Tavern,,66,Long Acre,London,,,,,Q27080797,Mo-Th 11:00-23:30, Fr 11:00-00:00, Sa 12:00-22:30,,,,
,WC2E,WC,way,173544268,way/173544268,51.5127873,-0.1239112,The White Lion,Nicholson's,24,James Street,London,,https://www.nicholsonspubs.co.uk/restaurants/london/thewhitelioncoventgardenlondon,403,,Q23301494,,,,,,,
,WC2H,WC,way,347393523,way/347393523,51.5133747,-0.128627,Brewdog,BrewDog,142,Shaftesbury Avenue,London,+44 20 7836 3119,https://brewdog.com/pages/bars/seven-dials,200,,,Mo-Sa 12:00-23:30, Su 12:00-22:30,,,,,
,WC2H,WC,node,691632516,node/691632516,51.5113485,-0.1280628,Brewmaster,Greene King,37,Cranbourn Street,London,,https://www.greeneking.co.uk/pubs/greater-london/brewmaster,200,,,,,,,,,
,WC2H,WC,node,344084670,node/344084670,51.515637,-0.125979,Craft Beer Co.,,168,High Holborn,London,,,,,,Su-We 12:00-00:00,Th-Sa 12:00-01:00,,,,,
,WC2H,WC,way,485638354,way/485638354,51.51327,-0.125553,Guinness Open Gate Brewery London,,1,Mercer Walk,London,,https://opengatelondon.guinness.com/en,200,,,,,,,,,
,WC2H,WC,node,691636621,node/691636621,51.5109133,-0.1280618,Round Table,Greene King,26-27,St Martin's Court,London,,https://www.greeneking.co.uk/pubs/greater-london/round-table,200,,,,,,,,,
,WC2H,WC,way,153690421,way/153690421,51.5154902,-0.1278407,The Angel,Sam Smith's,,,,,,,,Q117706199,,,,,,,
,WC2H,WC,way,249340692,way/249340692,51.5108495,-0.1286638,The Bear & Staff,Nicholson's,,,,,https://www.nicholsonspubs.co.uk/restaurants/london/thebearandstaffleicestersquarelondon,403,,,,,,,,,
,WC2H,WC,way,81459093,way/81459093,51.5168451,-0.1257535,The Bloomsbury,,,Shaftesbury Avenue,London,,https://www.bloomsburytavern.co.uk/,,,Q27083517,,,,,,,
,WC2H,WC,way,157767121,way/157767121,51.5135794,-0.129534,The Cambridge,Nicholson's,,Charing Cross Road,London,,https://www.nicholsonspubs.co.uk/restaurants/london/thecambridgecambridgecircuslondon,403,,Q124360651,,,,,,,
,WC2H,WC,node,12920922066,node/12920922066,51.5145144,-0.1247394,The Cross Keys,,31,Endell Street,London,,,,,Q17986739,,,,,,,
,WC2H,WC,node,12920922056,node/12920922056,51.5139431,-0.1268527,The Crown,Greene King,43,Monmouth Street,London,,https://www.greeneking.co.uk/pubs/greater-london/crown,200,,Q27084354,,,,,,,
,WC2H,WC,way,183366008,way/183366008,51.5168409,-0.1263989,The Crown,,51,New Oxford Street,London,,,,,Q132732860,,,,,,,
,WC2H,WC,node,266680230,node/266680230,51.5139755,-0.1249853,The Crown and Anchor,,22,Neal Street,London,+44 20 7836 5649,,,,Q18207855,,,,,,,
,WC2H,WC,way,168980864,way/168980864,51.5103587,-0.1280811,The Garrick Arms,Greene King,8-10,Charing Cross Road,London,,https://www.greeneking.co.uk/pubs/greater-london/garrick-arms,200,,,,,,,,,
,WC2H,WC,node,13550924140,node/13550924140,51.5109748,-0.131033,The Imperial,Greene King,5,Leicester Street,London,,https://www.greeneking.co.uk/pubs/greater-london/imperial,200,,,,,,,,,
,WC2H,WC,way,175158234,way/175158234,51.5120139,-0.1272933,The Long Acre,Stonegate,1,Upper St Martin's Lane,London,+44 20 7395 1200,https://www.socialpubandkitchen.co.uk/long-acre-covent-garden,200,,,,,,,,,
,WC2H,WC,node,348817410,node/348817410,51.5102692,-0.1293371,The Moon Under Water,Wetherspoon,28,Leicester Square,London,+44 20 7839 2837,https://www.jdwetherspoon.com/pubs/the-moon-under-water-milton-keynes/,200,https://www.jdwetherspoon.com/pubs/the-moon-under-water-milton-keynes/,Q88966234,,,,,,,
,WC2H,WC,way,175157358,way/175157358,51.5117638,-0.1281831,The Porcupine,Nicholson's,48,Charing Cross Road,London,,https://www.nicholsonspubs.co.uk/restaurants/london/theporcupineleicestersquarelondon,403,,,,,,,,,
,WC2H,WC,way,560417509,way/560417509,51.5152293,-0.1232343,The Sun,,21,Drury Lane,London,,,,,,,,,,,,
,WC2H,WC,way,993781413,way/993781413,51.5113088,-0.1314508,The Three Lanterns,,5,Lisle Street,London,,https://www.socialpubandkitchen.co.uk/three-lanterns-leicester-square,,,,,,,,,,
,WC2H,WC,node,12920922063,node/12920922063,51.5133646,-0.1272706,The Two Brewers,Greene King,40,Monmouth Street,London,,https://www.greeneking.co.uk/pubs/greater-london/two-brewers,200,,Q28401980,,,,,,,
,WC2N,WC,supabase,,1065e055-8d96-49b7-8db1-8d563efbc97e,51.508,-0.12408,Champagne Charlie's,Davy's,,,,(020) 7930 7737,,,,,,,,,,,
,WC2N,WC,node,246519847,node/246519847,51.5084752,-0.1267238,Halfway II Heaven,Stonegate,7,Duncannon Street,London,+44 20 7484 0736,https://www.halfway2heaven.net/london,200,,,"Mo-Th 12:00-23:00; Fr, Sa 12:00-01:00; Su 12:00-20:00",,,,,,
,WC2N,WC,supabase,,3ead1dc0-34e4-470a-b481-fb80b7d56e0a,51.5068,-0.124619,Kerridge's Bar & Grill,Corinthia Hotels (operated in partnership with chef Tom Kerridge),,,,(020) 7321 3244,,,,,,,,,,,
,WC2N,WC,way,160683906,way/160683906,51.5109856,-0.1268285,Mr. Fogg's Tavern,,58,St Martin's Lane,London,,https://inception-group.com/mr-foggs-tavern/,,,,,,,,,,
,WC2N,WC,way,205407098,way/205407098,51.5073644,-0.1220032,Opal Bar,,,,London,,,,,,,,,,,,
,WC2N,WC,way,71408542,way/71408542,51.5081839,-0.1237416,Princess of Wales,Nicholson's,27,Villiers Street,London,,https://www.nicholsonspubs.co.uk/restaurants/london/theprincessofwalescharingcrosslondon,403,,,,,,,,,
,WC2N,WC,way,142300246,way/142300246,51.509575,-0.1266761,The Chandos,Samuel Smith,29,St Martin's Lane,London,+44 20 7836 1401,https://thechandos.co.uk/,200,,Q108940306,Mo-Th 11:00-23:00, Fr-Sa 10:00-23:00, Su 10:00-22:30,,,,
,WC2N,WC,way,558503742,way/558503742,51.5097088,-0.1259529,The Harp,Fuller's,47,Chandos Place,London,+44 20 7836 0291,https://www.harpcoventgarden.com/,200,,Q18389799,Mo-Sa 11:00-23:00, Su 12:00-20:00,,,,,
,WC2N,WC,way,107035580,way/107035580,51.5100049,-0.1257159,The Lemon Tree,,4,Bedfordbury,London,,https://www.lemontreecoventgarden.com/,,,,,,,,,,
,WC2N,WC,way,558503751,way/558503751,51.50977,-0.1256876,The Marquis,The Morton-Scott Pub Company,51-52,Chandos Place,London,+44 20 7379 0367,https://www.themarquiscoventgarden.co.uk/,200,,,Mo-Th 12:00-23:00, Fr-Sa 12:00-24:00, Su 12:00-20:00,,,,
,WC2N,WC,node,303585906,node/303585906,51.5091024,-0.1235665,The Retro Bar,Stonegate,2,George Court,London,+44 20 7839 8760,https://www.retrobarlondon.co.uk/london,200,,,"Mo-Th 16:00-23:00; Fr,Sa 14:00-23:00; Su 14:00-22:30",,,,,,
,WC2N,WC,way,183362087,way/183362087,51.5112606,-0.1255384,The Round House,Fuller's,1,Garrick Street,London,,https://www.roundhousecoventgarden.co.uk/,200,,,,,,,,,
,WC2N,WC,way,151297126,way/151297126,51.5109252,-0.1272281,The Salisbury,Greene King,90,St Martin's Lane,London,,https://www.greeneking.co.uk/pubs/greater-london/salisbury,200,,Q15991477,Mo-We 11:00-23:00,Th 11:00-23:30,Fr 11:00-24:00,Sa 12:00-24:00,Su 12:00-22:30,,
,WC2N,WC,way,140517896,way/140517896,51.5073504,-0.1252287,The Sherlock Holmes,Greene King,10-11,Northumberland Street,London,,https://www.greeneking.co.uk/pubs/greater-london/sherlock-holmes,200,,Q17021649,,,,,,,
,WC2N,WC,relation,7183889,relation/7183889,51.5076381,-0.1247016,The Ship and Shovell,Hall & Woodhouse,,,,,,,,Q27080720,,,,,,,
,WC2N,WC,node,1163880380,node/1163880380,51.5093567,-0.1243596,The Stranded,,430,Strand,London,,,,,,Mo-We 15:00-22:00, Th-Sa 12:00-22:00,,,,,
,WC2N,WC,way,68807961,way/68807961,51.5088262,-0.1238981,The Theodore Bullfrog,,26-30,John Adam Street,London,+44 20 7839 2697,https://www.theodore-bullfrog.co.uk/,200,,,,,,,,,
,WC2N,WC,node,305760823,node/305760823,51.5111062,-0.1255283,The White Swan,Nicholson's,14,New Row,London,,https://www.nicholsonspubs.co.uk/restaurants/london/thewhiteswanlondon,403,,Q18393967,,,,,,,
,WC2R,WC,supabase,,fca3cea6-1de7-46d2-a784-9c22041023ae,51.513,-0.113068,Daly's Beer Hall,Young's,,,,(020) 7936 2536,,,,,,,,,,,
,WC2R,WC,supabase,,9611f63a-118e-4be7-907c-2c4fdbf250e1,51.5131,-0.113158,Daly's Wine Bar,Independent,,,,(020) 7583 4476,,,,,,,,,,,
,WC2R,WC,way,99952332,way/99952332,51.5113117,-0.1197245,Lyceum Tavern,Samuel Smith,354,Strand,London,+44 20 7836 7155,,,,,,,,,,,
,WC2R,WC,way,487479499,way/487479499,51.5102361,-0.1228373,Nell Gwynne Tavern,,1-2,,London,,https://www.thenellgwynne.com/,,,Q18391723,,,,,,,
,WC2R,WC,way,244895533,way/244895533,51.5108683,-0.1193446,Savoy Tap,,2,Savoy Street,London,+44 20 7836 9738,https://www.savoytap.co.uk/,200,,,"Mo, Tu 12:00-22:00; We-Sa 12:00-23:00",,,,,,
,WC2R,WC,way,428744489,way/428744489,51.5129676,-0.11302,Temple Brew House,,46,Essex Street,London,+44 20 7936 2536,https://www.dalyswinebarbeerhall.com/,200,,,Mo-We 12:00-23:00, Th 12:00-23:30, Fr-Sa 12:00-24:00, Su 12:00-22:30,,,
,WC2R,WC,node,25746185,node/25746185,51.5123895,-0.1131849,The Cheshire Cheese,,,,London,+44 20 7836 2347,https://www.cheshirecheese.pub/,,,Q27087707,,,,,,,
,WC2R,WC,way,559282490,way/559282490,51.5103271,-0.1211995,The Coal Hole,Nicholson's,91-92,Strand,London,,https://www.nicholsonspubs.co.uk/restaurants/london/thecoalholestrandlondon,403,,Q15991728,,,,,,,
,WC2R,WC,way,244884784,way/244884784,51.5128283,-0.1125591,The Devereux,,,Devereux Court,London,,https://thedevereux.co.uk/,,,Q26319777,,,,,,,
,WC2R,WC,way,244884785,way/244884785,51.5127222,-0.1127754,The Edgar Wallace,,40,Essex Street,London,,https://www.edgarwallacelondon.co.uk/,,,Q28405379,,,,,,,
,WC2R,WC,way,161420189,way/161420189,51.5131279,-0.1130016,The George,,213,Strand,London,+44 20 7353 9638,https://www.georgeinthestrand.com/,200,,,,,,,,,
,WC2R,WC,way,99952313,way/99952313,51.5102672,-0.1234178,The Porterhouse,,21-22,Maiden Lane,London,,https://porterhouse.london/,200,,Q132732751,,,,,,,
,WC2R,WC,way,244895534,way/244895534,51.5114041,-0.1195373,The Wellington,Nicholson's,351,Strand,London,+44 20 7836 2789,https://www.nicholsonspubs.co.uk/restaurants/london/thewellingtonstrandlondon,403,,,Mo-We 10:00-23:00, Th 10:00-23:30, Fr-Sa 10:00-00:00, Su 10:00-22:30,,,
