id,name,address,lat,lon,postcode_district,postcode_area,operator,phone
b709be0e-50ef-46f0-ad1c-f958d54b0935,Shortlands Golf Club,"Meadow Road

Bromley

BR2 0DX",51.4079,0.00187726,BR2,BR,Independent,(020) 8460 0278
7f7e0245-29cf-4b6d-8bd9-dbc59a8fbb15,Royal Blackheath Golf Club,"Court Road

Eltham

SE9 5AF",51.4455,0.055415,SE9,SE,Independent,(020) 8850 1795
b54c8c4c-958e-4e93-9c7c-f86fc9548d44,Croham Arms,"1 Croham Road

South Croydon

CR2 7PB",51.3623,-0.095774,CR2,CR,Independent,(020) 8688 7356
5b79398e-8173-4a5e-bc4d-8a22fe7a8cef,Archer Street,"126-128 Notting Hill Gate

Notting Hill

W11 3QG",51.5089,-0.198774,W11,W,Independent,(020) 8075 5233
9146ef99-60cb-4c06-85c5-d885dd97bc5c,Blacksmith's Arms,"Cudham Lane South

Cudham

TN14 7QB",51.3188,0.0727091,TN14,TN,Independent,(01959) 572678
f478c242-7e20-4a2c-a0a8-57dcd40e2a97,Cheam Social Club,"111/123 Church Hill Road

Cheam

SM3 8LJ",51.3675,-0.217513,SM3,SM,Independent,(020) 8644 7267
1cd6360d-8f7b-4d9d-8acb-4aa1b706e490,Chalk,"25-27 Tryon Street

Chelsea

SW3 3LG",51.4907,-0.163161,SW3,SW,Independent,(020) 3958 4444
cde44fe5-13bc-41af-8ad2-4608586f1bdf,Epsom Club,"41-43 Church Street

Epsom

KT17 4PW",51.3325,-0.261439,KT17,KT,Independent,(01372) 815667
0c35de19-2d54-4c2f-9942-93f38ced4a49,Leyton Orient Supporters Club,"Breyer Group Stadium, Oliver Road,

Leyton

E10 5NF",51.5599,-0.013381,E10,E,Independent,(020) 8988 8288
259b7735-bbf3-443f-9738-3faff1dc2a90,California,"267 Brighton Road

Belmont

SM2 5SU",51.3442,-0.197312,SM2,SM,Independent,(020) 8642 9799
d8dba1a8-6464-4eb3-a303-880f7ff742bf,West Ealing Bowls & Social Club,"Mervyn Road

West Ealing

W13 9UW",51.5008,-0.3234,W13,W,Independent,(020) 8567 7658
e1a73c7f-e9a1-42c8-907c-052d489ae43d,Royal Wimbledon Golf Club,"29 Camp Road

Wimbledon

SW19 4UW",51.4258,-0.235045,SW19,SW,Independent,(020) 8946 2125
a5d83f32-5395-48f1-ac56-df151a464ca0,Lucky Anchor Ale House,"18 Deptford High Street

Deptford

SE8 4AF",51.4755,-0.0257538,SE8,SE,Independent,
da91d25e-f5fe-4445-be3f-46fffcf26b7e,Chessington Cricket Club,"Sir Francis Barker Recreation Groud, Leatherhead Road

Chessington

KT9 2NB",51.3541,-0.312643,KT9,KT,Independent,(020) 8397 9194
2662c896-f3bc-48ed-9a68-bb56e7267a1f,Shooters Hill Golf Club,"Lowood, Eaglesfield Road

Plumstead

SE18 3DA",51.4718,0.073298,SE18,SE,Independent,(020) 8854 6368
c4e690bb-db7c-4469-86c3-28cd58b58e55,Dog House,"14 The Broadway, Plough Lane

Beddington

CR0 4QR",51.3672,-0.13196,CR0,CR,Independent,07982 619119
b25120b5-8f28-4f80-b8a5-90e1c1b2a2f2,Beer & Burger Store,"88 Walm Lane

Willesden Green

NW2 4QY",51.5487,-0.22123,NW2,NW,Independent,(020) 3019 7575
75db191e-d3d6-4acd-8891-7ec672f5c0a1,Mute Swan,"3 Palace Gate, Hampton Court Rd

EAST MOLESEY

KT8 9BN",51.4045,-0.342126,KT8,KT,Brunning & Price,(020) 8941 5959
54405ea6-f868-474e-b028-e86e752ee921,Benugo,"The Circle, St Pancras International Station,

London

N1C 4QL",51.5303,-0.125721,N1C,N,Benugo,(020) 7833 9352
078c6f4d-9141-482f-a384-eb3c431056f7,Woodman,"50 High Street

Farnborough

BR6 7BA",51.3592,0.067592,BR6,BR,Shepherd Neame,(01689) 852663
3b24f226-6172-423d-8573-7a28b4d56343,Hill Top Tap,"7-8 Elm Parade, Main Road

Sidcup

DA14 6NF",51.4263,0.100109,DA14,DA,Stonegate,(020) 8302 8757
562a3441-ccc9-419b-876a-2dfc385beab8,Ealing Cricket Club,"Corfton Road

Ealing

W5 2HS",51.5184,-0.29843,W5,W,Independent,(020) 8997 1858
b59deeb5-7b5b-4a1b-9156-909c241cc6ca,Station,"The Broadway

Stoneleigh

KT17 2JA",51.3642,-0.24683,KT17,KT,Independent,(020) 8393 2765
eedadc65-39f7-4c53-ae07-78cd0a8b9679,O'Neill's,"9 High Street

Beckenham

BR3 1AZ",51.4106,-0.024767,BR3,BR,Nicholson's,(020) 8658 7596
f56f4432-acdf-452f-9330-73480bab79a4,Cross Keys,"1 Lawrence Street

Chelsea

SW3 5NB",51.4835,-0.170487,SW3,SW,DM Group (lessee/operator),(020) 7351 0686
c2076b49-88e6-4591-913e-de0879ccb740,Mitcham Golf Club,"Carshalton Road

Mitcham

CR4 4HN",51.393,-0.156522,CR4,CR,Independent,(020) 8648 4197
5d1f2a70-56a1-4e7c-9535-863a0fe34071,BBC Club W1,"London Broadcast Centre, Portland Place

London

W1A 1AA",51.519,-0.143504,W1A,W,Independent,(020) 7765 3620
b15fa057-c335-454c-ab68-0b7e5d8ca9f4,Timberyard,"53-57 London Road

Twickenham

TW1 3SZ",51.4485,-0.329436,TW1,TW,Independent,(020) 8744 0080
b33d38bc-7afc-4b58-9ec4-8f8b47a45a55,Bexleyheath Working Mens Club,"Royal Oak Road

Bexleyheath

DA6 7HG",51.4563,0.1425,DA6,DA,Independent,(020) 8303 2163
1676b713-0c0a-499e-bdad-61e7fa48e15c,Actonians Sports Club,"Gunnersbury Drive

Ealing

W5 4LL",51.5015,-0.28874,W5,W,Old Actonians Association,(020) 8567 4556
6aac8d34-0401-49ba-887e-4b4798ae9113,Molesey Royal British Legion Club,"St Andrews Hall, 4 St Marys Road

East Molesey

KT8 0ST",51.3989,-0.353075,KT8,KT,Royal British Legion,(020) 8979 3637
94351842-0a52-4e1e-89ac-d0b6651ee2b0,Blackheath Newbridge Social Club,"22 Charlton Road

Blackheath

SE3 7HG",51.4782,0.022195,SE3,SE,Independent,(020) 8858 0525
4f2044d4-4e20-482e-806f-7d486c8ff96d,Biggin Hill Social & Sports Club,"138-140 Main Road

Biggin Hill

TN16 3BA",51.3106,0.0354871,TN16,TN,Independent,(01959) 572132
ff19fa65-958d-44f1-a5ab-7f052e8d975e,Harrow Borough Football Club,"Earlsmead Stadium, Earlsmead

South Harrow

HA2 8SS",51.5587,-0.3722,HA2,HA,Independent,(020) 8422 5221
0593b388-d7e3-493e-854d-57dd7fb1b57c,Buff,"Pinewood Drive

Orpington

BR6 9NL",51.36,0.0878104,BR6,BR,Greene King,(01689) 854411
b7a92489-4a28-41ac-ab10-14a379ff80f1,Fox,"39 Church Street

Twickenham

TW1 3NR",51.4468,-0.327138,TW1,TW,Independent,(020) 8892 1535
f254d703-c20f-4da3-89e7-3b6d2c613e1c,Swallow,"Long Lane

Hillingdon

UB10 9NR",51.5537,-0.44877,UB10,UB,Independent,(01895) 233517
465489df-e17b-45f8-aeae-32b55ee6aa2c,New Inn,"1 New Road

Brentford

TW8 0NX",51.4892,-0.302191,TW8,TW,Independent,(020) 8560 6606
c6eeb8ba-b5e5-49ae-b083-6b1097afbc23,Royal Horse Guardsman,"23 Ealing Road

Brentford

TW8 0JU",51.4864,-0.299977,TW8,TW,Independent,(020) 8568 2122
94334d0d-9aa1-43df-8ef7-20c82b09a4e8,Anglesey Arms,"90 Palace Road

Bromley

BR1 3JX",51.4087,0.0208464,BR1,BR,Shepherd Neame,(020) 3609 5800
2ca7125b-230b-4a1a-81e5-faee8bb18576,Jolly Coopers,"84 Wheelers Lane

Epsom

KT18 7SD",51.3308,-0.28147,KT18,KT,Independent,(01372) 723222
a6491f5c-18d4-4aa1-97e1-7c3270583b7d,Rose,"179 Broadway

Bexleyheath

DA6 7ES",51.4571,0.140476,DA6,DA,Independent,(020) 8303 3846
76e083a9-eabe-4cdb-9508-8ed281e8d4b4,Penny Farthing,"3 Waterside

Crayford

DA1 4JJ",51.4522,0.178505,DA1,DA,Independent,07368 448446
d0a06ced-ab32-44c2-bf6f-1df4112c4bb6,Ellary's,"5 Harefield Road

Brockley

SE4 1LW",51.4638,-0.035608,SE4,SE,Independent,(020) 8692 4756
17b8043a-4008-4318-a6cb-42575f2fb9d6,Prince Frederick,"31 Nichol Lane

Bromley

BR1 4DE",51.4159,0.019826,BR1,BR,Greene King,(020) 8466 6741
a8e7c286-e04d-42c0-a455-191a0b8a1f8e,Prince of Wales,"169-171 Lyham Road

Brixton (SW2)

SW2 5PY",51.4505,-0.12634,SW2,SW,Independent,(020) 8671 1878
7bd74a53-b9d2-49ba-affb-d3e9b4ac4f27,Broomfields,"Bromley Arena, Hayes Lane, Bromley

Bromley

BR2 9EF",51.3893,0.0204141,BR2,BR,Bromley FC,(020) 8460 5291
4012a8de-14d7-48ce-906a-6f6a3d68c6c6,Tudor Barn,"Well Hall Pleasaunce, Well Hall Road

Eltham

SE9 6SZ",51.4571,0.04926,SE9,SE,Independent,0800 433 2351
d927a3a9-592c-4967-918d-8b2ba373b151,Coach House at the George,"Chaucer House, White Hart Yard, Borough High Street

London

SE1 1NX",51.5044,-0.08978,SE1,SE,Greene King,(020) 7407 2056
3435de9d-503c-43bd-805c-87f892e7c775,Case Is Altered,"Eastcote High Road

Eastcote

HA5 2EQ",51.5889,-0.4032,HA5,HA,Independent,(020) 8866 0476
a3454ddf-adcd-4f77-bae8-91592e9fa522,George,"250 Haverstock Hill

Hampstead

NW3 2AE",51.5516,-0.1661,NW3,NW,Independent,(020) 7431 0889
47c82bd8-a5a6-49b7-a9a9-dc4aaa093cc2,Mad Bishop & Bear,"Upper Level, The Lawn, Paddington Station Concourse

Paddington

W2 1HB",51.5158,-0.176434,W2,W,Fuller's,(020) 7402 2441
c3b87c93-243e-43a2-be1a-1e3568d4004f,Oak,"206 Widmore Road

Bromley

BR1 2RH",51.4058,0.0341,BR1,BR,Fest & Revel,(020) 8466 0525
0365099b-9a9c-4408-a121-8358b4252ab9,Shortlands Tavern,"5 Station Road

Bromley

BR2 0EY",51.4053,0.00343825,BR2,BR,Independent,(020) 8466 0202
2f08a930-dfa9-41f8-a206-6cd6e1384db9,Uxbridge Sports Club,"Park Road

Uxbridge

UB8 1NR",51.5532,-0.46849,UB8,UB,Independent,(01895) 237571
9d7f6ad0-8d3a-48e3-8d29-7cccdf4cf9eb,"Bush Hill Park Bowls, Tennis & Social Club","Abbey Road

Enfield

EN1 2QP",51.6432,-0.072615,EN1,EN,Independent,(020) 8363 0997
c6034d33-73f7-4c51-a33b-9c8d5088c2fb,Union Jack Club,"Sandell Street

London

SE1 8UJ",51.5034,-0.110537,SE1,SE,The Union Jack Club (registered charity),(020) 7902 6000
8345b670-ce4e-42f4-9b14-1250debfa029,Running Horses,"23 Erith High Street

Erith

DA8 1QY",51.4821,0.179552,DA8,DA,Independent,(01322) 348097
2c7ef2dd-904a-4724-8c70-a503abdc4edf,Surbiton Club,"34 St James’s Road

Surbiton

KT6 4QL",51.3937,-0.305872,KT6,KT,Independent,(020) 8399 2350
81f46903-5f22-4171-a338-c0296913d2b1,Railway,"32 Station Way

Cheam

SM3 8SQ",51.3562,-0.216227,SM3,SM,Independent,(020) 8395 5393
95c806ee-7a50-4fa6-a618-8e5870ba07f9,Windsor Castle,"378 Carshalton Road

Carshalton

SM5 3PT",51.3627,-0.168451,SM5,SM,Shepherd Neame,(020) 8669 1191
c37624b8-85ca-4e11-a3e1-2fb6cee9785a,Fox,"Coulsdon Common

Caterham

CR3 5QS",51.2952,-0.110362,CR3,CR,Independent,(01883) 340737
d4a943b9-824f-49d4-aaed-3088549de1b9,Magpie & Crown,"128 High Street

Brentford

TW8 8EW",51.4829,-0.309203,TW8,TW,Independent,(020) 8797 6504
4b718a41-2e82-4ebb-b9f0-675c729686c7,Apollo Arms,"13-19 Old Town

Clapham

SW4 0JT",51.4653,-0.141036,SW4,SW,Independent,(020) 3827 1213
fdc92d3f-1113-404b-88c1-342cbf2ef82b,Inn on the Park,"Ewell Road

Cheam

SM3 8AA",51.3556,-0.222384,SM3,SM,Independent,(020) 8394 2000
0a892a4a-2712-4958-bbb4-51b5e01a9325,Prince of Wales,"28 Malden Road

Cheam

SM3 8QF",51.3606,-0.217671,SM3,SM,Independent,(020) 8641 8106
84ddd3ac-0c55-4d07-b4ad-2db4e2a1c093,Glasshouse,"14 Coombe Road

New Malden

KT3 4QF",51.4051,-0.2578,KT3,KT,Independent,(020) 8942 4650
791d26d2-7dfb-49a4-9b33-d46d7226b6e2,Eastcote Royal British Legion,"Southbourne Gardens

Eastcote

HA4 9SQ",51.5732,-0.401988,HA4,HA,Royal British Legion,(020) 8868 1763
e9064aee-ee91-4f99-b482-cc0014a59fd1,Bromley Common Social & Athletic Club,"33 Great Elms Road

Bromley

BR2 9NF",51.3958,0.0285553,BR2,BR,Independent,(020) 8460 5656
747030ee-c31d-485f-bfef-f47b8cf5586a,Chelsfield,"1 Windsor Drive

Chelsfield

BR6 6EY",51.357,0.106416,BR6,BR,Independent,(01689) 637605
be64cb97-8ed8-4747-a994-bfa77c4cd798,White Hart,"106 High Street

Orpington

BR6 0JY",51.3793,0.102176,BR6,BR,Independent,(01689) 830127
623f40db-93d6-473d-a119-d60e7267d44c,Kingston Rugby Football Club,"Rear of King Edward Sports Ground, Hook Road

Chessington

KT9 1PL",51.3724,-0.307286,KT9,KT,Kingston Rugby Football Club,(020) 8397 8385
8d714490-d659-44a1-bde4-ffc0556ab3ce,Lowlands Club,"Lowlands Road

Eastcote

HA5 1TU",51.5793,-0.39518,HA5,HA,Independent,(020) 8582 1801
2c6ce9ec-a730-40fb-9a45-772678f91de1,King George Field Indoor Bowls Club,"Jubilee Way

Chessington

KT9 1TR",51.3699,-0.285295,KT9,KT,Independent,(020) 8397 7025
98f124e6-0606-4577-a499-a7c9d8a1084d,Rhodrons Club,"Rhodrons Avenue

Chessington

KT9 1BA",51.3665,-0.305939,KT9,KT,Independent,(020) 8397 2683
80967878-bfb4-48d4-abef-358ec780c597,Imperial Arms,"Old Hill

Chislehurst

BR7 5LZ",51.4091,0.061819,BR7,BR,Independent,(020) 3605 7899
385237bf-1338-47f2-9e5e-3f29a4b3eba9,Gordon Arms,"47 Park Road

Chislehurst

BR7 5AY",51.4198,0.069112,BR7,BR,Craft Union,07384 037006
2db663fa-8256-4317-9a98-40a34523c9c5,Chislehurst Golf Club,"Camden Place, Camden Park Road

Chislehurst

BR7 5HJ",51.4112,0.0653947,BR7,BR,Independent,(020) 8467 2782
20dd2fb7-0f68-4ead-8f00-491e7ffbcf05,Crown Inn,"School Road

Chislehurst

BR7 5PQ",51.4105,0.0729195,BR7,BR,Shepherd Neame,(020) 8467 7326
ea691433-979e-4d94-ba90-36c8db8d759b,Five Points Brewery Taproom.,"61 Mare Street

Hackney

E8 4RG",51.5368,-0.057248,E8,E,Five Points Brewing Co,(020) 8533 7746
9ba74653-4cf8-475d-8ab8-ac4bd90998c8,Sir Alfred Hitchcock Hotel,"147 Whipps Cross Road

Leytonstone

E11 1NP",51.5767,0.011682,E11,E,Independent,(020) 8530 3724
9ecc10f2-fbdf-44a2-9bf7-f4818d7fed7a,Ruislip Royal British Legion,"Park House, 32 High Street

Ruislip

HA4 7AN",51.5758,-0.42714,HA4,HA,Royal British Legion,(01895) 632328
5c10354d-1992-4e8c-8f15-5caf73d761f5,Lord Holmesdale,"184 Homesdale Road

Bromley

BR1 2QZ",51.4,0.033832,BR1,BR,Independent,(020) 8464 3280
5fbdf9e9-b794-467a-a859-fcc90c477735,Hare & Hounds,"The Green

Claygate

KT10 0JL",51.3597,-0.33885,KT10,KT,Independent,(01372) 465149
60bdc89d-78fd-4b40-a52b-6780a36f49a9,Star,"158 Plumstead Common Road

Plumstead

SE18 2UL",51.4809,0.0790106,SE18,SE,Independent,(020) 8316 7141
762a0ee4-eb52-4abc-ad98-dbef8de9e4e1,Heston Royal British Legion,"79 New Heston Road

Heston

TW5 0LG",51.485,-0.37843,TW5,TW,Royal British Legion,(020) 8570 4713
db6605e0-a719-4a42-bb53-8856e77151a8,Butterchurn,"Erskine Road

Sutton

SM1 3AS",51.3697,-0.179818,SM1,SM,Independent,(020) 8643 2205
eba3181f-9cbf-4c98-b7a2-0e40c85cc521,Foley,"106 Hare Lane

Claygate

KT10 0LZ",51.3598,-0.34531,KT10,KT,Independent,(01372) 462021
e7fd0ade-4b9c-4c8b-9f41-388eea982419,Upminster & Cranham Royal British Legion Club,"316 St Marys Lane

Upminster

RM14 3HL",51.5574,0.259383,RM14,RM,Royal British Legion,(01708) 220494
3a11e365-52f6-4543-b773-38715776ebdd,Thatched House,"348 St Mary's Lane

Cranham

RM14 3LT",51.5578,0.27611,RM14,RM,Independent,(01708) 641408
4ab446a2-f430-4425-854b-c6e5488cf3cc,Three Hounds Beer Company,"57 Beckenham Road

Clock House, Beckenham

BR3 4PR",51.4085,-0.0391309,BR3,BR,Independent,(020) 3976 0028
9af4b205-9a8d-47bb-8afc-5b3451a88daf,Cobham Rugby Club,"Memorial Ground, Fairmile Lane

Cobham

KT11 2BU",51.3399,-0.395809,KT11,KT,Independent,(01932) 864441
76cd1b95-4147-4bb2-9790-d6dbbe26c0e0,Swan & Mitre,"260-262 High Street

Bromley

BR1 1PG",51.4071,0.011653,BR1,BR,Greene King,(020) 8460 5617
9ea823e7-baf4-4ec1-9a74-7e6f3f118abd,Collier Row & Havering Royal British Legion Club,"120 Collier Row Lane

Collier Row (Romford)

RM5 3DT",51.5912,0.166702,RM5,RM,Royal British Legion,(01708) 741698
d16d0da9-dfb7-44f3-b5bc-68cb6ea4f2fa,Mawney Arms,"44 Mawney Road / Willow Street

Romford

RM7 7HT",51.579,0.171413,RM7,RM,Ember Inns,(01708) 761162
b25f6e34-f964-4c61-9b11-5acae5562f54,Pembroke,"12-16 Chipstead Valley Road

Coulsdon

CR5 2RA",51.321,-0.138525,CR5,CR,Stonegate,(020) 8763 0800
1f1220dc-2ee8-4a61-9e61-beeb756cc25f,Tudor Rose,"270 Coulsdon Road

Coulsdon

CR5 1EB",51.3063,-0.119546,CR5,CR,Nicholson's,(01737) 553368
3499b1bb-6cb9-4daf-892d-48eaab0016ce,Queen's Head,"123 High Street

Cranford

TW5 9PB",51.485,-0.40537,TW5,TW,Fuller's,(020) 8897 0022
c58e8dbf-81a0-4e98-9a93-ced434fd43eb,Royal British Legion Greenford,"182 Oldfield Lane South

Greenford

UB6 9JS",51.5355,-0.34898,UB6,UB,Royal British Legion,(020) 8578 2530
454faf87-f141-49a1-a6a9-e207d36e9d99,Adelaide,"57 Park Road

Teddington

TW11 0AU",51.4239,-0.3346,TW11,TW,Independent,(020) 8977 3616
e34dc9d8-eac0-4dad-a4de-14fccc19053a,h-bar,"Sherfield Building, Imperial College, Ayrton Road

South Kensington

SW7 2AZ",51.4987,-0.177422,SW7,SW,,
8cc71f35-6ebc-4deb-b661-49ae7e487284,Old Fox & Hounds,"1 London Road

Croydon

CR0 2RE",51.3782,-0.103029,CR0,CR,Independent,(020) 8781 6039
5f5d1c85-aa2a-4b48-9414-38eb0361e08b,Whittington,"Whittington Way

Pinner

HA5 5JS",51.5862,-0.3813,HA5,HA,Independent,(020) 8866 5688
7dfe67cb-ccfd-4c58-977d-2c42ee17c3ac,Shirley Park Golf Club,"194 Addiscombe Road

Croydon

CR0 7LB",51.3754,-0.062642,CR0,CR,Independent,(020) 8654 1143
a3c4e291-29ee-487a-8223-ecd86aa82ddc,Surrey Cricketers,"23 West Street

Croydon

CR0 1DJ",51.368,-0.101387,CR0,CR,Independent,(020) 8288 1781
26158516-56bb-493b-95a9-3aaf164fb887,Ship,"47 High Street

Croydon

CR0 1QD",51.372,-0.100347,CR0,CR,Independent,(020) 8688 2810
9deb9497-5bfe-480e-8d6a-3b9b4cb6d166,Crown Rivers,"Terminal 5 Airside Level 1

Heathrow Airport

TW6 2GA",51.4731,-0.488947,TW6,TW,Wetherspoon,(020) 8283 6208
d920064d-4165-4734-a4a7-30318c7ac702,Prince of Wales,"48 West End Lane

Esher

KT10 8LA",51.3634,-0.37965,KT10,KT,Greene King,(01372) 465483
79d0c173-6bac-41cd-8ce0-4e0cf8b0bb6b,Village Club,"151 Addington Road

Selsdon

CR2 8LH",51.3445,-0.061205,CR2,CR,Independent,(020) 8657 3593
231b0117-c3a7-4fa2-a6aa-f14126110cd5,Downside Sports & Social Club,"The Island, Downside Common Road

Downside

KT11 3NU",51.3112,-0.409235,KT11,KT,Independent,(01932) 863230
b09e51ef-4082-423d-870c-f74cabd4b53b,Queen's Head,"25 High Street

Downe

BR6 7US",51.3361,0.054125,BR6,BR,Independent,(01689) 852145
5d6c55e4-cf3c-4929-b9e2-310bf0b98919,Queen's Head,"73 High Street

Green Street Green

BR6 6BQ",51.3522,0.089801,BR6,BR,Ember Inns,(01689) 853455
03429d26-d2a2-427c-be5f-8ff25636f2cb,Green Man,"168 Wickham Street

Welling

DA16 3NL",51.4685,0.0927899,DA16,DA,Independent,(020) 8854 8299
a4245ce0-9970-41a5-9c82-9526c3ef3d04,Lion,"31 Houndsditch

London

EC3A 7DB",51.5148,-0.078162,EC3A,EC,Independent,(020) 7623 8468
f2134054-ab09-458e-a4d4-0446d4978f77,SECC Social Club,"Westfield House, 94 St Mary's Road

Ealing

W5 5EX",51.5045,-0.30684,W5,W,Independent,(020) 8567 0640
4724f090-89b6-4574-969c-10eb523817f9,West End Village Club,"The Pavilion, West End Lane

Esher

KT10 8LF",51.3616,-0.381437,KT10,KT,West End Sports & Social Club,(01372) 465249
882f58a8-94a0-4ed4-869b-67e9c74432be,Ealing Golf Club,"Perivale Lane

Perivale

UB6 8TS",51.5326,-0.32095,UB6,UB,Independent,(020) 8997 0937
cd7ce57c-c372-4d6f-b58e-11740d8682a6,Aldersbrook Bowls Club,"34 Aldersbrook Road

Wanstead

E12 5DY",51.5622,0.035413,E12,E,Independent,07709 632229
ba45fc20-2b1e-4cf4-82ae-0e5ece67a9e6,Prince Of Wales,"2 Church Hill Road

East Barnet

EN4 8TB",51.6415,-0.163,EN4,EN,Independent,(020) 4505 6669
7fa94815-e082-4f17-a898-d57893a01ad2,Poppy Club,"26 St Marks Road

Mitcham

CR4 2LF",51.4067,-0.160498,CR4,CR,Royal British Legion,(020) 8646 2225
3038a591-2ec8-4170-a866-8f5504e47ba3,East Molesey Cricket Club,"The Memorial Cricket Ground, Graburn Way

East Molesey

KT8 9AL",51.4084,-0.353895,KT8,KT,Independent,
53fb20f2-43ac-435f-8b32-4b373a4e794c,Maddens,"130 High Road

East Finchley

N2 9ED",51.5908,-0.1644,N2,N,Independent,(020) 8444 7444
dd31695d-73a1-45ad-a6a9-8d25382696d9,Hare & Hounds,"Windmill Lane

Osterley

TW7 5PR",51.4916,-0.33926,TW7,TW,Independent,(020) 8560 5438
6fd725e8-b335-48d1-ab70-3aaf586926c2,St George's Hill Golf Club,"Golf Club Road, St George's Hill

Weybridge

KT13 0NL",51.348,-0.449233,KT13,KT,Independent,(01932) 847758
2830afe5-c68f-41d0-a271-1e64860ebfeb,Eastcote Cricket Club,"Haydon Hall, Southill Lane

Eastcote

HA5 2EG",51.5888,-0.40632,HA5,HA,Independent,(020) 8866 7794
c1ab2ddd-e4fa-46ee-a363-2d08dd4fcac7,Sweetings,"39 Queen Victoria Street

London

EC4N 4SA",51.5125,-0.0927302,EC4N,EC,Independent,(020) 7248 3062
1d2a492b-1cc4-4cd8-838f-075a6ff76406,Woodcroft Club,"254 High Street

Eltham

SE9 1AA",51.4504,0.062365,SE9,SE,Independent,(020) 8850 8659
e310af70-3ec2-4970-b767-ecbcaf44b26f,Bush Hill Park,"Enfield

EN1 1BB",51.6416,-0.068781,EN1,EN,Independent,(020) 8363 1008
1e6eea1d-c39d-4b71-ae77-ee6a3caec847,Oxshott Club,"Oakshade Road,

Oxshott

KT22 0LE",51.3311,-0.362951,KT22,KT,Independent,(01372) 842232
eba8b746-4426-483c-8a5b-fe8cde2436f7,Ponders End Working Mens Club,"46 South Street

Enfield

EN3 4LB",51.644,-0.043935,EN3,EN,Independent,(020) 8804 2334
1649baef-a1ea-4c56-b2c6-71c214a70350,Barley Mow,"12-14 Pikes Hill

Epsom

KT17 4EA",51.3342,-0.25809,KT17,KT,Fuller's,(01372) 721044
286be34a-7967-476c-9bcb-e731be58a992,Enfield Highway Conservative Club,"652 Hertford Road

Enfield Wash

EN3 6LZ",51.6715,-0.040648,EN3,EN,Independent,(01992) 718603
9aa5e0a4-2693-44af-9188-07aca629a13d,Epsom Sports Club,"Francis Schnadhorst Memorial Ground, Woodcote Road

Epsom

KT18 7QN",51.3265,-0.271973,KT18,KT,Independent,(01372) 722487
87323b86-0af1-41b0-90cc-6afb3c781bcf,Ebbisham Sports Club,"Eastway

Epsom

KT19 8SG",51.34,-0.271424,KT19,KT,Independent,(01372) 720647
539a511b-5d85-4c53-a41f-c291c2e28210,Wheatsheaf,"185 Baker Street

Enfield

EN1 3JT",51.6601,-0.0791,EN1,EN,Independent,(020) 8363 8462
9321e0c9-c26a-4016-9171-57ffab4e057c,Albion,"34-36 Bridge Road

East Molesey

KT8 9HA",51.4022,-0.3445,KT8,KT,Independent,(020) 8783 9342
0553e5bf-70db-4b84-9678-515994f8548f,Brewer's Arms,"22 Brook Street

Erith

DA8 1JQ",51.4723,0.16,DA8,DA,Independent,(01322) 338292
6b0d4d46-84c3-42ce-9057-68413af7d39d,Olde Kings Head,"26 Church Street

Epsom

KT17 4QB",51.3305,-0.25995,KT17,KT,Independent,(01372) 729125
f570e144-a547-4148-92ee-e7f28fb81ccc,West Ewell Social Club,"183 Chessington Road

Ewell

KT19 9XE",51.3527,-0.268001,KT19,KT,Independent,(020) 8224 6041
ff68f447-d287-4215-959a-3b91fd7e25c2,Spring Tavern,"1 London Road

Ewell

KT17 2AY",51.3513,-0.25026,KT17,KT,Independent,(020) 8786 0121
dba9d69a-3e02-408e-9ffa-536212aed9fe,Old Bank,"2 High Street

Sutton

SM1 1HN",51.3599,-0.191379,SM1,SM,Stonegate,(020) 8661 7525
8b45491e-27d3-4aec-a492-35f1fe9b0c0b,Woodcote Park Golf Club,"Meadow Hill, Bridle Way

Coulsdon

CR5 2QQ",51.3289,-0.14985,CR5,CR,Independent,(020) 8668 2788
93bd3dcd-350e-4e51-a639-487d5cd7a203,Islington Town House,"13 Liverpool Road

London

N1 0RW",51.5337,-0.10714,N1,N,Twenty6,07471 330395
d5c5c085-41cf-4d47-ab6e-59eb3809f00a,T.Bird,"132 Blackstock Road

Finsbury Park

N4 2DX",51.5613,-0.0994718,N4,N,Independent,(020) 7503 6202
708edf72-4865-46eb-acfc-48b13da0bb1c,Eagle,"2 Shepherdess Walk

London

N1 7LB",51.5293,-0.09176,N1,N,Independent,(020) 7250 0507
6abff09e-385e-436d-b9e6-ee81a0d10e38,Rusty Bucket,"3 Mill Row, Bexley High Street

Bexley

DA5 1LA",51.4411,0.150547,DA5,DA,Independent,
ca463994-32b6-4ae9-b595-812bd3b7e011,Uxbridge Royal Naval Association,"388A Long Lane

Hillingdon

UB10 9PG",51.5512,-0.44803,UB10,UB,Uxbridge Royal Naval Association,(01895) 230071
31245773-dc6a-4578-a2da-de25ee4f70a8,Good Yarn,"132 High Street

Uxbridge

UB8 1JX",51.548,-0.48097,UB8,UB,Wetherspoon,(01895) 239852
4629d713-bf0a-432c-8a7e-713bd1d661ea,Hackney Carriage,"165 Station Road

Sidcup

DA15 7AA",51.4358,0.101643,DA15,DA,Independent,(020) 3637 9096
d306d8f2-f7b2-4dbe-8bf8-343a759b3122,King George V,"645 Cranbrook Road

Gants Hill

IG2 6SX",51.5783,0.070958,IG2,IG,Independent,(020) 8550 5642
1a4103f0-eb9d-4fac-9247-e6c86e4e4d8b,Archers,"194/204 Main Road

Gidea Park

RM2 5HA",51.5866,0.200476,RM2,RM,Independent,(01708) 727770
c15900d9-376a-45ec-b63d-dfab47dc136b,Bull Inn,"Main Road

St Paul's Cray

BR5 3HS",51.4034,0.11859,BR5,BR,,(01689) 821642
dd9b33b2-1fd9-4b31-bf60-a4a78deda7aa,Winning Post,"Chertsey Road

Whitton

TW2 6LS",51.4478,-0.3559,TW2,TW,,(020) 8894 2772
829fbbea-2064-4ac9-b702-394de6d71df6,Castlebar,"69-71 High Street

Teddington

TW11 8HA",51.4273,-0.33053,TW11,TW,,(020) 8977 3909
5623f84c-2913-48b2-93d6-d4ddf10a030f,Robin Hood,"52 West Street

Sutton

SM1 1SH",51.3637,-0.196743,SM1,SM,Young's,(020) 3581 5133
856988af-334b-439b-b6f3-c6a68a42cfe9,Bulls Head,"Rushmore Hill

Pratts Bottom

BR6 7NQ",51.3397,0.111972,BR6,BR,,(01689) 639233
7312b78f-f4cc-4727-882a-24d7ce666f50,Lord Hill,"40 Watling Street

Bexleyheath

DA6 7QG",51.455,0.1547,DA6,DA,Independent,(01322) 552291
6d2b0788-0eef-4210-bc9a-df094a60a7bc,Baxters Court,"282-284 Mare Street

Hackney

E8 1HE",51.5454,-0.055006,E8,E,Wetherspoon,(020) 8525 9010
fb8739dc-635a-4fc9-97e2-f7103a09cf9c,Farr's Dalston,"17-19 Dalston Lane

Hackney

E8 3DF",51.5464,-0.074017,E8,E,Portobello,(020) 7923 4553
a888527e-8e3f-4d4a-9b38-2f942ed9377f,Dove Free House & Kitchen,"24-28 Broadway Market

Hackney

E8 4QJ",51.5364,-0.061722,E8,E,Independent,(020) 7275 7617
d69301f1-b03a-42cd-8187-b7d15c25c5a4,Moth Club,"Old Trades Hall, Valette Street

Hackney

E9 6NU",51.5457,-0.054506,E9,E,Independent,(020) 8985 7963
b72b3fdc-e47f-4498-86d1-c63a1cf3ff8e,Builders Arms,"38 Field Lane

Teddington

TW11 9AS",51.426,-0.330304,TW11,TW,Independent,(020) 3091 2101
bbb959bc-cc0a-49e3-aeef-3885318a626d,Wheatsheaf,"135 High Street

West Wickham

BR4 0LU",51.3769,-0.021033,BR4,BR,,(020) 8777 5500
67e981e8-77d2-4a02-9536-59152bd4815d,Cryer Arts Centre,"39 High Street

Carshalton

SM5 3BB",51.3658,-0.159416,SM5,SM,Independent,(020) 8669 2444
9d3a85af-8142-4a68-a79e-282c0c7af2ad,Duke of Hammersmith,"238 Shepherds Bush Road

Hammersmith

W6 7NL",51.4942,-0.224031,W6,W,BrewDog,(020) 7042 5109
8c1a4d5d-853d-413f-aea9-1fd797f4c889,Grove Tavern,"83 Hammersmith Grove

Hammersmith

W6 0NQ",51.4973,-0.227353,W6,W,Independent,(020) 8748 2966
03a6e593-8cad-4ae3-aacd-d98f5fac61fa,Chequers,"121 North Street / Billet Lane

Hornchurch

RM11 1ST",51.5683,0.219473,RM11,RM,Independent,(01708) 438659
404189b2-2698-467f-b89e-10eec8074728,Villages Brewery Taproom,"Units 21-22, Resolution Way

Deptford

SE8 4NT",51.4785,-0.0241693,SE8,SE,Independent,(020) 3489 1143
4bf8795f-404f-467e-84e5-7454ef2dc7bd,Smokehouse,"63-69 Canonbury Road

London

N1 2DG",51.5425,-0.099729,N1,N,Independent,(020) 7354 1144
2ea8ff72-33b3-48c4-ade7-639f9336d523,Park Brew & Kitchen,"157 Park Road

Kingston

KT2 6DQ",51.4187,-0.289051,KT2,KT,Park Brewery,(020) 3673 0135
971033b4-48e3-4a72-bb58-dc8517cf3b52,Golden Ark,"186 Addington Road

Selsdon

CR2 8LB",51.344,-0.061581,CR2,CR,Independent,(020) 8651 0700
55d598aa-c96a-4e47-b4bb-2559bada8ff0,Ram,"34, High Street

Kingston

KT1 1HL",51.408,-0.3078,KT1,KT,Independent,(020) 8546 4518
0c8dd49c-ee39-4ae2-9e48-f5ac536ebcff,Jolly Coopers,"16 High Street

Hampton

TW12 2SJ",51.4137,-0.362145,TW12,TW,Independent,(020) 8979 3384
cea3426b-de88-457d-b41d-f4050ee2bc25,Bell Inn,"8 Thames Street

Hampton

TW12 2EA",51.413,-0.3619,TW12,TW,Independent,(020) 8941 9799
b6ed18d2-f508-4082-9dcf-3f7c888f799b,Prince Albert,"30 Hampton Road

Twickenham

TW2 5QB",51.4423,-0.344149,TW2,TW,Fuller's,(020) 8894 3963
9f841898-e507-46d1-bd9a-878a0e95b773,Metropolitan Tavern,"8-9 Windsor Street

Uxbridge

UB8 1AB",51.5456,-0.48005,UB8,UB,Stonegate,(01895) 230031
ebe30e9e-9861-49e5-bd67-6a72a8069385,Crown,"360 Hornchurch Road

Hornchurch

RM12 4TW",51.5655,0.18857,RM12,RM,Independent,(01708) 447656
8589e95f-a7cc-48e4-88b3-48a8c91659fe,Nags Head,"37 Welling High Street

Welling

DA16 1TR",51.4622,0.111596,DA16,DA,Independent,(020) 8303 2477
63356530-e19d-4982-b092-8e041568b08a,Alderman,"46 Chippenham Rd / Dartfields

Harold Hill

RM3 8HX",51.6052,0.218356,RM3,RM,Independent,(01708) 346288
78b47621-ff22-4874-82b3-a53362186c26,Harold,"51 Station Road / Arundel Road

Harold Wood

RM3 0BS",51.594,0.235161,RM3,RM,Independent,
c1ba0d77-f42e-4a65-a5b3-46c506239b04,Camden Road Arms,"102-106 Camden Road

London

NW1 9EA",51.5413,-0.13858,NW1,NW,BrewDog,(020) 7485 4530
27f09e24-bbc0-41d9-bf6d-179037cfd71f,Grim's Dyke Golf Club,"Oxhey Lane

Hatch End

HA5 4AL",51.6195,-0.36495,HA5,HA,Independent,(020) 8428 4539
4ec19267-c950-4052-beb2-6ff7e18250d1,Orange Tree,"Orange Tree Hill

Havering-Atte-Bower

RM4 1PJ",51.6136,0.180949,RM4,RM,Independent,(01708) 752739
08ac8e6e-7de5-46d3-a55c-2e9e9d684d38,Swan,"2-4 High Street

West Wickham

BR4 0NJ",51.3759,-0.0149407,BR4,BR,Stonegate,(020) 8777 1832
188f3084-fbb4-4469-9b0b-9f165d35d870,Hayes & Harlington Community Association,"Albert Road

Hayes

UB3 4HR",51.5019,-0.4239,UB3,UB,Independent,(020) 8573 5273
5440e788-5bfc-46b0-ac18-65dada04514c,New Inn,"59 Station Approach

Hayes

BR2 7EA",51.3759,0.0112744,BR2,BR,Independent,(020) 8462 2865
4e856292-3ca7-40ac-ad3b-eb41e71ff921,Royal Automobile Club,"89-91 Pall Mall

London

SW1Y 5HS",51.5061,-0.134794,SW1Y,SW,Independent,(020) 7930 2345
d41a0cbf-b9e9-411e-b477-ab4fed1339a5,London's Pride,"Terminal 2 Airside

Heathrow Airport

TW6 1EW",51.4691,-0.450492,TW6,TW,Fuller's,(020) 3728 7978
bdb2fca4-2515-4c1e-8383-7dd0f4f89b85,Claret & Ale,"5 Bingham Corner, Lower Addiscombe Road

Addiscombe

CR0 7AA",51.38,-0.073535,CR0,CR,Independent,(020) 8656 7452
7814243f-1b4e-4568-a2f7-14f8d155fcbb,Royal George,"130 Hersham Road

Hersham

KT12 5QJ",51.3707,-0.40167,KT12,KT,Morgan Pub Collective,(01932) 220910
92b1f58b-ff39-4a36-88b7-2775ce761048,Maxwell,"Station Road

Orpington

BR6 0RZ",51.3718,0.0908975,BR6,BR,Greene King,(01689) 827433
bf418214-00fc-4336-a96d-dd03d17fe0d0,Ain't Nothin' But...,"20 Kingly Street

London

W1B 5PZ",51.5129,-0.139682,W1B,W,Independent,(020) 7287 0514
2453c9da-7030-424d-bb96-8907f516deee,Crown in Sundridge,"46 Plaistow Lane

Bromley

BR1 3PA",51.4141,0.0209285,BR1,BR,Punch Pubs,(020) 8460 3493
455c549c-34dc-4b5a-b895-d87943f2d871,Audley,"43 Mount Street

London

W1K 2RX",51.5096,-0.151698,W1K,W,Artfarm (Iwan & Manuela Wirth) / Hauser & Wirth,(020) 3840 9862
890fb603-aac7-43c4-8a77-118c095f3fb5,Milford Arms,"574 London Road

Isleworth

TW7 4EY",51.4738,-0.34497,TW7,TW,Independent,(020) 8560 1546
fd9129f4-92f7-4fe4-8e75-805e35729f8a,Lawrence Arms,"389 Brockley Road

Brockley

SE4 2PH",51.4547,-0.0371062,SE4,SE,Independent,(020) 8694 6962
f34307ed-5298-4728-8ca2-defeab8fa2b7,Toll Gate,"26-30 Turnpike Lane

Hornsey

N8 0PS",51.5898,-0.1059,N8,N,Independent,(020) 8889 9085
d9aaf091-f956-43dc-aceb-6a2bb24f35f0,Prince Of Wales,"63 Green Lane / Connaught Road

Ilford

IG1 1XJ",51.559,0.085858,IG1,IG,Heineken,(020) 8478 1326
511be7e9-04e1-4cf6-bdee-8e6ad5548d7f,Tichenham Inn,"11 Swakeleys Road

Ickenham

UB10 8DF",51.5645,-0.44473,UB10,UB,Wetherspoon,
2d641a2d-e15b-457b-9d68-5e3e67b20d5a,Harold Wood & District Royal British Legion Club,"20 Athelson Road

Gidea Park

RM3 0QB",51.5908,0.235433,RM3,RM,Royal British Legion,(01708) 343792
df8f78c8-31cd-4486-a03a-82ebbe3433c1,London Apprentice,"62 Church Street

Isleworth

TW7 6BG",51.4712,-0.320858,TW7,TW,Independent,(020) 8560 1915
a4cddefd-937c-4f83-8708-9556e21ffeac,Coach & Horses,"183 London Road

Isleworth

TW7 5BQ",51.4796,-0.320141,TW7,TW,Young's,(020) 8181 5627
d5e31bf2-f872-4659-9270-e9aeef7ba818,Rose,"74-76 Battersea Bridge Road

Battersea

SW11 3AG",51.4783,-0.170162,SW11,SW,BrewDog,(020) 8129 1856
fe49f4a2-609c-4d3d-aa89-32db9a5540e1,Brook Gate,"175 Blackstock Road

Finsbury Park

N4 2JS",51.5613,-0.0988,N4,N,Independent,
55f768fd-70bd-4279-b892-ba49ce8a953c,Travellers Friend,"496-498 High Road

Woodford Green

IG8 0PN",51.615,0.025422,IG8,IG,Independent,(020) 8504 2435
a583a54a-7cac-4b6e-a11d-dcdabf23f2b3,Cherry Lodge Golf Club,"Jail Lane

Biggin Hill

TN16 3AX",51.3101,0.0543058,TN16,TN,Independent,(01959) 572250
df85ef78-be17-4e6e-866a-86fb7df7560b,Cavendish Arms,"128 Hartington Road

South Lambeth

SW8 2HJ",51.4758,-0.12827,SW8,SW,Independent,(020) 7627 0698
18771d19-1095-4b6c-800a-6a2f09191e29,Sutton & Epsom RFC,"Cuddington Court, Rugby Lane

Cheam

SM2 7NF",51.3491,-0.222042,SM2,SM,Independent,(020) 8642 0280
1b353c41-c236-4d31-a8ab-7b31cc4b3856,Kernel Tap Room Spa Road,"132 Spa Road

Bermondsey (East)

SE16 3AE",51.496,-0.0697974,SE16,SE,Independent,(020) 7231 4516
dde5c4b7-0674-4104-8e63-19bd290436fa,Hound,"210 Chiswick High Road

Chiswick

W4 1PD",51.4928,-0.256848,W4,W,Independent,(020) 3872 5533
9d1737fc-c2e3-467e-8b9c-46e2df15eb21,Upminster TapRoom,"1b Sunnyside Gardens

Upminster

RM14 3DT",51.556,0.251605,RM14,RM,Independent,07801 413540
1dedb8a3-88b0-4481-bc76-febdb1382f71,Vine,"86 Highgate Road

Kentish Town

NW5 1PB",51.5551,-0.14477,NW5,NW,Greene King,(020) 7209 0038
a3ea553a-3d98-4433-9828-eb6ccd0fb694,Fox Inn,"Heathfield Road

Keston

BR2 6BQ",51.362,0.027429,BR2,BR,Independent,(01689) 497898
cfcd055a-314d-46ad-bf22-0068cd2da310,Greyhound,"Commonside

Keston

BR2 6BP",51.3627,0.027838,BR2,BR,Shepherd Neame,(01689) 856338
7729fbd8-6ecc-4c45-b044-7540c4a62329,Dog & Duck,"74 Hoppers Road

Winchmore Hill

N21 3LH",51.6255,-0.10478,N21,N,Independent,(020) 8886 1987
ac984aef-b15d-4325-936d-c019148273c5,Mitre,"20 St Mary's Grove

Richmond

TW9 1UY",51.4631,-0.291426,TW9,TW,,(020) 8940 1336
2fa5bb54-3c31-48e5-afcd-5ccedda3de30,Gate,"Rickmansworth Road

Northwood

HA6 2RH",51.6153,-0.43921,HA6,HA,Independent,(01923) 836513
e3d7a470-b34a-4198-a8d0-eeab983edbef,Cornerstone,"The Rotunda Centre, Clarence Street

Kingston

KT1 1QJ",51.4119,-0.300338,KT1,KT,Independent,(020) 8546 7686
59caf209-30bb-41ed-bc96-185e7882ec40,Black Horse,"63 Albert Road

Bexley

DA5 1NT",51.4449,0.14993,DA5,DA,Independent,(01322) 523371
d54a9336-aa4f-4ca9-893d-32ecff7ac05c,Duke of Cambridge,"30 St Peter's Street

London

N1 8JT",51.5341,-0.09846,N1,N,Culpeper Family Hospitality Group,(020) 7359 3066
f4b56409-f35e-4ca7-8f0b-24e92a0f47d1,Brooklands Club Members' Bar,"Brooklands Museum, Brooklands Road

Weybridge

KT13 0QN",51.3549,-0.464432,KT13,KT,Brooklands Museum (Brooklands Museum Trust),(01932) 857381
d26bd560-6a2d-4727-ad56-ba82f5e8256b,Rookery,"69 Clapham Common South Side

Clapham

SW4 9DA",51.4562,-0.143813,SW4,SW,Independent,(020) 8673 9162
c1202159-c413-4369-a70e-9f3d30f91410,Chiswick Memorial Club Association,"Afton House, Bourne Place, Chiswick

Chiswick

W4 2EL",51.492,-0.260148,W4,W,Independent,(020) 8995 3910
fc2fc460-018e-406b-bcfc-9cc1245e1a9f,Halfway House,"188c Halfway Street

Sidcup

DA15 8DJ",51.4413,0.086925,DA15,DA,Independent,07539 732099
b4be13d1-cacc-4a5a-b224-c3ba00ca3f73,George Inn,"24 Bridge Street

Walton On Thames

KT12 1AH",51.3871,-0.42165,KT12,KT,Independent,(01932) 223046
0d93fa07-4177-493e-8bbe-b55f15aa4da2,Pear Tree,"908 Brighton Road

Purley

CR8 2LN",51.3397,-0.115244,CR8,CR,Craft Union,(020) 8660 6396
5a9bbda9-71ca-420e-8352-83c99d5ab918,Bird & Barrel,"100 Barnehurst Road

Bexleyheath

DA7 6HG",51.4659,0.158197,DA7,DA,Bexley Brewery,
43eba554-1d19-4d86-b7cc-c3750f225bf6,Enfield Golf Club,"Old Park Road

Enfield

EN2 7DA",51.6509,-0.099111,EN2,EN,Independent,(020) 8363 3970
f1a7742c-5568-4ac4-8eb7-ab29b66fd480,Muswell Hillbilly Taproom,"14 Avenue Mews

London

N10 3NP",51.5907,-0.14392,N10,N,Muswell Hillbilly Brewers,
97878490-5dfc-49b4-a0de-1a1b7f334db3,Purley Arms,"345 Brighton Road

South Croydon

CR2 6ER",51.3515,-0.098823,CR2,CR,Independent,(020) 3062 5798
612f02d7-e462-439b-bffb-fbf2ae80911d,Long Haul,"149 Long Lane

Bexleyheath

DA7 5AE",51.4658,0.146079,DA7,DA,Independent,07999 792595
f43b5b07-ea6e-4078-bd36-bedd572da710,Pawson's Arms,"69 Pawsons Road

Croydon

CR0 2QA",51.393,-0.096389,CR0,CR,Independent,(020) 8684 2378
78af3296-5a61-4d0a-a05f-12ba4cd15f7a,Amato,"18, Chalk Lane

Epsom

KT18 7AS",51.3245,-0.26836,KT18,KT,Independent,(01372) 721309
188c6811-a486-427c-8a17-0540cb0ad633,Upminster Golf & Bowling Club,"114 Hall Lane

Upminster

RM14 1AU",51.5664,0.257856,RM14,RM,Independent,(01708) 222788
ed33b6d3-0ec0-41f4-978d-1c006aa1b6bd,Botany Bay Cricket Club,"East Lodge Lane

Enfield

EN2 8AS",51.6769,-0.123988,EN2,EN,Independent,(020) 8363 4482
a956ed3f-23c9-4f54-b5f6-6c3b9bea1749,Elizabeth,"139 Ebury Street

London

SW1W 9QU",51.4933,-0.150084,SW1W,SW,Independent,(020) 3971 0761
3e51487c-ef26-4ce0-b431-bd1e6d7c6ed3,Footman,"5 Charles Street

London

W1J 5DE",51.5084,-0.14618,W1J,W,Independent,(020) 7499 2988
421f68db-da7c-4442-85ef-7a3f454febf5,Three Wishes,"122-126 High Street

Edgware

HA8 7EL",51.6122,-0.2807,HA8,HA,Upper Deck,(020) 8952 7386
a867c35f-ebe2-42ab-b8fe-be22fc7098a7,American Bar,"Stafford Hotel, 16/18 St James's Place

London

SW1A 1NJ",51.5059,-0.1404,SW1A,SW,Independent,(020) 7493 0111
a04fc2f5-cc53-417a-9a7c-b25dada468de,Anchor,"34 Park Street

London

SE1 9EF",51.5068,-0.0931,SE1,SE,Independent,(020) 7407 1577
299c776e-d138-4bf9-a4ed-e46e7618c8f4,Harts Boatyard,"Portsmouth Road

Surbiton

KT6 4ES",51.3969,-0.312,KT6,KT,Independent,(020) 8399 7515
7676719b-772d-42f3-bb4e-eef54667dbfb,Royal Oak,"90 Coombe Road

New Malden

KT3 4RD",51.4075,-0.258283,KT3,KT,Independent,(020) 8942 0837
cb7bbe65-025b-4538-a624-948b526f5ead,Horse & Well,"566-568 High Road

Woodford Green

IG8 0PS",51.6169,0.026441,IG8,IG,Independent,(020) 8505 8805
56cd34e8-43a1-4a54-93d5-c7a014332fd6,Hayes Working Men's Club,"Pump Lane

Hayes

UB3 3NB",51.5057,-0.41273,UB3,UB,Independent,(020) 8573 1721
63cd312e-d46d-4bb2-9bcd-31fcf0583cb4,Claret Wine Bar,"33 The Broadway

Cheam

SM3 8BL",51.3588,-0.216788,SM3,SM,Independent,(020) 8715 9002
bdac0c97-2815-41e0-9d0f-496ee54f3c53,Duke of Clarence,"147 High Street

Hampton Hill

TW12 1NJ",51.4268,-0.356003,TW12,TW,Independent,(020) 3005 4777
1b3038e0-92c3-486b-b424-e58b09172b66,Six Bells,"148 High Street

Brentford

TW8 8EW",51.4823,-0.311163,TW8,TW,Independent,(020) 8560 0572
fb05d0fc-c9d8-4dee-a269-35c18036bee1,Turks Head,"28 Winchester Road

St. Margarets

TW1 1LF",51.4566,-0.322925,TW1,TW,Independent,(020) 8892 1972
8e4e58c7-07e1-4707-af1f-aee7853fb23f,Devonshire,"17 Denman Street

London

W1D 7HW",51.5106,-0.1353,W1D,W,Independent,
81ffffab-652f-4f40-8eaa-4e18ad4d078c,Blundell's,"Jail Lane

Biggin Hill

TN16 3AU",51.3152,0.0432694,TN16,TN,Independent,(01959) 573240
7bf5b7a8-3672-4d2e-985f-09e46cc34c3f,Wanstead Tap,"Arch 352 Winchelsea Road

Forest Gate

E7 0AQ",51.5555,0.018757,E7,E,Independent,07976 787419
027ccc56-b3f8-47fb-b208-746a4546ce97,Cask Pub & Kitchen,"6 Charlwood Street

London

SW1V 2EE",51.4911,-0.137429,SW1V,SW,Independent,(020) 7630 7225
a82c31e5-476a-492c-b891-a20fb8022349,Brook House,"65 New Kings Road

Fulham

SW6 4SG",51.4758,-0.193324,SW6,SW,Independent,(020) 7371 5283
9611f63a-118e-4be7-907c-2c4fdbf250e1,Daly's Wine Bar,"210 Strand

London

WC2R 1AP",51.5131,-0.113158,WC2R,WC,Independent,(020) 7583 4476
e39075e9-ac84-462e-9ffb-ab950cee36f1,Tide End Cottage,"8 Ferry Road

Teddington

TW11 9NN",51.4294,-0.323153,TW11,TW,,(020) 8977 7762
3c09ff83-503a-493a-89ba-11e701f926d4,Marney`s Village Inn,"Alma Road

Weston Green

KT10 8JN",51.3837,-0.34876,KT10,KT,Independent,(020) 8398 4444
3151adbb-2b00-4594-94cd-b588730dbd70,Clarence Tavern,"102 Stoke Newington Church Street

London

N16 0LA",51.5622,-0.07913,N16,N,Natural Pubs,(020) 8712 1188
cba3d65f-d625-4f47-81e8-3c690a5d25fa,Old Plough,"2 Station Road

Stoke D'Abernon

KT11 3BN",51.321,-0.38617,KT11,KT,Pearmain,(01932) 862244
8bd05d04-7d13-4511-939d-1f69edc3c336,King's Head,"9 Market Place

Enfield

EN2 6LL",51.6523,-0.0827,EN2,EN,Independent,(020) 8363 6117
a4525f05-2538-440e-96c6-da2e40520137,Duke of Cambridge,"91 Kneller Road

Whitton

TW2 7DT",51.4549,-0.351502,TW2,TW,,(020) 8898 5393
ee3e9c3c-0f2b-40d4-a29d-eee8e2a12b7d,Olde Red Lion,"17 Park Road

Cheam

SM3 8QB",51.3596,-0.216184,SM3,SM,Independent,(020) 8642 5108
4622185a-dae6-479f-8443-c2c4a7fbcb7b,Crown,"86 Highgate High Street

London

N6 5HX",51.5709,-0.1481,N6,N,Northern Union,(020) 4553 3068
d293a5f7-b61d-4207-a2e8-7d6c72fc59e6,London Pub,"Royal National Hotel, Woburn Place

London

WC1H 0DG",51.5232,-0.1272,WC1H,WC,Royal National Hotel,(020) 7278 7871
3a8cfb9f-5cca-4dfa-8ad1-835633029229,Kingston Workmens' Club & Institute,"25 Old London Road

Kingston

KT2 6ND",51.411,-0.299044,KT2,KT,Independent,(020) 8546 0500
2d270cfc-ffc9-4d85-a49c-dbd34d799ffd,Orpington Liberal Club,"7 Station Road

Orpington

BR6 0RZ",51.373,0.0962724,BR6,BR,,(01689) 820882
9c5d3659-a034-4022-9d74-a7b400515210,Romford Royal British Legion Club,"Goodchild House, 54 Western Road

Romford

RM1 3LP",51.5785,0.187209,RM1,RM,Royal British Legion,(01708) 745681
2956249c-c8cb-4df0-a6fc-0391f695f989,East London RFC,"71 Holland Road

West Ham

E15 3BP",51.5293,0.010186,E15,E,Independent,(020) 7473 0669
f8d2edd2-fe77-4b36-b51c-a7a55b4b621c,Myllet Arms,"Western Avenue

Perivale

UB6 8TE",51.5331,-0.32307,UB6,UB,,(020) 8997 4624
e75afa09-ecf0-4c20-8336-e19ced6bc149,Crown,"High Street

Harmondsworth

UB7 0AJ",51.4888,-0.4779,UB7,UB,Independent,(020) 8759 1007
087dd82a-eccc-45d6-bbff-51ec34009180,Chipping Barnet Social Club,"33 High Street

High Barnet

EN5 5UW",51.6526,-0.199277,EN5,EN,Independent,(020) 8449 0400
ecfd8a4a-b329-4aca-9904-bef8b579ef5f,Karamel N22,"4 Coburg Road

Wood Green

N22 6UJ",51.5942,-0.113084,N22,N,Independent,(020) 8829 8989
9f796171-5af4-42eb-9344-034265e5ac2a,Southey Brewery & Taproom,"21 Southey Street

Penge

SE20 7JD",51.4152,-0.0523031,SE20,SE,,
3e7716cf-afc7-4e32-af7e-102097e669c3,Orpington Conservative Club,"4 Sevenoaks Road

Orpington

BR6 9JJ",51.3727,0.0971054,BR6,BR,,(01689) 828830
e6cfdfad-da89-4b14-9484-4f244a7a8907,East India Club,"16 Saint James's Square

London

SW1Y 4LH",51.5071,-0.136455,SW1Y,SW,Independent,(020) 7930 1000
d583cfe3-04af-4542-9f97-025cff3d5c68,Hangar,"35 Bellegrove Road

Welling

DA16 3PB",51.4627,0.105582,DA16,DA,,(020) 8300 6909
43b4fc83-36dc-4221-bc00-f1269081d1d9,Metropolitan Bar,"7 Station Approach, Marylebone Road

London

NW1 5LA",51.5231,-0.15688,NW1,NW,Independent,(020) 7486 3489
39fe315d-2a33-4513-93e7-469a39fe80ac,Walton Conservative Club,"Manor Road

Walton On Thames

KT12 2PB",51.3887,-0.418535,KT12,KT,Independent,(01932) 227549
f794fc0a-8c0d-4b20-aa86-d5fc55ccc8f2,Teddington Constitutional Club,"5 Stanley Road

Teddington

TW11 8TP",51.4273,-0.341386,TW11,TW,Independent,(020) 8977 8666
ce98a432-a720-46ab-9ac1-d303a03df136,George & Dragon,"High Street

Thames Ditton

KT7 0RY",51.3893,-0.33347,KT7,KT,,(020) 8398 2206
62815988-e3e5-40fd-a500-a285490c2fcf,Oxshott Village Sports Club,"Steels Lane

Oxshott

KT22 0RF",51.3313,-0.365746,KT22,KT,Independent,(01372) 843652
02acbb48-1a93-4e81-974a-61280efb170f,Queen's Head,"54 Windsor Street

Uxbridge

UB8 1AB",51.546,-0.47999,UB8,UB,,(01895) 258750
2e112ac5-e8e4-4b58-a21c-9ff9bdf2690f,Exmouth Arms,"1 Starcross Street

London

NW1 2HR",51.5275,-0.13686,NW1,NW,PubLove,(020) 7387 5440
d41e9384-ae9c-458e-86f8-d9f4ec6ddc7a,TCC,"5 Bruce Grove

Tottenham

N17 6RA",51.5944,-0.070618,N17,N,Independent,(020) 8808 2062
3540c6dc-022d-48f1-a561-59e39fcc8cc3,Davy's Wine Vaults,"161 Greenwich High Road

Greenwich

SE10 8JA",51.4775,-0.0148,SE10,SE,Davy's,(020) 8858 7204
6ba37ff2-038d-49c9-b771-2316e04f9099,North Harrow Home Guard Club,"Adjacent To The Car Park, Rear Of Broadwalk, Pinner Road

North Harrow

HA2 7TA",51.587,-0.363753,HA2,HA,Independent,(020) 8866 5395
5e3866bc-567e-46e2-976d-8c0af7b3b5e6,Twickenham Club,"7 Church Street

Twickenham

TW1 3NJ",51.447,-0.326242,TW1,TW,Independent,(020) 8892 2193
679bf032-469b-4d09-b82a-2e2b91f9c37c,Dolphin,"1 Rockingham Road

Uxbridge

UB8 2UB",51.5437,-0.48789,UB8,UB,Independent,(01895) 232656
cd70b6f7-875b-4dbd-83f1-b0d71b439939,Cricketers,"47 Shirley Road

Addiscombe

CR0 7ER",51.3813,-0.062828,CR0,CR,Independent,(020) 3654 9848
5d01b4f3-9fa9-4f7a-925f-f2e6db0e81d3,Angel,"Angel Road

Thames Ditton

KT7 0AU",51.387,-0.32931,KT7,KT,Independent,(020) 8398 3699
382373a4-fe57-4346-b567-097679444492,Hope,"48 West Street

Carshalton

SM5 2PR",51.367,-0.167169,SM5,SM,Independent,(020) 8240 1255
0d5652fd-a487-4213-991e-50f5fb86c290,Knave of Clubs,"25 Bethnal Green Road

London

E1 6JX",51.524,-0.074194,E1,E,Independent,
b8bb8418-bd24-4da6-b258-881f8f5d404e,Black Horse,"Black Horse Parade, Eastcote High Road

Eastcote

HA5 2EN",51.5845,-0.40665,HA5,HA,Independent,(020) 8866 9106
ddfe0721-b16e-4c5c-8f56-8b762a183107,Red Setter,"30-38 Northcote Road

Battersea

SW11 1NZ",51.4593,-0.1667,SW11,SW,Urban Pubs & Bars,(020) 3883 4308
1efdcb66-9dc1-4321-8902-c1473605ffae,Railway Tavern,"28/29 The Quadrant

Richmond

TW9 1DN",51.4626,-0.302529,TW9,TW,,(020) 8948 0735
08fea1b4-9210-450d-b88d-cb642b474bf3,Central Ward Residents & Sports Club,"Ashridge Way

Morden

SM4 4ED",51.3989,-0.207217,SM4,SM,Independent,(020) 8542 5814
f7787d9c-7cf9-45f3-a68f-5d4ef938ba43,Long Ditton Cricket Club,"Stokes Field, Betts Way

Long Ditton

KT6 5HT",51.3835,-0.320889,KT6,KT,Independent,
564357d6-b126-44c7-8904-70df52f2435e,Beckenham Sports Club,"19 Foxgrove Rd

Beckenham

BR3 5AS",51.4133,-0.0219914,BR3,BR,Independent,
e2c64c0b-8c72-457c-83f5-9bd863802fba,Horniman at Hay's,"Unit 26, Hays Galleria, Counter Street

London

SE1 2HD",51.5057,-0.0822,SE1,SE,Independent,(020) 7407 1991
69c74610-1db4-4a86-8f3c-abf0541d7d6f,Walton Rowing Club,"Sunbury Lane

Walton On Thames

KT12 2JA",51.3945,-0.415802,KT12,KT,Independent,(01932) 224557
cfab4ef8-c24c-448a-9a1a-ffafe37eefd5,Inn on the Park Cookhouse,"2 Solar Way, Inova Park, Mollison Avenue

Enfield

EN3 7XY",51.6753,-0.0204254,EN3,EN,Whitbread,(01992) 718481
7cbce088-fe7a-43ce-8c21-9e59477ed3ed,Fox,"79 Nuxley Road

Belvedere

DA17 5JU",51.4812,0.144493,DA17,DA,Independent,(01322) 435557
54986812-cc27-4db2-ab19-06ca9a65172f,Leman Street Tavern,"31 Leman Street

London

E1 8PT",51.5137,-0.070338,E1,E,Independent,(020) 3437 0001
6fa7473f-884b-4c82-ad31-ebcca5774de8,Art & Craft CR0,"46 Surrey Street

Croydon

CR0 1RJ",51.3725,-0.10117,CR0,CR,Independent,(020) 8686 3014
d250c99d-3686-4ad1-a872-18debbadf20f,Craft Beer Co. Covent Garden,"168 High Holborn

London

WC1V 7AA",51.5157,-0.1253,WC1V,WC,Craft Beer Co,(020) 7836 5485
ce4db051-1586-4dfd-95b0-deda3ac66b78,Oatlands Park Village Club,"75 St Marys Road

Oatlands

KT13 9PZ",51.3713,-0.437991,KT13,KT,Independent,(01932) 988910
9bd54708-05f8-44e0-ac2f-a5b04253cb54,Esher Rugby Club,"369 Molesey Road

Walton On Thames

KT12 3PF",51.3802,-0.389182,KT12,KT,Esher Rugby Football Club,(01932) 220295
67f8a8cf-4172-4d25-97e9-394ee4b0d2c3,Landseer Arms,"37 Landseer Road

London

N19 4JU",51.5627,-0.12346,N19,N,Stanley Pubs,(020) 7281 2569
61eead69-2103-453a-9235-ae99ca06bd5b,Last Talisman,"171-173 Bermondsey Street

London

SE1 3UW",51.4991,-0.0809,SE1,SE,Independent,(020) 8189 9546
08d39570-bd22-4d5b-ba90-6d9439b470c2,Bridge Inn,"457 London Road

Isleworth

TW7 5AA",51.475,-0.3359,TW7,TW,Independent,(020) 8568 0088
6025e65a-011e-4070-b4b1-7b17040d12a5,Lion & The Unicorn,"Units 3-6 Upper Ground Floor, The Sidings, Waterloo Railway Station

London

SE1 7BH",51.5032,-0.114791,SE1,SE,Independent,(020) 8103 5856
8fb86541-98cd-41cf-b894-97bd2ccb8d0a,Croham Hurst Golf Club,"Croham Road

South Croydon

CR2 7HJ",51.357,-0.077882,CR2,CR,Independent,(020) 8657 5581
5e8cd155-6880-4f2a-9666-8897bfcbf0de,Avalon,"16 Balham Hill

Balham

SW12 9EB",51.4506,-0.148038,SW12,SW,Three Cheers Pub Co,(020) 8675 8613
f95b09be-710d-4cdf-a364-aeb6af1084dc,Loose Box,"51 Horseferry Road

London

SW1P 2AA",51.4947,-0.131306,SW1P,SW,Independent,(020) 7932 0123
c6b9c4c8-b459-46d1-a4e5-314dae929731,Marlborough Head,"36 Drury Lane

London

WC2B 5RR",51.5148,-0.122427,WC2B,WC,Independent,(020) 7379 7446
0b713a98-f03f-402f-865d-28b587838756,Victory,"Unit 1, The Balcony, Waterloo Railway Station

London

SE1 8SW",51.503,-0.113228,SE1,SE,Independent,(020) 8161 0394
0322563a-c080-4095-a289-2295ec162ca5,White Horse,"530 Bath Road

Longford Village

UB7 0EE",51.481,-0.49023,UB7,UB,Independent,(01753) 682520
cc9645e1-323b-473e-99db-cb9676bece00,Moretown Belle,"5 Thomas More Sq, Nesham Street

London

E1W 1YY",51.5076,-0.06577,E1W,E,Belle Pubs & Restaurants,(020) 7702 0900
e4256cf0-07cc-4eae-ac13-edf42cb01758,Finchley Manor Tennis Squash & Health Club,"Lyndhurst Gardens

Finchley

N3 1TD",51.6018,-0.202481,N3,N,Independent,(020) 8346 1327
d083ee3a-b90b-43d0-adc7-8e87d3440688,North Star,"104 Finchley Road

London

NW3 5JJ",51.5463,-0.17862,NW3,NW,Independent,(020) 7435 6287
b105597f-b173-4da6-acd6-f26aa9545376,North London Tavern,"375 Kilburn High Road

London

NW6 7QB",51.5451,-0.20207,NW6,NW,Greene King,(020) 7625 6634
e4713ed1-5ad2-48d0-9741-68c276ae207c,Charlton Park Rugby Football Club,"60A Broad Walk

Kidbrooke

SE3 8NB",51.4658,0.0346,SE3,SE,Independent,(020) 8856 1025
13814711-75d7-4a69-98e4-3e35df6e5fba,Silver Fox,"9 Montpelier Avenue

Bexley

DA5 3AP",51.4422,0.125691,DA5,DA,Independent,07894 289979
d9e6cda3-d7c8-4d59-ab54-62bac2a35f15,Jolly Fenman,"64-68 Blackfen Road

Blackfen

DA15 8SW",51.4515,0.0922,DA15,DA,Greene King,(020) 8850 6664
b9713f01-d149-4ab2-af68-a88cdda7a237,Small Beer Brew Co Taproom,"70-72 Verney Road

Bermondsey (East)

SE16 3DH",51.4858,-0.0587513,SE16,SE,Independent,(020) 7096 2353
45dfe1c8-ab58-4f1c-a5ab-f3aa5e01fffd,Old Toms Bar,"10-12 Leadenhall Market

London

EC3V 1LR",51.5129,-0.0833369,EC3V,EC,Independent,(020) 7626 2454
ec2da994-c7d3-4e9d-8874-4b03eafa97f7,Harrison's - Delicatessen & Vintners,"60 Pitshanger Lane

Ealing

W5 1QY",51.5259,-0.315463,W5,W,Independent,(020) 8998 7866
b4cb1119-e5ac-44ef-b3c4-b2ac07c0fa6c,Royal Oak,"45 Oak Avenue

Hampton

TW12 3NR",51.4234,-0.381608,TW12,TW,Independent,(020) 8979 3943
7d2a509f-5b7a-447d-bf3f-9a00053860d4,Fox & Duck,"194 Petersham Road

Petersham

TW10 7AD",51.4448,-0.302845,TW10,TW,Independent,(020) 8940 4944
e021b2a2-ce9d-40b3-a7ad-87e6a3526746,Bush Hill Park Golf Club,"Bush Hill, London

Winchmore Hill

N21 2BU",51.6444,-0.090533,N21,N,Independent,(020) 8360 5738
c20dd7c8-c0db-4ba2-8257-7466ae53ae85,In & Out,"4 St James's Square

London

SW1Y 4JU",51.5081,-0.134851,SW1Y,SW,Independent,(020) 7827 5757
b2fe0ed9-877a-4a43-a080-85bbc8eca74a,Crown Tavern,"117 Burnt Ash Hill

Lee

SE12 0AJ",51.4436,0.0178,SE12,SE,Independent,(020) 8857 6607
fa03407e-b81b-400c-929d-3a3021e705d2,Black Dog Beer House,"17 Albany Road

Brentford

TW8 0NF",51.4856,-0.3023,TW8,TW,Independent,(020) 8568 5688
3d49e7a8-7b6f-40da-9779-995212d8f8cf,Boleyn Tavern,"1 Barking Road

East Ham

E6 1PW",51.5304,0.038098,E6,E,Remarkable Pubs,(020) 8472 2182
5e2010b0-69c4-4c4f-a785-a41da80baf56,Park Brewery Tap Room,"Unit 7 Hampden Road

Kingston

KT1 3LG",51.4071,-0.284312,KT1,KT,Independent,(020) 8541 1887
6ac034f2-875a-4e40-a033-777319495092,Brook House,"240 Kingshill Ave

Hayes

UB4 8BZ",51.5324,-0.41967,UB4,UB,Independent,(020) 8841 7854
b1936d57-91aa-4adc-bd16-1d6e02eb3081,Sun & Woolpack,"640 Hertford Road

Enfield

EN3 6LZ",51.6711,-0.040747,EN3,EN,Greene King,(01992) 764265
8f35dd62-e4b6-40a7-9c35-17a8d7ed7b6e,Northumberland Arms,"11 London Road

Brentford

TW8 8JB",51.4823,-0.312735,TW8,TW,Independent,07888 730210
8ce0f45b-3545-48b8-af31-96bdab86bec4,Marquis of Granby,"4, West Street

Epsom

KT18 7RG",51.3332,-0.27062,KT18,KT,Independent,(01372) 744278
0ddba965-812b-46fa-9505-fdd7b07e83ae,Wishing Well,"1250-1256 Uxbridge Road

Hayes End

UB4 8JF",51.5255,-0.43364,UB4,UB,Independent,(020) 8561 1341
fd851dff-1b64-4b3e-8ecf-bb1c6fbaa0e6,Ealing Oak,"25 Popes Lane

Ealing

W5 4NT",51.4986,-0.30327,W5,W,Independent,(020) 8579 3266
86788037-34c6-43a9-92cd-626d5ea684e5,Weir Bar & Dining Room,"22-24 Market Place

Brentford

TW8 8EQ",51.4837,-0.3093,TW8,TW,Independent,(020) 8568 3600
1d43a639-61ac-475e-a019-b79954e37883,Queens Larder,"1 Queen Square

London

WC1N 3AR",51.5217,-0.123,WC1N,WC,Independent,(020) 7837 5627
ff2c3499-919d-4a2c-b9b1-93291b3ad8d5,Surbiton Town Sports Club,"River Hill Estate

Worcester Park

KT4 7QB",51.3768,-0.269255,KT4,KT,Independent,(020) 8337 3866
b57e1e27-d927-483e-8f85-bc4ba48e9143,Redemption Brewery Taproom,"Unit 16 Compass West Estate, West Road

London

N17 0XL",51.6063,-0.058457,N17,N,Redemption Brewery,(020) 8885 5227
0322b035-7e0b-433f-aa09-6d2a9bc831e6,London Corinthian Sailing & Sons of the Thames Rowing Clubs,"60 Upper Mall

Hammersmith

W6 9TA",51.4906,-0.238774,W6,W,Independent,(020) 8748 1841
ccf21f6f-72f9-4759-b4e3-bf8c5638497e,Robin,"29 Crouch Hill

London

N4 4AP",51.5709,-0.117025,N4,N,Independent,07941 172926
b9ca9a29-f39e-4ea0-bcf3-4edab6b4869d,Chelsfield Lakes Golf Centre,"Court Road

Chelsfield

BR6 9BX",51.3501,0.126858,BR6,BR,Independent,(01689) 896266
175ddb6d-627c-4bf6-8646-a5d447605d50,St George's Hill Lawn Tennis Club,"St George's Hill, Warreners Lane

Weybridge

KT13 0LL",51.3575,-0.438494,KT13,KT,Independent,(01932) 843541
2773b4fb-d9de-478f-8975-2a7f846e7829,Samuel Pepys,"Stew Lane , 48 Upper Thames Street

London

EC4V 3PT",51.5105,-0.0960015,EC4V,EC,Shepherd Neame,(020) 7489 1871
79459e15-d824-4995-b2a5-1302389f0503,White Swan,"Riverside

Twickenham

TW1 3DN",51.4469,-0.321369,TW1,TW,Independent,(020) 8744 2951
e73fdf82-f220-4553-8867-9574d5f63c45,North Star,"271 Hook Road, Hook

Chessington

KT9 1EQ",51.3718,-0.3049,KT9,KT,Ember Inns,(020) 8391 9811
89909e81-2d6c-4e7b-b8ad-07f3fd3c7ceb,Marylebone Cricket Club,"Lord's Cricket Ground St John's Wood Road

St John's Wood

NW8 8QN",51.5285,-0.173077,NW8,NW,Independent,(020) 7616 8500
f0cf7331-23fb-4ca3-b3b6-f67d4731929c,Spring Grove,"13, Bloomfield Road

Kingston

KT1 2SF",51.4032,-0.2994,KT1,KT,Young's,(020) 8549 9507
11c299b0-f120-4032-a93d-ef9d01e4f13e,George Staples,"273 Blackfen Road

Blackfen

DA15 8PR",51.4509,0.102975,DA15,DA,Independent,(020) 8850 3181
78219359-8960-45a3-a6bf-39f296167e59,Imber Court Sports Club,"Ember Lane

East Molesey

KT8 0BT",51.3908,-0.35003,KT8,KT,Independent,(020) 8398 1267
db658c60-998f-44d5-9f52-8b5896193fb6,Bricklayers Arms,"237 High Street

Beckenham

BR3 1BN",51.4067,-0.0318056,BR3,BR,Independent,(020) 8402 0007
c7d552e2-d573-4749-8b40-cd9ec78bad5d,Chequers,"177 Southborough Lane

Bromley

BR2 8AP",51.3897,0.0477427,BR2,BR,Greene King,(020) 8467 4644
aa7d2fb1-6756-498d-89f4-2a98804b0830,Red Lion,"10 North Road

Bromley

BR1 3LG",51.41,0.0216666,BR1,BR,Greene King,(020) 8460 2691
1a97f9e4-fd49-4f85-8c11-9a35a65ac67f,Bird in Hand,"62 Gravel Road

Bromley Common

BR2 8PF",51.3732,0.041992,BR2,BR,Independent,(020) 8462 1083
4559ae01-a9a0-4e31-a61f-602e665cc94b,Woodford Wells Club,"Monkhams Lane

Woodford Green

IG8 0NL",51.6149,0.0280887,IG8,IG,Independent,(020) 8504 1954
51fefef8-f464-446d-8bac-2fbc0fc0e7b4,Lord Nelson,"837 London Road

North Cheam

SM3 9DR",51.3799,-0.218546,SM3,SM,Independent,(020) 8335 3771
bb169228-8c62-4ed3-b3f3-c076410bd7c7,Cannon,"17 High Street

West Molesey

KT8 2NA",51.4024,-0.37037,KT8,KT,Independent,(020) 8979 5160
40fd0dcb-a9be-4b93-81d8-4d04ba6f510c,Crown,"Ealing Road

Northolt

UB5 6AA",51.5447,-0.37064,UB5,UB,Nicholson's,(020) 8845 1197
850c0ad4-1f6c-48be-b0e4-8a4af9088356,Five Bells,"Church Road

Chelsfield

BR6 7RE",51.3573,0.127664,BR6,BR,Independent,(01689) 821044
9087ecc4-9f65-4b99-bf79-f2eac3a66c89,Chingford Cricket Club,"Kimbley Way

Chingford

E4 6DE",51.6295,0.014656,E4,E,Chingford Cricket Club,(020) 8529 5849
4acde55b-9a73-47ac-9cf5-6359333e0440,Three Wishes,"53 Joel Street

Northwood Hills

HA6 1NZ",51.6008,-0.40926,HA6,HA,Independent,(01923) 920172
4e5caa67-dc69-4fd5-90aa-2d88ce0d6536,Victoria Taps,"27 Gillingham Street

London

SW1V 1HP",51.4936,-0.1418,SW1V,SW,Independent,(020) 7096 6991
ae75a8c7-2242-4911-9cbe-6e85d1d8c917,Ferry,"Portsmouth Road

Thames Ditton

KT7 0XY",51.3895,-0.325351,KT7,KT,Independent,(020) 8398 1581
3f939725-a662-4b6d-a4b3-26eb80073bc7,Sussex Arms,"15 Staines Road

Twickenham

TW2 5BG",51.444,-0.3461,TW2,TW,Independent,(020) 8894 7468
2de88938-1202-4b0d-89be-9413e13c8b22,Wembley Stadium,"Olympic Way

Wembley

HA9 0WS",51.5559,-0.279881,HA9,HA,The Football Association,0844 980 8001
882b5d17-1d3e-4f30-8191-1bfb4cdea14f,Bickley Arms,"Chislehurst Road

Chislehurst

BR7 5NP",51.4074,0.0558664,BR7,BR,Young's,(020) 8468 7613
d5099f31-2791-4280-98d5-ef9ef0f69f1b,Ramblers Rest,"Mill Place

Chislehurst

BR7 5ND",51.4088,0.062534,BR7,BR,Independent,(020) 8467 1734
d8471bd3-5d86-408c-b0c7-925f30aba817,Holland,"25 Earls Court Road

Kensington

W8 6EB",51.4981,-0.19785,W8,W,Independent,(020) 4599 1369
697c91ec-1b96-4b3a-934c-8ce62076ce95,Purley Downs Golf Club,"106 Purley Downs Road

South Croydon

CR2 0RB",51.3404,-0.095798,CR2,CR,Independent,(020) 8657 8347
893fcf50-614f-422c-a403-3a41d11fcfe5,Platform 3,"Claygate Station, The Parade

Claygate

KT10 0PB",51.361,-0.3483,KT10,KT,Brightwater Brewery,07802 316389
8dc88f23-6738-49dc-a5b6-4228d42ef9ad,Sambrook's Brewery Tap,"40 Ram Street

Wandsworth

SW18 1UD",51.4577,-0.192474,SW18,SW,Sambrook's Brewery,(020) 7228 0598
0e11d463-ebf5-4fb2-821a-6d629fb52b32,United Services Club Pinner,"Leighton Avenue

Pinner

HA5 3BW",51.596,-0.38206,HA5,HA,Independent,(020) 8866 3377
5bcabdc0-e382-4ec0-9827-ca50d34d1d6d,Mill Hill Services Club,"11 Hartley Avenue

Mill Hill

NW7 2HX",51.6151,-0.243893,NW7,NW,Independent,(020) 8959 3667
433391ba-c6b5-4634-9a99-e411628fe4cd,Hogarth,"58 Broad Street

Teddington

TW11 8QY",51.426,-0.336795,TW11,TW,Independent,07539 367456
2b6593bc-63d3-4e3b-a559-a7d69295239a,Tap Tavern,"Princes Street

Richmond

TW9 1ED",51.4614,-0.302556,TW9,TW,Independent,(020) 8940 2118
a35d1cb7-619d-46ae-9df7-53df8cd69257,Sutton United Football Club,"Gander Green Lane

Sutton

SM1 2EY",51.3669,-0.2042,SM1,SM,Sutton United Football Club,(020) 8644 4440
ab93b7aa-9a36-4ef8-8a8f-f5a73d95307a,Signal Box,"Unit 53, Euston Station

London

NW1 2DU",51.5287,-0.132733,NW1,NW,Independent,(020) 7391 9459
d3cd6375-3106-422f-9f07-0c11c24c6090,Surbiton Golf Club,"Woodstock Lane

Chessington

KT9 1UG",51.37,-0.324444,KT9,KT,Independent,(020) 8398 2056
a5592ab3-a436-4299-a7f1-e3a08d8ab09c,Victory Services Club,"63-79 Seymour Street

Paddington

W2 2HF",51.5139,-0.162431,W2,W,Independent,(020) 7723 4474
e3cdcc89-a22f-458e-98cb-591969ee1b10,Tower Bridge Arms,"206-208 Tower Bridge Road

London

SE1 2UP",51.5029,-0.0769594,SE1,SE,BrewDog,(020) 7378 9995
d0b82c46-7bff-40d9-bd86-fd3cbf7fb9d2,Windsor Castle,"The Walks, off Church Lane, London

East Finchley

N2 8DL",51.5935,-0.1712,N2,N,Independent,(020) 3649 7513
fc619944-f0d0-40ca-8d6b-7d732fecc670,Gander Inn,"2 St. Dunstan's Hill

West Sutton

SM1 2UE",51.3716,-0.209011,SM1,SM,Independent,(020) 8644 2479
a6dddefc-a6aa-4ab9-bfc5-2256a845c457,Brouge Gastropub,"241 Hampton Road

Twickenham

TW2 5NG",51.4361,-0.350613,TW2,TW,Brouge Bistros,(020) 8977 2698
afd98b6e-3119-4e41-9cce-04a96ef86c3f,Red Lion,"85 High Street

Thames Ditton

KT7 0SF",51.3924,-0.33199,KT7,KT,Big Smoke Brewery,(020) 8398 8662
a43a30d3-4a54-4f0d-98f8-c2294b4ebea7,Rifleman,"7 Fourth Cross Road

Twickenham

TW2 5EL",51.4402,-0.348731,TW2,TW,Twickenham Fine Ales,(020) 8255 0205
aa28b638-473b-436a-a8b5-e261755bdcee,Union Jack,"225 Union Street

London

SE1 0LR",51.5036,-0.101614,SE1,SE,Independent,(020) 7633 9206
4967e8fc-da9b-4da6-b1b6-8d868be16c08,Black Horse,"1018 Harrow Rd

Sudbury

HA0 2QP",51.5609,-0.32993,HA0,HA,Independent,(020) 8385 2991
cc9aab4a-fd59-4615-8138-90a04ce1a36a,Old Crown,"83 Thames Street

Weybridge

KT13 8LP",51.3789,-0.4557,KT13,KT,Independent,(01932) 842844
a2cacd47-4c70-47e1-ba25-1fb49ab5248b,We Anchor In Hope,"320 Bellegrove Road

Welling

DA16 3RW",51.4665,0.0846885,DA16,DA,Independent,(020) 8856 0496
d6935e26-d58b-4762-aba4-0451b4c09f14,Prince Alfred,"178 Sydenham Road

Sydenham

SE26 5RP",51.4258,-0.0429,SE26,SE,Independent,(020) 8778 2589
62290879-bb8f-49c2-80b5-6757b72a0b30,Door Hinge,"11 Welling High Street

Welling

DA16 1TR",51.4619,0.113222,DA16,DA,Independent,07305 809066
3d2040f4-7eee-4791-943f-20c114e81e5c,Crown Inn,"407 London Road

Mitcham

CR4 4BG",51.3979,-0.172341,CR4,CR,Independent,(020) 8648 4868
6275b5fa-437b-4be8-871c-63aed276c2e4,Brave New World,"22-26, Berrylands Road

Surbiton

KT5 8RA",51.393,-0.2961,KT5,KT,Independent,(020) 8399 0200
8e1501ec-e5f2-4221-82fd-ede1265172a6,George,"70-74 High Road

South Woodford

E18 2QL",51.5933,0.0227,E18,E,Independent,(020) 8532 2441
2931837d-a83c-45b0-aa8c-a1a3fd75209a,Wrestlers,"98 North Road

London

N6 4AA",51.5743,-0.1493,N6,N,Independent,(020) 8340 4297
4ede6337-dd25-4d2f-9237-be164f51287b,Wood Street Bear,"135 Wood Street

London

E17 3LX",51.5877,-0.00360856,E17,E,Independent,
49594bb6-a68f-450c-b68f-a2e8b2cf4caf,Oddfellows Arms,"2 Waxwell Lane

Pinner

HA5 3EN",51.5957,-0.38463,HA5,HA,Independent,(020) 8866 7372
2d87e410-ea13-4489-9c97-6b8743143571,Le Gothique,"Royal Victoria Patriotic Building, John Archer Way, Off Windmill Road

Wandsworth

SW18 3SX",51.4534,-0.17452,SW18,SW,Independent,(020) 8870 6567
8d942947-78ba-4457-8998-b59409b6fcef,Special Forces Club,"8 Herbert Crescent

London

SW1X 0EZ",51.4982,-0.160577,SW1X,SW,Independent,(020) 7589 9483
8882b104-6e06-4ce7-9888-afddccee3702,Hope & Anchor,"14 Newby Place

Poplar

E14 0AY",51.5088,-0.01026,E14,E,Independent,(020) 7538 1506
89b3cd00-a1d2-4a17-975a-984266c32cfe,Grim's Dyke Hotel,"Old Redding

Harrow Weald

HA3 6SH",51.6232,-0.35214,HA3,HA,Independent,(020) 8385 3100
672727b2-5f01-4943-a319-a3ac921406c9,South Norwood Conservative Club,"10 South Norwood Hill

South Norwood

SE25 6AB",51.3998,-0.075016,SE25,SE,Independent,(020) 8653 5505
b1e28857-5455-458d-a60c-cdef619d60d1,North Nineteen,"194-196 Sussex Way

Upper Holloway

N19 4HZ",51.5642,-0.12106,N19,N,Independent,(020) 7281 2786
b5c87246-3175-4af2-b27b-7e719a6141d5,Dukes Head Hotel,"The Green 6 Manor Road

Wallington

SM6 0AA",51.3668,-0.153736,SM6,SM,Independent,(020) 8401 7410
a94e1206-3278-4a21-a941-04f172e5c624,Lord Kitch,"49 East Barnet Road

New Barnet

EN4 8RN",51.6498,-0.171055,EN4,EN,Independent,(020) 8449 3124
9248c124-a419-41c8-b46a-29ab31a8a243,Britannia,"5 Brewers Lane

Richmond

TW9 1HH",51.4609,-0.305072,TW9,TW,Independent,(020) 8940 9786
9475b34e-e78f-4161-83a6-7ad41d3e37f8,Star at Sidcup Place,"Sidcup Place, Chislehurst Road

Sidcup

DA14 6BS",51.4219,0.101516,DA14,DA,Marston's,(020) 8308 9870
fa7a4f40-4844-4380-975b-4551217950ee,Montpelier,"43 Choumert Road

Peckham

SE15 4AR",51.4675,-0.071,SE15,SE,Independent,(020) 7639 1736
b3835989-2422-47ab-b963-1a328fee5d2a,Royal Oak,"317 Walton Road

West Molesey

KT8 2QG",51.4031,-0.3725,KT8,KT,Independent,(020) 8979 5452
fa611805-173b-46fd-b6cc-874fe5d0447a,Iron Horse,"122 Station Road

Sidcup

DA15 7AB",51.4346,0.1027,DA15,DA,Independent,(020) 8302 8217
5037878d-1967-4dff-b8b6-3d5c74c381ca,Weir,"Waterside Drive

Walton On Thames

KT12 2JB",51.4016,-0.41065,KT12,KT,Independent,(01932) 784530
bec3728e-39ab-4ff7-89b1-d14abea3fc73,Bird House Brewery & Tap Room,"Arch 1127 Bath Factory Estate, 41 Norwood Road

Herne Hill

SE24 9AJ",51.452,-0.100949,SE24,SE,Independent,07471 299106
adbf358f-bc0b-495b-8b09-78940b675d6c,Harrow St Mary's Cricket Club,"HSM Cricket Ground, Headstone Lane

Headstone

HA2 6NF",51.6042,-0.36553,HA2,HA,Independent,
3755873e-d63d-4712-aaf9-38df0f71def4,Elm Tree,"64-65 Victoria Road

Surbiton

KT6 4NQ",51.3919,-0.3069,KT6,KT,Independent,
5a7a1aa7-c2db-47ef-82f1-86da84d8eda1,Top Meadow Golf Club & Hotel,"Top Meadow Farm, Fen Lane

North Ockendon

RM14 3PR",51.5417,0.304163,RM14,RM,Independent,(01708) 852239
cab97176-7323-4015-984a-0e020cf5033b,Waggon & Horses,"1, Surbiton Hill Road

Surbiton

KT6 4TW",51.4001,-0.30152,KT6,KT,Independent,(020) 8390 0211
65794d9c-76a4-42ea-a4a5-a996d4c67f21,Watermans Arms,"1, Queens Road

Hersham

KT12 5LT",51.366,-0.39968,KT12,KT,Independent,(01932) 254580
c878f9cb-8a31-4a78-ad6a-4826c4c22504,Brasserie Blanc,"60 Threadneedle Street

London

EC2R 8HP",51.5143,-0.086553,EC2R,EC,Brasserie Blanc,(020) 7710 9440
e027a6e0-f065-40b6-bb0f-7fb26c9556ee,Seven Stars,"Foots Cray High Street

Sidcup

DA14 5HJ",51.418,0.12002,DA14,DA,Independent,(020) 8309 9463
9ef847c5-239f-485a-9397-ac8df800859c,Lord Nelson,"14 West End Lane

High Barnet

EN5 2SA",51.6523,-0.2108,EN5,EN,Independent,(020) 8449 7249
a126ec94-14ee-4af1-9c23-4ba9ef287482,Southgate Masonic Centre,"88 High Street

Southgate

N14 6EB",51.6281,-0.126394,N14,N,Independent,(020) 8882 3074
42623af9-a60e-4bdc-a41e-d91b894b58e9,Petts Wood Royal British Legion Club,"Queensway

Petts Wood

BR5 1DH",51.3879,0.074279,BR5,BR,Royal British Legion,(01689) 820844
c208f7b6-ae37-4f96-b62b-d426f57a6b73,Three Wishes,"32 Bridge Street

Pinner

HA5 3JF",51.595,-0.383603,HA5,HA,Independent,(020) 3583 5731
a3782b76-65b8-4b2b-872a-d53d44ea764a,Teddington Arms,"38-40 High Street

Teddington

TW11 8EW",51.4271,-0.331679,TW11,TW,Greene King,(020) 8973 1510
8d00564b-b2c7-4f2f-b65b-c7ed3d5cdf99,Volunteer,"130-132 Plumstead High Street

Plumstead

SE18 1JQ",51.4872,0.0930043,SE18,SE,Independent,(020) 8316 7570
69199957-94a5-4d59-9ecf-a315e2029bb5,Real Ale Way,"75 Station Road

West Wickham

BR4 0PX",51.3769,-0.0142973,BR4,BR,Independent,
d990e2d2-2995-45da-b48b-67b6fe0c0087,Roebuck,"130 Richmond Hill

Richmond

TW10 6RN",51.4524,-0.298598,TW10,TW,Independent,(020) 8948 2329
11611009-8beb-4b37-aefb-82b5937b0e25,Ruislip Social Club,"Grosvenor Vale

Ruislip

HA4 6JQ",51.5696,-0.41743,HA4,HA,Independent,(01895) 637487
cc600f99-e379-4e19-b115-1844b4049b18,Tailor's Chalk,"47-49 High Street

Sidcup

DA14 6ED",51.4262,0.103544,DA14,DA,Wetherspoon,(020) 8308 6880
d95d0212-c1bb-466b-b9cc-630142f0a799,Richmond Golf Club,"Sudbrook Lane

Petersham

TW10 7AS",51.4398,-0.296881,TW10,TW,Independent,(020) 8940 4351
57699415-1e11-4597-adcd-de9c3fc875b3,Crumpled Horn,"33-37 Corbets Tey Road

Upminster

RM14 2AJ",51.5546,0.248546,RM14,RM,Independent,(01708) 226698
46ffaf0a-e731-4f32-82c0-3ba4c56c11df,Wycombe House Sports & Social Club,"385 Jersey Road

Osterley

TW7 5PL",51.4888,-0.339648,TW7,TW,Independent,(020) 8560 8124
d1a70700-fc41-48f0-a527-446ac99c84e2,Fig Tree,"49 Windsor Street

Uxbridge

UB8 1AB",51.5456,-0.48031,UB8,UB,Greene King,(01895) 257932
2b27c319-6ff9-4813-8553-edcd1fd4fd92,Queen Adelaide,"272 Kingston Road

Ewell

KT19 0SH",51.3641,-0.25767,KT19,KT,Ember Inns,(020) 8393 2666
9f3d0160-be12-428c-a979-ce72d25e78cf,Windermere,"Windermere Avenue

South Kenton

HA9 8QT",51.5706,-0.30781,HA9,HA,Independent,(020) 3632 0020
9eadb954-ce34-4d88-ac9e-0f507180fceb,Greyhound,"Weston Green

Weston Green

KT7 0JP",51.3819,-0.34667,KT7,KT,Independent,(020) 8224 2216
7f63076e-bde3-4541-ad9a-5cf385f0a30a,Macintosh Ale House,"1 Bouverie Rd

London

N16 0AH",51.5634,-0.079774,N16,N,Independent,
359f7864-663b-462f-bd25-124532a317b8,City Arms,"5 Portsmouth Road

Long Ditton

KT7 0XE",51.3911,-0.3219,KT7,KT,Independent,(020) 8398 3552
cef2e96e-fe39-46ee-acdb-5302b11f4e6e,Rose & Lion,"11 London Road

Twickenham

TW1 3SX",51.4468,-0.328337,TW1,TW,Independent,(020) 8891 2211
42c874b6-ea0b-492f-ab50-a2d8afd5dcfd,Alfred Herring,"316-322 Green Lanes

Palmers Green

N13 5TT",51.619,-0.1071,N13,N,Independent,(020) 3232 1083
1c6357ae-ade4-4200-afdf-c9b7d6a5771f,White Horse,"14 Worple Way

Richmond

TW10 6DF",51.4616,-0.2961,TW10,TW,Independent,(020) 8940 2418
4fb69af3-799f-400b-a76c-d29c8eafa037,Champs Sports Bar & Grill,"19-21 Chapel Road / Clements Lane

Ilford

IG1 2AF",51.5575,0.070301,IG1,IG,Independent,(020) 8553 5114
60a24263-4c89-4dc1-800d-8e5d03e82b2e,Plough,"Plough Lane

Downside

KT11 3LT",51.3214,-0.41271,KT11,KT,Rarebreed,(01932) 589790
5bf65282-1ab1-43ea-858f-85901b8c5972,North Enfield Cricket Club,"Strayfield Road

Enfield

EN2 9JE",51.6732,-0.096746,EN2,EN,Independent,(020) 8363 2118
33b0fc06-9a3d-4e78-aa1e-a97de565ca92,Horton Park Golf Club,"Hook Road, West Ewell

Ewell

KT19 8QG",51.3559,-0.27551,KT19,KT,Independent,(020) 8393 8400
5358fac6-0b9d-42f1-9a0d-c1834240f62e,Bear,"27 Spring Street

Paddington

W2 1JA",51.5149,-0.17577,W2,W,Craft Beer Co,(020) 7262 3907
8dfbca25-3973-4476-bb45-abaa6ba075bb,Plumstead Common Working Mens Club,"71 Kirkham Street

Plumstead

SE18 2JS",51.4786,0.0898184,SE18,SE,Independent,(020) 8854 0847
5137fdb4-669d-4114-94d8-2fbf81704b5c,Plough & Harrow,"64, Ditton Hill Road

Long Ditton

KT6 5JD",51.3823,-0.31576,KT6,KT,Independent,(020) 3084 8444
44d6ada9-8492-4c98-84b6-349bef587c91,Smuggler's Cove,"153 High Street

Ruislip

HA4 8JY",51.5725,-0.42251,HA4,HA,Independent,(01895) 676874
81fb0ea5-40ef-46e3-a829-b4cfc61ae1d3,Anglers,"3 Broom Road

Teddington

TW11 9NR",51.429,-0.322636,TW11,TW,Fuller's,(020) 8977 7475
0e639318-6718-4eb0-b4ff-d4c7fb959a19,Goose,"143 South Street

Romford

RM1 1PL",51.5747,0.183804,RM1,RM,Independent,(01708) 761063
9a85d2f3-b517-45a2-9320-286be386714c,Old Emanuel Rugby Club,"Blagdons Sports Ground, Beverley Way

New Malden

KT3 4PU",51.402,-0.243553,KT3,KT,Independent,(020) 8942 3857
cd28accd-cea4-4ff1-89a4-443d2fa7f2b0,Marlborough,"46 Friars Stile Road

Richmond

TW10 6NQ",51.4552,-0.296958,TW10,TW,Independent,(020) 8940 8513
f7360445-1408-4a12-8e26-514b40347a84,Walker Ground,"Waterfall Road

Southgate

N14 7JZ",51.6258,-0.1304,N14,N,Independent,(020) 8886 8381
046f2507-f75c-4872-8502-d667379ddd42,Chelsea Pensioners' Club,"Royal Hospital Road

Chelsea

SW3 4SR",51.4873,-0.158445,SW3,SW,LSE,
1d0fd6a4-0e8b-4436-992c-f0d17b1d371b,B E C Social Club,"73 Pembroke Road

Ruislip Manor

HA4 8NE",51.5736,-0.415234,HA4,HA,Independent,(01895) 676067
fc7cd7de-40a6-4846-933b-4e8938c8f0c7,Hare,"Brookshill

Harrow Weald

HA3 6SD",51.6207,-0.34295,HA3,HA,Heartswood Inns,(020) 8954 4949
beea59b7-479a-4977-b770-271868b381fe,Colley Rowe Inn,"54-56 Collier Row Road

Collier Row

RM5 3PA",51.5989,0.160924,RM5,RM,Wetherspoon,(01708) 760633
c3e96112-2449-469d-8ee3-088de1a2ed8e,Railway Tavern,"129 Hale Lane

Mill Hill

NW7 3SB",51.6163,-0.2589,NW7,NW,Independent,(020) 8629 6600
8f87f083-846d-40cf-956c-8bf2d144d07f,Clarkshaw Tap Room,"497 Ridgway Road

Loughborough Junction

SW9 7EX",51.4656,-0.103491,SW9,SW,Independent,07989 402687
593fd2b5-2121-48ac-ac67-eb7a9ef47f1c,Hayes Cricket Club,"The Pavilion, The Green, Wood End

Hayes

UB3 2RJ",51.5197,-0.42292,UB3,UB,Independent,(020) 8573 4115
d33e0359-ec96-4866-834d-cda9247f3838,Arch House,"118 Druid Street

London

SE1 2HH",51.4987,-0.0734962,SE1,SE,Independent,(020) 8617 9510
2c46680c-7662-4728-b9c4-ccb588d5f073,Winchmore,"235 Winchmore Hill Road

Winchmore Hill

N21 1QA",51.6382,-0.1121,N21,N,Independent,(020) 8886 6389
b139b7a0-e175-4e1b-8add-b71d2cc27e63,Tooting Conservative & Unionist Club,"12 Ashvale Road, Tooting Broadway

Tooting

SW17 8PW",51.4272,-0.166025,SW17,SW,Independent,(020) 8672 4243
18d14389-d379-4b85-a05a-7d018bf4ce15,Winchester House Club,"10 Lower Richmond Road

Putney

SW15 1JN",51.4672,-0.217289,SW15,SW,Independent,(020) 8785 6657
e5610d32-4bbe-4da8-8eb4-ffd02c3b2075,Earl Beatty,"365, West Barnes Lane

Motspur Park

KT3 6JF",51.3947,-0.23912,KT3,KT,Greene King,(020) 8942 0263
7f77d16a-1478-4ea6-9f09-7e16b35c0763,Northwood Cricket Club,"Ducks Hill Road

Northwood

HA6 2NR",51.6147,-0.44178,HA6,HA,Northwood Cricket Club,(01923) 822001
2727fb81-bfdc-4460-bf71-e2f62c6e953e,Prince of Wales,"117 Ewell Road

Surbiton

KT6 6AL",51.3895,-0.2976,KT6,KT,Fuller's,(020) 8296 0265
417b3035-3ce5-41e3-b105-b69e3eb58117,Priory Club,"The Priory, 169 Picardy Road

Belvedere

DA17 5QL",51.4846,0.148115,DA17,DA,Independent,(01322) 432167
fb681d25-8c01-471a-bc6d-6456e4446d7c,Kingsmeadow Stadium,"The Cherry Red Records Stadium, Jack Goodchild Way, 422A Kingston Road

Kingston

KT1 3PB",51.4061,-0.281429,KT1,KT,LSE,(020) 8547 3528
1043cba1-4bec-4999-bc85-aaaa92f625ad,Alma,"10 Alma Road

Sidcup

DA14 4EA",51.4321,0.1038,DA14,DA,Independent,(020) 8300 3208
ae5318d5-591b-4177-abae-b8f84c51eda3,Lady Abercorns,"Andaz Hotel, 40 Liverpool Street

London

EC2M 7QN",51.5171,-0.0810949,EC2M,EC,Andaz,(020) 7618 7300
4639a93f-f8c9-414e-8795-46e384af26e0,Middlesex Arms,"Long Drive

South Ruislip

HA4 0HG",51.5575,-0.39755,HA4,HA,Greene King,(020) 8845 0667
032787ca-9d42-4d3f-8807-0ca3bc8a55f7,Teddington Royal British Legion Club,"135 High Street

Teddington

TW11 8HH",51.4278,-0.326847,TW11,TW,Royal British Legion,(020) 8977 1479
4502a137-f6b6-43d1-b171-772a2784f16a,Railway Tavern,"3 East Barnet Road

New Barnet

EN4 8RR",51.65,-0.174682,EN4,EN,Independent,07985 212496
62b78080-5b7b-4717-9f78-d2113385be26,George & Dragon,"176 High Street

Yiewsley

UB7 7BE",51.515,-0.47399,UB7,UB,Independent,(01895) 443286
67970a97-66c0-4062-b1e8-a4e796ce3f57,Woodford Golf Club,"2 Sunset Avenue

Woodford Green

IG8 0ST",51.612,0.021881,IG8,IG,Independent,(020) 8500 2549
64eb1600-4f0c-41e5-a261-69948b5d0cc2,Foots Cray Social Club,"23-27 Cray Road, Foots Cray

Sidcup

DA14 5BY",51.4175,0.116434,DA14,DA,Independent,(020) 8300 0856
4d453b5f-3c99-4cc2-a627-b738a33518d3,Whites Gentlemans Club,"32 Leman Street

London

E1 8EW",51.5139,-0.071,E1,E,Independent,(020) 7488 4000
78b80046-d9ee-434e-8cb3-e41e048f0a45,Optimist Tavern,"Hacton Lane / Little Gaynes Lane

Upminster

RM14 2XY",51.5487,0.233777,RM14,RM,Independent,(01708) 641530
0abdc4d5-dafe-4062-86d7-69c87d83d630,Rainham Working Mens Club,"74 Upminster Road

Rainham

RM13 9AA",51.5188,0.194288,RM13,RM,Independent,(01708) 552023
a58ccced-e1d7-4473-950b-fe782927d848,Nags Head,"231 Rye Lane

Peckham

SE15 4TP",51.4677,-0.0667,SE15,SE,Independent,(020) 7639 1494
ca37519b-fedf-49a5-8941-c0421974e988,Bricklayers Arms,"189 Dartmouth Road

Sydenham

SE26 4QY",51.4324,-0.0598,SE26,SE,Independent,(020) 8699 1260
3641a35d-829f-4c82-ae7f-3667ae4a3d56,Nightingale,"53 Carshalton Road

Sutton

SM1 4LG",51.3627,-0.185201,SM1,SM,Independent,(020) 8770 7273
a02f701f-30be-4a30-80f2-f650198e005f,Crown,"128 Lower Mortlake Road

Richmond

TW9 2JZ",51.4663,-0.291941,TW9,TW,Independent,(020) 8940 8122
e3ca6102-b585-4f5f-a488-3d76b9d52a94,Albany,"Queens Road

Thames Ditton

KT7 0QY",51.3969,-0.3347,KT7,KT,Independent,(020) 8972 9163
c0e6eb59-32a6-4715-bd3e-84bd2a1e0c03,Old Manor Inn,"113, Manor Road

Walton On Thames

KT12 2NZ",51.3883,-0.42304,KT12,KT,Independent,
c1493b8d-e4b8-4088-841b-98a292792cf6,Uxbridge & District Conservative Club,"Fairfield, 46 Harefield Road

Uxbridge

UB8 1PJ",51.5513,-0.47929,UB8,UB,,07494 196796
9469276a-51fa-47b7-bf35-69746b76a144,New Eltham Social Club,"32 Avery Hill Road

New Eltham

SE9 2BD",51.4388,0.074404,SE9,SE,,(020) 8850 1472
02760005-0260-45c4-bcaf-cc2f3475440d,Abercorn Arms,"76-78 Church Road

Teddington

TW11 8EY",51.4295,-0.3387,TW11,TW,,(020) 8943 0250
f74deb9b-b189-4561-bd39-e0d60a245b5e,Landor,"70 Landor Road

Stockwell

SW9 9PH",51.4657,-0.12609,SW9,SW,,(020) 7737 3419
bdf58937-ad8f-4427-bed5-659edaa38a11,Wilton's Music Hall Mahogany Bar,"1 Graces Alley

Shadwell

E1 8JB",51.5106,-0.0669,E1,E,,(020) 7702 2789
3ff4f7e9-2555-40c2-ae55-fe87befc58ba,Shinner & Sudtone,"67 High Street

Sutton

SM1 1DT",51.362,-0.192545,SM1,SM,,(020) 8643 8395
11e65980-707e-40a4-bccd-a60bf5ee8eef,Minnow,"104 Thames Street

Weybridge

KT13 8NG",51.3788,-0.45455,KT13,KT,,(01932) 831672
902b741e-6cc8-44c4-8bc2-f669aedfbc9c,Rifleman,"5 East Street

Epsom

KT17 1BB",51.3348,-0.26424,KT17,KT,Greene King,(01372) 721244
6c38a668-2826-40ab-a1e6-012fbab54ee3,Oval Tavern,"131 Oval Road

Croydon

CR0 6BR",51.3783,-0.087622,CR0,CR,Independent,(020) 8686 6023
e512f860-d8e0-4d18-836c-1f7b4e7117bd,Crown & Crooked Billet,"13 Cross Road

Woodford Bridge

IG8 8BN",51.6072,0.061043,IG8,IG,,(020) 8502 9192
19ec7948-20ed-4c22-b735-1798afe7caee,Surbiton Utd Services Royal British Legion Club,"Hollyfield Road

Surbiton

KT5 9AL",51.3865,-0.292882,KT5,KT,,(020) 8399 3993
e873d450-30fc-443f-8018-d7b087c14db3,Real Drinks,"4 Formosa Street

Maida Vale

W9 1EE",51.5246,-0.18456,W9,W,,(020) 7286 2244
f9f0a5ff-e662-44a2-9581-7c1fe288c508,Brockley Brewery & Taproom,"Unit 28, Chiltonian Industrial Estate, Manor Lane

Hither Green

SE12 0TX",51.4497,0.00972624,SE12,SE,Independent,
710fe506-5ce6-4e45-85e9-4c0f72a36871,Woolf & Whistle,"Tavistock Hotel, Tavistock Square

London

WC1H 9EU",51.5242,-0.1283,WC1H,WC,,(020) 7636 8383
1ec52e77-4455-44e0-8f19-66221cad887a,Beaconsfield,"357-359 Green Lanes

London

N4 1DZ",51.5759,-0.09872,N4,N,Independent,(020) 8826 5200
8c80a89a-6563-4b68-a23f-39f4dd081d85,Weybridge Cricket Club,"The Cricket Green, Princes Road

Weybridge

KT13 9BU",51.3677,-0.450041,KT13,KT,,(01932) 842484
8b7a5945-c25a-4abd-adba-8759b838ee8a,Rising Sun,"240 Winchester Road

Lower Edmonton

N9 9EF",51.6324,-0.065543,N9,N,,(020) 8807 1512
5afd396d-508b-4705-978a-1c8eb1f959e5,Victoria Inn,"78 Hill Rise

Richmond

TW10 6UB",51.4574,-0.303995,TW10,TW,,(020) 8940 2531
82059d1f-af40-4efd-a2ee-afd0835be1db,Union Bar & Grill,"4 Sheldon Square

Paddington

W2 6EZ",51.5195,-0.179849,W2,W,,(020) 7289 3063
667237c8-aa93-4370-bcc9-b0b06a5fc11b,Victory Club,"227 Selhurst Road

South Norwood

SE25 6XY",51.3976,-0.078951,SE25,SE,,(020) 8653 2617
666b70a3-9fbd-48f6-9140-39ff81678fdc,Queen's Head,"31 High Street

Pinner

HA5 5PJ",51.5944,-0.38077,HA5,HA,,(020) 8868 4607
ce34c82a-50e6-489d-8e03-581eebf48b24,Old Ship,"3 King Street

Richmond

TW9 1ND",51.4597,-0.306514,TW9,TW,Young's,(020) 8940 3461
b5b2dda8-85e3-4d32-a0d5-756ab90b874e,Huntsman & Hounds,"2 Ockendon Road

Upminster

RM14 2DN",51.5427,0.252152,RM14,RM,,(01708) 221672
73a88883-06e6-4773-973d-66763674c36a,RAFA Club Romford,"18 Carlton Road

Romford

RM2 5AA",51.578,0.191126,RM2,RM,,(01708) 746602
8ddfb0e1-1d53-45c3-aebe-a7a9e15557cd,Walthamstow Trades Hall Club,"61-63 Tower Hamlets Road

Walthamstow

E17 4SB",51.589,-0.0191024,E17,E,,(020) 8520 3806
e86e492b-0f2e-4b93-805d-8388c61f0ad1,Royal British Legion Worcester Park Social Club,"69-75 Central Road

Worcester Park

KT4 8EB",51.3778,-0.240327,KT4,KT,,(020) 8337 8004
28e3b1c7-008d-4f54-8aff-ecb1dd0fa5d2,Beer & Burger Store,"1A Arthouse, 1 York Way

London

N1C 4AS",51.5359,-0.12251,N1C,N,Beer & Burger,(020) 3963 5795
e72fed3e-3d47-4bcb-9011-473fa063dd92,Flintgate,"139, Oatlands Drive

Oatlands

KT13 9LA",51.373,-0.44038,KT13,KT,,(01932) 842721
c445941c-115c-4e35-a0b9-8b41b43155ef,Whiteley Village Social Club,"Octagon Road, Whiteley Village

Hersham

KT12 4EH",51.3512,-0.43256,KT12,KT,Whiteley Village Trust / village management,(01932) 264544
b7aaeecf-095b-446b-bc76-f13d4e344f81,Old Cranleighan Club,"Portsmouth Road

Thames Ditton

KT7 0HB",51.3823,-0.341271,KT7,KT,,(020) 8398 3092
5ea3418f-a865-43ab-8bcb-4c35d61d196d,Twickenham Royal British Legion Club,"95 Popes Grove

Twickenham

TW1 4JT",51.4421,-0.334253,TW1,TW,,(020) 8892 6728
2058947a-23f2-48b3-aa97-961a4005695d,Plumstead Radical Club,"83-88 Walmer Terrace

Plumstead

SE18 7DZ",51.4895,0.0851572,SE18,SE,,(020) 8854 0148
de4237e2-3fdf-46c3-8bf4-aeec615d1568,White Lion of Mortimer,"223 London Road

Mitcham

CR4 2JD",51.4066,-0.16379,CR4,CR,,(020) 8646 7332
3d94afeb-d21d-4d9e-b137-00d887c93381,Nightingale on the Green,"51 Nightingale Lane

Wanstead

E11 2EY",51.5816,0.028454,E11,E,,(020) 8530 4683
9812473a-0df1-49da-898f-db0eebb7709b,Golden Lion,"116 Sydenham Road

Sydenham

SE26 5JX",51.4255,-0.0484,SE26,SE,,(020) 8778 6859
b62b386f-e23b-4b2c-a323-11fad4759810,Foxley Hatch,"8-9 Russell Parade, Russell Hill Road

Purley

CR8 2LE",51.3388,-0.117277,CR8,CR,,
127d6886-34f0-4928-adac-28fe58734fd3,Ashley Park,"Ashley Park Road

Walton On Thames

KT12 1JP",51.3734,-0.41422,KT12,KT,,(01932) 220196
c26bc5d2-9d06-40c9-8e4d-4fed67556ea4,Althorp,"20 Bellevue Road

Wandsworth Common

SW17 7EB",51.4449,-0.166709,SW17,SW,,(020) 8767 9677
5b23384d-4b1d-4562-874c-a7a67dbe23cb,Fox & Hounds,"60, Portsmouth Road

Surbiton

KT6 4HS",51.3958,-0.3118,KT6,KT,,07917 625978
81870b03-2d5b-4361-ad2c-5d37d062c4e4,Ruislip Rugby Club,"The Club House, West End Road

Ruislip

HA4 6DR",51.5687,-0.42348,HA4,HA,,(01895) 633102
25bcbd83-7ba6-48d1-afc6-aab6b9c81fea,St John,"26 St John Street

London

EC1M 4AY",51.5205,-0.101502,EC1M,EC,,(020) 7251 0848
b6cdb852-5c7e-4869-bf56-04e9e917108f,Orford House Social Club,"73 Orford Road

Walthamstow

E17 9QR",51.582,-0.013854,E17,E,,(020) 8520 5687
5a53591d-2a5e-4842-8756-ecdf824a9e3f,Grove,"9, Grove Road

Surbiton

KT6 4BX",51.3966,-0.30589,KT6,KT,,(020) 8399 1662
e9285a51-1a72-4999-9335-3a8fdccff1e3,White Lion,"125-127 Stroud Green Road

Stroud Green

N4 3PX",51.5694,-0.11265,N4,N,,(020) 7561 8880
0d32922c-f940-4d7a-870a-35717c250a6e,Parsons Green Sports & Social Club,"31 Broomhouse Lane

Fulham

SW6 3DP",51.4671,-0.198022,SW6,SW,Independent,(020) 7736 1401
2143c7d0-d6df-4ff9-a817-274fe4da76d2,Three Hammers,"Hammers Lane

Mill Hill

NW7 4EA",51.6209,-0.2342,NW7,NW,,(020) 8959 2346
ecda8bc9-ae47-455d-9928-c43bea9fc45e,Berrylands,"108, Chiltern Drive

Surbiton

KT5 8LS",51.3985,-0.2803,KT5,KT,,(020) 8399 4043
2cd8c236-f5d4-44cb-962b-76e1b2b973c7,King Edward VII,"47 The Broadway

Stratford

E15 4BQ",51.5411,0.002938,E15,E,,(020) 8534 2313
bda8c8ab-e193-48b4-bf24-41a15c2360fb,Spread Eagle,"39-41 Katharine Street

Croydon

CR0 1NX",51.3723,-0.100119,CR0,CR,Whelan Inns,(020) 8781 1135
ea8f9039-2a24-4203-bb2c-f02b4c56ec10,Bear,"30 Bridge Street

Walton On Thames

KT12 1AH",51.3872,-0.42409,KT12,KT,,(01932) 253420
1eae0a1d-12fb-4d7a-a9e1-c3fc14c3c23c,Weybridge Vandals Rugby Club,"Brownacres, Off Walton Lane

Walton On Thames

KT12 1QP",51.3848,-0.439706,KT12,KT,,(01932) 227659
40157a00-e24d-458e-8988-e44f7e0161c8,Three Wishes,"27 Green Lane

Northwood

HA6 2PX",51.6121,-0.42626,HA6,HA,Independent,(01923) 820760
5f815dfa-7e65-4e3b-a287-2d0424a809ca,White Swan,"26 Old Palace Lane

Richmond

TW9 1PG",51.4613,-0.311207,TW9,TW,,(020) 8940 0959
af1d3a1f-73bc-446e-8aa4-d8d7d9511609,Putney Club,"63 Upper Richmond Road

Putney

SW15 2RD",51.4578,-0.207557,SW15,SW,,
77384c75-f97f-4d8e-8809-599f4b8b2e92,"Basil's Bar, Colets Health & Fitness","St Nicholas Rd, Off Speer Rd

Thames Ditton

KT7 0PW",51.3927,-0.33869,KT7,KT,,
ecd4bae8-994c-4f55-8305-1c0d0e0d519e,Walton Comrades Club,"7 Franklyn Road

Walton On Thames

KT12 2LF",51.3931,-0.41552,KT12,KT,,(01932) 226052
d9bd2fd0-3183-4147-a56e-fc27f4cd2077,Royal Oak,"13 Richmond Road

Twickenham

TW1 3AB",51.4486,-0.324923,TW1,TW,,(020) 3817 9388
044b09e9-2851-4e2c-bb69-3a0d11e855e8,Junction,"70 Station Road

Upminster

RM14 2TD",51.5586,0.250336,RM14,RM,,(01708) 229289
22cbca0a-1524-4418-aa75-9da10087e115,Jolly Farmer,"41 Princes Road

Weybridge

KT13 9BN",51.368,-0.44888,KT13,KT,,07786 356031
84321c1d-fd19-4c4d-aec0-24c9dbf469ee,Royal Mid Surrey Golf Club,"Old Deer Park

Richmond

TW9 2SB",51.4667,-0.307052,TW9,TW,,(020) 8940 1894
6d211bcf-103a-4bcd-bdc4-aed5e052fa19,Ruislip Conservative Club,"56-58 Ickenham Road

Ruislip

HA4 7DQ",51.5721,-0.43331,HA4,HA,,(01895) 637477
2367b4b9-9020-4814-bc13-eefc9773ba3a,Joiners Arms,"50-52 Woodside Green

South Norwood

SE25 5EU",51.3866,-0.070773,SE25,SE,,(020) 8656 8180
4e97460d-1ac4-4cc1-91b4-6314a6f14e93,Wimbledon Village Club,"26 Lingfield Road

Wimbledon

SW19 4QD",51.4237,-0.217479,SW19,SW,,(020) 8946 5223
da51ac2e-2a38-40c0-84c8-8bcd9eda4afe,Village Inn,"402-408 Rayners Lane

Rayners Lane

HA5 5DY",51.5769,-0.37092,HA5,HA,Wetherspoon,(020) 8868 8551
4c3dbf2a-3d87-461b-8e47-b1f507cced94,Chesterfield Arms,"50 Hertford Street

London

W1J 7SS",51.5061,-0.1478,W1J,W,Metropolitan Pub Company,(020) 7499 3017
637bac95-d261-43b8-8b6c-c928f796a47f,Crown,"174 Richmond Road

St. Margarets

TW1 2NH",51.4513,-0.31873,TW1,TW,,(020) 8892 5896
90d50dfa-bcca-4a84-91b6-01d4ae21de6b,Bear Tavern,"26-28 York Street

Twickenham

TW1 3LJ",51.4473,-0.327392,TW1,TW,,(020) 7738 2119
63ae882b-a141-4dda-97d8-be629ccc6545,Windmill,"167 Upminster Road

Upminster

RM14 2RB",51.5586,0.239048,RM14,RM,,(01708) 442657
61371506-6876-4f10-83e9-00a780028d2c,De Hems,"11 Macclesfield Street

London

W1D 5BW",51.5121,-0.131318,W1D,W,Nicholson's,(020) 7437 2494
62ca1a73-75ec-4607-a3fd-56f6e25a7597,Willow Farm,"New Road

Wennington

RM13 9ED",51.5067,0.225874,RM13,RM,,(01708) 634820
30bd2da5-930c-441a-948b-cc80ca2fdc00,Vicars Moor Lawn Tennis Club,"Sherbrook Gardens

Winchmore Hill

N21 2NU",51.6363,-0.092652,N21,N,,(020) 8360 7497
9b928fba-aa68-4626-862b-9126dcffc7d7,Royal Oak,"261 Ewell Road

Surbiton

KT6 7AA",51.3853,-0.2951,KT6,KT,,(020) 8390 5376
8be8b2a3-61b2-44ac-bdd8-503273a26135,Barmy Arms,"The Embankment

Twickenham

TW1 3DU",51.4463,-0.325714,TW1,TW,,(020) 8892 0863
c455ef90-e1a1-48e0-aa56-1022c114d33b,Pinner Hill Golf Club,"Southview Road, Pinner Hill

Pinner

HA5 3YA",51.613,-0.4004,HA5,HA,,(020) 8866 0963
1159572c-4dea-4015-ab07-b9572d104839,Red Cow,"59 Sheen Road

Richmond

TW9 1YJ",51.4617,-0.297171,TW9,TW,Young's,(020) 8940 2511
7cefd70d-9322-4b05-acd5-f9ba2759447e,Cabbage Patch,"67 London Road

Twickenham

TW1 3SZ",51.4489,-0.329918,TW1,TW,Fuller's,(020) 8892 3874
32c5c20c-f736-4060-8c4a-f2f8d810fe83,Vaulty Towers,"34 Lower Marsh

London

SE1 7RG",51.5011,-0.111919,SE1,SE,,(020) 7928 9062
a23fc9c6-e08b-420b-a95a-f9d8e68b4805,Southgate Club,"17 Chase Side

Southgate

N14 5BP",51.6327,-0.128939,N14,N,,(020) 8886 1617
e65387e7-2275-4a96-94cb-e44878118b66,White Cross,"Riverside, Off Water Lane

Richmond

TW9 1TH",51.4589,-0.308303,TW9,TW,,(020) 8940 6844
af5a235c-b2d1-44b5-af45-0b2db5d3517f,Riverside,"Hamilton House, 5 St George Wharf

Vauxhall

SW8 2LE",51.4854,-0.12621,SW8,SW,,(020) 7735 8129
86724c37-1fdd-46df-9285-4af28904f166,Ailsa Tavern,"263 St Margarets Road

St. Margarets

TW1 1NJ",51.4606,-0.322785,TW1,TW,Shepherd Neame,(020) 8891 1200
16b6043e-9fb4-4964-925d-835a819f01dd,Brewers Fayre,"2 New Road

Dagenham

RM9 6YS",51.5314,0.14808,RM9,RM,Whitbread,(020) 8526 7425
3958a7fe-47b7-4be1-91af-9d7f55d5644b,Shepherds Bush Cricket Club,"38 Bromyard Avenue

Acton

W3 7BP",51.51,-0.25261,W3,W,Independent,07734 709458
45e0093b-6f6b-4912-b270-1b4532c1418b,Moor Beer Co. Vaults & Tap Room,"71 Enid Street

Bermondsey (East)

SE16 3RA",51.4978,-0.072666,SE16,SE,Moor Beer Company,(020) 3952 5456
4fd2672f-dd88-4f4a-a6ab-2b6f9b8b913e,Firefly,"3 Station Parade, Balham High Rd

Balham

SW12 9AZ",51.4425,-0.153266,SW12,SW,Independent,(020) 8673 9796
6eec5323-31fa-4293-bfba-783a24c1c835,Old Maypole,"105 Fencepiece Road / Cleeves Walk

Barkingside

IG6 2NG",51.6016,0.083874,IG6,IG,Independent,(020) 8502 7168
8430444c-e831-4279-b3ac-149545453001,Barnes Sports Club,"The Club House, 261 Lonsdale Road

Barnes

SW13 9QL",51.4775,-0.248699,SW13,SW,Independent,(020) 8748 6220
3c36e23d-3d63-4d09-812a-050f14ea77b4,Queens Arms,"139 St Philip Street

Battersea

SW8 3SS",51.4681,-0.149415,SW8,SW,Independent,07561 733253
8593784f-30be-4ca5-9809-1cd3ce4c324b,Rose & Crown,"Clay Hill

Enfield

EN2 9AJ",51.6711,-0.0837,EN2,EN,Independent,(020) 8366 0864
fd3dbc96-6117-4549-8b11-f2e121be5b84,Antelope,"76 Mitcham Road

Tooting

SW17 9NG",51.4257,-0.1655,SW17,SW,Independent,(020) 8161 0957
3e0c9587-5bbe-4779-bb11-3b8ad5b620b1,Park Tavern,"19 New Road

Kingston

KT2 6AP",51.4195,-0.2878,KT2,KT,Independent,(020) 8549 0361
4965f803-fe2a-4e29-a2ab-fd7eafe44598,Plough,"Tentelow Lane

Norwood Green

UB2 4LG",51.4952,-0.36598,UB2,UB,Fuller's,(020) 8574 7473
c5e60e0f-b214-4c0e-83e8-46a721e14c23,Robin Hood & Little John,"78 Lion Road

Bexleyheath

DA6 8PF",51.4542,0.136035,DA6,DA,Independent,(020) 8303 1128
deeb08e9-b37a-4945-a3fc-616ae6c238c1,Nonsuch Inn,"552-556 London Road

North Cheam

SM3 9AA",51.3723,-0.226292,SM3,SM,Wetherspoon,(020) 8644 1808
391461a8-54e6-4d8c-839c-fd736cdb8fe1,Old Bexley Ex-Servicemen's Club,"Bexley High Street

Bexley

DA5 1AB",51.442,0.148527,DA5,DA,Independent,(01322) 523664
35bd0a79-21f4-4edb-a479-63cd99f33345,Walton Village,"29 High Street

Walton On Thames

KT12 1DG",51.3856,-0.4184,KT12,KT,Independent,(01932) 254431
c87cf506-b234-45d2-9aba-28f102ad61f7,Crews Hill Golf Club,"Cattlegate Road

Enfield

EN2 8AZ",51.6839,-0.110312,EN2,EN,Independent,(020) 8363 6674
635e075a-54d3-4c85-996f-726b7aeba1f9,Jolly Woodman,"9 Chancery Lane

Beckenham

BR3 6NR",51.4067,-0.018078,BR3,BR,Independent,(020) 8663 1031
66dca2d5-85cb-4145-b77f-e6cac0aabae5,Coach & Horses,"Burnhill Road

Beckenham

BR3 3LA",51.4062,-0.027973,BR3,BR,Town Bar and Sports,(020) 8650 9142
109bc95c-d785-4bc0-850b-e52f639e0e91,Tir Na Nog,"107 Garratt Lane

Wandsworth

SW18 4DW",51.4535,-0.19153,SW18,SW,Independent,(020) 8837 3622
3f58c216-3cbb-46fb-ad0e-4ce5fc7ebcf9,Morgan,"1 Clydesdale Way

Belvedere

DA17 6FD",51.4976,0.154581,DA17,DA,Independent,(020) 3137 9902
77ecec30-cee6-4bf2-a51d-d02f2bec28fe,Prince of Wales,"13a Woolwich Road

Belvedere

DA17 5EE",51.4837,0.143321,DA17,DA,Independent,(01322) 433737
286d1b37-f485-40d1-b713-2cdc899b9758,Harvest Home,"27 Beddington Lane

Beddington

CR0 4TG",51.3722,-0.131739,CR0,CR,Independent,
6e360537-609d-4645-8a09-69c431e7731b,Forester,"107 Burrow Road

Hainault

IG7 4NH",51.6127,0.11171,IG7,IG,Independent,(020) 8500 3473
88efd5f1-e9f9-4f0c-a28a-412e52e5ae7d,Britannia,"94 Ironmonger Row

London

EC1V 3QR",51.5273,-0.0945365,EC1V,EC,Independent,07932 752156
50cc2439-b94a-463e-b6db-6ef610ea8439,Cloudwater Tap Room,"73 Enid Street

Bermondsey (East)

SE16 3RA",51.4977,-0.072614,SE16,SE,Cloudwater Brew Co,
ba9252a7-02d1-4000-88ca-86fead976020,St James of Bermondsey,"72 St James Road

Bermondsey (East)

SE16 4QZ",51.4954,-0.0659303,SE16,SE,Independent,(020) 8127 6850
017d042c-83f2-42d2-9ae4-08b945db021b,Substation,"8 Almond Road

Bermondsey (East)

SE16 3LR",51.4918,-0.0599665,SE16,SE,Battersea Brewery,(020) 8161 2366
1257f834-d7c3-44fa-84e3-3065555d3f08,Jolly Farmers,"2 Enfield Road

Enfield

EN2 7QS",51.6546,-0.1077,EN2,EN,McMullen,(020) 8363 1917
26162c14-76bf-4fdf-854a-a1a457c28e02,Elm Tree,"116 Croydon Road

Elmers End

BR3 4DF",51.3988,-0.0451,BR3,BR,Independent,(020) 8658 8121
041d2b58-e306-4c7a-b0bd-9e7f2abb8623,Prince Blucher,"124 The Green

Twickenham

TW2 5AG",51.4444,-0.344982,TW2,TW,Fuller's,(020) 8894 1824
df5249aa-706a-465e-ad34-acac16670bfd,Enfield Town Club,"Old Park Avenue

Enfield

EN2 6PR",51.6525,-0.0883,EN2,EN,Independent,(020) 8363 0219
fd6f206f-9363-48ca-a93b-0f30b273e99a,Pheasant Inn,"98 West End Lane

Harlington

UB3 5LX",51.4851,-0.44025,UB3,UB,Independent,(020) 8759 9685
6037c222-d8ba-4ed9-ac36-6daa2c81c82f,Albany,"13 Steynton Avenue

Bexley

DA5 3HN",51.4361,0.126309,DA5,DA,Independent,(020) 8300 2770
631dc151-c16f-40d7-9ccc-b18030a560fb,Bexley Cricket Club/Burnt Ash Hockey Club,"Manor Way

Bexley

DA5 3QG",51.4386,0.144806,DA5,DA,Bexley Cricket Club,
cd316f72-4881-42a5-9ca7-35cbdffb95f4,Kings Head,"65 Bexley High Street

Bexley

DA5 1AA",51.4418,0.1499,DA5,DA,Independent,(01322) 553137
0c7b5166-26d6-4a5e-85a3-1127788ce620,Crown Inn,"Leaves Green Road

Keston

BR2 6DQ",51.3397,0.0304099,BR2,BR,Shepherd Neame,(01959) 572920
83a8bdd8-9def-4500-910e-c486737d17db,151 Club,"151 Broadway

Bexleyheath

DA6 7EZ",51.4564,0.141806,DA6,DA,Independent,(020) 8304 4664
94c2a875-3f5f-449c-9871-0cbef4c55cc0,Kentish Belle,"8 Pickford Lane

Bexleyheath

DA7 4QW",51.464,0.132933,DA7,DA,Independent,(020) 3417 2050
4fda6dc4-1000-4067-b8f9-444790893039,Hit or Miss,"6 Chatterton Road

Bromley Common

BR2 9QN",51.3931,0.0343792,BR2,BR,Independent,07960 394449
d8cbae0c-1942-4798-9d41-62af188e5a78,Traveller's Home,"60-66 Long Lane

Bexleyheath

DA7 5AR",51.4635,0.150959,DA7,DA,Independent,(01322) 525383
87617f64-ec36-4cbe-ad65-1b7ad6994b1d,Red Barn,"Barnehurst Road

Bexleyheath

DA7 6HG",51.4654,0.158378,DA7,DA,Independent,(01322) 335216
1ba53588-7965-489c-9d5f-82f135498d1b,Sir Julian Huxley,"152-154 Addington Road

Selsdon

CR2 8LB",51.3437,-0.062012,CR2,CR,Wetherspoon,(020) 8657 9457
414e9955-47f8-4964-8d07-2d7d5b8fb8fd,Yacht,"167 Long Lane

Bexleyheath

DA7 5AE",51.4662,0.144939,DA7,DA,Independent,(020) 8303 4889
ff8776f2-074b-40de-aafb-17a7cb9d64fc,Aperfield Inn,"311 Main Road

Biggin Hill

TN16 2HN",51.3019,0.0525531,TN16,TN,Independent,(01959) 542565
2fab56fb-b044-4430-bbc9-b799cf441d7f,Black Horse,"123 Main Road

Biggin Hill

TN16 3DX",51.3159,0.0332648,TN16,TN,Independent,(01959) 928231
436c8f20-0749-43a4-95a5-eec893ad5820,Acorn,"201-203 Longbridge Road

Barking

IG11 8UF",51.5459,0.093325,IG11,IG,Independent,(020) 3673 2462
abeec642-3419-49f8-8e0c-eadedd6fedce,Willoughby Arms,"47 Willoughby Road

Kingston

KT2 6LN",51.4162,-0.29222,KT2,KT,Independent,(020) 8546 4236
210b962b-0656-4c3a-b36e-f506a3ed20f6,Spotted Dog,"15 Longbridge Road

Barking

IG11 8TN",51.5398,0.081726,IG11,IG,Independent,(020) 8594 0228
9c1cc8cf-52da-4912-b3c5-66b0b74d22ca,Wood Green Social Club,"3/5 Stuarts Cresc, Stirling House

Wood Green

N22 5NJ",51.6004,-0.110083,N22,N,,(020) 8888 9917
9a149b45-b60e-4a72-8234-318f28b586ae,Griffin,"Brook Road South

Brentford

TW8 0NP",51.4872,-0.3032,TW8,TW,Independent,(020) 8127 1203
81e2b995-5682-481e-9afd-ad1635b15961,Lord Nelson,"9-11 Enfield Road

Brentford

TW8 9NY",51.4914,-0.30855,TW8,TW,Independent,(020) 8797 3453
d5eea275-b9df-4473-95ff-2422b44a5c9c,Prince George's Club,"Prince George's Avenue

Raynes Park

SW20 8BQ",51.4092,-0.226736,SW20,SW,Independent,(020) 8395 4757
cb1940b2-8bb5-48e4-8e7d-a7c6fdfd825d,Watermans Arms,"1 Ferry Lane

Brentford

TW8 0AW",51.4847,-0.301419,TW8,TW,Independent,(020) 8560 5665
ef17340c-5cc4-40a2-8342-82cac5390dc5,Prince of Wales,"Terminal 4 Airside

Heathrow Airport

TW6 3XA",51.4603,-0.44666,TW6,TW,Independent,(020) 8607 5010
571bc121-c6b0-4923-b036-a6ce24efa3ed,Harrow RFC,"Grove Field, Wood Lane

Stanmore

HA7 4LF",51.6267,-0.31958,HA7,HA,Harrow Rugby Football Club,(020) 8954 2615
b045dfae-f433-491a-a18d-57fff58745b4,Masons Arms,"41 Walpole Road

Teddington

TW11 8PJ",51.4268,-0.339008,TW11,TW,Independent,(020) 8977 6521
001a103b-36b3-4d87-895f-339a6898513b,Bricklayers Arms,"6-8 Queens Road

Hersham

KT12 5LS",51.3664,-0.402143,KT12,KT,Independent,(01932) 220936
2200159d-a034-4425-9fc9-b85d21e2b256,Crown,"High Street

Cowley

UB8 2NL",51.531,-0.48208,UB8,UB,Independent,(01895) 392413
1065e055-8d96-49b7-8db1-8d563efbc97e,Champagne Charlie's,"17 The Arches, Villiers Street

London

WC2N 6NG",51.508,-0.12408,WC2N,WC,Davy's,(020) 7930 7737
832ee930-d617-4138-a2c8-bc4135984347,Gate,"Barnet Road

High Barnet

EN5 3LA",51.642,-0.242343,EN5,EN,Independent,(020) 8449 7292
89116277-eb34-4646-baea-b21f540d5afd,Breakspear Arms,"Breakspear Road

Ruislip Common

UB9 6LT",51.5802,-0.44777,UB9,UB,Greene King,(01895) 632239
ea09b952-5898-4f58-953a-25a4b3d288c1,Wickham Arms,"69 Upper Brockley Road

Brockley

SE4 1TF",51.4672,-0.0333,SE4,SE,Enterprise Inns,(020) 8692 8686
63ed3e5b-a565-4276-ad9b-67cb3bfb9d5c,Bickley & Widmore Social Club,"2A Canons Road

Bromley

BR1 2SH",51.4015,0.035241,BR1,BR,Independent,(020) 8464 4391
f252ce93-7253-4ba2-8c7b-1cc55103cfbc,Bricklayers Arms,"141-143 Masons Hill

Bromley

BR2 9HW",51.3965,0.0243528,BR2,BR,Shepherd Neame,(020) 8460 4552
a8b7615d-61e2-4032-99b0-0da272bd6af0,Freelands Tavern,"31 Freelands Road

Bromley

BR1 3HZ",51.4103,0.0245,BR1,BR,Independent,(020) 8460 6988
604a51a1-f9f9-42e4-adcd-c48825629b2a,Star & Garter,"227 High Street

Bromley

BR1 1NZ",51.4068,0.0125,BR1,BR,Independent,
17f644cb-8944-4767-9ff2-baf920dfef92,William Webb Ellis,"24 London Road

Twickenham

TW1 3RR",51.4476,-0.328631,TW1,TW,Wetherspoon,(020) 8744 4300
78556f2f-3076-4626-b20a-12d95ca93d9b,Westbury,"57 Westbury Avenue

Wood Green

N22 6SA",51.5938,-0.09777,N22,N,London Village Inns,(020) 8889 2059
5afdf8f9-aeb4-467a-a966-e33b314ab36e,Victoria Tavern,"56 Worple Road

Isleworth

TW7 7HU",51.4645,-0.327757,TW7,TW,Independent,(020) 8892 3385
0e151761-dec8-4da8-a863-c14e0c1f672c,Coach & Horses,"12 High Street

Carshalton

SM5 3AG",51.3651,-0.162191,SM5,SM,Independent,(020) 8835 2086
279656b7-87e2-41c8-955e-039b0f140d1b,Bellingham Ex Servicemen's Club,"10 Allerford Road

Catford

SE6 3DD",51.4314,-0.0175818,SE6,SE,Independent,(020) 8698 4202
aeecfeae-37d3-4185-a0a3-282b698b1533,Railway,"Red Lodge Road,

West Wickham

BR4 0EW",51.3804,-0.0133575,BR4,BR,Ember Inns,(020) 8776 0043
669f8c55-b147-4222-9d42-50fb11e4bcb8,Wrong 'Un,"234-236 Broadway

Bexleyheath

DA6 8AS",51.4579,0.137391,DA6,DA,Wetherspoon,(020) 8298 0439
33f2d007-8c43-4a2d-b67e-350d21fb8dd5,Chelsea Arts Club,"143-145 Old Church Street

Chelsea

SW3 6EB",51.4879,-0.174613,SW3,SW,Independent,(020) 7376 3311
99aa74c1-9fde-4a1f-8a96-90a37a7d494f,George,"32 King Street

Twickenham

TW1 3SN",51.4461,-0.328868,TW1,TW,Independent,(020) 8149 7137
ed1b7d18-eb9e-4e7b-a88e-3268f92c7f67,Sun,"4 North Street

Carshalton

SM5 2HU",51.367,-0.164211,SM5,SM,Independent,(020) 8773 4549
7448ebcd-1896-4973-a731-88d80a84efd9,Railway Tavern,"47 North Street

Carshalton

SM5 2HG",51.3694,-0.165815,SM5,SM,Fuller's,07710 476437
6c6ae1af-16b0-4e1c-9b87-2037b5a82d88,Woodman,"6 High Street

Carshalton

SM5 3AG",51.3651,-0.162469,SM5,SM,Independent,(020) 8773 3400
18e225fa-25ab-4869-9f2e-873eec88a471,West Beckenham Conservative Club,"Sidney Road

Beckenham

BR3 4PX",51.4087,-0.0416948,BR3,BR,Independent,(020) 8650 0256
018d8b93-01e9-44f2-89ba-ca15c8c2ba1f,Seething Lane Tap,"14-15 Seething Lane

London

EC3N 4AX",51.51,-0.0793881,EC3N,EC,Independent,(020) 7042 7468
685db030-071d-4e3c-a346-867ec8a089cd,Steel Yard,"The Steel Yard. 13-16 Allhallows Lane

London

EC4R 3UL",51.5101,-0.0903334,EC4R,EC,Independent,(020) 7283 1505
2d533330-770b-4dfc-a5be-ce453c398953,Duke of York,"130-134 Victoria Street

London

SW1E 5LA",51.4967,-0.142678,SW1E,SW,Samuel Smith's,(020) 7630 1572
cfa8a5b9-fdc2-42cf-bd74-79a48f9a0554,Limping Fox,"15, Rushett Road

Long Ditton

KT7 0UX",51.386,-0.32353,KT7,KT,Independent,(020) 8224 2047
192fb2c8-3a89-44c1-8ecc-5fcaed7f87fe,Bo-Peep,"Hewitts Road

Chelsfield

BR6 7QL",51.3519,0.139546,BR6,BR,Independent,(01959) 534457
1ffb2492-ecd4-48d1-b6b6-d2d2aa767f80,Chessington Oak,"116, Moor Lane

Chessington

KT9 1HX",51.3642,-0.2974,KT9,KT,Sizzling Pub Company,(020) 8397 3406
fd40819f-3e2d-4053-b223-12f123573a60,Cricketers,"81, Clayton Road, Hook

Chessington

KT9 1NQ",51.3677,-0.3108,KT9,KT,Independent,(020) 8397 4171
ebe23064-4a3f-4fdf-870f-cf611bc4bbd7,Royal Oak,"High Street

Green Street Green

BR6 6BJ",51.351,0.0888348,BR6,BR,Nicholson's,(01689) 852519
de178a73-ae19-4c2e-bf4a-9a040b4f558f,Scolt Head,"107a Culford Road

London

N1 4HT",51.5439,-0.0815782,N1,N,Independent,(020) 7254 3965
7dc2a6f6-7b6d-4889-b77a-a2d3850275e1,Queens Head,"2 High Street

Chislehurst

BR7 5AN",51.4178,0.06842,BR7,BR,Nicholson's,(020) 8295 2873
51e7b630-5171-4f1f-a6d6-caca1ce97d16,J.J. Moon's,"12 Victoria Road

Ruislip Manor

HA4 0AA",51.5733,-0.41341,HA4,HA,Wetherspoon,(01895) 622373
b222d9a5-4336-46ca-b23e-b7b3bfbdd880,Sydney Arms,"Old Perry Street

Chislehurst

BR7 6PL",51.4149,0.088223,BR7,BR,Independent,(020) 8467 3025
c05876a3-5c2a-4bd0-90e6-a67f7f7f364c,Surbiton Flyer,"84 Victoria Road

Surbiton

KT6 4NS",51.3925,-0.3052,KT6,KT,Independent,(020) 8399 8119
2c945779-7dd8-4cc0-b970-71902b70b328,Wych Elm,"93 Elm Road

Kingston

KT2 6HT",51.4168,-0.2946,KT2,KT,Fuller's,(020) 8546 3271
7eed9a28-a528-4426-b99b-22c72911b0d3,Plough,"83 Front Lane

Cranham

RM14 1XL",51.5623,0.266468,RM14,RM,Independent,(01708) 250047
14d109f7-3a4c-4502-b1d1-d4e9a3404604,Danson Stables,"Danson Park

Bexleyheath

DA6 8HL",51.4579,0.117611,DA6,DA,Stonegate,(020) 8303 2071
d3289845-19de-4283-b34c-7ea377ef32c1,Royal Oak,"86 St Anns Road

Harrow

HA1 1JP",51.5817,-0.33794,HA1,HA,Independent,(020) 8427 0552
b2fb288c-c629-463c-95dd-8725bb3be1c4,Cumberland Lawn Tennis Club,"25 Alvanley Gardens

West Hampstead

NW6 1JD",51.5515,-0.187499,NW6,NW,Independent,(020) 7435 6022
bfb21800-7a42-4094-88dd-bfbad3d296e1,Two Doves,"37 Oakley Road

Bromley Common

BR2 8HD",51.3728,0.0395873,BR2,BR,Young's,(020) 3532 7204
f97c1271-69ae-4f74-9aa6-4df378f66dbb,Southgate Hockey Centre,"Trent Park, Snakes Lane

Cockfosters

EN4 0PS",51.6565,-0.139081,EN4,EN,Southgate Hockey Centre / Southgate Hockey Club,(020) 8440 7574
662a55c4-d49d-47f3-a864-bbbec4b2efe8,Swan Inn,"1 Swan Street

Isleworth

TW7 6RJ",51.4687,-0.324763,TW7,TW,Independent,(020) 8847 4805
4790ab02-2700-46ae-8c46-7cb60a739b1f,Done Our Bit Club,"128a Maygrove Road

West Hampstead

NW6 2EP",51.5479,-0.197612,NW6,NW,Independent,(020) 7624 3603
a2952db2-6e52-4e72-a363-647cb9969aef,Swan,"2 Hare Lane

Claygate

KT10 9BS",51.364,-0.3545,KT10,KT,Independent,(01372) 462582
fdeb0aa9-9943-450f-afce-238a914fcc3b,Fairmile,"Portsmouth Road

Cobham

KT11 1BW",51.3408,-0.40127,KT11,KT,Independent,(01932) 868141
c46e72e4-cf17-41b1-80c3-d03dbd67891d,Running Mare,"45, Tilt Road

Cobham

KT11 3EZ",51.3246,-0.40183,KT11,KT,Independent,(01932) 862007
2cbd9c2a-e8f6-4037-8fc8-0cb69255575f,Harrow,"130 Hornchurch Road

Hornchurch

RM11 1DP",51.5648,0.20469,RM11,RM,Independent,(01708) 462611
19464955-81b1-4eda-ab73-35029e55f582,Aspen Tree,"Gobions Avenue / Chelmsford Avenue

Collier Row

RM5 3SP",51.6003,0.177019,RM5,RM,Independent,(01708) 749995
027c2d57-ab37-4634-bdb8-0411f82cc712,Smugglers Inn,"320 Chipstead Valley Road

Coulsdon

CR5 3BE",51.3189,-0.150488,CR5,CR,Independent,(01737) 550043
347f7118-5ead-495b-a95a-3a4a7c3df5bd,Victoria Club,"9 Victoria Road

Coulsdon

CR5 2NN",51.3212,-0.136642,CR5,CR,Independent,(020) 8645 0600
a64d74ff-4d0e-4dae-8f4a-aaeb72163c1d,Preston,"161 Preston Road

Wembley

HA9 8NG",51.5696,-0.29533,HA9,HA,Independent,(020) 8908 9794
fa1d1046-d426-4b94-98c8-9ccfaf2ca3a8,Three Steps,"High Street

Cowley

UB8 2DX",51.5298,-0.48233,UB8,UB,Independent,(01895) 234692
0b52ff11-61d6-4af4-868f-8d603017f8aa,Jobber's Rest,"St Mary's Lane

Cranham

RM14 3LT",51.5579,0.273076,RM14,RM,Independent,(01708) 251540
5411d8ca-56c4-441b-adf3-000fc124db41,Bear & Ragged Staff,"2 London Road

Crayford

DA1 4BH",51.4518,0.178012,DA1,DA,Greene King,(01322) 522906
dc317146-794a-47f8-a3e9-9cf9c58c9cd6,Duke's Head,"53 Crayford High Street

Crayford

DA1 4EJ",51.453,0.176656,DA1,DA,Independent,(01322) 521953
d41c94e3-765a-4f0b-82d8-cd771149d5ec,Phoenix,"37 Cavendish Square

London

W1G 0PP",51.5162,-0.143528,W1G,W,Independent,(020) 7493 8003
3992f669-da71-4261-81a3-2903867cef2d,Bedford Tavern,"16 Sydenham Road

Croydon

CR0 2EF",51.3788,-0.0951,CR0,CR,Independent,(020) 8688 2584
70be8d19-eb97-46f8-b388-f183d6199514,Fox,"2 Park Road

Crouch End

N8 8TD",51.5808,-0.124594,N8,N,Urban Pubs & Bars,(020) 8161 0388
8984f52d-6e36-495f-9b5b-08ebf61417bc,J.J. Moon's,"48-52 High Street

Hornchurch

RM12 4UN",51.5629,0.216291,RM12,RM,Wetherspoon,(01708) 478410
d70b67aa-a3bf-4bad-bafe-8c5f546295db,Crown,"28 Wickham Road, Shirley

Croydon

CR0 8BA",51.3737,-0.055103,CR0,CR,Ember Inns,(020) 8654 8235
41f6659e-6607-4512-a175-fa41ce99b17e,Dog,"24 Surrey Street

Croydon

CR0 1RG",51.3731,-0.101573,CR0,CR,Independent,(020) 8667 9718
8f849dc6-a1c6-4913-9183-a9ba7d9609c8,Green Dragon,"58-60 High Street

Croydon

CR0 1NA",51.3717,-0.10054,CR0,CR,Independent,(020) 8667 0684
7c416ff0-1530-4a91-b06b-b7fed3692df7,Shirley Inn,"158 Wickham Road

Croydon

CR0 8BF",51.3744,-0.050264,CR0,CR,Independent,(020) 8654 1362
48bcbce7-9060-47c6-973f-39abc8e87a4d,Porter & Sorter,"Billinton Hill

Croydon

CR0 6BT",51.376,-0.092021,CR0,CR,Marston's,(020) 8688 4296
a27dd9f4-720a-43f6-9667-966fb7bdd861,Royal Standard,"1 Sheldon Street

Croydon

CR0 1SS",51.37,-0.101597,CR0,CR,Admiral Taverns,(020) 8680 3106
f48016ba-3200-46c9-bfd9-255968271c2c,Sandilands Club,"Sandilands

Croydon

CR0 5DB",51.3696,-0.074798,CR0,CR,Independent,07969 242643
daab2958-cedd-40d1-84bc-74d04682f4c3,Cricketers,"299-301 High Road

Woodford Green

IG8 9HQ",51.602,0.019041,IG8,IG,Independent,(020) 8504 2734
568575cf-5139-44df-b1a6-7224d166247b,Treehouse,"78 South End

Croydon

CR0 1DP",51.3651,-0.099229,CR0,CR,Independent,(020) 8688 9837
cf3e41da-0423-40be-a2ff-2e9852b10aa1,Railway,"390 Oldfield Lane North

Greenford

UB6 0AP",51.5432,-0.34516,UB6,UB,Independent,(020) 8578 1193
d194e020-5208-42a6-8c1b-a52607d85734,North Enfield Conservative Club,"278 Baker Street

Enfield

EN1 3LD",51.6624,-0.078395,EN1,EN,Independent,(020) 8363 1060
2f22ede1-aabe-410e-89cd-079934f89cdc,Dagenham Conservative & Social Club,"8-12 Salisbury Road

Dagenham

RM10 8TT",51.5406,0.159539,RM10,RM,Independent,(020) 8592 0715
f6e68701-a556-4d6e-99e2-39d3a11b6572,George & Dragon,"26 High Street

Downe

BR6 7UT",51.3356,0.054215,BR6,BR,Independent,(01689) 889030
348b8143-549e-4348-a173-2e6f3a5cb9c6,Brentham Club,"38A Meadvale Road

Ealing

W5 1NP",51.5288,-0.30939,W5,W,Independent,(020) 8997 2624
942a3bad-ef98-4e93-9ea2-245b0e31a155,Bolthole,"12 Falconwood Parade

Welling

DA16 2PL",51.4567,0.094368,DA16,DA,Independent,
93672fa3-e657-4eea-938c-5eb320491187,Ealing Lawn Tennis Club,"Daniel Road

Ealing

W5 3RY",51.5131,-0.2874,W5,W,Independent,(020) 8992 0370
800ffbfb-6c50-4474-92e7-dd8b253e8179,Oak,"98, Richmond Road

Kingston

KT2 5EN",51.4161,-0.301,KT2,KT,Independent,(020) 8549 0074
2c57575f-266a-4140-9a13-7709dc955b24,One Inn The Wood,"209 Petts Wood Road

Petts Wood

BR5 1LA",51.3901,0.073927,BR5,BR,Independent,(01689) 492101
52c1d590-4e38-40fe-a99f-06cdbc4a7ba7,Springfield (Acton) Bowls Club,"25-27 Western Gardens

Ealing

W5 3RS",51.5135,-0.28454,W5,W,Independent,(020) 8992 1810
a47685e4-1531-4ab0-a19f-15a0c2291d26,Railway Telegraph,"19 Brigstock Road

Thornton Heath

CR7 7JJ",51.3981,-0.100902,CR7,CR,Independent,(020) 8684 9839
5c178573-5049-4fd5-a954-bda110986c18,Kings Arms,"156 Broadway

Bexleyheath

DA6 7DW",51.457,0.142917,DA6,DA,Independent,(020) 8303 1173
69751fdb-23bb-4297-bdf3-e147b8b4c398,Victoria,"2 Victoria Street

Belvedere

DA17 5LN",51.4823,0.143051,DA17,DA,Independent,(01322) 433773
5b7f176c-81f4-42c2-acc0-232066ed5cdb,Actress,"90 Crystal Palace Road

East Dulwich

SE22 9EY",51.4581,-0.0714,SE22,SE,Independent,(020) 8693 2130
54e92513-f23f-4c5f-8dff-e7cc23a41e01,Philomena's,"40 Great Queen Street

London

WC2B 5AA",51.5151,-0.1219,WC2B,WC,Independent,(020) 7242 5560
ab5f730b-1658-45e1-aa53-94a4f49cc971,Plough,"Cattlegate Road

Enfield

EN2 9DJ",51.6834,-0.1022,EN2,EN,Independent,(020) 8363 4386
cd3edb09-e319-4a73-8f02-d68854efe0c3,Wonder,"1 Batley Road

Enfield

EN2 0JG",51.6634,-0.0854,EN2,EN,Independent,(020) 8363 0202
b0318667-f4ee-4ccc-a285-055be2761fef,Olde Swan,"Summer Road

Thames Ditton

KT7 0QQ",51.3934,-0.3326,KT7,KT,Greene King,(020) 8398 1814
225a5ee5-53df-4b02-a462-9e3b1ce38569,Woody`s,"5 Ram Passage, High Street

Kingston

KT1 1HH",51.4078,-0.3083,KT1,KT,Independent,(020) 8541 4984
71064c0e-0da0-43ee-b14e-1e2c3a53ab4d,Railway Guard,"48, Church Road

Epsom

KT17 4DZ",51.3335,-0.25754,KT17,KT,Independent,(01372) 650986
cc2ca361-e6ad-415c-b1b6-e5ef9349d1b4,Rubbing House,"34 Langley Vale Road

Epsom Downs

KT18 5LJ",51.3131,-0.25831,KT18,KT,Independent,(01372) 745050
0bd63578-5884-4053-95f4-8bdcb0802605,Albert Arms,"82, High Street

Esher

KT10 9QS",51.3693,-0.36652,KT10,KT,StreetFodder,(01372) 877117
4ce1fd0f-db51-453a-8b25-631c49e1b604,Royal Oak,"270 Bexley Road

Erith

DA8 3HB",51.4727,0.161989,DA8,DA,Barter Inns,(01322) 332372
8fbe8228-015c-4162-ab52-930dab4c9898,Bear,"71, High Street

Esher

KT10 9RQ",51.3688,-0.36438,KT10,KT,Independent,(01372) 469786
9eeb2b4b-d67f-4976-b80f-0cfd197c9634,Wheatsheaf,"25 Rathbone Place

London

W1T 1JB",51.5177,-0.134025,W1T,W,Independent,(020) 7580 1585
fdca9fd1-cd90-4f7d-90e0-1aa8e62d2003,Famous Green Man,"71, High Street

Ewell

KT17 1RX",51.3476,-0.24968,KT17,KT,Independent,(01372) 855186
195ad03a-8392-4095-ab14-4c5943ea3c6c,Old Fold Manor Golf Club,"Old Fold Lane

High Barnet

EN5 4QN",51.664,-0.201756,EN5,EN,Independent,(020) 8440 9185
dddf5261-80f0-431b-bd0a-537f94258b45,General Roy,"7 Poplar Way

Feltham

TW13 7AB",51.4381,-0.4111,TW13,TW,Nicholson's,(020) 8893 2977
5a1f9b2c-8548-4753-a0eb-9dbfda9de9e1,Duke of Buckingham,"104, Villiers Road

Kingston

KT1 3BB",51.4027,-0.29424,KT1,KT,Independent,(020) 8546 6391
b6021cfe-0aac-4dbd-87d2-90a59b777bcd,Churchill House Social Club,"67 Main Road

Gidea Park

RM2 5EH",51.5865,0.198057,RM2,RM,Independent,(01708) 740817
b7ff71b0-ca8b-4a4b-9bf1-df7192c27c2f,Bull & Finch,"126 Gipsy Hill

Gipsy Hill

SE19 1PL",51.4246,-0.08347,SE19,SE,Bullfinch Brewery,07795 546630
68487131-47f0-43db-83ba-4a33eb48cf5c,Three Tuns,"24 High Street

Uxbridge

UB8 1JN",51.5457,-0.47892,UB8,UB,Independent,(01895) 233960
af7c59fd-a04f-464f-a617-ab04ce81b859,Wattenden Arms,"5 Old Lodge Lane

Kenley

CR8 5EU",51.3077,-0.102373,CR8,CR,Independent,(020) 8660 4926
54b340cf-3837-4c81-a296-c98f4ff824ba,Sebright Arms,"9 Alston Road

High Barnet

EN5 4ET",51.656,-0.2076,EN5,EN,McMullen,(020) 3602 3859
12621dac-1264-4c99-8465-80872a891760,South Herts Golf Club,"Links Drive

Whetstone

N20 8QU",51.6326,-0.189165,N20,N,Independent,(020) 8445 2035
e014ce38-fa76-4f27-9a39-806b2b4bc669,Oatlands Chaser,"25 Oatlands Chase

Oatlands

KT13 9RW",51.3752,-0.42881,KT13,KT,Independent,(01932) 253277
a618ff9e-04d6-472e-882a-0c5d19cab0a8,Grafton Club,"36 Grafton Road

New Malden

KT3 3AA",51.4029,-0.258591,KT3,KT,Independent,(020) 8288 0971
1c37d83f-c354-4079-8372-2e279c67daf7,Toby Carvery Moby Dick,"Whalebone Lane North / Eastern Avenue West

Chadwell Heath

RM6 6QU",51.5804,0.140305,RM6,RM,Nicholson's,0844 571 7964
f17e0a04-b8d9-41ea-acb1-53e831f4e965,Gidea Park Micropub,"236 Main Road

Gidea Park

RM2 5HA",51.587,0.201924,RM2,RM,Independent,
21da206c-c410-4a99-a0ca-3eb8e6f8b505,Ship,"93 Main Road

Gidea Park

RM2 5EL",51.5869,0.200982,RM2,RM,Independent,(01708) 741571
825cafee-2cda-4e71-885c-188d03f35046,Greenford Conservative Club,"Courthope Road

Greenford

UB6 8PY",51.5381,-0.34803,UB6,UB,Independent,(020) 8575 0916
688b29d9-aa1f-4e4d-b17b-6941682bbfaf,Northolt Rugby Football Club,"Cayton Green Park, Cayton Road

Greenford

UB6 8BJ",51.5364,-0.33908,UB6,UB,Independent,(020) 8813 1701
92714b6d-0318-493f-a96d-0287a5517a75,Moon Under Water,"115-117 Chase Side

Enfield

EN2 6NN",51.6593,-0.087672,EN2,EN,Wetherspoon,(020) 8366 9855
9bc33142-9050-4e1d-9793-bd43d74e767d,West Middlesex Golf Club,"Greenford Road

Greenford

UB1 3EE",51.513,-0.35447,UB1,UB,Independent,(020) 8574 3450
3be84554-d9ba-4c56-a6cd-9b201ec22888,Greyhound,"82 Kew Green

Kew

TW9 3AP",51.4852,-0.2861,TW9,TW,Independent,(020) 8332 9666
9a51cac6-85e5-41b2-8d94-de557ee7ed0e,Greenwich Yacht Club,"Pear Tree Wharf, 1 Pear Tree Way

Greenwich

SE10 0BW",51.4954,0.018642,SE10,SE,Independent,(020) 7952 2410
c80da5da-c112-4daa-bfa7-592b7e45270c,Mitre,"291 Greenwich High Road

Greenwich

SE10 8NA",51.4801,-0.00965482,SE10,SE,Independent,(020) 8293 0037
495fc676-315f-4331-bf8b-7f44110d5b08,Windmill,"40 Commonside West

Mitcham

CR4 4HA",51.4016,-0.16098,CR4,CR,Independent,(020) 8685 0333
08b8fb79-3bce-4053-afe2-bd2f39166df3,40ft Brewery Tap,"Bootyard, Abbott Street

Hackney

E8 3DP",51.5469,-0.073924,E8,E,40FT Brewery,(020) 8050 5125
d9435be5-9b07-463a-ac8a-a4380abedaf9,Cricketer's Knoll,"93 Chislehurst Road

Orpington

BR6 0DQ",51.381,0.0991823,BR6,BR,Independent,(01689) 812648
98eaa8a8-0498-4867-92ec-2e5eb96ff852,BrewDog Chancery Lane,"1 Plough Place, Fetter Lane

London

EC4A 1DE",51.5166,-0.108804,EC4A,EC,BrewDog,(020) 3141 5885
3ead1dc0-34e4-470a-b481-fb80b7d56e0a,Kerridge's Bar & Grill,"10 Northumberland Avenue

London

WC2N 5AE",51.5068,-0.124619,WC2N,WC,Corinthia Hotels (operated in partnership with chef Tom Kerridge),(020) 7321 3244
59d0c171-b150-4093-afc8-a595122adb7b,North End Tavern,"245 Cheam Common Road

Worcester Park

KT4 8ST",51.3765,-0.237021,KT4,KT,Independent,(020) 8335 3746
fa2e63eb-1fd0-4699-9bca-1a4a40620e4f,Coronation Hall,"St Marks Hill

Surbiton

KT6 4LQ",51.3936,-0.3037,KT6,KT,Wetherspoon,(020) 8390 6164
18990783-ce88-48ac-9ca3-d9fda13ecb29,Sidcup Working Mens Club,"Shirley Hall, 169 Main Road

Sidcup

DA14 6PD",51.4279,0.09325,DA14,DA,Independent,(020) 8300 3416
928023e9-01b2-4115-8423-5f1ce0d30879,Star,"8 High Street

Hampton Hill

TW12 1PD",51.4248,-0.357658,TW12,TW,Independent,(020) 8614 6849
68872cd9-af6c-4f25-813d-106c29c678de,Foresters Arms,"45 High Street

Hampton Wick

KT1 4DG",51.413,-0.311339,KT1,KT,Independent,(020) 8943 5379
a02a98db-0036-43c1-9c0c-ceeee5f80ddd,Butchers Arms,"148 High Street

High Barnet

EN5 5XP",51.6557,-0.2016,EN5,EN,Independent,(020) 8441 9476
7dd13c9e-463a-48d5-89c6-86379e12fb7e,Royal Oak,"66 Mount Road

Bexleyheath

DA6 8JS",51.4525,0.127898,DA6,DA,Independent,(020) 8303 7707
ad943162-6711-4283-a998-058647a23d58,Harefield Cricket Club,"Breakspear Road North

Harefield

UB9 6NE",51.6031,-0.47992,UB9,UB,Independent,(01895) 822225
079f68e3-9bf8-4797-9fd4-25c947606d21,Hatch End Tennis Club,"20 Clonard Way

Hatch End

HA5 4BU",51.6125,-0.36349,HA5,HA,Independent,(020) 8428 2563
3a405244-86e3-4f4f-9a61-cfe9e4adc8c5,Harefield United Football Club,"Preston Park, Breakspear Road North

Harefield

UB9 6NE",51.6011,-0.47681,UB9,UB,Independent,(01895) 823474
1eb724e5-78ff-4241-aea6-e89289311ee0,Oriental Club (Stratford House),"Stratford House, 11 Stratford Place

London

W1C 1ES",51.5154,-0.149489,W1C,W,Independent,(020) 7629 5126
fa7b7e6d-b25c-4dbe-baed-572d9f5ea72c,Shaftesbury,"121/123 Kew Road

Richmond

TW9 2PN",51.4656,-0.299052,TW9,TW,Young's,(020) 3040 7182
e7c37306-2a13-4cf3-ba03-420af195a1cc,Saxon King,"198 Petersfield Ave / St Neots

Harold Hill

RM3 9PP",51.6036,0.237152,RM3,RM,Courage Brewery (original lessee from London County Council),(01708) 345077
fb31b08a-8755-4c07-85df-1fac08870198,Crown & Sceptre,"32 Junction Road

South Croydon

CR2 6RB",51.3596,-0.096729,CR2,CR,Fuller's,(020) 8688 8037
b132ce29-5145-45f7-a5dd-895088dbd2d9,Moon On The Hill,"373-375 Station Road

Harrow

HA1 2AW",51.5794,-0.33425,HA1,HA,Wetherspoon,(020) 8863 3670
db5bdf3f-111b-4c3a-b0fc-c7b6642c0b40,Good Intent,"South End Road

South Hornchurch

RM12 5NU",51.5406,0.202707,RM12,RM,Independent,(01708) 554644
11674752-607c-40a9-b7dc-309864e863bf,Kings Head,"123 High Street

Teddington

TW11 8HG",51.4274,-0.328501,TW11,TW,Brasserie Blanc,(020) 3166 2900
d0958f35-05a6-4f2d-804a-84dd5c76dbd9,Rising Sun,"277/279 Richmond Road

Twickenham

TW1 2NP",51.4531,-0.3135,TW1,TW,Independent,(020) 8892 6252
b321d9cc-6537-4635-a677-39381213029b,Real Ale Way,"55 Station Approach, Hayes

Hayes

BR2 7EB",51.3761,0.0111809,BR2,BR,Independent,07446 897885
e2bdf1a8-6dbf-47eb-8c49-a7fcb9dd66af,Star,"2 South Hill Ave

South Harrow

HA2 0NQ",51.5651,-0.351717,HA2,HA,Independent,(020) 8422 2406
17ee9605-2c2b-439e-898d-736bb901ee9d,Royal Standard,"39 Nuxley Road

Belvedere

DA17 5JN",51.4824,0.146328,DA17,DA,Independent,(01322) 432108
353eb3da-ca50-4e47-a347-9da813e621a4,Curator (Bar & Dining),"Terminal 3 Airside

Heathrow Airport

TW6 1AY",51.4715,-0.45964,TW6,TW,Independent,(020) 8759 3757
a12975ab-e8fd-4c6e-9d8d-35d946d88b3a,Renaissance London Heathrow Hotel,"Bath Road

Heathrow

TW6 2AQ",51.4804,-0.44585,TW6,TW,Renaissance Hotels (Marriott International),(020) 8897 6363
fae57b8f-2419-4dec-a432-d14f2863dbc8,Arkley Golf Club,"Rowley Green Road

High Barnet

EN5 3HL",51.6478,-0.238466,EN5,EN,Independent,(020) 8449 0394
9e2ffa90-5ca6-458f-b1a5-0380637d01e8,Barley Mow,"67 Molesey Road

Hersham

KT12 4RS",51.3682,-0.39716,KT12,KT,Independent,(01932) 227293
d4bb2e21-0280-4ee7-85fd-19ab721368ed,Queen's Arms,"Terminal 2 Landside

Heathrow Airport

TW6 1EW",51.4692,-0.448485,TW6,TW,Fuller's,
e0c432b7-e2cf-4bd3-9261-12f094a5f286,Heston Catholic Social Club,"Eton Avenue

Heston

TW5 0HB",51.4886,-0.372658,TW5,TW,Independent,(020) 8574 5411
f0a6dfd8-0e14-4782-b57f-e8baf6578dad,Red Lion Hotel,"Royal Lane

Hillingdon

UB8 3QP",51.5349,-0.46119,UB8,UB,Independent,(01895) 236860
c4c659d0-07f4-41a5-bce3-89e968513f46,Garratt Tavern,"89 Garratt Lane

Wandsworth

SW18 4DW",51.453,-0.191102,SW18,SW,,(020) 8870 8721
e52c0793-d6f1-4b70-bcb7-2fe02152f916,Cricketers,"24 The Green

Richmond

TW9 1LX",51.4605,-0.30617,TW9,TW,Independent,(020) 8940 4372
f1e0c730-9c46-4f8a-be98-cbebb8e6d6fe,"Olde Mitre Inne, Ye","58 High Street

High Barnet

EN5 5SJ",51.653,-0.19947,EN5,EN,Greene King,(020) 8449 5701
70fd3492-439d-4c23-a2d9-2ce4eae0cf15,Red Lion,"31 High Street

High Barnet

EN5 5UW",51.6525,-0.199081,EN5,EN,Independent,(020) 8449 2667
5e7aa3df-aa0f-4298-8ea4-bc8f22fa5cbc,Lamb,"73 Brighton Road

Surbiton

KT6 5NF",51.3922,-0.312,KT6,KT,Independent,(020) 8390 9229
e5997a64-880a-4cad-9a17-30c8972e15e3,Globe,"20 Morning Lane

Homerton

E9 6NA",51.5459,-0.053817,E9,E,Craft Union,(020) 7985 6455
f22af55d-dcb3-43ed-95b6-e090ff991788,Hop Inn,"122/124 North Street - at jcn with Seymour Place

Hornchurch

RM11 1SU",51.5677,0.220183,RM11,RM,Independent,
9f29c7ee-b86c-4f97-9529-9e2b2f920f51,Hornchurch Conservative Club,"Constitutional House, 25 North Street

Hornchurch

RM11 1RS",51.5634,0.220071,RM11,RM,Hornchurch Conservative Club,(01708) 442213
fc8b2579-7709-42b3-bece-13b31c1a9a3a,Railway Hotel,"Station Lane

Hornchurch

RM12 6SB",51.5547,0.219323,RM12,RM,Independent,(01708) 440028
8f4cec2c-0f5c-4a20-89dd-92f06d92e093,Sutton Arms,"14-16 Station Lane

Hornchurch

RM12 6NJ",51.5614,0.220609,RM12,RM,Independent,(01708) 620410
4502923b-a8c7-4ac0-845a-bb74f34061b6,Cross Lances,"236 Hanworth Road

Hounslow

TW3 3TU",51.4644,-0.364858,TW3,TW,Independent,
b9cf03fb-61de-4ca7-94b1-5e47414b4e59,Ickenham Cricket Club,"Oak Avenue

Ickenham

UB10 8UT",51.5701,-0.44682,UB10,UB,Independent,(01895) 639366
7ffc818b-d8a2-40bd-8bc4-579cfdfa74b5,Jono's,"37 Cranbrook Road

Ilford

IG1 4PA",51.5597,0.069897,IG1,IG,Independent,(020) 8514 6676
767aab50-a3e5-44c6-97c3-cce3c921af3b,Red Lion,"92-94 Linkfield Road

Isleworth

TW7 6QJ",51.4733,-0.3332,TW7,TW,Independent,(020) 8560 1457
44f7fad5-e74f-44d7-a23f-4db2a6947d6d,Prince Albert,"54-56 Hounslow Road

Whitton

TW2 7EX",51.4546,-0.358786,TW2,TW,Independent,(020) 8412 8000
1255c131-659c-431e-a65a-33ab779cf30c,Hither Green & District Railwaymens Social Club,"Manor Lodge, 19 Beacon Road

Hither Green

SE13 6EQ",51.4516,-0.004711,SE13,SE,Independent,(020) 8852 1034
611eb127-259e-4476-9d89-33d7f970b84d,Woodies,"Thetford Road

New Malden

KT3 5DX",51.3921,-0.2674,KT3,KT,Independent,(020) 8949 5824
ffdebcba-d25e-4308-b565-80da35691bf7,Tankard,"111 Kennington Road

Kennington

SE11 6SF",51.4941,-0.1105,SE11,SE,Draft House (pub group),
055f0e7d-ae2a-4d02-9f0d-e15ec8ea1410,Three Kings,"42 Heath Road

Twickenham

TW1 4BZ",51.4453,-0.331933,TW1,TW,Independent,(020) 8891 0050
e34969df-118b-424e-8450-efc568af42cd,Railway Tavern,"38 Bexley High Street

Bexley

DA5 1AH",51.4413,0.148763,DA5,DA,Independent,(01322) 522779
7c956b53-ef14-4a70-bb4a-6d077956595f,Whyte Lyon (Ye Olde),"Farnborough Common

Locksbottom

BR6 8NE",51.3659,0.0540411,BR6,BR,Independent,(01689) 852631
19f892a0-98fa-4f8f-bdd2-a61c89bebfb9,Botanist,"3-5 Kew Green

Kew

TW9 3AA",51.4831,-0.28705,TW9,TW,Independent,(020) 8948 4838
f0143d62-6cc0-4876-b531-66a752089525,Rose & Crown,"79 Kew Green

Kew

TW9 3AH",51.4853,-0.28883,TW9,TW,Independent,(020) 8076 6870
03d217e6-b75c-4013-9d85-a4526baba3de,Albert,"57, Kingston Hill

Kingston

KT2 7PX",51.4169,-0.28364,KT2,KT,Young's,(020) 8546 7669
353adf62-ad43-44c6-8c30-2099aeb16218,Black Horse,"204 London Road

Kingston

KT2 6QP",51.4131,-0.2876,KT2,KT,Independent,(020) 3198 4227
207a9868-6aaf-41d7-84c1-d10de66848bd,Griffin,"58 Common Road

Claygate

KT10 0HW",51.3597,-0.33497,KT10,KT,Independent,(01372) 463799
af647587-2acc-4755-baf4-c06d9bb8b73a,Leytonstone ex-servicemens club,"2 Harvey Road

Leytonstone

E11 3BD",51.568,0.011493,E11,E,Independent,(020) 8539 2954
e69d722a-7913-4447-885a-8faaeb7b56cf,Grey Horse,"46, Richmond Road

Kingston

KT2 5EE",51.4142,-0.3005,KT2,KT,Young's,(020) 8617 9860
2e7532a1-719d-439c-bf04-bce950045654,Millers Arms,"81 Bexley High Street

Bexley

DA5 1JX",51.4416,0.150775,DA5,DA,Punch Pubs,(01322) 524021
77bb829b-b1ec-4944-84f3-da2d05b64c39,Black Lion,"58, Brighton Road

Surbiton

KT6 5PL",51.3919,-0.3103,KT6,KT,Young's,(020) 8399 8856
07b36712-9d82-467d-ae4e-c88ab674e3d1,Baring,"55 Baring Street

London

N1 3DS",51.5369,-0.0886,N1,N,Independent,(020) 7916 5861
5917ce99-e2a0-4c25-b354-9a118f489e84,Castle,"54 Pentonville Road

London

N1 9HF",51.5321,-0.10825,N1,N,Independent,(020) 7713 1858
bde1c986-7429-4f99-8e5e-ebeef67c506e,Wheelwrights Arms,"60, Clarence Street

Kingston

KT1 1NP",51.4105,-0.3018,KT1,KT,Independent,(020) 8547 2990
5d295bf3-ccd9-464f-a312-38715be43905,Bull,"498 Streatham High Road

Streatham

SW16 3QB",51.4194,-0.128182,SW16,SW,Young's,(020) 8764 4003
91852322-9288-4fd4-a34b-af7cf1ccabee,Peacock,"145 Aylward Street

London

E1 0QW",51.5157,-0.0463,E1,E,Independent,(020) 7791 1100
4330331b-08eb-4048-a3ff-ab32167394b4,Watchman,"184 High Street

New Malden

KT3 4ES",51.3992,-0.2552,KT3,KT,Wetherspoon,(020) 8329 0450
e6645b1f-0ad1-46aa-a392-affdded8fbde,Poyntz Arms,"85 Walton Road

East Molesey

KT8 0DP",51.4004,-0.35463,KT8,KT,Independent,(020) 3795 9560
ba566e49-2715-4420-b1c6-4639474d60d6,Greenwood Hotel,"674 Whitton Avenue West

Northolt

UB5 4LA",51.553,-0.351417,UB5,UB,Wetherspoon,(020) 8423 6169
6154170c-9ae2-430e-a146-d965ef6dfcd6,William the Fourth,"816 High Road Leyton

Leyton

E10 6AE",51.5748,-0.011411,E10,E,Independent,(020) 8556 2460
b23b6dd0-5c2c-4403-8ce1-1fbc3ee6b7ee,Malt Shovel,"63 Iver Lane

Cowley

UB8 2JE",51.5298,-0.48562,UB8,UB,Nicholson's,(01895) 812797
ef42dc5d-20a8-4b3a-bc0d-98ecbb0497c8,Queens Head,"144, Richmond Road

Kingston

KT2 5HA",51.4187,-0.3013,KT2,KT,Fuller's,(020) 8237 8039
18a6b613-2c58-43dc-ba11-5814c7cb8ed0,St Margarets Tavern,"107 St Margarets Place

St. Margarets

TW1 2LJ",51.455,-0.319366,TW1,TW,Independent,(020) 8892 2369
912cc4d8-6521-4873-afaf-117be0a69d6f,Black Horse,"318 Crofton Road

Locksbottom

BR6 8NW",51.3682,0.0567,BR6,BR,Nicholson's,(01689) 889021
095a700d-b74c-47d8-b738-c22db71a39d9,Caledonian Club,"9 Halkin Street

London

SW1X 7DR",51.5007,-0.152953,SW1X,SW,Independent,(020) 7235 5162
e8a047ea-1046-45a3-a372-308e48093d57,Railway Bell,"13 East Barnet Road

New Barnet

EN4 8RR",51.6504,-0.173003,EN4,EN,Wetherspoon,(020) 8449 1369
a9e70c35-5e65-499d-b6f0-0695ec3091e8,Stag & Hounds,"371 Bury Street West

Lower Edmonton

N9 9JW",51.6354,-0.078288,N9,N,Nicholson's,(020) 8360 7412
5372f876-445f-4d26-af04-e08c6ee17355,South Croydon Conservative Club,"60 Selsdon Road

South Croydon

CR2 6PQ",51.3609,-0.09586,CR2,CR,Independent,(020) 8688 3033
160da849-348d-439c-bbcc-3351aa234e9a,White Horse,"20-22 Peckham Rye

Peckham

SE15 4JR",51.4655,-0.0667,SE15,SE,Independent,(020) 7639 1459
d702ef23-f80d-4018-a1c3-265f6866f8bd,Eva Hart,"1128 High Road

Chadwell Heath

RM6 4AH",51.5704,0.13028,RM6,RM,Wetherspoon,(020) 8597 1069
18abff5d-7e6d-49bf-934c-b6a48074a72e,Tigers Head,"Watts Lane

Chislehurst

BR7 5PJ",51.409,0.0744075,BR7,BR,Greene King,(020) 8467 3070
be570ec3-afd4-4fca-adbc-9315e2203b3d,Queen Elizabeth,"95 Forest Side

Chingford

E4 6BA",51.6301,0.01641,E4,E,Nicholson's,(020) 8529 1160
8d6e361e-c34f-4123-935b-66e09934ac62,Chequers Tavern,"16 Duke Street

London

SW1Y 6DB",51.5075,-0.137837,SW1Y,SW,Shannon Pubs,(020) 7930 4007
224626f2-3f21-4ac7-b1ca-7ced3fbaaf42,British Queen,"427 Crofton Road

Locksbottom

BR6 8NL",51.3665,0.0543398,BR6,BR,Brasserie Blanc,(01689) 869560
935f61f9-1116-4ac9-bef3-d6fe42302e08,Lord Nelson,"32 Lower Road

Sutton

SM1 4QP",51.3655,-0.184321,SM1,SM,Young's,(020) 8642 7221
8b692a04-d0c5-4bb9-937a-f50eb1a4ceef,Golden Lion,"2 High Street / North Street

Romford

RM1 1HR",51.5785,0.180148,RM1,RM,Greene King,(01708) 740081
61de5aea-eb34-482f-8bb7-fec62c3b41c4,Cork n Cask,"139 Masons Hill

Bromley

BR2 9HW",51.3966,0.0242125,BR2,BR,Independent,(020) 8466 6083
8e0b576e-af0e-42f4-937c-167832c10194,Brewery Tap,"47 Catherine Wheel Road

Brentford

TW8 8BD",51.4824,-0.3062,TW8,TW,Fuller's,(020) 8568 6006
ff4dab58-c4d1-462f-84a1-88acb82aea51,Bear,"Riverhill

Cobham

KT11 3DX",51.327,-0.409194,KT11,KT,Young's,(01932) 967040
777b89b1-c081-40f3-ab0e-79ce2e91e3f5,Up The Creek Brewery Tap,"302 Creek Road

Greenwich

SE10 9SW",51.4813,-0.0115472,SE10,SE,Independent,(020) 8858 4581
72fca699-cbeb-45c4-969c-087253b32c41,Franklins,"157 Lordship Lane

East Dulwich

SE22 8HX",51.456,-0.076019,SE22,SE,Independent,(020) 8299 9598
eb1c28d9-0a96-4368-a660-bf27cdea10eb,Partridge,"194 High Street

Bromley

BR1 1HE",51.4056,0.0138494,BR1,BR,Fuller's,(020) 8464 7656
c94f482f-70fa-458e-9bb9-4cecd8f6dadd,Holland Tringham,"107-109 Streatham High Road

Streatham

SW16 1HJ",51.4297,-0.130336,SW16,SW,Wetherspoon,(020) 8769 3062
b03318f0-3604-4235-869e-e0778d0474c1,Assembly Rooms,"147-153 High Street

Epsom

KT19 8EH",51.3327,-0.26992,KT19,KT,Wetherspoon,(01372) 737290
2da5edda-4fc4-45bf-995b-c5540caa2438,Trafalgar,"224-226 Kings Road

London

SW3 5UA",51.4879,-0.168166,SW3,SW,Three Cheers Pub Co,
f3526a0e-2109-4ea7-bcd6-18cbf55f8ed5,Terrace,"96-100 High Street

Southall

UB1 3DN",51.5106,-0.37149,UB1,UB,Independent,(020) 8574 3335
0c429b82-0e9e-4ceb-ba7e-8907c61c78fb,Richmal Crompton,"23 Westmoreland Place

Bromley

BR1 1DS",51.3997,0.016533,BR1,BR,Wetherspoon,(020) 8464 1586
ac384fad-b725-4e26-b409-f8d8bcd3142a,Five Bells,"165-167 East End Road

East Finchley

N2 0LZ",51.5902,-0.1719,N2,N,Greene King,(020) 8883 1714
45fe552a-4aa6-47c4-b570-e6f2b48adf81,Black Bull,"Victoria Road

South Ruislip

HA4 0EF",51.5627,-0.402842,HA4,HA,Independent,(020) 8841 0405
311057d3-05ea-4386-a013-aae81b860996,New Inn,"2 Allitsen Road

St John's Wood

NW8 6LA",51.5354,-0.166171,NW8,NW,Independent,(020) 3667 7300
d4088ee0-6dec-42ae-9f33-77654f1ddb68,Duke,"125 Creek Road

Deptford

SE8 3BU",51.4812,-0.020403,SE8,SE,Independent,(020) 3949 9880
bb9391c3-6c01-41b0-b2a9-1316b3d9662a,Aragon House,"247 New Kings Road

Fulham

SW6 4XG",51.4726,-0.200474,SW6,SW,Young's,(020) 7731 7313
1ec8f54e-4878-4e3a-a816-73a490525bfd,Racehorse,"17 West Street

Carshalton

SM5 2PT",51.3664,-0.167305,SM5,SM,Independent,(020) 8773 1429
52d3cbc9-c483-4ec8-b890-9b3d3399cbd5,Arkley (Village Inn & Dining),"Barnet Road

High Barnet

EN5 3EP",51.6525,-0.219506,EN5,EN,Nicholson's,(020) 8449 0106
0f2b385d-6497-426a-954a-21b25a646101,New Cross Turnpike,"55 Bellegrove Road

Welling

DA16 3PB",51.463,0.10389,DA16,DA,Wetherspoon,(020) 8304 1600
04f022cb-289e-4cb0-8f24-4de5567f9cb4,Kings Arms,"Leaves Green Road

Keston

BR2 6DU",51.3352,0.029755,BR2,BR,Independent,(01689) 503256
6c46a25f-2e1a-4ae0-91f0-df27b044db85,Queens Arms,"Great North Road

High Barnet

EN5 1AB",51.6466,-0.188,EN5,EN,McMullen,(020) 8449 0156
4947b3bf-51f6-49e1-88a0-afbfa68d26ce,Derby Arms,"The Downs

Epsom Downs

KT18 5LE",51.3145,-0.25467,KT18,KT,Independent,(01372) 722330
562fa4ae-c691-4568-a771-b9140f11cff9,Ardleigh,"124 Ardleigh Green Road

Hornchurch

RM11 2SH",51.5844,0.220766,RM11,RM,Nicholson's,(01708) 442550
dee61411-7ec7-4967-b1be-8ebf471640f8,George,"17-21 George Street

Croydon

CR0 1LA",51.3741,-0.097965,CR0,CR,Wetherspoon,(020) 8649 9077
d1e7b5d2-f983-42d6-b41c-664bf0eb40fc,Great Spoon of Ilford,"114-116 Cranbrook Road

Ilford

IG1 4LZ",51.5619,0.068762,IG1,IG,Wetherspoon,(020) 8518 0535
ee0dab8a-581b-4411-b152-18038755b7e2,Coach & Horses,"High Road

Ickenham

UB10 8LJ",51.5642,-0.44342,UB10,UB,Stonegate,(01895) 679335
643a974b-e055-45b1-931d-b7830427e44c,Bear,"Leatherhead Road

Oxshott

KT22 0JE",51.328,-0.35507,KT22,KT,Young's,(01372) 842747
af9d78c9-6f14-4c2c-adeb-7b4e7a740f6c,Grocer,"Spitalfields Market

London

E1 6DW",51.5198,-0.075829,E1,E,Geronimo Inns,(020) 3437 0005
32609020-2f6a-4e95-baed-b142ea93aacd,Candlemaker,"Walbrook Building, 99 Cannon Street

London

EC4N 5AE",51.5118,-0.0901651,EC4N,EC,Young's,(020) 3437 1419
75eac2c4-7203-4390-ac7c-accdb2d34856,Moon & Sixpence,"250 Uxbridge Road

Hatch End

HA5 4HS",51.6083,-0.37272,HA5,HA,Wetherspoon,(020) 8420 1074
4d5c1251-b499-4ea3-be22-83e1a06c6c9a,Tattershall Castle,"King's Reach Victoria Embankment

London

SW1A 2HR",51.5051,-0.1226,SW1A,SW,Independent,(020) 7839 6548
65506b44-d234-4bb3-b065-0aea4346573e,Railway,"3 Victoria Road

Teddington

TW11 0BB",51.4239,-0.3327,TW11,TW,Independent,(020) 8943 0480
a13a49a9-1fce-402e-9a6f-f26f989b20a3,Builders Arms,"3 Albert Road

New Barnet

EN4 9SH",51.6507,-0.173045,EN4,EN,Greene King,(020) 8216 5678
a4226909-484a-41be-8140-222dc50b7a5d,New Fairlop Oak,"Fencepiece Road

Barkingside

IG6 2JP",51.594,0.084771,IG6,IG,Wetherspoon,(020) 8500 2217
74c96694-859c-4057-aed1-d444381a56a0,Brook,"181 Central Road

Worcester Park

KT4 8DR",51.3801,-0.244207,KT4,KT,Independent,(020) 8337 6891
0ca7b819-8146-4f2e-93ad-b28b162ce76f,Castle,"30 West Street

Harrow

HA1 3EF",51.5721,-0.34,HA1,HA,Fuller's,(020) 8422 3155
dae77577-29d9-4c70-9c5c-1c56f9ef5a19,Green Man,"Green Man Lane

Hatton

TW14 0PZ",51.4656,-0.416994,TW14,TW,Greene King,(020) 8890 2681
f5c2e112-0ddd-4886-b4d9-3983d4bd87fb,Wood Street,"53 Fore Street

Barbican

EC2Y 5EJ",51.5188,-0.0929912,EC2Y,EC,Independent,(020) 7256 6990
3be0968a-b8f9-414e-b80f-01224c33dfa9,Orange Tree,"45 Kew Road

Richmond

TW9 2NQ",51.4642,-0.30154,TW9,TW,Young's,(020) 8940 0944
4daf0bd3-b08e-44dd-ad80-04bb21c3c4f2,Liberty Bell,"Mercury Gardens / Western Road

Romford

RM1 3EN",51.578,0.186363,RM1,RM,Independent,(01708) 760570
67e9f328-cde2-4348-a5d2-0ba12c50baaa,Oystercatcher,"Kings Lodge, 7 Victoria Parade

Greenwich

SE10 9FR",51.483,-0.014815,SE10,SE,Independent,(020) 8161 8225
1a3e38d8-9c44-4f42-845b-63af895572ef,Little Windsor,"13 Greyhound Road

Sutton

SM1 4BY",51.3639,-0.186889,SM1,SM,Fuller's,(020) 8643 2574
e3273078-3cd6-4569-af75-2e8518682f00,Pig's Head,"87 Rectory Grove

Clapham

SW4 0DR",51.4657,-0.141031,SW4,SW,Independent,(020) 4568 5830
18d63622-e30b-4f77-8d3c-2ecddec5f7a8,Daylight Inn,"Station Square

Petts Wood

BR5 1LZ",51.3895,0.075232,BR5,BR,Independent,(01689) 877402
e96585f0-76c8-4ede-8e08-913bc370df61,Admiral Nelson,"123 Nelson Road, Whitton

Whitton

TW2 7BB",51.453,-0.358111,TW2,TW,Fuller's,(020) 8894 9998
ca433e34-a141-47da-8807-7da07e4573aa,Enfield Town FC,"The Queen II Elizabeth Stadium Donkey Lane

Enfield

EN1 3PL",51.6587,-0.063399,EN1,EN,Enfield Town FC,07979 727563
bc95df2c-8cfe-4c29-97d9-964b46114c95,Harrow,"6 High Street

Cheam

SM3 8RL",51.3577,-0.215953,SM3,SM,Stonegate,(020) 8652 9476
735245a0-a8db-412e-b938-a07b40c63572,Royal Oak,"128 Worton Road

Isleworth

TW7 6EP",51.467,-0.340978,TW7,TW,Fuller's,(020) 8560 2906
1abb10d5-727c-4246-b93d-d9e053e0a3db,Cavern,"100 Coombe Lane

Raynes Park

SW20 0AY",51.4098,-0.23382,SW20,SW,Independent,(020) 8946 7980
ba049a6c-bdab-4eae-a161-54a291068b33,Matapan,"945 Green Lane

Dagenham

RM8 1DJ",51.5613,0.14167,RM8,RM,Independent,(020) 8984 0952
217cdca1-1da4-412e-8d24-8327d5f6974b,King William,"392 Sipson Road

Sipson

UB7 0HT",51.4902,-0.45786,UB7,UB,Greene King,(01895) 910870
7863723d-ee71-4d4a-957f-cf0dfb93ab4c,Kings Arms,"6 Park Lane

Harefield

UB9 6BJ",51.6047,-0.48211,UB9,UB,Independent,(01895) 822131
a879fbec-1605-4c69-b506-85f55142e19f,Elephant Inn,"283 Ballards Lane

North Finchley

N12 8NR",51.6113,-0.1798,N12,N,Fuller's,(020) 8343 6110
c5797e59-db24-4dfa-95bb-d25048186573,Addington Palace Golf Club,"Gravel Hill

Croydon

CR0 5BB",51.3554,-0.042466,CR0,CR,Independent,(020) 8654 3061
fa5a6091-d237-4c1d-ab9b-3e442881938c,Harefield,"41 High Street

Harefield

UB9 6BY",51.6025,-0.48313,UB9,UB,Independent,(01895) 820003
36dc0520-fb5e-48ce-b1ea-1464f6b585f5,Oxford & Cambridge Club,"71-77 Pall Mall

London

SW1Y 5HD",51.5055,-0.136501,SW1Y,SW,Independent,(020) 7930 5151
4c368b49-ed3a-477d-97c8-2560351c8490,Sun Inn,"17 Parkshot

Richmond

TW9 2RG",51.4642,-0.302294,TW9,TW,Independent,(020) 8940 1019
009ac1cb-5b80-40f5-bd1c-1ef171d112f0,Rising Sun,"14 Heathcote Road

Epsom

KT18 5DX",51.3308,-0.26324,KT18,KT,Young's,(020) 8149 7056
51612793-754a-4875-ac32-ffe8ed5911c2,Europa,"171 Walton Road

East Molesey

KT8 0DX",51.4014,-0.35962,KT8,KT,Independent,(020) 8979 5396
8ee6e72b-1fdc-4e4e-9085-602595cbb854,Ranelagh,"82 Bounds Green Road

London

N11 2EU",51.6084,-0.12647,N11,N,Independent,(020) 8361 4238
fcbda728-fe90-45ba-9329-5f4095883dba,Garrick Club,"15 Garrick Street

London

WC2E 9AY",51.5115,-0.126329,WC2E,WC,Independent,(020) 7379 6478
61276c85-248c-4e9f-8c39-e47ca85c91e9,Ascott,"144 Field End Road

Eastcote

HA5 1RJ",51.579,-0.39994,HA5,HA,Greene King,(020) 8868 1772
fa52175e-6499-4ed0-b601-1973767cfe15,Eltham Warren Golf Club,"Bexley Road

Eltham

SE9 2PE",51.4528,0.068633,SE9,SE,Independent,(020) 8850 4477
2f1aa4a8-3d95-410a-ae5e-1841ce1395b7,Twickenham Fine Ales,"Unit 6 & 18, 18 Mereway Rd

Twickenham

TW2 6RG",51.4461,-0.3465,TW2,TW,Independent,(020) 8241 1825
769b78f6-892d-41e8-9a3a-274d54c1fd36,Eden Park,"422 Upper Elmers End Road

Eden Park

BR3 3HQ",51.39,-0.0272058,BR3,BR,Innkeeper's Collection,(020) 8650 2233
cc9e67b3-a3ba-4d8e-8d76-c79c45a788d8,Moon on the Square,"30 The Centre, High Street

Feltham

TW13 4AU",51.4463,-0.409942,TW13,TW,Wetherspoon,(020) 8893 1293
cf5ab714-736f-4236-8db8-8464de537f66,Perivale Brewery,"Horsenden Farm, Horsenden Lane North

Perivale

UB6 7PQ",51.5435,-0.32376,UB6,UB,Independent,
0fd05db1-ab21-45fe-b565-a4f6015a9a78,Phoenix,"Broadway

Rainham

RM13 9YW",51.5177,0.190464,RM13,RM,Independent,(01708) 553700
9a8f2bd8-4bb5-423d-bb5a-a7451408aa47,Gardeners Arms,"107 London Road

Mitcham

CR4 2JA",51.4102,-0.161777,CR4,CR,Independent,(020) 3091 9904
bd9b78f1-f8da-4f4a-ae36-9d677fec2cf4,Lincoln Arms,"52 York Way

London

N1 9AB",51.5332,-0.122209,N1,N,Independent,(020) 7837 9339
a6d78559-f2c5-4df3-8564-217a75e30cff,Hackney Church Brew Company,"16 & 17 Bohemia Place

Hackney

E8 1DU",51.5474,-0.05245,E8,E,Church Brew Co,(020) 3795 8295
d061c16d-3e27-495a-b31b-ad77af26753a,Asparagus,"1-13 Falcon Road

Battersea

SW11 2PL",51.4699,-0.171477,SW11,SW,Portobello,(020) 8161 0899
9e21ad5b-4105-4cd1-af60-14eb92c989b0,Ruskin House,"23 Coombe Road

Croydon

CR0 1BD",51.3674,-0.096646,CR0,CR,Independent,(020) 8688 5339
05cf6df5-e40a-4d98-bd14-29ef4ffd6252,Ridgeway,"76 The Ridgeway

Enfield

EN2 8JF",51.663,-0.1044,EN2,EN,Nicholson's,(020) 8363 7537
cea15159-b728-4886-ae2c-f0f358f3e786,Pied Bull,"Bulls Cross

Enfield

EN2 9HE",51.6771,-0.0595,EN2,EN,Independent,(01992) 710619
c8c2b92e-fe21-4325-95f1-3a51f4b073f2,Robin Hood,"240 The Ridgeway

Enfield

EN2 8AP",51.677,-0.1284,EN2,EN,Independent,(020) 8363 3781
8a19aebe-aaee-4289-8ad4-5d584b2457c7,Baldwyn's Freeholders Association & Club,"Baldwyn's Park

Bexley

DA5 2BA",51.4336,0.164215,DA5,DA,Independent,
afaa28c7-d02b-4908-88ca-294e9d1f3194,Victoria,"High Street

Oxshott

KT22 0JR",51.3321,-0.35636,KT22,KT,Independent,(01372) 238308
3427553b-3218-4fca-a465-22fe4e92aa01,Banstead Downs Golf Club,"Burdon Lane

Belmont

SM2 7DD",51.3397,-0.203611,SM2,SM,Independent,(020) 8642 2284
5e35e10d-8738-404a-bd57-075ca3febd53,Change of Horses,"87 High Street

Farnborough

BR6 7BB",51.3595,0.069878,BR6,BR,Independent,(01689) 852949
76b08699-59b8-4afe-a866-b0bfaf29e370,Hangar,"37 The Oval

Sidcup

DA15 9ER",51.4453,0.102683,DA15,DA,Independent,(020) 8300 6909
e75d0790-37b1-4d33-98ab-9516742e7e1e,Romford Golf Club,"Heath Drive

Gidea Park

RM2 5QB",51.5875,0.200371,RM2,RM,Independent,(01708) 740007
068f5b5e-5e8d-46d0-942d-f1db4e586f4a,Truckles of Pied Bull Yard,"Pied Bull Yard, Off Bury Place

London

WC1A 2JR",51.5185,-0.1241,WC1A,WC,Independent,(020) 7404 5338
7ee6db3e-6b47-4883-beba-0c6bc81dc50d,London Post Office Sports & Social Association,"136 Greenford Road

Sudbury Hill

HA1 3QL",51.5587,-0.33379,HA1,HA,Independent,(020) 8423 8014
c28d1ba6-0a2b-4c86-8a9d-cbad73f5c953,Bloomsbury,"209 Staines Road

Twickenham

TW2 5BB",51.4418,-0.352837,TW2,TW,Independent,(020) 8898 8112
0af1acd3-8de7-450f-9894-6934424f61e0,Golden Lion,"258 Broadway

Bexleyheath

DA6 8BE",51.458,0.135972,DA6,DA,Independent,(020) 8303 4268
335ff47f-cc2f-4bf6-8a1e-b6dee4e94a67,Man of Kent,"2-4 Nunhead Green

Nunhead

SE15 3QF",51.4652,-0.0582,SE15,SE,Independent,(020) 7639 7485
beb5c3ae-a75e-4f12-9bfb-ee549e86d1dd,One Bell,"170 Old Road

Crayford

DA1 4DY",51.4538,0.175389,DA1,DA,Independent,(01322) 315444
2e8bc388-7e2f-4a4d-b0dd-0911f707c34d,Globe,"104 Windmill Road

Brentford

TW8 9NA",51.4906,-0.30977,TW8,TW,Independent,(020) 8569 7887
b620892d-6ffe-4bae-93ed-6e605065d45d,Greyhound,"205 High Street

Bromley

BR1 1NY",51.4064,0.0133261,BR1,BR,Wetherspoon,(020) 8315 0250
318db6de-bea0-4c64-b95b-bea8d6010e9a,Brockley Brewery & Taproom,"31 Harcourt Road

Brockley

SE4 2AJ",51.4622,-0.0362106,SE4,SE,Independent,07814 584338
d0d13e88-d20e-4764-b9da-630abaafbbb8,Willow Tree,"Vale Road

Worcester Park

KT4 7ED",51.3705,-0.24946,KT4,KT,Independent,(020) 8337 9442
0f85ce3e-2783-4570-9c3f-a95240c6ce39,Old White Lion,"121 Great North Road

East Finchley

N2 0NW",51.5873,-0.1647,N2,N,Independent,(020) 8883 6459
e4317f54-7d00-407f-b7c3-aef59457d197,Traitors Gate,"14 Trinity Square

London

EC3N 4AA",51.5098,-0.0784238,EC3N,EC,Independent,(020) 3148 9000
e3b396c2-d3af-4e82-b392-ca797a18514c,Worlds End,"88 Station Road

Hampton

TW12 2AX",51.4151,-0.36701,TW12,TW,Independent,(020) 8979 3073
d3dd63ca-9b23-452f-a409-b67355089cfe,Bull & Egret,"81-82 Long Acre

London

WC2E 9NG",51.5144,-0.122479,WC2E,WC,Independent,(020) 4631 3476
e8f9a8bd-045b-435f-bf83-f46fb6fbe01f,Queens Head,"1 Bridge Road

Weybridge

KT13 8XS",51.3709,-0.46315,KT13,KT,Independent,(01932) 839820
c10ec56b-8b82-4ae6-9d18-fc7fc18b464f,Swan,"22 High Street

Hampton Wick

KT1 4DB",51.4124,-0.31085,KT1,KT,Independent,(020) 3336 9537
21456e4e-30d0-4195-b427-c78e71313be4,Hanwell Conservative Club,"40 Uxbridge Road

Hanwell

W7 3PP",51.5088,-0.333249,W7,W,Independent,(020) 8567 0517
4456ec16-ae84-4862-acfb-5e73ea1e0e34,Trailfinders Sports Club,"Vallis Way

West Ealing

W13 0DD",51.5253,-0.32949,W13,W,Independent,(020) 8998 7928
fa65741d-782b-478b-a5c4-099046633316,Hop & Vine,"18 High Street

Ruislip

HA4 7AN",51.5762,-0.426697,HA4,HA,Independent,
d86816c8-2a24-43c0-9413-d69df25345e0,Three Magpies,"Bath Road

Heathrow

TW6 2AU",51.4812,-0.45089,TW6,TW,Independent,(020) 8759 1071
d89d1c50-35aa-4c17-8083-c36411b96e69,Earl of Derby,"87 Dennett's Road

New Cross

SE14 5LW",51.471,-0.0502284,SE14,SE,Parched Pub Co,(020) 3750 5511
d5feda4f-5add-449c-ab40-57d0ac23f4ed,Bishop's Vaults,"Swedeland Court, 202 Bishopsgate

London

EC2M 4NR",51.518,-0.0794478,EC2M,EC,Independent,(020) 3040 4440
db09097e-0523-4566-b49c-0a2eee486688,Pocket,"25 Canonbury Lane

London

N1 2AS",51.5431,-0.102805,N1,N,Independent,
1663a80d-bbd1-4626-80ce-1a9ab018e2ed,Swan & Bottle,"98 Oxford Road

Uxbridge

UB8 1LZ",51.5508,-0.48482,UB8,UB,Independent,(01895) 234047
18e9f7a9-1bc5-4af6-9cf5-2976efa55f95,Royal Oak Pub & Kitchen,"320 Hale End Road / Oak Hill

Hale End (Woodford Green)

IG8 9LN",51.6041,0.002796,IG8,IG,Independent,(020) 8527 2022
0eb62335-7845-4e33-86cb-bad294451b6a,Thames Rowing Club,"15 Putney Embankment

Putney

SW15 1LB",51.4698,-0.220718,SW15,SW,Independent,(020) 8788 0798
a2f909a6-0ad3-458a-a5c1-8b95d1544ef0,Dartfordians' Community Sports Club,"Memorial Ground, Bourne Road

Bexley

DA5 1LW",51.4455,0.155067,DA5,DA,Independent,(01322) 524176
cc27ca20-a2da-42ee-b66c-f322c6550600,Langley Park Golf Club,"Barnfield Wood Road

Beckenham

BR3 6SZ",51.3878,-0.00748078,BR3,BR,Independent,(020) 8658 6849
2f0415ce-73f1-44fb-9fcd-93fc366d031f,Cricketers,"19 Chase Side Place

Enfield

EN2 6QA",51.6564,-0.0873086,EN2,EN,Independent,(020) 8363 5218
3df3bee2-1895-4e6c-9802-a290b52e0a6e,Rising Sun,"407 London Road

Isleworth

TW7 5AQ",51.4758,-0.332536,TW7,TW,Independent,07716 925762
f5e7b59b-c590-4b85-af70-8b58ef102148,Waverley Inn,"24 Heath Road

Weybridge

KT13 8TH",51.3677,-0.46038,KT13,KT,Rarebreed,(01932) 301501
fb462bc5-c34f-40a3-a8bc-a0716c62538e,Dove,"Friday Hill

Chingford

E4 6EL",51.6218,0.0088,E4,E,Independent,(020) 8524 4777
e5eae13c-549c-41d8-9218-e157f33462c2,Plough,"Croydon Road

Beddington

CR0 4QR",51.3676,-0.132191,CR0,CR,McLean Inns,(020) 8647 1122
597c2987-0905-4248-abbe-8ce9fdc73dba,Volunteer,"46 Church Road

Bexleyheath

DA7 4DQ",51.4596,0.137974,DA7,DA,Wellington Pub Company,(020) 8298 0009
85be582f-8511-456c-bb3f-bf4a185c54c4,Imperial College Union Bars,"Beit Quadrangle, Prince Consort Road

South Kensington

SW7 2BB",51.4999,-0.17807,SW7,SW,Imperial College Union,
e4b6b8ed-8906-4f70-8d74-07081a62c7cc,Earl Haig,"The Pantiles

Bexleyheath

DA7 5HJ",51.4729,0.140693,DA7,DA,Ember Inns,(01322) 449463
18fc8c4b-bf60-4d33-ae16-1242b20c38fe,Kings Arms Bar & Hotel,"19 Boston Manor Road

Brentford

TW8 8EA",51.4878,-0.310967,TW8,TW,Independent,(020) 8560 5860
76063fb3-b07f-4301-915e-522d31be35b3,Unicorn,"225 Clayhall Avenue / Caterham Avenue

Clayhall

IG5 0NY",51.5917,0.062768,IG5,IG,Independent,(020) 8550 5811
00cc6ddd-0e35-4134-a243-0b0160198ed2,Hillingdon Golf Club,"18 Dorset Way

Hillingdon

UB10 0JR",51.5378,-0.46173,UB10,UB,Independent,(01895) 239810
6e0ea070-0112-403a-8fd8-8b3fdb38dce2,Dark Horse,"221 Gloucester Road

Croydon

CR0 2DW",51.3888,-0.090165,CR0,CR,Independent,(020) 3518 5948
caa9f7a1-add9-4d02-92fe-7f670697adbc,White Bear,"Ickenham Road

Ruislip

HA4 7DF",51.5719,-0.43126,HA4,HA,White Brasserie Company,(01895) 679770
80bee8b0-eee0-4cac-b06a-c7911f34babb,Noble Green Wines,"153-155 High Street

Hampton Hill

TW12 1NL",51.4275,-0.355457,TW12,TW,Independent,(020) 8979 1113
55b82e0e-d57b-4a67-83b9-8afe96980399,Beaufort,"2 Heritage Avenue

Colindale

NW9 5AA",51.596,-0.24125,NW9,NW,Young's,(020) 8205 6198
5e697d05-0588-4bb3-a37a-f0a60205b515,Duck In The Pond,"Kenton Lane

Harrow Weald

HA3 6AA",51.6045,-0.32748,HA3,HA,Independent,(020) 8954 8144
8bef90c1-e47c-4ec8-b3c4-bb57a9838754,Priory Tavern,"250 Belsize Road

London

NW6 4BT",51.538,-0.19159,NW6,NW,Stonegate,(020) 7624 8044
62cb7dd4-8bd4-4a0e-95ce-009a34a875d4,Beehive,"51 Durham Street

Kennington

SE11 5JA",51.4855,-0.1193,SE11,SE,Independent,(020) 7735 4327
cd98a4e7-d1f1-44aa-9593-5ea7203ccf14,7000 Jars of Beer,"1 Crown Passage/ Unit H Crown Arcade

Kingston

KT1 1JB",51.4096,-0.305437,KT1,KT,Independent,(020) 8549 4000
c72a6c4c-d4c1-42d6-85d2-5e0c38cbe6e2,Coach & Horses,"391 High Road

Leyton

E10 5NA",51.561,-0.0102,E10,E,Independent,(020) 8194 0332
7d664ae3-4f79-4324-92bf-f409aa9987a4,Kings Tun,"153-157 Clarence Street

Kingston

KT1 1QT",51.4115,-0.300639,KT1,KT,Wetherspoon,(020) 8547 3827
d336c8d3-78d5-4826-80b7-9f6794822330,Drift,"Heron Tower, 110 Bishopsgate

London

EC2N 4AY",51.5164,-0.0810669,EC2N,EC,Drake & Morgan,0845 468 0103
bc170d80-31d5-4f30-a994-4c6d5bae7ac8,Sundridge Park Golf Club,"Garden Road

Bromley

BR1 3NE",51.4176,0.0250543,BR1,BR,Independent,(020) 8460 0278
242139f8-1f21-4ba4-bbca-6747af66e948,Duke,"7 Roger Street

London

WC1N 2PB",51.5227,-0.1165,WC1N,WC,Independent,(020) 7242 7230
de2624e7-35fe-47ab-8cf6-446718ca12bc,Pipe Major,"1 Yewtree Avenue / Rainham Road South

Dagenham

RM10 7FN",51.5456,0.165852,RM10,RM,Independent,(020) 3370 0981
0b17a209-5816-414d-b81c-a905cf73e0cd,Beckenham Rugby Football Club,"Balmoral Avenue

Beckenham

BR3 3RD",51.3972,-0.039092,BR3,BR,Independent,(020) 8650 7176
59b60d2c-c608-4888-9020-642e25b3cac9,Farringdon Tap,"41 Farringdon Street

London

EC4A 4AN",51.517,-0.104724,EC4A,EC,Independent,(020) 3137 6430
0fdb3db4-821d-468c-ba00-79a03090768e,Old Rutlishians' Association,"The Clubhouse, Poplar Road

Merton Park

SW19 3JS",51.4079,-0.199334,SW19,SW,Independent,(020) 8542 3678
59869547-60a3-43f4-8063-ef4bc2494ae8,Sidcup Conservatives Sports & Social Club,"Oxford Road

Sidcup

DA14 6LW",51.4197,0.11004,DA14,DA,Sidcup Conservative Association,(020) 8300 2987
80b08a60-1988-495c-bf35-7a3e7a69cd9f,Albion,"2 Rainham Road

Rainham

RM13 8SS",51.5229,0.191761,RM13,RM,Flaming Grill,(01708) 552445
06dfce34-96ea-4507-83de-eef606467e3e,Finsbury,"336 Green Lanes

London

N4 1BX",51.5714,-0.09605,N4,N,Independent,(020) 8809 1142
a208b594-9f4c-474c-aeb2-9024c9c4b08e,Jolly Butchers,"168 Baker Street

Enfield

EN1 3JS",51.6594,-0.0801,EN1,EN,McMullen,(020) 8363 7879
197f5264-d642-4ff0-a808-d3c75afd33aa,Roebuck,"72 Hampton Road

Hampton Hill

TW12 1JN",51.4288,-0.35192,TW12,TW,Independent,(020) 8255 8133
c698a72b-8a30-4bbb-9753-42a5ad2c5f17,Crown,"285 High Street

Sutton

SM1 1LD",51.3682,-0.195297,SM1,SM,Independent,
02bce488-dadc-438c-a8ea-49dd2fc1d56f,London Scottish Golf Club,"Windmill Enclosure, Wimbledon Common

Wimbledon

SW19 5NQ",51.4371,-0.225704,SW19,SW,,(020) 8789 1207
c4745311-cd39-4865-994a-2834a2293908,Naturalist,"14 Woodberry Down

Finsbury Park

N4 2GB",51.571,-0.092796,N4,N,Independent,(020) 3437 0770
5da80f4e-ac37-493d-8931-cd414da43d12,Gertie Brownes,"95 High Road, London

East Finchley

N2 8AG",51.5908,-0.164877,N2,N,Independent,(020) 8883 1506
0e8b618d-46a8-4f97-96e2-b8498da32e8c,Brondesbury Sports Club,"5A Harman Drive

Cricklewood

NW2 2EB",51.558,-0.206619,NW2,NW,Independent,(020) 8452 2983
3c9ba4ec-3814-4049-8977-65a29a17922e,Dittons & Hinchleywood Royal British Legion Club,"Betts Way

Long Ditton

KT6 5HS",51.3835,-0.31978,KT6,KT,Royal British Legion,(020) 8398 6263
5869cd52-4ac7-4ff7-902d-4d208e69d378,West London Trades Union Club,"33-35 High Street

Acton

W3 6ND",51.5065,-0.26567,W3,W,West London Trades Union Club (co-operative),(020) 8992 4557
d267a120-04fe-4ebf-a968-a332fd9fac04,White Cross,"146 North Cray Road

Bexley

DA14 5EL",51.4304,0.139489,DA14,DA,Independent,(020) 8300 2590
cd09f525-4769-44fc-b9dd-58fd19439cfa,Shy Horse,"423 Leatherhead Road

Malden Rushett

KT9 2NQ",51.3386,-0.3193,KT9,KT,Independent,(01372) 738051
5f4502f1-c98b-4052-a0d4-5d3aea1700a9,Princes Head,"28 The Green

Richmond

TW9 1LX",51.4604,-0.306395,TW9,TW,Independent,(020) 8940 1572
1e66e816-7751-46fc-aa18-42c3ab2c36ef,Prince Albert,"2 Broadway

Bexleyheath

DA6 7LE",51.4555,0.152833,DA6,DA,Shepherd Neame,(020) 3674 9255
fb1e8d73-8835-4d5a-af17-5b369f82bcd4,Dodo Micropub,"52 Boston Road

Hanwell

W7 3TR",51.5071,-0.337626,W7,W,Independent,(020) 8567 5959
48334bee-19ce-449a-a146-ff3e0639d03c,Royal British Legion Hayes (Kent) Club,"14 Station Hill

Hayes

BR2 7DJ",51.3747,0.01164,BR2,BR,Royal British Legion,(020) 8462 1723
cd4371c1-cc63-4058-9b11-8b1c2fd003bc,Old Orchard,"Jacks Lane, off Park Lane

Harefield

UB9 6HJ",51.6028,-0.49063,UB9,UB,Independent,(01895) 822631
109854a8-701f-445a-93f0-bf554373043a,Bishop,"2, Bishops Hall, Thames Street

Kingston

KT1 1PY",51.4103,-0.308,KT1,KT,Independent,(020) 8546 4965
a35927b6-88c0-438d-b294-11f4dac4580b,Anglers,"Thameside, Off Manor Road

Walton On Thames

KT12 2PF",51.3901,-0.42399,KT12,KT,Independent,(01932) 223996
cd37e4cb-e749-4a1b-b358-bd26bb1c4bdc,Prince Regent,"69 Dulwich Road

Herne Hill

SE24 0NJ",51.4542,-0.1076,SE24,SE,Independent,(020) 7274 1567
69f6c4ec-e811-46cd-acaf-b48bd0d4e500,Eight Bells,"78, Kingston Road

Ewell

KT17 2DU",51.3548,-0.25128,KT17,KT,Greene King,07877 756284
6f2ec2f7-5ffe-41ed-a1d8-737c895d8354,Royal British Legion Harrow,"76 Northolt Road

South Harrow

HA2 0DW",51.5681,-0.34891,HA2,HA,Royal British Legion,(020) 8422 1222
73f08157-a21f-40d2-8cfa-8c3393baebad,Bell,"4 Bell Road

East Molesey

KT8 0SS",51.3982,-0.35442,KT8,KT,Independent,(020) 8941 0400
16c4e517-c98b-4556-a489-ba0226b0ea90,George,"29 Hayes Street

Hayes

BR2 7LE",51.3794,0.0186648,BR2,BR,Nicholson's,(020) 8462 1120
c8af07c6-8c22-468c-8e02-c5dd6caf0e8d,Druids Head,"3 Market Place

Kingston

KT1 1JT",51.4091,-0.3066,KT1,KT,Greene King,(020) 8546 0723
d5acfe6a-375b-48d8-82c5-4e91c74f0d30,Coach & Horses Hotel,"8 Kew Green

Kew

TW9 3BH",51.4833,-0.286497,TW9,TW,Young's,(020) 8940 1208
c3e3e56e-3cc8-4907-8c31-1e2597d7981e,Coach & Horses,"178 Stoke Newington High Street

London

N16 7JL",51.5612,-0.0736,N16,N,Independent,(020) 7812 9622
8c5f10b3-aaaf-4920-bb62-42ebe7446ed9,Hand & Flower,"24 Upper Ham Road, Richmond

Ham

TW10 5LA",51.4325,-0.306661,TW10,TW,Independent,(020) 8439 9001
fca3cea6-1de7-46d2-a784-9c22041023ae,Daly's Beer Hall,"46 Essex St

London

WC2R 3JF",51.513,-0.113068,WC2R,WC,Young's,(020) 7936 2536
84700d8a-8da7-49f0-8b4c-f88b335923e9,Red Lion,"164-166 Stanley Road

Teddington

TW11 8UD",51.4309,-0.345253,TW11,TW,Independent,(020) 8977 1687
ff68e911-4971-4c71-8f52-ab989410f141,Harrison Pub & Hotel,"28 Harrison Street

London

WC1H 8JF",51.5274,-0.1209,WC1H,WC,Independent,(020) 7278 3966
6100d6ce-e162-456e-9f5b-7b56ea3722cf,Myddleton Arms,"52 Canonbury Road

London

N1 2HS",51.5413,-0.09691,N1,N,Independent,(020) 7310 0018
4124265e-c7ce-49b5-82f0-d201b8033322,North Heath Social Club,"8 Mill Road

Erith

DA8 1HN",51.4734,0.160911,DA8,DA,Independent,(01322) 341094
cbbbd242-ccbe-4851-92ac-ab4602c1e61d,George Inn,"111 High Street

Beckenham

BR3 1AG",51.4073,-0.027636,BR3,BR,Independent,(020) 8663 3468
1a31bbfc-0fdb-40ad-b941-cacaa55f4ee4,Harrow Cricket Club,"Payne's Folly, Wood End Road

Sudbury Hill

HA1 3PP",51.5598,-0.34031,HA1,HA,Independent,(020) 8422 0932
181555b6-dff2-4d1c-aa21-e249f70e5280,Village,"31 Orford Road

Walthamstow

E17 9NL",51.5827,-0.0117,E17,E,Urban Pubs & Bars,(020) 8521 4398
3e77ad75-257a-4531-9da0-bbad3790a9a1,Express Tavern,"56 Kew Bridge Road

Brentford

TW8 0EW",51.4891,-0.287932,TW8,TW,Independent,(020) 8560 8484
1c758db2-7592-4e35-828b-7c4095841263,Moon & Stars,"99-103 South Street

Romford

RM1 1NX",51.576,0.182881,RM1,RM,Wetherspoon,(01708) 730117
b83c74ef-6d0c-4522-a911-ce3b26a66c5c,Watson's General Telegraph,"108 Forest Hill Road

East Dulwich

SE22 0RS",51.4534,-0.061669,SE22,SE,Laine Pub Co,(020) 8693 3838
39a1be00-718a-409b-b29b-7d75d6e9bc70,Dukes Head,"42 The Vineyard

Richmond

TW10 6AZ",51.4587,-0.299574,TW10,TW,Independent,(020) 8948 4557
3ed679cd-1ddd-4fab-9604-085dfb83983f,Hat & Feathers,"2 Clerkenwell Road

London

EC1M 5PQ",51.5235,-0.099228,EC1M,EC,Hotel Indigo / IHG (hotel operation),
26b815e9-7d0d-4753-9395-c537d9bed12a,Three Crowns,"8 East Road

London

N1 6AD",51.5275,-0.088,N1,N,Young's,(020) 3058 4810
a2ff91d1-a524-472f-b854-227d4d27d16e,Jolly Farmers,"7 Purley Road

Purley

CR8 2HA",51.338,-0.116364,CR8,CR,Independent,(020) 8660 2076
7bc5a6e3-e7f3-447f-b2b9-74952d4aaa85,Albany,"1 Queens Road

Twickenham

TW1 4EZ",51.4491,-0.332025,TW1,TW,Independent,(020) 8891 1777
aa4545e2-5901-40b9-9e07-5ab58a53905e,William Bourne,"273, Moor Lane

Chessington

KT9 2BQ",51.3625,-0.2894,KT9,KT,Independent,(020) 8391 8996
670802ef-6fc9-4ef3-baa4-0eec0d9b4e7e,Wanstead Golf Club,"Overton Drive

Leytonstone

E11 2LW",51.571,0.033639,E11,E,Independent,(020) 8989 3938
0d078c1c-2d32-4bb3-b796-a0223ee1c757,Hope,"115-117 Kew Road

Richmond

TW9 2PN",51.4655,-0.299218,TW9,TW,Independent,(020) 8332 9188
8992e89b-9e6f-415f-a6ff-70f177fc022b,Questors Grapevine Club,"12 Mattock Lane

Ealing

W5 5BQ",51.5113,-0.30954,W5,W,Independent,(020) 8567 0011
d6845d30-b298-4428-9ee4-5fcc060700cf,Crown & Horseshoes,"15 Horseshoe Lane

Enfield

EN2 6PZ",51.6559,-0.086995,EN2,EN,Greene King,(020) 8363 1371
c902dcd5-926f-41c2-9cf0-26534ebad354,Cricketers,"Downside Common (Off Downside Road)

Downside

KT11 3NX",51.3119,-0.4116,KT11,KT,Independent,(01932) 862105
f22fcecc-98d4-449b-97ee-fc398f57572d,Crown & Anchor,"19 Park Road

Bromley

BR1 3HJ",51.4078,0.0211134,BR1,BR,Independent,(020) 8249 1657
71abbeec-40d5-48a6-bdea-0b2dc85594ec,Regent,"19 Church Street

Walton On Thames

KT12 2QP",51.3874,-0.41905,KT12,KT,Independent,(01932) 506379
cb6d7578-6b5a-466f-b35d-aebf093b6d94,Kew Gardens Hotel,"292 Sandycombe Road

Kew

TW9 3NG",51.4763,-0.286781,TW9,TW,Greene King,(020) 8940 2220
66cfe2bd-b34b-4f92-9da0-0996b7c2dcde,Alexander Pope,"Cross Deep

Twickenham

TW1 4RB",51.4412,-0.332764,TW1,TW,Young's,(020) 8892 3050
980df53b-6666-4ebd-ad3a-37bd7adb88f8,Cricketers,"1 Stamford Green Road

Epsom

KT18 7SR",51.3333,-0.28195,KT18,KT,Independent,(01372) 729384
d47b933f-47c5-4baf-b3e4-9cb8bff73fe3,Crowne Plaza Heathrow,"Stockley Road

West Drayton

UB7 9NA",51.4994,-0.45419,UB7,UB,InterContinental Hotels Group (Crowne Plaza),0871 942 9140
1ac206d8-932b-4a76-bc59-4be50f848e82,Faraday,"2, Church Street

Epsom

KT17 4NY",51.3338,-0.26399,KT17,KT,Independent,(01372) 817750
864f519e-1622-4e08-8ae6-820915aebc4a,Ship & Whale,"2 Gulliver Street

Rotherhithe

SE16 7LT",51.4968,-0.0351,SE16,SE,Independent,(020) 7237 7072
61b61792-cb90-4e5e-95cd-0e4de319be02,Wheatsheaf,"40 Esher Green

Esher

KT10 8AG",51.3718,-0.36643,KT10,KT,Independent,(01372) 464014
df402638-bcb1-417f-9e72-a535c149b8db,Crown & Treaty,"90 Oxford Road

Uxbridge

UB8 1LU",51.5499,-0.48409,UB8,UB,Independent,(020) 3198 4186
409b421e-0a49-4d53-9fe4-1c4ec01f1d1f,Civil Service Club,"13-15 Great Scotland Yard

London

SW1A 2HJ",51.5065,-0.125614,SW1A,SW,Independent,(020) 7930 4881
e1c509ed-8ef3-42e1-a6cc-c12fd36521ad,Wheatsheaf,"34, Kingston Road

Ewell

KT17 2AA",51.3522,-0.2508,KT17,KT,Independent,(020) 8393 2879
6383b5c1-16fc-4369-9921-dd932226fee0,Railway,"202 Upper Richmond Road

Putney

SW15 6TD",51.4611,-0.217272,SW15,SW,Urban Pubs & Bars,(020) 8161 0446
6908367d-d259-43be-a2ac-d2ae3e1476fb,Bull's Head Hotel,"Royal Parade

Chislehurst

BR7 6NR",51.411,0.076645,BR7,BR,Young's,(020) 8467 1727
ef634373-6512-4b8b-8163-282e7a6731c3,Mitre (SW6),"81 Dawes Road

Fulham

SW6 7DU",51.4799,-0.202799,SW6,SW,Independent,(020) 7386 8877
8ac24e32-a505-493c-8a62-a881026763fc,De Beauvoir Arms,"113 Southgate Road

London

N1 3JS",51.5409,-0.08548,N1,N,Stanley Pubs,(020) 7359 7392
4999d98f-fd1a-4363-9245-6259f0d3390e,Dickens Inn,"Marble Quay, St Katherine's Way

London

E1W 1UH",51.506,-0.0713,E1W,E,SSP Group,(020) 7488 2208
2fda8330-7a08-4540-b6a2-17f669e4dc58,Lamb,"9 Barley Mow Passage

Chiswick

W4 4PH",51.4922,-0.26253,W4,W,Nicholson's,(020) 8994 1880
a7569e39-7d5c-48a4-8a0e-e13300d15a42,Rose & Crown,"Farnborough Way

Green Street Green

BR6 6BT",51.3502,0.0882,BR6,BR,Whiting & Hammond,(01689) 869029
d1c31098-1892-4213-9511-fcb2d6e26c10,New Inn,"45 Squirrels Heath Lane

Gidea Park

RM2 6DP",51.5821,0.211921,RM2,RM,Independent,(01708) 478403
e6c9d372-2222-4a47-8642-42f31a132395,York,"82 Islington High Street

London

N1 8EQ",51.533,-0.10542,N1,N,Nicholson's,(020) 7713 1835
af55aa23-977a-410f-b24c-1716d296214e,Albion,"45 Fairfield Road

Kingston

KT1 2PY",51.4092,-0.2976,KT1,KT,Big Smoke Brewery,(020) 8439 7787
f6f18863-73b2-4f54-9094-518679a2737b,Canbury Arms,"49 Canbury Park Road

Kingston

KT2 6LQ",51.4133,-0.296559,KT2,KT,Independent,(020) 8255 9129
0f3610a5-0dcd-4660-831b-4196a8d91752,Norbiton,"16, Clifton Road

Kingston

KT2 6PW",51.4138,-0.2885,KT2,KT,Independent,(020) 8549 8170
8d0601cb-e9df-4867-b51b-ac6ca88bb3dd,Antelope,"87 Maple Road

Surbiton

KT6 4AW",51.3952,-0.307699,KT6,KT,Independent,(020) 8399 5565
9713b5d8-b927-4d61-9248-2fa58ece1630,Hen & Chickens,"109 St Pauls Road

London

N1 2NA",51.546,-0.10205,N1,N,Independent,(020) 7354 8246
cff03369-e479-497e-89a5-e1193fd8fd2c,Morden Brook,"Lower Morden Lane

Lower Morden

SM4 4SS",51.3911,-0.22192,SM4,SM,Independent,(020) 8337 3071
dcd3aa39-d0c7-4cdf-a77b-fe49fd1a61c5,Observatory,"31 Entertainment Avenue, The O2

Greenwich

SE10 0DY",51.5026,0.00365633,SE10,SE,Nicholson's,(020) 8853 4574
b12a997a-955d-4e45-a0a3-1cb83a427680,Chancery,"90 Bromley Road

Beckenham

BR3 5NP",51.4069,-0.0174678,BR3,BR,Independent,(020) 8650 5744
5d3b7b05-6242-4936-9701-3dddfe200f91,Prince of Wales,"136 Hampton Road

Twickenham

TW2 5QR",51.4394,-0.34801,TW2,TW,Independent,(020) 8894 5054
2fa2609c-782d-4a7a-816f-9dfd55320e44,New Inn,"345 Petersham Road

Ham Common

TW10 7DB",51.4362,-0.305251,TW10,TW,Independent,(020) 8940 9444
cdaecdf3-3e40-4a1e-bc7a-6825d34d3e13,Hampton Ale House,"31 Tangley Park Road, off The Avenue

Hampton

TW12 3YH",51.4261,-0.377114,TW12,TW,Independent,(020) 8941 8929
40ec61e3-e997-4ab9-bbd8-13c38668b2e1,William Camden,"91 Avenue Road

Bexleyheath

DA7 4EQ",51.4633,0.132179,DA7,DA,Independent,(020) 8303 1420
c2b7164e-1ab3-4c8f-9d6d-8b15a93c0905,Oyster Shed,"1 Angel Lane

London

EC4R 3AB",51.5091,-0.0897145,EC4R,EC,Young's,(020) 7256 3240
c7c885db-e4b6-460c-84e5-c3fdd03eb79b,Broken Drum,"308 Westwood Lane

Blackfen

DA15 9PT",51.4517,0.10327,DA15,DA,Independent,07803 131678
b4ce4ee6-7544-4e1b-a95c-9b1afbfced82,Hopper's Hut,"1 Invicta Parade, Sidcup High Street

Sidcup

DA14 6ER",51.4245,0.106947,DA14,DA,Independent,07962 369717
259a6d33-5570-4502-96da-d691c5dc1b1b,White Horse,"94 Brixton Hill

Brixton

SW2 1QN",51.4553,-0.11948,SW2,SW,Independent,(020) 8678 6666
e1bf1b67-c014-49b7-9917-7e475314e18a,Three Travellers,"Wood Lane

Dagenham

RM10 7DS",51.5611,0.149754,RM10,RM,Independent,
59661873-fc5b-4244-b7eb-22c1eee8a369,Royal Air Force Club,"128 Piccadilly

London

W1J 7PY",51.5041,-0.148428,W1J,W,The Royal Air Force Club,(020) 7399 1001
ab4a3158-6c5c-421b-887a-24f3dd26340c,Boaters Inn,"Canbury Gardens, Lower Ham Rd

Kingston

KT2 5AU",51.4199,-0.3051,KT2,KT,Independent,(020) 8541 4672
6fce8d82-aab3-4fa9-a1cd-1e6528d52d04,Birds,"692 High Road

Leytonstone

E11 3AA",51.5691,0.012187,E11,E,Laine Pub Co,(020) 8556 1131
c5165372-6ee0-4854-ad29-613edccfa827,Cockpit,"4 Royal Parade

Chislehurst

BR7 6NR",51.4119,0.0748639,BR7,BR,Independent,07946 100018
f0859474-0517-49d0-b84f-d48174c99307,Hole in the Wall,"12 Sutton Lane North

Chiswick

W4 4LD",51.4891,-0.2701,W4,W,Independent,(020) 3887 2973
19890110-a0e7-4c4e-a80b-754d1385f56d,Fatling,"109 High Street

Hornchurch

RM11 1TX",51.5627,0.218831,RM11,RM,Independent,(01708) 442125
64119e65-84b1-4148-ad54-e96473b7ce60,Fullers Brewery Shop & Tap Room,"Griffin Brewery, Chiswick Lane South

Chiswick

W4 2QB",51.4877,-0.249842,W4,W,Asahi,(020) 8996 2664
3d272039-98ab-42f8-b1da-46332e43546a,Black Swan,"Old Lane

Martyrs Green

KT11 1NG",51.3045,-0.43983,KT11,KT,Independent,(01932) 862364
14e49213-b104-4a8f-9b2e-51f190783536,Greyhound,"425 South Ordnance Road

Enfield

EN3 6HR",51.6692,-0.0186,EN3,EN,Independent,(01992) 711271
ebddbc95-faa9-486a-b27d-1b2902d4bab7,Brewery Market,"48-49 Church Street

Twickenham

TW1 3NR",51.4469,-0.326493,TW1,TW,Independent,(020) 3601 9494
48f4adc3-69d6-46a8-bb05-827c38204a4e,Rose & Crown,"31 Mill Lane

Woodford Green

IG8 0UG",51.6098,0.021077,IG8,IG,Independent,(020) 8504 0420
d759b976-5549-4823-b6f8-6b72d24d89a0,Park,"19 Park Road

Teddington

TW11 0AB",51.4253,-0.334301,TW11,TW,Independent,(020) 8614 9700
feebb1b9-832b-486d-90d9-eaea6fa75cd5,Eel Pie,"9/11 Church Street

Twickenham

TW1 3NJ",51.447,-0.326494,TW1,TW,Hall & Woodhouse,(020) 8891 1717
f2f19a80-24f6-427a-9fc6-e42cb4c53de9,Olde Black Horse,"43 Halfway Street

Sidcup

DA15 8LH",51.4371,0.0984,DA15,DA,Independent,(020) 8300 5373
d3f95376-b506-4bf8-a57c-988428053190,General Eliott,"1 St Johns Road

Uxbridge

UB8 2UR",51.5428,-0.48848,UB8,UB,Independent,(01895) 237385
631cf22f-b183-42b0-bc68-a3af813bd673,Surprise,"107 Upper Shirley Road

Croydon

CR0 5HF",51.3684,-0.053762,CR0,CR,Independent,(020) 8656 5588
cc912fbd-2b8c-4e5b-a0e9-d14a961ab745,Square Pig,"30-32 Procter Street

London

WC1V 6NX",51.5187,-0.11934,WC1V,WC,Independent,(020) 7691 3144
06af313c-480a-48ba-b5cd-a7a96f6e24bb,Duchess of Kent,"143 Brook Street

Northumberland Heath

DA8 1JD",51.4743,0.1574,DA8,DA,Independent,(01322) 432492
a23702d9-cf8c-4c93-bbc7-3e8f714070eb,"Guy, Earl of Warwick","Park View Road

Welling

DA16 1TB",51.4611,0.115543,DA16,DA,Greene King,(020) 8303 7217
09004568-44bc-4418-b316-b4290e720baf,Cat & Fiddle,"162 Rowan Road

West Drayton

UB7 7UF",51.4972,-0.47291,UB7,UB,Independent,(01895) 438228
783695c7-aa3a-495f-825d-16a598987c43,Maypole,"2, Hook Road

Surbiton

KT6 5BH",51.383,-0.30072,KT6,KT,Independent,(020) 8399 2906
8a50bcc2-906c-45e3-8db9-d665b8aed25b,Wimbledon Brewery Tap,"Unit 8, Colllege Fields Business Centre, 19  Prince Georges Road

Colliers Wood

SW19 2PT",51.4132,-0.173727,SW19,SW,Wimbledon Brewery,(020) 3674 9786
00ecdb75-eb89-4eea-8f0c-4b33f5100eec,Hut,"2 Old Orchard Close

Colham Green

UB8 3LH",51.5205,-0.45421,UB8,UB,Independent,(01895) 437935
2a1ecb6d-27f6-4db1-8068-5624f71e2960,Havering Well,"148 Rush Green Road

Romford

RM7 0QA",51.5657,0.177472,RM7,RM,Independent,(01708) 740249
10935e99-30af-49de-bfee-81164637d5b7,Eltham GPO,"4 Passey Place

Eltham

SE9 5DQ",51.4504,0.053979,SE9,SE,Portobello,(020) 8850 9685
403291f6-ef0f-4476-b59c-97050325e673,Star,"Leatherhead Road

Leatherhead Common

KT22 0DP",51.3269,-0.32769,KT22,KT,Independent,(01372) 842416
2a735f8f-0630-44a2-8754-d9b94df239b9,Coach House,"7 Oxenden Street

London

SW1Y 4EE",51.51,-0.132182,SW1Y,SW,Independent,(020) 7839 7261
11ac37a0-cd1e-4c0e-8c0b-ed43b44f328c,Woodman,"Joel Street

Eastcote

HA5 2PR",51.5893,-0.40806,HA5,HA,Independent,(020) 8868 0833
9ab77f3d-0dd5-4312-a88a-5aed3edb8df8,Drake & Morgan (Kings Cross),"6 Pancras Square

London

N1C 4AG",51.5334,-0.125876,N1C,N,Drake & Morgan,0845 468 0107
45475830-abf9-44e9-b47a-d49935c6c6d3,Carshalton Athletic FC,"War Memorial Sports Ground, Colston Avenue

Carshalton

SM5 2PW",51.3693,-0.172098,SM5,SM,Carshalton Athletic FC,(020) 8642 2551
92ee03b5-35c2-4ffa-99cb-e18b31c916e5,Hawthorn,"434 Uxbridge Road

Shepherds Bush

W12 0NS",51.5066,-0.238712,W12,W,Independent,(020) 3620 7283
29991154-e9f3-4e41-b894-9e474639fce3,Golden Fleece,"166 Capel Road

Manor Park

E12 5DB",51.5545,0.0443,E12,E,Greene King,(020) 8478 0024
bc952e00-131a-4ade-bee0-04d953a3d5a0,Northwood Town Cricket Club,"Chestnut Avenue, off Rickmansworth Road

Northwood

HA6 1HR",51.6012,-0.41439,HA6,HA,Independent,
c3d91b44-4f10-40a6-bafb-8a3b7d3b9636,King's Head,"84 High Street

High Barnet

EN5 5SN",51.6534,-0.2009,EN5,EN,McMullen,07963 007130
942e8e4e-810c-4935-ba5b-3d608d310a9b,Hand & Spear,"The Heath, Old Heath Road

Weybridge

KT13 8TX",51.3623,-0.45942,KT13,KT,Young's,(01932) 828063
a5ac3fc6-7762-4944-ae7c-1cb9818a73c1,Tap On The Line,"Kew Gardens Station, Station Approach

Kew

TW9 3PZ",51.4773,-0.285253,TW9,TW,Fuller's,(020) 8332 1162
be728dae-f856-4a80-8544-a591ad3d9113,Beehive,"227 High Street

Brentford

TW8 0JG",51.4837,-0.3063,TW8,TW,Fuller's,(020) 8560 2215
292c0509-d960-4bfd-9850-a2dbc5f84ab6,Moon Under Water,"84-86 Staines Road

Hounslow

TW3 3LF",51.4671,-0.369338,TW3,TW,Wetherspoon,(020) 8572 7506
b7c6f61b-3b7c-41af-9914-14da4dade7e2,Victoria,"28, Victoria Road

Surbiton

KT6 4JT",51.392,-0.3074,KT6,KT,Young's,(020) 8399 3007
2ab34984-dbf7-44c8-a062-62021b29a7d8,White Hart Hotel,"1 High Street

Hampton Wick

KT1 4DA",51.4116,-0.311202,KT1,KT,Fuller's,(020) 8977 1786
86600a16-75a4-413c-bf4d-3f1d67f7e3b1,White Hart,"158 High Street

Harlington

UB3 5DP",51.49,-0.43533,UB3,UB,Fuller's,(020) 8759 9608
5ce361ef-9259-4325-b020-2cc7314e3714,Sovereign of the Seas,"109-111 Queensway

Petts Wood

BR5 1DG",51.3893,0.072028,BR5,BR,Wetherspoon,(01689) 891606
bcb1d3bd-7154-4337-80e6-d337cbc2f496,Whispering Moon,"25 Ross Parade

Wallington

SM6 8QF",51.3601,-0.149688,SM6,SM,Wetherspoon,(020) 8647 7020
e254456a-7c84-4559-ab90-7db79f4bd894,Lass o' Richmond Hill,"8 Queens Road

Richmond

TW10 6JJ",51.4516,-0.295598,TW10,TW,Young's,(020) 8940 1306
a8a95f1c-36de-4a22-8cda-08c9ae461132,Depot,"7 Peglar Square

Kidbrooke

SE3 9FW",51.4616,0.0266756,SE3,SE,Young's,(020) 3437 1410
f80a8539-055b-4327-bd68-1dba67be7ea9,Brook Green Hotel,"170 Shepherds Bush Road

Hammersmith

W6 7PB",51.4972,-0.222918,W6,W,Young's,(020) 7603 2516
8dfce53c-d153-41b6-b6ef-36bda3e88099,Greyhound Hotel,"2 High Street

Carshalton

SM5 3PE",51.365,-0.164483,SM5,SM,Young's,(020) 8647 1511
b7864f61-35ad-4e9e-a64d-50488afa8c04,J.J. Moon's,"397 High Road

Wembley

HA9 6AA",51.5535,-0.29278,HA9,HA,Wetherspoon,(020) 8903 4923
0b930ec1-7555-429f-b8d1-2b26637c3fc3,Cock Inn,"Chalk Lane

Cockfosters

EN4 9HU",51.6544,-0.1545,EN4,EN,Nicholson's,(020) 8449 7160
48a9fabd-f554-4333-b918-8208dd4c417e,Builders Arms,"65 Leslie Park Road

Croydon

CR0 6TP",51.3795,-0.085976,CR0,CR,Fuller's,(020) 8654 1803
c2ed15d9-d2fb-4914-97cf-8cd37d07a961,"Olde Monken Holt, Ye","193 High Street

High Barnet

EN5 5SU",51.6581,-0.20119,EN5,EN,Greene King,(020) 3674 0145
1d564f60-fe36-4524-8f92-bc8a810ae885,Angel & Crown,"5 Church Street

Richmond

TW9 1JL",51.4606,-0.304124,TW9,TW,Fuller's,(020) 8940 1508
926542c5-4a9a-46a2-900d-5a898bfcc0b9,Railway Tavern,"45 East Street

Bromley

BR1 1QQ",51.4078,0.0165077,BR1,BR,Antic,(020) 8460 7957
eac192c2-5d1f-447f-a3b9-e1c72debd37b,Woodman,"Breakspear Road

Ruislip

HA4 7SE",51.5855,-0.44137,HA4,HA,Stonegate,(01895) 635763
87bca591-f837-4f52-a7e2-747c8532e359,Stargazer,"Unit 8, O2, Peninsula Square

Greenwich

SE10 0DX",51.5044,0.00394416,SE10,SE,Wetherspoon,(020) 8465 5763
b4410c3a-dc64-420b-96d3-10b913d5ab37,Furze Wren,"6 Market Place, Broadway Square

Bexleyheath

DA6 7DY",51.4567,0.147925,DA6,DA,Wetherspoon,(020) 8298 2590
9ab546a9-6f0e-4748-b7c7-9709f5254814,White Horse,"50 Middle Road

Harrow

HA2 0HL",51.5703,-0.34541,HA2,HA,Fuller's,(020) 8422 1215
c5255ac1-98d0-49d7-9c48-f8d7b06295fd,Botwell Inn,"25-29 Coldharbour Lane

Hayes

UB3 3EB",51.508,-0.41692,UB3,UB,Wetherspoon,(020) 8848 3112
efdd9ba9-f16e-419c-ba2d-63a6443841a6,Moon on the Hill,"5-9 Hill Road

Sutton

SM1 1DZ",51.3619,-0.193221,SM1,SM,Wetherspoon,(020) 8643 1202
75572f69-33a2-4cda-bd43-df053377c680,Prince of Wales,"23, Bridge Road

East Molesey

KT8 9EU",51.4027,-0.34491,KT8,KT,Greene King,(020) 8979 5561
